bp_rp_left,bp_rp_right,M_G_lower,M_G_upper,count
-0.55,-0.5249999999999999,7.5,7.600000000000001,1
-0.55,-0.5249999999999999,7.700000000000001,7.800000000000001,1
-0.5249999999999999,-0.5,2.2,2.3000000000000007,1
-0.5249999999999999,-0.5,8.100000000000001,8.200000000000001,1
-0.5249999999999999,-0.5,8.600000000000001,8.700000000000001,1
-0.5,-0.475,5.700000000000001,5.800000000000001,1
-0.5,-0.475,9.100000000000001,9.200000000000001,2
-0.5,-0.475,9.3,9.4,1
-0.5,-0.475,9.9,10.0,1
-0.5,-0.475,11.0,11.100000000000001,1
-0.5,-0.475,11.3,11.400000000000002,1
-0.5,-0.475,11.5,11.600000000000001,1
-0.475,-0.44999999999999996,9.4,9.5,2
-0.475,-0.44999999999999996,9.5,9.600000000000001,1
-0.475,-0.44999999999999996,10.0,10.100000000000001,1
-0.475,-0.44999999999999996,10.9,11.0,1
-0.475,-0.44999999999999996,12.0,12.100000000000001,1
-0.475,-0.44999999999999996,12.100000000000001,12.2,1
-0.44999999999999996,-0.42499999999999993,4.5,4.600000000000001,1
-0.44999999999999996,-0.42499999999999993,9.200000000000001,9.3,1
-0.44999999999999996,-0.42499999999999993,9.4,9.5,1
-0.44999999999999996,-0.42499999999999993,9.600000000000001,9.700000000000001,2
-0.44999999999999996,-0.42499999999999993,9.8,9.9,1
-0.44999999999999996,-0.42499999999999993,10.0,10.100000000000001,1
-0.44999999999999996,-0.42499999999999993,10.100000000000001,10.200000000000001,1
-0.44999999999999996,-0.42499999999999993,10.700000000000001,10.8,1
-0.44999999999999996,-0.42499999999999993,11.100000000000001,11.2,1
-0.44999999999999996,-0.42499999999999993,11.400000000000002,11.5,1
-0.44999999999999996,-0.42499999999999993,11.5,11.600000000000001,1
-0.44999999999999996,-0.42499999999999993,11.8,11.900000000000002,1
-0.42499999999999993,-0.3999999999999999,9.8,9.9,2
-0.42499999999999993,-0.3999999999999999,10.5,10.600000000000001,2
-0.42499999999999993,-0.3999999999999999,10.600000000000001,10.700000000000001,1
-0.42499999999999993,-0.3999999999999999,10.9,11.0,1
-0.42499999999999993,-0.3999999999999999,11.0,11.100000000000001,1
-0.42499999999999993,-0.3999999999999999,11.600000000000001,11.7,1
-0.42499999999999993,-0.3999999999999999,12.2,12.3,1
-0.42499999999999993,-0.3999999999999999,12.3,12.400000000000002,1
-0.42499999999999993,-0.3999999999999999,12.5,12.600000000000001,1
-0.42499999999999993,-0.3999999999999999,12.600000000000001,12.7,1
-0.3999999999999999,-0.375,9.8,9.9,1
-0.3999999999999999,-0.375,10.0,10.100000000000001,5
-0.3999999999999999,-0.375,10.200000000000001,10.3,1
-0.3999999999999999,-0.375,10.3,10.4,1
-0.3999999999999999,-0.375,10.700000000000001,10.8,1
-0.3999999999999999,-0.375,10.8,10.9,1
-0.3999999999999999,-0.375,11.600000000000001,11.7,1
-0.3999999999999999,-0.375,12.400000000000002,12.5,1
-0.3999999999999999,-0.375,12.900000000000002,13.0,1
-0.375,-0.35,9.8,9.9,1
-0.375,-0.35,9.9,10.0,3
-0.375,-0.35,10.100000000000001,10.200000000000001,4
-0.375,-0.35,10.200000000000001,10.3,5
-0.375,-0.35,10.4,10.5,1
-0.375,-0.35,10.5,10.600000000000001,1
-0.375,-0.35,10.700000000000001,10.8,2
-0.375,-0.35,10.8,10.9,3
-0.375,-0.35,11.0,11.100000000000001,2
-0.375,-0.35,11.400000000000002,11.5,1
-0.375,-0.35,11.600000000000001,11.7,1
-0.375,-0.35,11.900000000000002,12.0,1
-0.375,-0.35,12.0,12.100000000000001,1
-0.375,-0.35,12.400000000000002,12.5,1
-0.375,-0.35,12.5,12.600000000000001,1
-0.375,-0.35,12.7,12.8,1
-0.35,-0.32499999999999996,8.9,9.0,1
-0.35,-0.32499999999999996,10.100000000000001,10.200000000000001,1
-0.35,-0.32499999999999996,10.200000000000001,10.3,4
-0.35,-0.32499999999999996,10.3,10.4,2
-0.35,-0.32499999999999996,10.4,10.5,5
-0.35,-0.32499999999999996,10.5,10.600000000000001,1
-0.35,-0.32499999999999996,10.600000000000001,10.700000000000001,2
-0.35,-0.32499999999999996,10.8,10.9,1
-0.35,-0.32499999999999996,10.9,11.0,2
-0.35,-0.32499999999999996,11.0,11.100000000000001,1
-0.35,-0.32499999999999996,11.100000000000001,11.2,2
-0.35,-0.32499999999999996,11.2,11.3,1
-0.35,-0.32499999999999996,11.400000000000002,11.5,2
-0.35,-0.32499999999999996,11.5,11.600000000000001,1
-0.35,-0.32499999999999996,11.8,11.900000000000002,1
-0.35,-0.32499999999999996,12.100000000000001,12.2,1
-0.35,-0.32499999999999996,12.2,12.3,2
-0.35,-0.32499999999999996,12.3,12.400000000000002,1
-0.35,-0.32499999999999996,12.600000000000001,12.7,1
-0.32499999999999996,-0.29999999999999993,5.800000000000001,5.9,1
-0.32499999999999996,-0.29999999999999993,9.3,9.4,1
-0.32499999999999996,-0.29999999999999993,9.5,9.600000000000001,1
-0.32499999999999996,-0.29999999999999993,10.3,10.4,2
-0.32499999999999996,-0.29999999999999993,10.4,10.5,5
-0.32499999999999996,-0.29999999999999993,10.5,10.600000000000001,7
-0.32499999999999996,-0.29999999999999993,10.600000000000001,10.700000000000001,4
-0.32499999999999996,-0.29999999999999993,10.700000000000001,10.8,4
-0.32499999999999996,-0.29999999999999993,11.0,11.100000000000001,1
-0.32499999999999996,-0.29999999999999993,11.100000000000001,11.2,6
-0.32499999999999996,-0.29999999999999993,11.2,11.3,2
-0.32499999999999996,-0.29999999999999993,11.8,11.900000000000002,1
-0.32499999999999996,-0.29999999999999993,12.0,12.100000000000001,1
-0.32499999999999996,-0.29999999999999993,12.100000000000001,12.2,1
-0.32499999999999996,-0.29999999999999993,12.2,12.3,1
-0.32499999999999996,-0.29999999999999993,12.3,12.400000000000002,2
-0.32499999999999996,-0.29999999999999993,12.400000000000002,12.5,2
-0.32499999999999996,-0.29999999999999993,12.600000000000001,12.7,2
-0.32499999999999996,-0.29999999999999993,12.8,12.900000000000002,1
-0.32499999999999996,-0.29999999999999993,13.2,13.3,1
-0.29999999999999993,-0.2749999999999999,9.9,10.0,1
-0.29999999999999993,-0.2749999999999999,10.4,10.5,11
-0.29999999999999993,-0.2749999999999999,10.5,10.600000000000001,11
-0.29999999999999993,-0.2749999999999999,10.600000000000001,10.700000000000001,13
-0.29999999999999993,-0.2749999999999999,10.700000000000001,10.8,7
-0.29999999999999993,-0.2749999999999999,10.8,10.9,4
-0.29999999999999993,-0.2749999999999999,10.9,11.0,5
-0.29999999999999993,-0.2749999999999999,11.0,11.100000000000001,3
-0.29999999999999993,-0.2749999999999999,11.100000000000001,11.2,3
-0.29999999999999993,-0.2749999999999999,11.2,11.3,2
-0.29999999999999993,-0.2749999999999999,11.3,11.400000000000002,3
-0.29999999999999993,-0.2749999999999999,11.400000000000002,11.5,2
-0.29999999999999993,-0.2749999999999999,11.5,11.600000000000001,3
-0.29999999999999993,-0.2749999999999999,11.600000000000001,11.7,1
-0.29999999999999993,-0.2749999999999999,11.900000000000002,12.0,1
-0.29999999999999993,-0.2749999999999999,12.100000000000001,12.2,1
-0.29999999999999993,-0.2749999999999999,12.2,12.3,1
-0.29999999999999993,-0.2749999999999999,12.400000000000002,12.5,1
-0.29999999999999993,-0.2749999999999999,12.5,12.600000000000001,1
-0.29999999999999993,-0.2749999999999999,12.7,12.8,2
-0.2749999999999999,-0.25,9.700000000000001,9.8,1
-0.2749999999999999,-0.25,10.0,10.100000000000001,2
-0.2749999999999999,-0.25,10.100000000000001,10.200000000000001,1
-0.2749999999999999,-0.25,10.200000000000001,10.3,1
-0.2749999999999999,-0.25,10.3,10.4,1
-0.2749999999999999,-0.25,10.4,10.5,1
-0.2749999999999999,-0.25,10.5,10.600000000000001,2
-0.2749999999999999,-0.25,10.600000000000001,10.700000000000001,9
-0.2749999999999999,-0.25,10.700000000000001,10.8,20
-0.2749999999999999,-0.25,10.8,10.9,14
-0.2749999999999999,-0.25,10.9,11.0,4
-0.2749999999999999,-0.25,11.0,11.100000000000001,3
-0.2749999999999999,-0.25,11.100000000000001,11.2,1
-0.2749999999999999,-0.25,11.2,11.3,1
-0.2749999999999999,-0.25,11.3,11.400000000000002,3
-0.2749999999999999,-0.25,11.400000000000002,11.5,2
-0.2749999999999999,-0.25,11.5,11.600000000000001,1
-0.2749999999999999,-0.25,11.600000000000001,11.7,1
-0.2749999999999999,-0.25,11.7,11.8,1
-0.2749999999999999,-0.25,12.0,12.100000000000001,1
-0.2749999999999999,-0.25,12.100000000000001,12.2,1
-0.2749999999999999,-0.25,12.3,12.400000000000002,2
-0.2749999999999999,-0.25,12.400000000000002,12.5,1
-0.2749999999999999,-0.25,12.5,12.600000000000001,1
-0.2749999999999999,-0.25,12.600000000000001,12.7,1
-0.2749999999999999,-0.25,12.7,12.8,3
-0.2749999999999999,-0.25,12.900000000000002,13.0,2
-0.25,-0.22499999999999998,9.8,9.9,1
-0.25,-0.22499999999999998,10.3,10.4,1
-0.25,-0.22499999999999998,10.5,10.600000000000001,1
-0.25,-0.22499999999999998,10.600000000000001,10.700000000000001,6
-0.25,-0.22499999999999998,10.700000000000001,10.8,10
-0.25,-0.22499999999999998,10.8,10.9,11
-0.25,-0.22499999999999998,10.9,11.0,13
-0.25,-0.22499999999999998,11.0,11.100000000000001,6
-0.25,-0.22499999999999998,11.100000000000001,11.2,2
-0.25,-0.22499999999999998,11.3,11.400000000000002,1
-0.25,-0.22499999999999998,11.400000000000002,11.5,2
-0.25,-0.22499999999999998,11.5,11.600000000000001,3
-0.25,-0.22499999999999998,11.600000000000001,11.7,1
-0.25,-0.22499999999999998,11.7,11.8,1
-0.25,-0.22499999999999998,11.8,11.900000000000002,1
-0.25,-0.22499999999999998,12.100000000000001,12.2,1
-0.25,-0.22499999999999998,12.2,12.3,1
-0.25,-0.22499999999999998,12.3,12.400000000000002,1
-0.25,-0.22499999999999998,12.400000000000002,12.5,1
-0.25,-0.22499999999999998,12.7,12.8,1
-0.25,-0.22499999999999998,12.8,12.900000000000002,2
-0.25,-0.22499999999999998,12.900000000000002,13.0,1
-0.25,-0.22499999999999998,13.2,13.3,1
-0.25,-0.22499999999999998,13.400000000000002,13.5,1
-0.22499999999999998,-0.19999999999999996,-0.5999999999999996,-0.5,1
-0.22499999999999998,-0.19999999999999996,10.200000000000001,10.3,1
-0.22499999999999998,-0.19999999999999996,10.600000000000001,10.700000000000001,1
-0.22499999999999998,-0.19999999999999996,10.700000000000001,10.8,4
-0.22499999999999998,-0.19999999999999996,10.8,10.9,13
-0.22499999999999998,-0.19999999999999996,10.9,11.0,23
-0.22499999999999998,-0.19999999999999996,11.0,11.100000000000001,23
-0.22499999999999998,-0.19999999999999996,11.100000000000001,11.2,11
-0.22499999999999998,-0.19999999999999996,11.2,11.3,4
-0.22499999999999998,-0.19999999999999996,11.3,11.400000000000002,4
-0.22499999999999998,-0.19999999999999996,11.400000000000002,11.5,3
-0.22499999999999998,-0.19999999999999996,11.5,11.600000000000001,3
-0.22499999999999998,-0.19999999999999996,11.600000000000001,11.7,1
-0.22499999999999998,-0.19999999999999996,11.8,11.900000000000002,2
-0.22499999999999998,-0.19999999999999996,12.100000000000001,12.2,3
-0.22499999999999998,-0.19999999999999996,12.2,12.3,1
-0.22499999999999998,-0.19999999999999996,12.3,12.400000000000002,1
-0.22499999999999998,-0.19999999999999996,12.400000000000002,12.5,1
-0.22499999999999998,-0.19999999999999996,12.7,12.8,3
-0.22499999999999998,-0.19999999999999996,12.8,12.900000000000002,3
-0.22499999999999998,-0.19999999999999996,12.900000000000002,13.0,3
-0.19999999999999996,-0.17499999999999993,10.200000000000001,10.3,1
-0.19999999999999996,-0.17499999999999993,10.700000000000001,10.8,1
-0.19999999999999996,-0.17499999999999993,10.8,10.9,3
-0.19999999999999996,-0.17499999999999993,10.9,11.0,10
-0.19999999999999996,-0.17499999999999993,11.0,11.100000000000001,27
-0.19999999999999996,-0.17499999999999993,11.100000000000001,11.2,22
-0.19999999999999996,-0.17499999999999993,11.2,11.3,12
-0.19999999999999996,-0.17499999999999993,11.3,11.400000000000002,4
-0.19999999999999996,-0.17499999999999993,11.400000000000002,11.5,4
-0.19999999999999996,-0.17499999999999993,11.5,11.600000000000001,2
-0.19999999999999996,-0.17499999999999993,11.600000000000001,11.7,3
-0.19999999999999996,-0.17499999999999993,11.7,11.8,5
-0.19999999999999996,-0.17499999999999993,11.8,11.900000000000002,4
-0.19999999999999996,-0.17499999999999993,11.900000000000002,12.0,2
-0.19999999999999996,-0.17499999999999993,12.0,12.100000000000001,1
-0.19999999999999996,-0.17499999999999993,12.100000000000001,12.2,1
-0.19999999999999996,-0.17499999999999993,12.2,12.3,1
-0.19999999999999996,-0.17499999999999993,12.7,12.8,2
-0.19999999999999996,-0.17499999999999993,12.8,12.900000000000002,5
-0.19999999999999996,-0.17499999999999993,12.900000000000002,13.0,1
-0.19999999999999996,-0.17499999999999993,13.0,13.100000000000001,1
-0.19999999999999996,-0.17499999999999993,13.2,13.3,2
-0.17499999999999993,-0.1499999999999999,10.600000000000001,10.700000000000001,1
-0.17499999999999993,-0.1499999999999999,10.700000000000001,10.8,1
-0.17499999999999993,-0.1499999999999999,10.8,10.9,1
-0.17499999999999993,-0.1499999999999999,10.9,11.0,1
-0.17499999999999993,-0.1499999999999999,11.0,11.100000000000001,6
-0.17499999999999993,-0.1499999999999999,11.100000000000001,11.2,30
-0.17499999999999993,-0.1499999999999999,11.2,11.3,20
-0.17499999999999993,-0.1499999999999999,11.3,11.400000000000002,8
-0.17499999999999993,-0.1499999999999999,11.400000000000002,11.5,7
-0.17499999999999993,-0.1499999999999999,11.5,11.600000000000001,4
-0.17499999999999993,-0.1499999999999999,11.600000000000001,11.7,7
-0.17499999999999993,-0.1499999999999999,11.7,11.8,3
-0.17499999999999993,-0.1499999999999999,11.8,11.900000000000002,5
-0.17499999999999993,-0.1499999999999999,11.900000000000002,12.0,2
-0.17499999999999993,-0.1499999999999999,12.0,12.100000000000001,2
-0.17499999999999993,-0.1499999999999999,12.600000000000001,12.7,3
-0.17499999999999993,-0.1499999999999999,12.900000000000002,13.0,1
-0.17499999999999993,-0.1499999999999999,13.0,13.100000000000001,1
-0.17499999999999993,-0.1499999999999999,13.2,13.3,1
-0.1499999999999999,-0.125,0.40000000000000036,0.5,1
-0.1499999999999999,-0.125,0.6000000000000005,0.7000000000000002,1
-0.1499999999999999,-0.125,10.0,10.100000000000001,1
-0.1499999999999999,-0.125,10.600000000000001,10.700000000000001,1
-0.1499999999999999,-0.125,10.700000000000001,10.8,1
-0.1499999999999999,-0.125,11.0,11.100000000000001,2
-0.1499999999999999,-0.125,11.100000000000001,11.2,8
-0.1499999999999999,-0.125,11.2,11.3,22
-0.1499999999999999,-0.125,11.3,11.400000000000002,38
-0.1499999999999999,-0.125,11.400000000000002,11.5,9
-0.1499999999999999,-0.125,11.5,11.600000000000001,7
-0.1499999999999999,-0.125,11.600000000000001,11.7,2
-0.1499999999999999,-0.125,11.7,11.8,4
-0.1499999999999999,-0.125,11.8,11.900000000000002,5
-0.1499999999999999,-0.125,11.900000000000002,12.0,5
-0.1499999999999999,-0.125,12.0,12.100000000000001,3
-0.1499999999999999,-0.125,12.100000000000001,12.2,1
-0.1499999999999999,-0.125,12.3,12.400000000000002,2
-0.1499999999999999,-0.125,12.400000000000002,12.5,1
-0.1499999999999999,-0.125,12.600000000000001,12.7,1
-0.1499999999999999,-0.125,12.8,12.900000000000002,2
-0.1499999999999999,-0.125,12.900000000000002,13.0,2
-0.1499999999999999,-0.125,13.400000000000002,13.5,1
-0.125,-0.09999999999999998,-0.09999999999999964,0.0,2
-0.125,-0.09999999999999998,0.20000000000000018,0.3000000000000007,1
-0.125,-0.09999999999999998,0.40000000000000036,0.5,1
-0.125,-0.09999999999999998,0.5,0.6000000000000005,2
-0.125,-0.09999999999999998,0.6000000000000005,0.7000000000000002,1
-0.125,-0.09999999999999998,9.8,9.9,1
-0.125,-0.09999999999999998,10.200000000000001,10.3,1
-0.125,-0.09999999999999998,10.5,10.600000000000001,2
-0.125,-0.09999999999999998,10.700000000000001,10.8,1
-0.125,-0.09999999999999998,10.8,10.9,2
-0.125,-0.09999999999999998,10.9,11.0,1
-0.125,-0.09999999999999998,11.0,11.100000000000001,2
-0.125,-0.09999999999999998,11.100000000000001,11.2,4
-0.125,-0.09999999999999998,11.2,11.3,12
-0.125,-0.09999999999999998,11.3,11.400000000000002,23
-0.125,-0.09999999999999998,11.400000000000002,11.5,33
-0.125,-0.09999999999999998,11.5,11.600000000000001,8
-0.125,-0.09999999999999998,11.600000000000001,11.7,4
-0.125,-0.09999999999999998,11.7,11.8,6
-0.125,-0.09999999999999998,11.8,11.900000000000002,2
-0.125,-0.09999999999999998,11.900000000000002,12.0,8
-0.125,-0.09999999999999998,12.0,12.100000000000001,2
-0.125,-0.09999999999999998,12.100000000000001,12.2,3
-0.125,-0.09999999999999998,12.3,12.400000000000002,2
-0.125,-0.09999999999999998,12.5,12.600000000000001,1
-0.125,-0.09999999999999998,12.600000000000001,12.7,2
-0.125,-0.09999999999999998,12.7,12.8,4
-0.125,-0.09999999999999998,12.8,12.900000000000002,1
-0.125,-0.09999999999999998,12.900000000000002,13.0,4
-0.09999999999999998,-0.07499999999999996,0.20000000000000018,0.3000000000000007,1
-0.09999999999999998,-0.07499999999999996,0.40000000000000036,0.5,1
-0.09999999999999998,-0.07499999999999996,0.6000000000000005,0.7000000000000002,1
-0.09999999999999998,-0.07499999999999996,0.7000000000000002,0.8000000000000007,1
-0.09999999999999998,-0.07499999999999996,0.8000000000000007,0.9000000000000004,4
-0.09999999999999998,-0.07499999999999996,10.5,10.600000000000001,1
-0.09999999999999998,-0.07499999999999996,10.8,10.9,1
-0.09999999999999998,-0.07499999999999996,11.100000000000001,11.2,3
-0.09999999999999998,-0.07499999999999996,11.2,11.3,3
-0.09999999999999998,-0.07499999999999996,11.3,11.400000000000002,18
-0.09999999999999998,-0.07499999999999996,11.400000000000002,11.5,24
-0.09999999999999998,-0.07499999999999996,11.5,11.600000000000001,20
-0.09999999999999998,-0.07499999999999996,11.600000000000001,11.7,5
-0.09999999999999998,-0.07499999999999996,11.7,11.8,10
-0.09999999999999998,-0.07499999999999996,11.8,11.900000000000002,5
-0.09999999999999998,-0.07499999999999996,11.900000000000002,12.0,3
-0.09999999999999998,-0.07499999999999996,12.0,12.100000000000001,9
-0.09999999999999998,-0.07499999999999996,12.100000000000001,12.2,5
-0.09999999999999998,-0.07499999999999996,12.2,12.3,1
-0.09999999999999998,-0.07499999999999996,12.3,12.400000000000002,2
-0.09999999999999998,-0.07499999999999996,12.5,12.600000000000001,3
-0.09999999999999998,-0.07499999999999996,12.600000000000001,12.7,1
-0.09999999999999998,-0.07499999999999996,12.7,12.8,3
-0.09999999999999998,-0.07499999999999996,12.8,12.900000000000002,4
-0.09999999999999998,-0.07499999999999996,12.900000000000002,13.0,4
-0.09999999999999998,-0.07499999999999996,13.0,13.100000000000001,1
-0.09999999999999998,-0.07499999999999996,13.100000000000001,13.2,1
-0.09999999999999998,-0.07499999999999996,13.3,13.400000000000002,2
-0.07499999999999996,-0.04999999999999993,-0.1999999999999993,-0.09999999999999964,1
-0.07499999999999996,-0.04999999999999993,0.10000000000000053,0.20000000000000018,1
-0.07499999999999996,-0.04999999999999993,0.20000000000000018,0.3000000000000007,3
-0.07499999999999996,-0.04999999999999993,0.3000000000000007,0.40000000000000036,1
-0.07499999999999996,-0.04999999999999993,0.40000000000000036,0.5,1
-0.07499999999999996,-0.04999999999999993,0.7000000000000002,0.8000000000000007,4
-0.07499999999999996,-0.04999999999999993,0.8000000000000007,0.9000000000000004,1
-0.07499999999999996,-0.04999999999999993,1.1000000000000005,1.2000000000000002,1
-0.07499999999999996,-0.04999999999999993,1.2000000000000002,1.3000000000000007,1
-0.07499999999999996,-0.04999999999999993,10.3,10.4,1
-0.07499999999999996,-0.04999999999999993,10.4,10.5,1
-0.07499999999999996,-0.04999999999999993,10.5,10.600000000000001,1
-0.07499999999999996,-0.04999999999999993,11.0,11.100000000000001,1
-0.07499999999999996,-0.04999999999999993,11.100000000000001,11.2,1
-0.07499999999999996,-0.04999999999999993,11.2,11.3,1
-0.07499999999999996,-0.04999999999999993,11.3,11.400000000000002,2
-0.07499999999999996,-0.04999999999999993,11.400000000000002,11.5,12
-0.07499999999999996,-0.04999999999999993,11.5,11.600000000000001,27
-0.07499999999999996,-0.04999999999999993,11.600000000000001,11.7,25
-0.07499999999999996,-0.04999999999999993,11.7,11.8,9
-0.07499999999999996,-0.04999999999999993,11.8,11.900000000000002,7
-0.07499999999999996,-0.04999999999999993,11.900000000000002,12.0,8
-0.07499999999999996,-0.04999999999999993,12.0,12.100000000000001,4
-0.07499999999999996,-0.04999999999999993,12.100000000000001,12.2,7
-0.07499999999999996,-0.04999999999999993,12.2,12.3,1
-0.07499999999999996,-0.04999999999999993,12.3,12.400000000000002,2
-0.07499999999999996,-0.04999999999999993,12.400000000000002,12.5,5
-0.07499999999999996,-0.04999999999999993,12.5,12.600000000000001,1
-0.07499999999999996,-0.04999999999999993,12.600000000000001,12.7,1
-0.07499999999999996,-0.04999999999999993,12.7,12.8,1
-0.07499999999999996,-0.04999999999999993,12.900000000000002,13.0,3
-0.07499999999999996,-0.04999999999999993,13.0,13.100000000000001,2
-0.07499999999999996,-0.04999999999999993,13.100000000000001,13.2,1
-0.07499999999999996,-0.04999999999999993,13.3,13.400000000000002,1
-0.07499999999999996,-0.04999999999999993,13.600000000000001,13.7,1
-0.04999999999999993,-0.02499999999999991,-0.5999999999999996,-0.5,1
-0.04999999999999993,-0.02499999999999991,0.20000000000000018,0.3000000000000007,1
-0.04999999999999993,-0.02499999999999991,0.5,0.6000000000000005,1
-0.04999999999999993,-0.02499999999999991,0.6000000000000005,0.7000000000000002,2
-0.04999999999999993,-0.02499999999999991,0.8000000000000007,0.9000000000000004,3
-0.04999999999999993,-0.02499999999999991,0.9000000000000004,1.0,1
-0.04999999999999993,-0.02499999999999991,1.0,1.1000000000000005,3
-0.04999999999999993,-0.02499999999999991,1.1000000000000005,1.2000000000000002,1
-0.04999999999999993,-0.02499999999999991,1.3000000000000007,1.4000000000000004,1
-0.04999999999999993,-0.02499999999999991,1.4000000000000004,1.5,3
-0.04999999999999993,-0.02499999999999991,10.5,10.600000000000001,1
-0.04999999999999993,-0.02499999999999991,10.600000000000001,10.700000000000001,1
-0.04999999999999993,-0.02499999999999991,10.700000000000001,10.8,1
-0.04999999999999993,-0.02499999999999991,11.0,11.100000000000001,2
-0.04999999999999993,-0.02499999999999991,11.100000000000001,11.2,1
-0.04999999999999993,-0.02499999999999991,11.3,11.400000000000002,3
-0.04999999999999993,-0.02499999999999991,11.400000000000002,11.5,4
-0.04999999999999993,-0.02499999999999991,11.5,11.600000000000001,9
-0.04999999999999993,-0.02499999999999991,11.600000000000001,11.7,27
-0.04999999999999993,-0.02499999999999991,11.7,11.8,17
-0.04999999999999993,-0.02499999999999991,11.8,11.900000000000002,11
-0.04999999999999993,-0.02499999999999991,11.900000000000002,12.0,4
-0.04999999999999993,-0.02499999999999991,12.0,12.100000000000001,8
-0.04999999999999993,-0.02499999999999991,12.100000000000001,12.2,5
-0.04999999999999993,-0.02499999999999991,12.2,12.3,5
-0.04999999999999993,-0.02499999999999991,12.3,12.400000000000002,3
-0.04999999999999993,-0.02499999999999991,12.5,12.600000000000001,2
-0.04999999999999993,-0.02499999999999991,12.7,12.8,1
-0.04999999999999993,-0.02499999999999991,12.900000000000002,13.0,2
-0.04999999999999993,-0.02499999999999991,13.0,13.100000000000001,2
-0.04999999999999993,-0.02499999999999991,13.100000000000001,13.2,1
-0.04999999999999993,-0.02499999999999991,13.400000000000002,13.5,1
-0.02499999999999991,0.0,-0.39999999999999947,-0.2999999999999998,1
-0.02499999999999991,0.0,0.3000000000000007,0.40000000000000036,1
-0.02499999999999991,0.0,0.5,0.6000000000000005,1
-0.02499999999999991,0.0,0.6000000000000005,0.7000000000000002,1
-0.02499999999999991,0.0,0.7000000000000002,0.8000000000000007,4
-0.02499999999999991,0.0,0.8000000000000007,0.9000000000000004,2
-0.02499999999999991,0.0,0.9000000000000004,1.0,3
-0.02499999999999991,0.0,1.0,1.1000000000000005,5
-0.02499999999999991,0.0,1.1000000000000005,1.2000000000000002,1
-0.02499999999999991,0.0,1.3000000000000007,1.4000000000000004,3
-0.02499999999999991,0.0,1.4000000000000004,1.5,2
-0.02499999999999991,0.0,1.5,1.6000000000000005,1
-0.02499999999999991,0.0,1.6000000000000005,1.7000000000000002,1
-0.02499999999999991,0.0,8.3,8.4,1
-0.02499999999999991,0.0,10.700000000000001,10.8,1
-0.02499999999999991,0.0,10.9,11.0,1
-0.02499999999999991,0.0,11.0,11.100000000000001,1
-0.02499999999999991,0.0,11.3,11.400000000000002,3
-0.02499999999999991,0.0,11.400000000000002,11.5,3
-0.02499999999999991,0.0,11.5,11.600000000000001,6
-0.02499999999999991,0.0,11.600000000000001,11.7,22
-0.02499999999999991,0.0,11.7,11.8,27
-0.02499999999999991,0.0,11.8,11.900000000000002,18
-0.02499999999999991,0.0,11.900000000000002,12.0,13
-0.02499999999999991,0.0,12.0,12.100000000000001,6
-0.02499999999999991,0.0,12.100000000000001,12.2,5
-0.02499999999999991,0.0,12.2,12.3,4
-0.02499999999999991,0.0,12.3,12.400000000000002,2
-0.02499999999999991,0.0,12.400000000000002,12.5,2
-0.02499999999999991,0.0,12.5,12.600000000000001,2
-0.02499999999999991,0.0,12.600000000000001,12.7,2
-0.02499999999999991,0.0,12.7,12.8,2
-0.02499999999999991,0.0,12.8,12.900000000000002,1
-0.02499999999999991,0.0,12.900000000000002,13.0,2
-0.02499999999999991,0.0,13.0,13.100000000000001,3
-0.02499999999999991,0.0,13.100000000000001,13.2,2
-0.02499999999999991,0.0,13.2,13.3,2
-0.02499999999999991,0.0,13.8,13.900000000000002,1
0.0,0.025000000000000133,-0.09999999999999964,0.0,1
0.0,0.025000000000000133,0.10000000000000053,0.20000000000000018,1
0.0,0.025000000000000133,0.20000000000000018,0.3000000000000007,1
0.0,0.025000000000000133,0.40000000000000036,0.5,2
0.0,0.025000000000000133,0.5,0.6000000000000005,1
0.0,0.025000000000000133,0.7000000000000002,0.8000000000000007,4
0.0,0.025000000000000133,0.8000000000000007,0.9000000000000004,5
0.0,0.025000000000000133,1.0,1.1000000000000005,3
0.0,0.025000000000000133,1.1000000000000005,1.2000000000000002,12
0.0,0.025000000000000133,1.2000000000000002,1.3000000000000007,2
0.0,0.025000000000000133,1.3000000000000007,1.4000000000000004,2
0.0,0.025000000000000133,1.4000000000000004,1.5,1
0.0,0.025000000000000133,1.5,1.6000000000000005,4
0.0,0.025000000000000133,1.6000000000000005,1.7000000000000002,1
0.0,0.025000000000000133,1.7000000000000002,1.8000000000000007,2
0.0,0.025000000000000133,10.5,10.600000000000001,1
0.0,0.025000000000000133,10.9,11.0,1
0.0,0.025000000000000133,11.2,11.3,2
0.0,0.025000000000000133,11.400000000000002,11.5,2
0.0,0.025000000000000133,11.600000000000001,11.7,12
0.0,0.025000000000000133,11.7,11.8,30
0.0,0.025000000000000133,11.8,11.900000000000002,21
0.0,0.025000000000000133,11.900000000000002,12.0,15
0.0,0.025000000000000133,12.0,12.100000000000001,8
0.0,0.025000000000000133,12.100000000000001,12.2,4
0.0,0.025000000000000133,12.2,12.3,8
0.0,0.025000000000000133,12.3,12.400000000000002,6
0.0,0.025000000000000133,12.400000000000002,12.5,2
0.0,0.025000000000000133,12.5,12.600000000000001,3
0.0,0.025000000000000133,12.600000000000001,12.7,1
0.0,0.025000000000000133,12.7,12.8,3
0.0,0.025000000000000133,12.8,12.900000000000002,1
0.0,0.025000000000000133,12.900000000000002,13.0,1
0.0,0.025000000000000133,13.0,13.100000000000001,1
0.0,0.025000000000000133,13.2,13.3,1
0.025000000000000133,0.050000000000000044,-0.2999999999999998,-0.1999999999999993,1
0.025000000000000133,0.050000000000000044,0.10000000000000053,0.20000000000000018,1
0.025000000000000133,0.050000000000000044,0.20000000000000018,0.3000000000000007,1
0.025000000000000133,0.050000000000000044,0.6000000000000005,0.7000000000000002,2
0.025000000000000133,0.050000000000000044,0.7000000000000002,0.8000000000000007,1
0.025000000000000133,0.050000000000000044,0.8000000000000007,0.9000000000000004,2
0.025000000000000133,0.050000000000000044,0.9000000000000004,1.0,2
0.025000000000000133,0.050000000000000044,1.0,1.1000000000000005,3
0.025000000000000133,0.050000000000000044,1.1000000000000005,1.2000000000000002,1
0.025000000000000133,0.050000000000000044,1.2000000000000002,1.3000000000000007,1
0.025000000000000133,0.050000000000000044,1.3000000000000007,1.4000000000000004,3
0.025000000000000133,0.050000000000000044,1.4000000000000004,1.5,3
0.025000000000000133,0.050000000000000044,1.5,1.6000000000000005,5
0.025000000000000133,0.050000000000000044,1.6000000000000005,1.7000000000000002,5
0.025000000000000133,0.050000000000000044,1.7000000000000002,1.8000000000000007,2
0.025000000000000133,0.050000000000000044,10.600000000000001,10.700000000000001,1
0.025000000000000133,0.050000000000000044,10.9,11.0,1
0.025000000000000133,0.050000000000000044,11.0,11.100000000000001,1
0.025000000000000133,0.050000000000000044,11.100000000000001,11.2,1
0.025000000000000133,0.050000000000000044,11.2,11.3,1
0.025000000000000133,0.050000000000000044,11.3,11.400000000000002,2
0.025000000000000133,0.050000000000000044,11.400000000000002,11.5,1
0.025000000000000133,0.050000000000000044,11.5,11.600000000000001,1
0.025000000000000133,0.050000000000000044,11.600000000000001,11.7,3
0.025000000000000133,0.050000000000000044,11.7,11.8,13
0.025000000000000133,0.050000000000000044,11.8,11.900000000000002,22
0.025000000000000133,0.050000000000000044,11.900000000000002,12.0,16
0.025000000000000133,0.050000000000000044,12.0,12.100000000000001,11
0.025000000000000133,0.050000000000000044,12.100000000000001,12.2,11
0.025000000000000133,0.050000000000000044,12.2,12.3,7
0.025000000000000133,0.050000000000000044,12.3,12.400000000000002,7
0.025000000000000133,0.050000000000000044,12.400000000000002,12.5,9
0.025000000000000133,0.050000000000000044,12.5,12.600000000000001,5
0.025000000000000133,0.050000000000000044,12.600000000000001,12.7,2
0.025000000000000133,0.050000000000000044,12.7,12.8,1
0.025000000000000133,0.050000000000000044,12.8,12.900000000000002,3
0.025000000000000133,0.050000000000000044,12.900000000000002,13.0,2
0.025000000000000133,0.050000000000000044,13.100000000000001,13.2,3
0.050000000000000044,0.07499999999999996,-0.5999999999999996,-0.5,1
0.050000000000000044,0.07499999999999996,0.40000000000000036,0.5,1
0.050000000000000044,0.07499999999999996,0.5,0.6000000000000005,1
0.050000000000000044,0.07499999999999996,0.6000000000000005,0.7000000000000002,4
0.050000000000000044,0.07499999999999996,0.7000000000000002,0.8000000000000007,2
0.050000000000000044,0.07499999999999996,0.8000000000000007,0.9000000000000004,2
0.050000000000000044,0.07499999999999996,0.9000000000000004,1.0,3
0.050000000000000044,0.07499999999999996,1.0,1.1000000000000005,1
0.050000000000000044,0.07499999999999996,1.1000000000000005,1.2000000000000002,5
0.050000000000000044,0.07499999999999996,1.2000000000000002,1.3000000000000007,4
0.050000000000000044,0.07499999999999996,1.3000000000000007,1.4000000000000004,1
0.050000000000000044,0.07499999999999996,1.4000000000000004,1.5,3
0.050000000000000044,0.07499999999999996,1.5,1.6000000000000005,4
0.050000000000000044,0.07499999999999996,1.6000000000000005,1.7000000000000002,3
0.050000000000000044,0.07499999999999996,1.7000000000000002,1.8000000000000007,1
0.050000000000000044,0.07499999999999996,1.8000000000000007,1.9000000000000004,5
0.050000000000000044,0.07499999999999996,4.5,4.600000000000001,1
0.050000000000000044,0.07499999999999996,10.8,10.9,1
0.050000000000000044,0.07499999999999996,11.2,11.3,1
0.050000000000000044,0.07499999999999996,11.5,11.600000000000001,1
0.050000000000000044,0.07499999999999996,11.600000000000001,11.7,3
0.050000000000000044,0.07499999999999996,11.7,11.8,2
0.050000000000000044,0.07499999999999996,11.8,11.900000000000002,23
0.050000000000000044,0.07499999999999996,11.900000000000002,12.0,18
0.050000000000000044,0.07499999999999996,12.0,12.100000000000001,18
0.050000000000000044,0.07499999999999996,12.100000000000001,12.2,11
0.050000000000000044,0.07499999999999996,12.2,12.3,23
0.050000000000000044,0.07499999999999996,12.3,12.400000000000002,14
0.050000000000000044,0.07499999999999996,12.400000000000002,12.5,6
0.050000000000000044,0.07499999999999996,12.5,12.600000000000001,4
0.050000000000000044,0.07499999999999996,12.600000000000001,12.7,1
0.050000000000000044,0.07499999999999996,12.7,12.8,1
0.050000000000000044,0.07499999999999996,12.8,12.900000000000002,3
0.050000000000000044,0.07499999999999996,12.900000000000002,13.0,3
0.050000000000000044,0.07499999999999996,13.0,13.100000000000001,2
0.050000000000000044,0.07499999999999996,13.100000000000001,13.2,4
0.050000000000000044,0.07499999999999996,14.100000000000001,14.200000000000003,1
0.050000000000000044,0.07499999999999996,14.3,14.400000000000002,1
0.07499999999999996,0.10000000000000009,-0.2999999999999998,-0.1999999999999993,1
0.07499999999999996,0.10000000000000009,-0.09999999999999964,0.0,1
0.07499999999999996,0.10000000000000009,0.0,0.10000000000000053,1
0.07499999999999996,0.10000000000000009,0.3000000000000007,0.40000000000000036,1
0.07499999999999996,0.10000000000000009,0.40000000000000036,0.5,2
0.07499999999999996,0.10000000000000009,0.5,0.6000000000000005,1
0.07499999999999996,0.10000000000000009,0.7000000000000002,0.8000000000000007,1
0.07499999999999996,0.10000000000000009,0.8000000000000007,0.9000000000000004,5
0.07499999999999996,0.10000000000000009,0.9000000000000004,1.0,1
0.07499999999999996,0.10000000000000009,1.0,1.1000000000000005,2
0.07499999999999996,0.10000000000000009,1.1000000000000005,1.2000000000000002,4
0.07499999999999996,0.10000000000000009,1.2000000000000002,1.3000000000000007,2
0.07499999999999996,0.10000000000000009,1.3000000000000007,1.4000000000000004,1
0.07499999999999996,0.10000000000000009,1.4000000000000004,1.5,3
0.07499999999999996,0.10000000000000009,1.5,1.6000000000000005,8
0.07499999999999996,0.10000000000000009,1.6000000000000005,1.7000000000000002,7
0.07499999999999996,0.10000000000000009,1.7000000000000002,1.8000000000000007,6
0.07499999999999996,0.10000000000000009,1.8000000000000007,1.9000000000000004,4
0.07499999999999996,0.10000000000000009,1.9000000000000004,2.0,2
0.07499999999999996,0.10000000000000009,11.0,11.100000000000001,1
0.07499999999999996,0.10000000000000009,11.100000000000001,11.2,1
0.07499999999999996,0.10000000000000009,11.600000000000001,11.7,1
0.07499999999999996,0.10000000000000009,11.7,11.8,2
0.07499999999999996,0.10000000000000009,11.8,11.900000000000002,12
0.07499999999999996,0.10000000000000009,11.900000000000002,12.0,27
0.07499999999999996,0.10000000000000009,12.0,12.100000000000001,18
0.07499999999999996,0.10000000000000009,12.100000000000001,12.2,10
0.07499999999999996,0.10000000000000009,12.2,12.3,13
0.07499999999999996,0.10000000000000009,12.3,12.400000000000002,23
0.07499999999999996,0.10000000000000009,12.400000000000002,12.5,16
0.07499999999999996,0.10000000000000009,12.5,12.600000000000001,9
0.07499999999999996,0.10000000000000009,12.600000000000001,12.7,4
0.07499999999999996,0.10000000000000009,12.7,12.8,5
0.07499999999999996,0.10000000000000009,12.8,12.900000000000002,4
0.07499999999999996,0.10000000000000009,12.900000000000002,13.0,1
0.07499999999999996,0.10000000000000009,13.0,13.100000000000001,6
0.07499999999999996,0.10000000000000009,13.100000000000001,13.2,3
0.07499999999999996,0.10000000000000009,13.2,13.3,4
0.07499999999999996,0.10000000000000009,13.3,13.400000000000002,1
0.07499999999999996,0.10000000000000009,14.3,14.400000000000002,1
0.10000000000000009,0.125,0.10000000000000053,0.20000000000000018,1
0.10000000000000009,0.125,0.7000000000000002,0.8000000000000007,2
0.10000000000000009,0.125,0.8000000000000007,0.9000000000000004,2
0.10000000000000009,0.125,0.9000000000000004,1.0,2
0.10000000000000009,0.125,1.0,1.1000000000000005,2
0.10000000000000009,0.125,1.1000000000000005,1.2000000000000002,3
0.10000000000000009,0.125,1.2000000000000002,1.3000000000000007,1
0.10000000000000009,0.125,1.3000000000000007,1.4000000000000004,4
0.10000000000000009,0.125,1.4000000000000004,1.5,1
0.10000000000000009,0.125,1.5,1.6000000000000005,3
0.10000000000000009,0.125,1.7000000000000002,1.8000000000000007,3
0.10000000000000009,0.125,1.8000000000000007,1.9000000000000004,7
0.10000000000000009,0.125,1.9000000000000004,2.0,2
0.10000000000000009,0.125,2.1000000000000005,2.2,1
0.10000000000000009,0.125,11.3,11.400000000000002,1
0.10000000000000009,0.125,11.400000000000002,11.5,2
0.10000000000000009,0.125,11.5,11.600000000000001,2
0.10000000000000009,0.125,11.600000000000001,11.7,1
0.10000000000000009,0.125,11.7,11.8,3
0.10000000000000009,0.125,11.8,11.900000000000002,1
0.10000000000000009,0.125,11.900000000000002,12.0,8
0.10000000000000009,0.125,12.0,12.100000000000001,36
0.10000000000000009,0.125,12.100000000000001,12.2,14
0.10000000000000009,0.125,12.2,12.3,13
0.10000000000000009,0.125,12.3,12.400000000000002,10
0.10000000000000009,0.125,12.400000000000002,12.5,26
0.10000000000000009,0.125,12.5,12.600000000000001,15
0.10000000000000009,0.125,12.600000000000001,12.7,9
0.10000000000000009,0.125,12.7,12.8,8
0.10000000000000009,0.125,12.8,12.900000000000002,5
0.10000000000000009,0.125,12.900000000000002,13.0,1
0.10000000000000009,0.125,13.0,13.100000000000001,4
0.10000000000000009,0.125,13.100000000000001,13.2,5
0.10000000000000009,0.125,13.2,13.3,3
0.10000000000000009,0.125,13.3,13.400000000000002,1
0.10000000000000009,0.125,13.5,13.600000000000001,1
0.10000000000000009,0.125,14.5,14.600000000000001,1
0.125,0.15000000000000013,-0.2999999999999998,-0.1999999999999993,1
0.125,0.15000000000000013,0.20000000000000018,0.3000000000000007,1
0.125,0.15000000000000013,0.5,0.6000000000000005,1
0.125,0.15000000000000013,0.7000000000000002,0.8000000000000007,2
0.125,0.15000000000000013,1.0,1.1000000000000005,4
0.125,0.15000000000000013,1.1000000000000005,1.2000000000000002,2
0.125,0.15000000000000013,1.2000000000000002,1.3000000000000007,1
0.125,0.15000000000000013,1.3000000000000007,1.4000000000000004,2
0.125,0.15000000000000013,1.5,1.6000000000000005,3
0.125,0.15000000000000013,1.6000000000000005,1.7000000000000002,2
0.125,0.15000000000000013,1.7000000000000002,1.8000000000000007,4
0.125,0.15000000000000013,1.8000000000000007,1.9000000000000004,4
0.125,0.15000000000000013,1.9000000000000004,2.0,4
0.125,0.15000000000000013,2.0,2.1000000000000005,1
0.125,0.15000000000000013,2.1000000000000005,2.2,1
0.125,0.15000000000000013,2.4000000000000004,2.5,1
0.125,0.15000000000000013,10.600000000000001,10.700000000000001,1
0.125,0.15000000000000013,11.0,11.100000000000001,1
0.125,0.15000000000000013,11.100000000000001,11.2,1
0.125,0.15000000000000013,11.3,11.400000000000002,2
0.125,0.15000000000000013,11.5,11.600000000000001,2
0.125,0.15000000000000013,11.600000000000001,11.7,1
0.125,0.15000000000000013,11.8,11.900000000000002,1
0.125,0.15000000000000013,11.900000000000002,12.0,5
0.125,0.15000000000000013,12.0,12.100000000000001,15
0.125,0.15000000000000013,12.100000000000001,12.2,30
0.125,0.15000000000000013,12.2,12.3,12
0.125,0.15000000000000013,12.3,12.400000000000002,5
0.125,0.15000000000000013,12.400000000000002,12.5,10
0.125,0.15000000000000013,12.5,12.600000000000001,17
0.125,0.15000000000000013,12.600000000000001,12.7,20
0.125,0.15000000000000013,12.7,12.8,9
0.125,0.15000000000000013,12.8,12.900000000000002,14
0.125,0.15000000000000013,12.900000000000002,13.0,8
0.125,0.15000000000000013,13.0,13.100000000000001,2
0.125,0.15000000000000013,13.100000000000001,13.2,4
0.125,0.15000000000000013,13.2,13.3,3
0.125,0.15000000000000013,13.3,13.400000000000002,3
0.15000000000000013,0.17500000000000004,-0.2999999999999998,-0.1999999999999993,1
0.15000000000000013,0.17500000000000004,0.3000000000000007,0.40000000000000036,1
0.15000000000000013,0.17500000000000004,0.40000000000000036,0.5,1
0.15000000000000013,0.17500000000000004,0.5,0.6000000000000005,1
0.15000000000000013,0.17500000000000004,0.9000000000000004,1.0,2
0.15000000000000013,0.17500000000000004,1.0,1.1000000000000005,3
0.15000000000000013,0.17500000000000004,1.2000000000000002,1.3000000000000007,1
0.15000000000000013,0.17500000000000004,1.3000000000000007,1.4000000000000004,3
0.15000000000000013,0.17500000000000004,1.4000000000000004,1.5,2
0.15000000000000013,0.17500000000000004,1.5,1.6000000000000005,3
0.15000000000000013,0.17500000000000004,1.6000000000000005,1.7000000000000002,3
0.15000000000000013,0.17500000000000004,1.7000000000000002,1.8000000000000007,2
0.15000000000000013,0.17500000000000004,1.8000000000000007,1.9000000000000004,3
0.15000000000000013,0.17500000000000004,1.9000000000000004,2.0,4
0.15000000000000013,0.17500000000000004,2.0,2.1000000000000005,6
0.15000000000000013,0.17500000000000004,2.1000000000000005,2.2,3
0.15000000000000013,0.17500000000000004,2.2,2.3000000000000007,3
0.15000000000000013,0.17500000000000004,11.100000000000001,11.2,2
0.15000000000000013,0.17500000000000004,11.400000000000002,11.5,2
0.15000000000000013,0.17500000000000004,11.5,11.600000000000001,1
0.15000000000000013,0.17500000000000004,11.600000000000001,11.7,1
0.15000000000000013,0.17500000000000004,11.7,11.8,1
0.15000000000000013,0.17500000000000004,11.8,11.900000000000002,2
0.15000000000000013,0.17500000000000004,11.900000000000002,12.0,3
0.15000000000000013,0.17500000000000004,12.0,12.100000000000001,4
0.15000000000000013,0.17500000000000004,12.100000000000001,12.2,23
0.15000000000000013,0.17500000000000004,12.2,12.3,29
0.15000000000000013,0.17500000000000004,12.3,12.400000000000002,15
0.15000000000000013,0.17500000000000004,12.400000000000002,12.5,6
0.15000000000000013,0.17500000000000004,12.5,12.600000000000001,12
0.15000000000000013,0.17500000000000004,12.600000000000001,12.7,23
0.15000000000000013,0.17500000000000004,12.7,12.8,13
0.15000000000000013,0.17500000000000004,12.8,12.900000000000002,6
0.15000000000000013,0.17500000000000004,12.900000000000002,13.0,6
0.15000000000000013,0.17500000000000004,13.0,13.100000000000001,6
0.15000000000000013,0.17500000000000004,13.100000000000001,13.2,7
0.15000000000000013,0.17500000000000004,13.2,13.3,6
0.15000000000000013,0.17500000000000004,13.3,13.400000000000002,1
0.17500000000000004,0.20000000000000018,0.3000000000000007,0.40000000000000036,1
0.17500000000000004,0.20000000000000018,0.40000000000000036,0.5,1
0.17500000000000004,0.20000000000000018,0.8000000000000007,0.9000000000000004,1
0.17500000000000004,0.20000000000000018,0.9000000000000004,1.0,2
0.17500000000000004,0.20000000000000018,1.0,1.1000000000000005,1
0.17500000000000004,0.20000000000000018,1.2000000000000002,1.3000000000000007,2
0.17500000000000004,0.20000000000000018,1.3000000000000007,1.4000000000000004,2
0.17500000000000004,0.20000000000000018,1.4000000000000004,1.5,2
0.17500000000000004,0.20000000000000018,1.5,1.6000000000000005,3
0.17500000000000004,0.20000000000000018,1.6000000000000005,1.7000000000000002,5
0.17500000000000004,0.20000000000000018,1.7000000000000002,1.8000000000000007,10
0.17500000000000004,0.20000000000000018,1.8000000000000007,1.9000000000000004,3
0.17500000000000004,0.20000000000000018,1.9000000000000004,2.0,8
0.17500000000000004,0.20000000000000018,2.0,2.1000000000000005,1
0.17500000000000004,0.20000000000000018,2.1000000000000005,2.2,3
0.17500000000000004,0.20000000000000018,2.2,2.3000000000000007,1
0.17500000000000004,0.20000000000000018,2.3000000000000007,2.4000000000000004,1
0.17500000000000004,0.20000000000000018,10.600000000000001,10.700000000000001,1
0.17500000000000004,0.20000000000000018,11.3,11.400000000000002,1
0.17500000000000004,0.20000000000000018,11.7,11.8,1
0.17500000000000004,0.20000000000000018,11.900000000000002,12.0,1
0.17500000000000004,0.20000000000000018,12.0,12.100000000000001,3
0.17500000000000004,0.20000000000000018,12.100000000000001,12.2,5
0.17500000000000004,0.20000000000000018,12.2,12.3,23
0.17500000000000004,0.20000000000000018,12.3,12.400000000000002,32
0.17500000000000004,0.20000000000000018,12.400000000000002,12.5,10
0.17500000000000004,0.20000000000000018,12.5,12.600000000000001,8
0.17500000000000004,0.20000000000000018,12.600000000000001,12.7,17
0.17500000000000004,0.20000000000000018,12.7,12.8,26
0.17500000000000004,0.20000000000000018,12.8,12.900000000000002,13
0.17500000000000004,0.20000000000000018,12.900000000000002,13.0,5
0.17500000000000004,0.20000000000000018,13.0,13.100000000000001,8
0.17500000000000004,0.20000000000000018,13.100000000000001,13.2,3
0.17500000000000004,0.20000000000000018,13.2,13.3,4
0.17500000000000004,0.20000000000000018,13.3,13.400000000000002,2
0.20000000000000018,0.2250000000000001,-0.09999999999999964,0.0,1
0.20000000000000018,0.2250000000000001,0.5,0.6000000000000005,1
0.20000000000000018,0.2250000000000001,0.7000000000000002,0.8000000000000007,2
0.20000000000000018,0.2250000000000001,0.8000000000000007,0.9000000000000004,1
0.20000000000000018,0.2250000000000001,0.9000000000000004,1.0,1
0.20000000000000018,0.2250000000000001,1.0,1.1000000000000005,1
0.20000000000000018,0.2250000000000001,1.1000000000000005,1.2000000000000002,2
0.20000000000000018,0.2250000000000001,1.2000000000000002,1.3000000000000007,3
0.20000000000000018,0.2250000000000001,1.3000000000000007,1.4000000000000004,1
0.20000000000000018,0.2250000000000001,1.4000000000000004,1.5,1
0.20000000000000018,0.2250000000000001,1.5,1.6000000000000005,3
0.20000000000000018,0.2250000000000001,1.6000000000000005,1.7000000000000002,2
0.20000000000000018,0.2250000000000001,1.7000000000000002,1.8000000000000007,5
0.20000000000000018,0.2250000000000001,1.8000000000000007,1.9000000000000004,4
0.20000000000000018,0.2250000000000001,1.9000000000000004,2.0,7
0.20000000000000018,0.2250000000000001,2.0,2.1000000000000005,7
0.20000000000000018,0.2250000000000001,2.1000000000000005,2.2,8
0.20000000000000018,0.2250000000000001,2.2,2.3000000000000007,2
0.20000000000000018,0.2250000000000001,2.3000000000000007,2.4000000000000004,1
0.20000000000000018,0.2250000000000001,2.4000000000000004,2.5,2
0.20000000000000018,0.2250000000000001,10.3,10.4,1
0.20000000000000018,0.2250000000000001,11.100000000000001,11.2,1
0.20000000000000018,0.2250000000000001,11.400000000000002,11.5,1
0.20000000000000018,0.2250000000000001,11.600000000000001,11.7,2
0.20000000000000018,0.2250000000000001,11.7,11.8,1
0.20000000000000018,0.2250000000000001,11.8,11.900000000000002,2
0.20000000000000018,0.2250000000000001,11.900000000000002,12.0,1
0.20000000000000018,0.2250000000000001,12.0,12.100000000000001,3
0.20000000000000018,0.2250000000000001,12.100000000000001,12.2,3
0.20000000000000018,0.2250000000000001,12.2,12.3,7
0.20000000000000018,0.2250000000000001,12.3,12.400000000000002,25
0.20000000000000018,0.2250000000000001,12.400000000000002,12.5,22
0.20000000000000018,0.2250000000000001,12.5,12.600000000000001,10
0.20000000000000018,0.2250000000000001,12.600000000000001,12.7,5
0.20000000000000018,0.2250000000000001,12.7,12.8,10
0.20000000000000018,0.2250000000000001,12.8,12.900000000000002,25
0.20000000000000018,0.2250000000000001,12.900000000000002,13.0,15
0.20000000000000018,0.2250000000000001,13.0,13.100000000000001,10
0.20000000000000018,0.2250000000000001,13.100000000000001,13.2,8
0.20000000000000018,0.2250000000000001,13.2,13.3,2
0.20000000000000018,0.2250000000000001,13.3,13.400000000000002,3
0.20000000000000018,0.2250000000000001,13.400000000000002,13.5,5
0.20000000000000018,0.2250000000000001,13.5,13.600000000000001,1
0.20000000000000018,0.2250000000000001,13.600000000000001,13.7,1
0.20000000000000018,0.2250000000000001,13.7,13.8,1
0.2250000000000001,0.25,0.20000000000000018,0.3000000000000007,1
0.2250000000000001,0.25,0.8000000000000007,0.9000000000000004,3
0.2250000000000001,0.25,1.1000000000000005,1.2000000000000002,3
0.2250000000000001,0.25,1.2000000000000002,1.3000000000000007,4
0.2250000000000001,0.25,1.4000000000000004,1.5,5
0.2250000000000001,0.25,1.5,1.6000000000000005,1
0.2250000000000001,0.25,1.6000000000000005,1.7000000000000002,1
0.2250000000000001,0.25,1.7000000000000002,1.8000000000000007,5
0.2250000000000001,0.25,1.8000000000000007,1.9000000000000004,3
0.2250000000000001,0.25,1.9000000000000004,2.0,3
0.2250000000000001,0.25,2.0,2.1000000000000005,4
0.2250000000000001,0.25,2.1000000000000005,2.2,3
0.2250000000000001,0.25,2.2,2.3000000000000007,8
0.2250000000000001,0.25,2.3000000000000007,2.4000000000000004,6
0.2250000000000001,0.25,11.0,11.100000000000001,1
0.2250000000000001,0.25,11.2,11.3,1
0.2250000000000001,0.25,11.400000000000002,11.5,1
0.2250000000000001,0.25,11.7,11.8,1
0.2250000000000001,0.25,11.900000000000002,12.0,1
0.2250000000000001,0.25,12.100000000000001,12.2,5
0.2250000000000001,0.25,12.2,12.3,5
0.2250000000000001,0.25,12.3,12.400000000000002,10
0.2250000000000001,0.25,12.400000000000002,12.5,25
0.2250000000000001,0.25,12.5,12.600000000000001,24
0.2250000000000001,0.25,12.600000000000001,12.7,12
0.2250000000000001,0.25,12.7,12.8,9
0.2250000000000001,0.25,12.8,12.900000000000002,18
0.2250000000000001,0.25,12.900000000000002,13.0,27
0.2250000000000001,0.25,13.0,13.100000000000001,10
0.2250000000000001,0.25,13.100000000000001,13.2,7
0.2250000000000001,0.25,13.2,13.3,5
0.2250000000000001,0.25,13.3,13.400000000000002,14
0.2250000000000001,0.25,13.400000000000002,13.5,2
0.2250000000000001,0.25,13.5,13.600000000000001,2
0.2250000000000001,0.25,15.0,15.100000000000001,1
0.25,0.27500000000000013,0.9000000000000004,1.0,2
0.25,0.27500000000000013,1.1000000000000005,1.2000000000000002,1
0.25,0.27500000000000013,1.3000000000000007,1.4000000000000004,2
0.25,0.27500000000000013,1.4000000000000004,1.5,2
0.25,0.27500000000000013,1.5,1.6000000000000005,4
0.25,0.27500000000000013,1.6000000000000005,1.7000000000000002,1
0.25,0.27500000000000013,1.7000000000000002,1.8000000000000007,2
0.25,0.27500000000000013,1.8000000000000007,1.9000000000000004,1
0.25,0.27500000000000013,1.9000000000000004,2.0,9
0.25,0.27500000000000013,2.0,2.1000000000000005,6
0.25,0.27500000000000013,2.1000000000000005,2.2,10
0.25,0.27500000000000013,2.2,2.3000000000000007,12
0.25,0.27500000000000013,2.3000000000000007,2.4000000000000004,7
0.25,0.27500000000000013,2.4000000000000004,2.5,6
0.25,0.27500000000000013,2.5,2.6000000000000005,1
0.25,0.27500000000000013,11.400000000000002,11.5,1
0.25,0.27500000000000013,11.600000000000001,11.7,1
0.25,0.27500000000000013,11.8,11.900000000000002,2
0.25,0.27500000000000013,11.900000000000002,12.0,2
0.25,0.27500000000000013,12.0,12.100000000000001,1
0.25,0.27500000000000013,12.100000000000001,12.2,2
0.25,0.27500000000000013,12.2,12.3,2
0.25,0.27500000000000013,12.3,12.400000000000002,4
0.25,0.27500000000000013,12.400000000000002,12.5,19
0.25,0.27500000000000013,12.5,12.600000000000001,29
0.25,0.27500000000000013,12.600000000000001,12.7,15
0.25,0.27500000000000013,12.7,12.8,13
0.25,0.27500000000000013,12.8,12.900000000000002,8
0.25,0.27500000000000013,12.900000000000002,13.0,23
0.25,0.27500000000000013,13.0,13.100000000000001,28
0.25,0.27500000000000013,13.100000000000001,13.2,9
0.25,0.27500000000000013,13.2,13.3,14
0.25,0.27500000000000013,13.3,13.400000000000002,6
0.25,0.27500000000000013,13.400000000000002,13.5,10
0.25,0.27500000000000013,13.5,13.600000000000001,2
0.25,0.27500000000000013,14.0,14.100000000000001,1
0.27500000000000013,0.30000000000000004,0.20000000000000018,0.3000000000000007,1
0.27500000000000013,0.30000000000000004,1.1000000000000005,1.2000000000000002,1
0.27500000000000013,0.30000000000000004,1.2000000000000002,1.3000000000000007,1
0.27500000000000013,0.30000000000000004,1.4000000000000004,1.5,3
0.27500000000000013,0.30000000000000004,1.5,1.6000000000000005,4
0.27500000000000013,0.30000000000000004,1.6000000000000005,1.7000000000000002,1
0.27500000000000013,0.30000000000000004,1.7000000000000002,1.8000000000000007,5
0.27500000000000013,0.30000000000000004,1.8000000000000007,1.9000000000000004,3
0.27500000000000013,0.30000000000000004,1.9000000000000004,2.0,7
0.27500000000000013,0.30000000000000004,2.0,2.1000000000000005,4
0.27500000000000013,0.30000000000000004,2.1000000000000005,2.2,5
0.27500000000000013,0.30000000000000004,2.2,2.3000000000000007,7
0.27500000000000013,0.30000000000000004,2.3000000000000007,2.4000000000000004,11
0.27500000000000013,0.30000000000000004,2.4000000000000004,2.5,11
0.27500000000000013,0.30000000000000004,2.5,2.6000000000000005,2
0.27500000000000013,0.30000000000000004,10.600000000000001,10.700000000000001,1
0.27500000000000013,0.30000000000000004,12.0,12.100000000000001,1
0.27500000000000013,0.30000000000000004,12.100000000000001,12.2,1
0.27500000000000013,0.30000000000000004,12.2,12.3,1
0.27500000000000013,0.30000000000000004,12.3,12.400000000000002,1
0.27500000000000013,0.30000000000000004,12.400000000000002,12.5,2
0.27500000000000013,0.30000000000000004,12.5,12.600000000000001,21
0.27500000000000013,0.30000000000000004,12.600000000000001,12.7,42
0.27500000000000013,0.30000000000000004,12.7,12.8,13
0.27500000000000013,0.30000000000000004,12.8,12.900000000000002,12
0.27500000000000013,0.30000000000000004,12.900000000000002,13.0,13
0.27500000000000013,0.30000000000000004,13.0,13.100000000000001,23
0.27500000000000013,0.30000000000000004,13.100000000000001,13.2,11
0.27500000000000013,0.30000000000000004,13.2,13.3,11
0.27500000000000013,0.30000000000000004,13.3,13.400000000000002,6
0.27500000000000013,0.30000000000000004,13.400000000000002,13.5,6
0.27500000000000013,0.30000000000000004,13.5,13.600000000000001,5
0.27500000000000013,0.30000000000000004,13.7,13.8,1
0.27500000000000013,0.30000000000000004,13.8,13.900000000000002,1
0.30000000000000004,0.3250000000000002,0.10000000000000053,0.20000000000000018,1
0.30000000000000004,0.3250000000000002,0.40000000000000036,0.5,1
0.30000000000000004,0.3250000000000002,0.8000000000000007,0.9000000000000004,1
0.30000000000000004,0.3250000000000002,0.9000000000000004,1.0,2
0.30000000000000004,0.3250000000000002,1.0,1.1000000000000005,1
0.30000000000000004,0.3250000000000002,1.1000000000000005,1.2000000000000002,1
0.30000000000000004,0.3250000000000002,1.2000000000000002,1.3000000000000007,3
0.30000000000000004,0.3250000000000002,1.4000000000000004,1.5,1
0.30000000000000004,0.3250000000000002,1.5,1.6000000000000005,2
0.30000000000000004,0.3250000000000002,1.6000000000000005,1.7000000000000002,2
0.30000000000000004,0.3250000000000002,1.7000000000000002,1.8000000000000007,3
0.30000000000000004,0.3250000000000002,1.8000000000000007,1.9000000000000004,7
0.30000000000000004,0.3250000000000002,1.9000000000000004,2.0,7
0.30000000000000004,0.3250000000000002,2.0,2.1000000000000005,6
0.30000000000000004,0.3250000000000002,2.1000000000000005,2.2,4
0.30000000000000004,0.3250000000000002,2.2,2.3000000000000007,5
0.30000000000000004,0.3250000000000002,2.3000000000000007,2.4000000000000004,8
0.30000000000000004,0.3250000000000002,2.4000000000000004,2.5,6
0.30000000000000004,0.3250000000000002,2.5,2.6000000000000005,5
0.30000000000000004,0.3250000000000002,2.6000000000000005,2.7,3
0.30000000000000004,0.3250000000000002,10.700000000000001,10.8,1
0.30000000000000004,0.3250000000000002,11.600000000000001,11.7,1
0.30000000000000004,0.3250000000000002,11.7,11.8,1
0.30000000000000004,0.3250000000000002,11.900000000000002,12.0,1
0.30000000000000004,0.3250000000000002,12.0,12.100000000000001,1
0.30000000000000004,0.3250000000000002,12.2,12.3,1
0.30000000000000004,0.3250000000000002,12.3,12.400000000000002,2
0.30000000000000004,0.3250000000000002,12.400000000000002,12.5,2
0.30000000000000004,0.3250000000000002,12.5,12.600000000000001,6
0.30000000000000004,0.3250000000000002,12.600000000000001,12.7,28
0.30000000000000004,0.3250000000000002,12.7,12.8,37
0.30000000000000004,0.3250000000000002,12.8,12.900000000000002,15
0.30000000000000004,0.3250000000000002,12.900000000000002,13.0,12
0.30000000000000004,0.3250000000000002,13.0,13.100000000000001,15
0.30000000000000004,0.3250000000000002,13.100000000000001,13.2,20
0.30000000000000004,0.3250000000000002,13.2,13.3,24
0.30000000000000004,0.3250000000000002,13.3,13.400000000000002,3
0.30000000000000004,0.3250000000000002,13.400000000000002,13.5,5
0.30000000000000004,0.3250000000000002,13.5,13.600000000000001,4
0.30000000000000004,0.3250000000000002,13.600000000000001,13.7,3
0.3250000000000002,0.3500000000000001,0.20000000000000018,0.3000000000000007,1
0.3250000000000002,0.3500000000000001,0.3000000000000007,0.40000000000000036,1
0.3250000000000002,0.3500000000000001,0.40000000000000036,0.5,1
0.3250000000000002,0.3500000000000001,0.5,0.6000000000000005,1
0.3250000000000002,0.3500000000000001,0.8000000000000007,0.9000000000000004,1
0.3250000000000002,0.3500000000000001,0.9000000000000004,1.0,1
0.3250000000000002,0.3500000000000001,1.0,1.1000000000000005,1
0.3250000000000002,0.3500000000000001,1.1000000000000005,1.2000000000000002,1
0.3250000000000002,0.3500000000000001,1.2000000000000002,1.3000000000000007,1
0.3250000000000002,0.3500000000000001,1.3000000000000007,1.4000000000000004,2
0.3250000000000002,0.3500000000000001,1.5,1.6000000000000005,1
0.3250000000000002,0.3500000000000001,1.6000000000000005,1.7000000000000002,1
0.3250000000000002,0.3500000000000001,1.7000000000000002,1.8000000000000007,1
0.3250000000000002,0.3500000000000001,1.8000000000000007,1.9000000000000004,8
0.3250000000000002,0.3500000000000001,1.9000000000000004,2.0,2
0.3250000000000002,0.3500000000000001,2.0,2.1000000000000005,4
0.3250000000000002,0.3500000000000001,2.1000000000000005,2.2,8
0.3250000000000002,0.3500000000000001,2.2,2.3000000000000007,6
0.3250000000000002,0.3500000000000001,2.3000000000000007,2.4000000000000004,5
0.3250000000000002,0.3500000000000001,2.4000000000000004,2.5,8
0.3250000000000002,0.3500000000000001,2.5,2.6000000000000005,5
0.3250000000000002,0.3500000000000001,2.6000000000000005,2.7,2
0.3250000000000002,0.3500000000000001,2.7,2.8000000000000007,1
0.3250000000000002,0.3500000000000001,10.100000000000001,10.200000000000001,1
0.3250000000000002,0.3500000000000001,10.9,11.0,1
0.3250000000000002,0.3500000000000001,11.5,11.600000000000001,2
0.3250000000000002,0.3500000000000001,11.900000000000002,12.0,3
0.3250000000000002,0.3500000000000001,12.100000000000001,12.2,1
0.3250000000000002,0.3500000000000001,12.2,12.3,3
0.3250000000000002,0.3500000000000001,12.3,12.400000000000002,3
0.3250000000000002,0.3500000000000001,12.5,12.600000000000001,3
0.3250000000000002,0.3500000000000001,12.600000000000001,12.7,8
0.3250000000000002,0.3500000000000001,12.7,12.8,15
0.3250000000000002,0.3500000000000001,12.8,12.900000000000002,31
0.3250000000000002,0.3500000000000001,12.900000000000002,13.0,22
0.3250000000000002,0.3500000000000001,13.0,13.100000000000001,12
0.3250000000000002,0.3500000000000001,13.100000000000001,13.2,20
0.3250000000000002,0.3500000000000001,13.2,13.3,8
0.3250000000000002,0.3500000000000001,13.3,13.400000000000002,12
0.3250000000000002,0.3500000000000001,13.400000000000002,13.5,7
0.3250000000000002,0.3500000000000001,13.5,13.600000000000001,8
0.3250000000000002,0.3500000000000001,13.600000000000001,13.7,5
0.3500000000000001,0.375,0.8000000000000007,0.9000000000000004,1
0.3500000000000001,0.375,0.9000000000000004,1.0,1
0.3500000000000001,0.375,1.1000000000000005,1.2000000000000002,2
0.3500000000000001,0.375,1.2000000000000002,1.3000000000000007,3
0.3500000000000001,0.375,1.4000000000000004,1.5,1
0.3500000000000001,0.375,1.5,1.6000000000000005,3
0.3500000000000001,0.375,1.6000000000000005,1.7000000000000002,1
0.3500000000000001,0.375,1.7000000000000002,1.8000000000000007,4
0.3500000000000001,0.375,1.8000000000000007,1.9000000000000004,3
0.3500000000000001,0.375,1.9000000000000004,2.0,3
0.3500000000000001,0.375,2.0,2.1000000000000005,9
0.3500000000000001,0.375,2.1000000000000005,2.2,5
0.3500000000000001,0.375,2.2,2.3000000000000007,5
0.3500000000000001,0.375,2.3000000000000007,2.4000000000000004,5
0.3500000000000001,0.375,2.4000000000000004,2.5,9
0.3500000000000001,0.375,2.5,2.6000000000000005,13
0.3500000000000001,0.375,2.6000000000000005,2.7,13
0.3500000000000001,0.375,2.7,2.8000000000000007,1
0.3500000000000001,0.375,10.100000000000001,10.200000000000001,1
0.3500000000000001,0.375,10.600000000000001,10.700000000000001,1
0.3500000000000001,0.375,11.600000000000001,11.7,2
0.3500000000000001,0.375,11.7,11.8,2
0.3500000000000001,0.375,12.0,12.100000000000001,3
0.3500000000000001,0.375,12.400000000000002,12.5,1
0.3500000000000001,0.375,12.5,12.600000000000001,5
0.3500000000000001,0.375,12.600000000000001,12.7,7
0.3500000000000001,0.375,12.7,12.8,10
0.3500000000000001,0.375,12.8,12.900000000000002,33
0.3500000000000001,0.375,12.900000000000002,13.0,31
0.3500000000000001,0.375,13.0,13.100000000000001,14
0.3500000000000001,0.375,13.100000000000001,13.2,6
0.3500000000000001,0.375,13.2,13.3,14
0.3500000000000001,0.375,13.3,13.400000000000002,14
0.3500000000000001,0.375,13.400000000000002,13.5,12
0.3500000000000001,0.375,13.5,13.600000000000001,3
0.3500000000000001,0.375,13.600000000000001,13.7,4
0.3500000000000001,0.375,13.8,13.900000000000002,2
0.375,0.40000000000000013,0.20000000000000018,0.3000000000000007,1
0.375,0.40000000000000013,0.5,0.6000000000000005,1
0.375,0.40000000000000013,0.9000000000000004,1.0,1
0.375,0.40000000000000013,1.4000000000000004,1.5,2
0.375,0.40000000000000013,1.5,1.6000000000000005,1
0.375,0.40000000000000013,1.6000000000000005,1.7000000000000002,1
0.375,0.40000000000000013,1.7000000000000002,1.8000000000000007,5
0.375,0.40000000000000013,1.8000000000000007,1.9000000000000004,4
0.375,0.40000000000000013,1.9000000000000004,2.0,5
0.375,0.40000000000000013,2.0,2.1000000000000005,2
0.375,0.40000000000000013,2.1000000000000005,2.2,4
0.375,0.40000000000000013,2.2,2.3000000000000007,8
0.375,0.40000000000000013,2.3000000000000007,2.4000000000000004,8
0.375,0.40000000000000013,2.4000000000000004,2.5,11
0.375,0.40000000000000013,2.5,2.6000000000000005,12
0.375,0.40000000000000013,2.6000000000000005,2.7,16
0.375,0.40000000000000013,2.7,2.8000000000000007,12
0.375,0.40000000000000013,2.8000000000000007,2.9000000000000004,4
0.375,0.40000000000000013,5.300000000000001,5.4,1
0.375,0.40000000000000013,12.2,12.3,2
0.375,0.40000000000000013,12.3,12.400000000000002,1
0.375,0.40000000000000013,12.5,12.600000000000001,2
0.375,0.40000000000000013,12.600000000000001,12.7,4
0.375,0.40000000000000013,12.7,12.8,9
0.375,0.40000000000000013,12.8,12.900000000000002,16
0.375,0.40000000000000013,12.900000000000002,13.0,34
0.375,0.40000000000000013,13.0,13.100000000000001,30
0.375,0.40000000000000013,13.100000000000001,13.2,19
0.375,0.40000000000000013,13.2,13.3,4
0.375,0.40000000000000013,13.3,13.400000000000002,18
0.375,0.40000000000000013,13.400000000000002,13.5,14
0.375,0.40000000000000013,13.5,13.600000000000001,10
0.375,0.40000000000000013,13.600000000000001,13.7,15
0.375,0.40000000000000013,13.7,13.8,8
0.375,0.40000000000000013,13.8,13.900000000000002,2
0.375,0.40000000000000013,14.400000000000002,14.5,1
0.40000000000000013,0.42500000000000004,0.0,0.10000000000000053,1
0.40000000000000013,0.42500000000000004,0.10000000000000053,0.20000000000000018,2
0.40000000000000013,0.42500000000000004,0.6000000000000005,0.7000000000000002,1
0.40000000000000013,0.42500000000000004,1.0,1.1000000000000005,1
0.40000000000000013,0.42500000000000004,1.1000000000000005,1.2000000000000002,1
0.40000000000000013,0.42500000000000004,1.2000000000000002,1.3000000000000007,1
0.40000000000000013,0.42500000000000004,1.3000000000000007,1.4000000000000004,1
0.40000000000000013,0.42500000000000004,1.4000000000000004,1.5,3
0.40000000000000013,0.42500000000000004,1.5,1.6000000000000005,1
0.40000000000000013,0.42500000000000004,1.6000000000000005,1.7000000000000002,2
0.40000000000000013,0.42500000000000004,1.7000000000000002,1.8000000000000007,6
0.40000000000000013,0.42500000000000004,1.8000000000000007,1.9000000000000004,2
0.40000000000000013,0.42500000000000004,1.9000000000000004,2.0,5
0.40000000000000013,0.42500000000000004,2.0,2.1000000000000005,7
0.40000000000000013,0.42500000000000004,2.1000000000000005,2.2,6
0.40000000000000013,0.42500000000000004,2.2,2.3000000000000007,9
0.40000000000000013,0.42500000000000004,2.3000000000000007,2.4000000000000004,13
0.40000000000000013,0.42500000000000004,2.4000000000000004,2.5,12
0.40000000000000013,0.42500000000000004,2.5,2.6000000000000005,15
0.40000000000000013,0.42500000000000004,2.6000000000000005,2.7,13
0.40000000000000013,0.42500000000000004,2.7,2.8000000000000007,11
0.40000000000000013,0.42500000000000004,2.8000000000000007,2.9000000000000004,9
0.40000000000000013,0.42500000000000004,9.4,9.5,1
0.40000000000000013,0.42500000000000004,11.7,11.8,1
0.40000000000000013,0.42500000000000004,11.900000000000002,12.0,1
0.40000000000000013,0.42500000000000004,12.0,12.100000000000001,3
0.40000000000000013,0.42500000000000004,12.100000000000001,12.2,2
0.40000000000000013,0.42500000000000004,12.2,12.3,2
0.40000000000000013,0.42500000000000004,12.3,12.400000000000002,3
0.40000000000000013,0.42500000000000004,12.400000000000002,12.5,3
0.40000000000000013,0.42500000000000004,12.5,12.600000000000001,2
0.40000000000000013,0.42500000000000004,12.600000000000001,12.7,2
0.40000000000000013,0.42500000000000004,12.7,12.8,1
0.40000000000000013,0.42500000000000004,12.900000000000002,13.0,17
0.40000000000000013,0.42500000000000004,13.0,13.100000000000001,27
0.40000000000000013,0.42500000000000004,13.100000000000001,13.2,17
0.40000000000000013,0.42500000000000004,13.2,13.3,12
0.40000000000000013,0.42500000000000004,13.3,13.400000000000002,9
0.40000000000000013,0.42500000000000004,13.400000000000002,13.5,17
0.40000000000000013,0.42500000000000004,13.5,13.600000000000001,11
0.40000000000000013,0.42500000000000004,13.600000000000001,13.7,6
0.40000000000000013,0.42500000000000004,13.7,13.8,14
0.40000000000000013,0.42500000000000004,13.8,13.900000000000002,2
0.40000000000000013,0.42500000000000004,13.900000000000002,14.0,1
0.40000000000000013,0.42500000000000004,14.100000000000001,14.200000000000003,1
0.40000000000000013,0.42500000000000004,14.200000000000003,14.3,1
0.42500000000000004,0.4500000000000002,0.0,0.10000000000000053,1
0.42500000000000004,0.4500000000000002,0.10000000000000053,0.20000000000000018,1
0.42500000000000004,0.4500000000000002,0.6000000000000005,0.7000000000000002,2
0.42500000000000004,0.4500000000000002,0.9000000000000004,1.0,1
0.42500000000000004,0.4500000000000002,1.1000000000000005,1.2000000000000002,1
0.42500000000000004,0.4500000000000002,1.2000000000000002,1.3000000000000007,1
0.42500000000000004,0.4500000000000002,1.3000000000000007,1.4000000000000004,1
0.42500000000000004,0.4500000000000002,1.4000000000000004,1.5,1
0.42500000000000004,0.4500000000000002,1.6000000000000005,1.7000000000000002,1
0.42500000000000004,0.4500000000000002,1.7000000000000002,1.8000000000000007,1
0.42500000000000004,0.4500000000000002,1.8000000000000007,1.9000000000000004,7
0.42500000000000004,0.4500000000000002,1.9000000000000004,2.0,4
0.42500000000000004,0.4500000000000002,2.0,2.1000000000000005,6
0.42500000000000004,0.4500000000000002,2.1000000000000005,2.2,5
0.42500000000000004,0.4500000000000002,2.2,2.3000000000000007,14
0.42500000000000004,0.4500000000000002,2.3000000000000007,2.4000000000000004,7
0.42500000000000004,0.4500000000000002,2.4000000000000004,2.5,16
0.42500000000000004,0.4500000000000002,2.5,2.6000000000000005,10
0.42500000000000004,0.4500000000000002,2.6000000000000005,2.7,12
0.42500000000000004,0.4500000000000002,2.7,2.8000000000000007,22
0.42500000000000004,0.4500000000000002,2.8000000000000007,2.9000000000000004,18
0.42500000000000004,0.4500000000000002,2.9000000000000004,3.0,6
0.42500000000000004,0.4500000000000002,4.4,4.5,1
0.42500000000000004,0.4500000000000002,10.200000000000001,10.3,1
0.42500000000000004,0.4500000000000002,11.600000000000001,11.7,1
0.42500000000000004,0.4500000000000002,11.8,11.900000000000002,1
0.42500000000000004,0.4500000000000002,12.0,12.100000000000001,2
0.42500000000000004,0.4500000000000002,12.100000000000001,12.2,1
0.42500000000000004,0.4500000000000002,12.400000000000002,12.5,2
0.42500000000000004,0.4500000000000002,12.5,12.600000000000001,3
0.42500000000000004,0.4500000000000002,12.600000000000001,12.7,2
0.42500000000000004,0.4500000000000002,12.7,12.8,3
0.42500000000000004,0.4500000000000002,12.8,12.900000000000002,2
0.42500000000000004,0.4500000000000002,12.900000000000002,13.0,16
0.42500000000000004,0.4500000000000002,13.0,13.100000000000001,22
0.42500000000000004,0.4500000000000002,13.100000000000001,13.2,26
0.42500000000000004,0.4500000000000002,13.2,13.3,18
0.42500000000000004,0.4500000000000002,13.3,13.400000000000002,14
0.42500000000000004,0.4500000000000002,13.400000000000002,13.5,13
0.42500000000000004,0.4500000000000002,13.5,13.600000000000001,11
0.42500000000000004,0.4500000000000002,13.600000000000001,13.7,17
0.42500000000000004,0.4500000000000002,13.7,13.8,9
0.42500000000000004,0.4500000000000002,13.8,13.900000000000002,11
0.42500000000000004,0.4500000000000002,13.900000000000002,14.0,1
0.42500000000000004,0.4500000000000002,14.3,14.400000000000002,1
0.4500000000000002,0.4750000000000001,0.6000000000000005,0.7000000000000002,1
0.4500000000000002,0.4750000000000001,0.7000000000000002,0.8000000000000007,1
0.4500000000000002,0.4750000000000001,0.8000000000000007,0.9000000000000004,1
0.4500000000000002,0.4750000000000001,1.1000000000000005,1.2000000000000002,1
0.4500000000000002,0.4750000000000001,1.3000000000000007,1.4000000000000004,3
0.4500000000000002,0.4750000000000001,1.4000000000000004,1.5,1
0.4500000000000002,0.4750000000000001,1.5,1.6000000000000005,1
0.4500000000000002,0.4750000000000001,1.6000000000000005,1.7000000000000002,2
0.4500000000000002,0.4750000000000001,1.7000000000000002,1.8000000000000007,1
0.4500000000000002,0.4750000000000001,1.8000000000000007,1.9000000000000004,4
0.4500000000000002,0.4750000000000001,1.9000000000000004,2.0,4
0.4500000000000002,0.4750000000000001,2.0,2.1000000000000005,4
0.4500000000000002,0.4750000000000001,2.1000000000000005,2.2,3
0.4500000000000002,0.4750000000000001,2.2,2.3000000000000007,7
0.4500000000000002,0.4750000000000001,2.3000000000000007,2.4000000000000004,9
0.4500000000000002,0.4750000000000001,2.4000000000000004,2.5,5
0.4500000000000002,0.4750000000000001,2.5,2.6000000000000005,6
0.4500000000000002,0.4750000000000001,2.6000000000000005,2.7,7
0.4500000000000002,0.4750000000000001,2.7,2.8000000000000007,14
0.4500000000000002,0.4750000000000001,2.8000000000000007,2.9000000000000004,21
0.4500000000000002,0.4750000000000001,2.9000000000000004,3.0,22
0.4500000000000002,0.4750000000000001,3.0,3.0999999999999996,6
0.4500000000000002,0.4750000000000001,3.0999999999999996,3.200000000000001,2
0.4500000000000002,0.4750000000000001,10.600000000000001,10.700000000000001,1
0.4500000000000002,0.4750000000000001,11.900000000000002,12.0,1
0.4500000000000002,0.4750000000000001,12.100000000000001,12.2,1
0.4500000000000002,0.4750000000000001,12.2,12.3,1
0.4500000000000002,0.4750000000000001,12.3,12.400000000000002,2
0.4500000000000002,0.4750000000000001,12.400000000000002,12.5,1
0.4500000000000002,0.4750000000000001,12.600000000000001,12.7,1
0.4500000000000002,0.4750000000000001,12.7,12.8,1
0.4500000000000002,0.4750000000000001,12.8,12.900000000000002,2
0.4500000000000002,0.4750000000000001,12.900000000000002,13.0,1
0.4500000000000002,0.4750000000000001,13.0,13.100000000000001,14
0.4500000000000002,0.4750000000000001,13.100000000000001,13.2,18
0.4500000000000002,0.4750000000000001,13.2,13.3,31
0.4500000000000002,0.4750000000000001,13.3,13.400000000000002,18
0.4500000000000002,0.4750000000000001,13.400000000000002,13.5,10
0.4500000000000002,0.4750000000000001,13.5,13.600000000000001,13
0.4500000000000002,0.4750000000000001,13.600000000000001,13.7,10
0.4500000000000002,0.4750000000000001,13.7,13.8,7
0.4500000000000002,0.4750000000000001,13.8,13.900000000000002,12
0.4500000000000002,0.4750000000000001,13.900000000000002,14.0,5
0.4750000000000001,0.5,0.7000000000000002,0.8000000000000007,1
0.4750000000000001,0.5,1.2000000000000002,1.3000000000000007,2
0.4750000000000001,0.5,1.3000000000000007,1.4000000000000004,1
0.4750000000000001,0.5,1.5,1.6000000000000005,4
0.4750000000000001,0.5,1.6000000000000005,1.7000000000000002,1
0.4750000000000001,0.5,1.7000000000000002,1.8000000000000007,4
0.4750000000000001,0.5,1.8000000000000007,1.9000000000000004,5
0.4750000000000001,0.5,1.9000000000000004,2.0,3
0.4750000000000001,0.5,2.0,2.1000000000000005,8
0.4750000000000001,0.5,2.1000000000000005,2.2,6
0.4750000000000001,0.5,2.2,2.3000000000000007,5
0.4750000000000001,0.5,2.3000000000000007,2.4000000000000004,8
0.4750000000000001,0.5,2.4000000000000004,2.5,9
0.4750000000000001,0.5,2.5,2.6000000000000005,12
0.4750000000000001,0.5,2.6000000000000005,2.7,6
0.4750000000000001,0.5,2.7,2.8000000000000007,18
0.4750000000000001,0.5,2.8000000000000007,2.9000000000000004,17
0.4750000000000001,0.5,2.9000000000000004,3.0,37
0.4750000000000001,0.5,3.0,3.0999999999999996,26
0.4750000000000001,0.5,3.0999999999999996,3.200000000000001,3
0.4750000000000001,0.5,3.200000000000001,3.3000000000000007,1
0.4750000000000001,0.5,3.3000000000000007,3.4000000000000004,1
0.4750000000000001,0.5,3.700000000000001,3.8000000000000007,1
0.4750000000000001,0.5,3.8000000000000007,3.9000000000000004,1
0.4750000000000001,0.5,12.0,12.100000000000001,1
0.4750000000000001,0.5,12.2,12.3,2
0.4750000000000001,0.5,12.3,12.400000000000002,1
0.4750000000000001,0.5,12.400000000000002,12.5,3
0.4750000000000001,0.5,12.5,12.600000000000001,2
0.4750000000000001,0.5,12.600000000000001,12.7,1
0.4750000000000001,0.5,12.7,12.8,2
0.4750000000000001,0.5,12.8,12.900000000000002,2
0.4750000000000001,0.5,12.900000000000002,13.0,3
0.4750000000000001,0.5,13.0,13.100000000000001,4
0.4750000000000001,0.5,13.100000000000001,13.2,13
0.4750000000000001,0.5,13.2,13.3,23
0.4750000000000001,0.5,13.3,13.400000000000002,23
0.4750000000000001,0.5,13.400000000000002,13.5,11
0.4750000000000001,0.5,13.5,13.600000000000001,9
0.4750000000000001,0.5,13.600000000000001,13.7,11
0.4750000000000001,0.5,13.7,13.8,13
0.4750000000000001,0.5,13.8,13.900000000000002,15
0.4750000000000001,0.5,13.900000000000002,14.0,8
0.4750000000000001,0.5,14.0,14.100000000000001,3
0.4750000000000001,0.5,14.200000000000003,14.3,1
0.4750000000000001,0.5,14.400000000000002,14.5,1
0.5,0.5250000000000001,0.6000000000000005,0.7000000000000002,1
0.5,0.5250000000000001,1.3000000000000007,1.4000000000000004,1
0.5,0.5250000000000001,1.4000000000000004,1.5,2
0.5,0.5250000000000001,1.5,1.6000000000000005,3
0.5,0.5250000000000001,1.6000000000000005,1.7000000000000002,1
0.5,0.5250000000000001,1.7000000000000002,1.8000000000000007,1
0.5,0.5250000000000001,1.8000000000000007,1.9000000000000004,2
0.5,0.5250000000000001,1.9000000000000004,2.0,3
0.5,0.5250000000000001,2.0,2.1000000000000005,3
0.5,0.5250000000000001,2.1000000000000005,2.2,3
0.5,0.5250000000000001,2.2,2.3000000000000007,4
0.5,0.5250000000000001,2.3000000000000007,2.4000000000000004,7
0.5,0.5250000000000001,2.4000000000000004,2.5,12
0.5,0.5250000000000001,2.5,2.6000000000000005,13
0.5,0.5250000000000001,2.6000000000000005,2.7,15
0.5,0.5250000000000001,2.7,2.8000000000000007,21
0.5,0.5250000000000001,2.8000000000000007,2.9000000000000004,15
0.5,0.5250000000000001,2.9000000000000004,3.0,27
0.5,0.5250000000000001,3.0,3.0999999999999996,40
0.5,0.5250000000000001,3.0999999999999996,3.200000000000001,26
0.5,0.5250000000000001,3.200000000000001,3.3000000000000007,3
0.5,0.5250000000000001,3.3000000000000007,3.4000000000000004,2
0.5,0.5250000000000001,3.700000000000001,3.8000000000000007,1
0.5,0.5250000000000001,4.300000000000001,4.4,1
0.5,0.5250000000000001,5.5,5.600000000000001,1
0.5,0.5250000000000001,12.2,12.3,1
0.5,0.5250000000000001,12.400000000000002,12.5,1
0.5,0.5250000000000001,12.5,12.600000000000001,2
0.5,0.5250000000000001,12.600000000000001,12.7,3
0.5,0.5250000000000001,12.7,12.8,2
0.5,0.5250000000000001,12.8,12.900000000000002,4
0.5,0.5250000000000001,12.900000000000002,13.0,2
0.5,0.5250000000000001,13.0,13.100000000000001,2
0.5,0.5250000000000001,13.100000000000001,13.2,5
0.5,0.5250000000000001,13.2,13.3,11
0.5,0.5250000000000001,13.3,13.400000000000002,25
0.5,0.5250000000000001,13.400000000000002,13.5,15
0.5,0.5250000000000001,13.5,13.600000000000001,14
0.5,0.5250000000000001,13.600000000000001,13.7,6
0.5,0.5250000000000001,13.7,13.8,6
0.5,0.5250000000000001,13.8,13.900000000000002,11
0.5,0.5250000000000001,13.900000000000002,14.0,10
0.5,0.5250000000000001,14.0,14.100000000000001,4
0.5,0.5250000000000001,14.100000000000001,14.200000000000003,2
0.5,0.5250000000000001,14.200000000000003,14.3,1
0.5,0.5250000000000001,14.3,14.400000000000002,1
0.5250000000000001,0.55,1.1000000000000005,1.2000000000000002,1
0.5250000000000001,0.55,1.2000000000000002,1.3000000000000007,1
0.5250000000000001,0.55,1.3000000000000007,1.4000000000000004,1
0.5250000000000001,0.55,1.5,1.6000000000000005,1
0.5250000000000001,0.55,1.6000000000000005,1.7000000000000002,1
0.5250000000000001,0.55,1.7000000000000002,1.8000000000000007,1
0.5250000000000001,0.55,1.8000000000000007,1.9000000000000004,4
0.5250000000000001,0.55,1.9000000000000004,2.0,1
0.5250000000000001,0.55,2.0,2.1000000000000005,2
0.5250000000000001,0.55,2.1000000000000005,2.2,7
0.5250000000000001,0.55,2.2,2.3000000000000007,8
0.5250000000000001,0.55,2.3000000000000007,2.4000000000000004,11
0.5250000000000001,0.55,2.4000000000000004,2.5,6
0.5250000000000001,0.55,2.5,2.6000000000000005,8
0.5250000000000001,0.55,2.6000000000000005,2.7,14
0.5250000000000001,0.55,2.7,2.8000000000000007,17
0.5250000000000001,0.55,2.8000000000000007,2.9000000000000004,21
0.5250000000000001,0.55,2.9000000000000004,3.0,32
0.5250000000000001,0.55,3.0,3.0999999999999996,41
0.5250000000000001,0.55,3.0999999999999996,3.200000000000001,57
0.5250000000000001,0.55,3.200000000000001,3.3000000000000007,53
0.5250000000000001,0.55,3.3000000000000007,3.4000000000000004,19
0.5250000000000001,0.55,3.4000000000000004,3.5,2
0.5250000000000001,0.55,3.5,3.5999999999999996,1
0.5250000000000001,0.55,4.300000000000001,4.4,1
0.5250000000000001,0.55,7.700000000000001,7.800000000000001,1
0.5250000000000001,0.55,11.600000000000001,11.7,1
0.5250000000000001,0.55,12.400000000000002,12.5,1
0.5250000000000001,0.55,12.600000000000001,12.7,2
0.5250000000000001,0.55,12.7,12.8,1
0.5250000000000001,0.55,12.8,12.900000000000002,4
0.5250000000000001,0.55,12.900000000000002,13.0,1
0.5250000000000001,0.55,13.0,13.100000000000001,2
0.5250000000000001,0.55,13.100000000000001,13.2,3
0.5250000000000001,0.55,13.2,13.3,5
0.5250000000000001,0.55,13.3,13.400000000000002,13
0.5250000000000001,0.55,13.400000000000002,13.5,19
0.5250000000000001,0.55,13.5,13.600000000000001,11
0.5250000000000001,0.55,13.600000000000001,13.7,11
0.5250000000000001,0.55,13.7,13.8,15
0.5250000000000001,0.55,13.8,13.900000000000002,10
0.5250000000000001,0.55,13.900000000000002,14.0,9
0.5250000000000001,0.55,14.0,14.100000000000001,9
0.5250000000000001,0.55,14.100000000000001,14.200000000000003,2
0.5250000000000001,0.55,14.200000000000003,14.3,1
0.5250000000000001,0.55,14.400000000000002,14.5,1
0.5250000000000001,0.55,15.100000000000001,15.200000000000003,1
0.55,0.5750000000000002,1.1000000000000005,1.2000000000000002,1
0.55,0.5750000000000002,1.2000000000000002,1.3000000000000007,2
0.55,0.5750000000000002,1.3000000000000007,1.4000000000000004,1
0.55,0.5750000000000002,1.4000000000000004,1.5,3
0.55,0.5750000000000002,1.5,1.6000000000000005,1
0.55,0.5750000000000002,1.7000000000000002,1.8000000000000007,3
0.55,0.5750000000000002,1.8000000000000007,1.9000000000000004,1
0.55,0.5750000000000002,1.9000000000000004,2.0,3
0.55,0.5750000000000002,2.0,2.1000000000000005,2
0.55,0.5750000000000002,2.1000000000000005,2.2,6
0.55,0.5750000000000002,2.2,2.3000000000000007,8
0.55,0.5750000000000002,2.3000000000000007,2.4000000000000004,5
0.55,0.5750000000000002,2.4000000000000004,2.5,7
0.55,0.5750000000000002,2.5,2.6000000000000005,14
0.55,0.5750000000000002,2.6000000000000005,2.7,15
0.55,0.5750000000000002,2.7,2.8000000000000007,9
0.55,0.5750000000000002,2.8000000000000007,2.9000000000000004,24
0.55,0.5750000000000002,2.9000000000000004,3.0,36
0.55,0.5750000000000002,3.0,3.0999999999999996,39
0.55,0.5750000000000002,3.0999999999999996,3.200000000000001,52
0.55,0.5750000000000002,3.200000000000001,3.3000000000000007,61
0.55,0.5750000000000002,3.3000000000000007,3.4000000000000004,73
0.55,0.5750000000000002,3.4000000000000004,3.5,38
0.55,0.5750000000000002,3.5,3.5999999999999996,7
0.55,0.5750000000000002,11.7,11.8,1
0.55,0.5750000000000002,11.8,11.900000000000002,1
0.55,0.5750000000000002,12.3,12.400000000000002,1
0.55,0.5750000000000002,12.5,12.600000000000001,1
0.55,0.5750000000000002,12.600000000000001,12.7,1
0.55,0.5750000000000002,12.8,12.900000000000002,2
0.55,0.5750000000000002,12.900000000000002,13.0,1
0.55,0.5750000000000002,13.0,13.100000000000001,4
0.55,0.5750000000000002,13.100000000000001,13.2,1
0.55,0.5750000000000002,13.2,13.3,2
0.55,0.5750000000000002,13.3,13.400000000000002,6
0.55,0.5750000000000002,13.400000000000002,13.5,16
0.55,0.5750000000000002,13.5,13.600000000000001,17
0.55,0.5750000000000002,13.600000000000001,13.7,12
0.55,0.5750000000000002,13.7,13.8,8
0.55,0.5750000000000002,13.8,13.900000000000002,11
0.55,0.5750000000000002,13.900000000000002,14.0,10
0.55,0.5750000000000002,14.0,14.100000000000001,9
0.55,0.5750000000000002,14.100000000000001,14.200000000000003,5
0.5750000000000002,0.6000000000000001,1.2000000000000002,1.3000000000000007,1
0.5750000000000002,0.6000000000000001,1.4000000000000004,1.5,1
0.5750000000000002,0.6000000000000001,1.5,1.6000000000000005,2
0.5750000000000002,0.6000000000000001,1.6000000000000005,1.7000000000000002,2
0.5750000000000002,0.6000000000000001,1.7000000000000002,1.8000000000000007,1
0.5750000000000002,0.6000000000000001,1.8000000000000007,1.9000000000000004,4
0.5750000000000002,0.6000000000000001,1.9000000000000004,2.0,4
0.5750000000000002,0.6000000000000001,2.0,2.1000000000000005,5
0.5750000000000002,0.6000000000000001,2.1000000000000005,2.2,4
0.5750000000000002,0.6000000000000001,2.2,2.3000000000000007,5
0.5750000000000002,0.6000000000000001,2.3000000000000007,2.4000000000000004,9
0.5750000000000002,0.6000000000000001,2.4000000000000004,2.5,16
0.5750000000000002,0.6000000000000001,2.5,2.6000000000000005,10
0.5750000000000002,0.6000000000000001,2.6000000000000005,2.7,19
0.5750000000000002,0.6000000000000001,2.7,2.8000000000000007,13
0.5750000000000002,0.6000000000000001,2.8000000000000007,2.9000000000000004,33
0.5750000000000002,0.6000000000000001,2.9000000000000004,3.0,30
0.5750000000000002,0.6000000000000001,3.0,3.0999999999999996,30
0.5750000000000002,0.6000000000000001,3.0999999999999996,3.200000000000001,38
0.5750000000000002,0.6000000000000001,3.200000000000001,3.3000000000000007,46
0.5750000000000002,0.6000000000000001,3.3000000000000007,3.4000000000000004,72
0.5750000000000002,0.6000000000000001,3.4000000000000004,3.5,77
0.5750000000000002,0.6000000000000001,3.5,3.5999999999999996,65
0.5750000000000002,0.6000000000000001,3.5999999999999996,3.700000000000001,32
0.5750000000000002,0.6000000000000001,3.700000000000001,3.8000000000000007,3
0.5750000000000002,0.6000000000000001,3.8000000000000007,3.9000000000000004,3
0.5750000000000002,0.6000000000000001,10.600000000000001,10.700000000000001,1
0.5750000000000002,0.6000000000000001,12.3,12.400000000000002,1
0.5750000000000002,0.6000000000000001,12.400000000000002,12.5,2
0.5750000000000002,0.6000000000000001,12.7,12.8,1
0.5750000000000002,0.6000000000000001,12.8,12.900000000000002,2
0.5750000000000002,0.6000000000000001,12.900000000000002,13.0,2
0.5750000000000002,0.6000000000000001,13.0,13.100000000000001,2
0.5750000000000002,0.6000000000000001,13.100000000000001,13.2,2
0.5750000000000002,0.6000000000000001,13.2,13.3,1
0.5750000000000002,0.6000000000000001,13.3,13.400000000000002,6
0.5750000000000002,0.6000000000000001,13.400000000000002,13.5,10
0.5750000000000002,0.6000000000000001,13.5,13.600000000000001,21
0.5750000000000002,0.6000000000000001,13.600000000000001,13.7,20
0.5750000000000002,0.6000000000000001,13.7,13.8,12
0.5750000000000002,0.6000000000000001,13.8,13.900000000000002,9
0.5750000000000002,0.6000000000000001,13.900000000000002,14.0,11
0.5750000000000002,0.6000000000000001,14.0,14.100000000000001,13
0.5750000000000002,0.6000000000000001,14.100000000000001,14.200000000000003,4
0.5750000000000002,0.6000000000000001,14.200000000000003,14.3,3
0.6000000000000001,0.625,0.3000000000000007,0.40000000000000036,1
0.6000000000000001,0.625,1.0,1.1000000000000005,2
0.6000000000000001,0.625,1.2000000000000002,1.3000000000000007,1
0.6000000000000001,0.625,1.4000000000000004,1.5,3
0.6000000000000001,0.625,1.5,1.6000000000000005,3
0.6000000000000001,0.625,1.6000000000000005,1.7000000000000002,2
0.6000000000000001,0.625,1.8000000000000007,1.9000000000000004,4
0.6000000000000001,0.625,1.9000000000000004,2.0,2
0.6000000000000001,0.625,2.0,2.1000000000000005,7
0.6000000000000001,0.625,2.1000000000000005,2.2,6
0.6000000000000001,0.625,2.2,2.3000000000000007,3
0.6000000000000001,0.625,2.3000000000000007,2.4000000000000004,9
0.6000000000000001,0.625,2.4000000000000004,2.5,10
0.6000000000000001,0.625,2.5,2.6000000000000005,14
0.6000000000000001,0.625,2.6000000000000005,2.7,16
0.6000000000000001,0.625,2.7,2.8000000000000007,15
0.6000000000000001,0.625,2.8000000000000007,2.9000000000000004,14
0.6000000000000001,0.625,2.9000000000000004,3.0,31
0.6000000000000001,0.625,3.0,3.0999999999999996,31
0.6000000000000001,0.625,3.0999999999999996,3.200000000000001,25
0.6000000000000001,0.625,3.200000000000001,3.3000000000000007,41
0.6000000000000001,0.625,3.3000000000000007,3.4000000000000004,53
0.6000000000000001,0.625,3.4000000000000004,3.5,84
0.6000000000000001,0.625,3.5,3.5999999999999996,82
0.6000000000000001,0.625,3.5999999999999996,3.700000000000001,92
0.6000000000000001,0.625,3.700000000000001,3.8000000000000007,56
0.6000000000000001,0.625,3.8000000000000007,3.9000000000000004,15
0.6000000000000001,0.625,3.9000000000000004,4.0,1
0.6000000000000001,0.625,4.0,4.1,1
0.6000000000000001,0.625,4.300000000000001,4.4,1
0.6000000000000001,0.625,12.2,12.3,1
0.6000000000000001,0.625,12.8,12.900000000000002,1
0.6000000000000001,0.625,12.900000000000002,13.0,4
0.6000000000000001,0.625,13.0,13.100000000000001,1
0.6000000000000001,0.625,13.100000000000001,13.2,1
0.6000000000000001,0.625,13.3,13.400000000000002,2
0.6000000000000001,0.625,13.400000000000002,13.5,7
0.6000000000000001,0.625,13.5,13.600000000000001,11
0.6000000000000001,0.625,13.600000000000001,13.7,30
0.6000000000000001,0.625,13.7,13.8,13
0.6000000000000001,0.625,13.8,13.900000000000002,9
0.6000000000000001,0.625,13.900000000000002,14.0,13
0.6000000000000001,0.625,14.0,14.100000000000001,11
0.6000000000000001,0.625,14.100000000000001,14.200000000000003,9
0.6000000000000001,0.625,14.3,14.400000000000002,1
0.6000000000000001,0.625,14.400000000000002,14.5,2
0.6000000000000001,0.625,15.3,15.400000000000002,1
0.625,0.6500000000000001,1.4000000000000004,1.5,2
0.625,0.6500000000000001,1.5,1.6000000000000005,2
0.625,0.6500000000000001,1.6000000000000005,1.7000000000000002,2
0.625,0.6500000000000001,1.7000000000000002,1.8000000000000007,2
0.625,0.6500000000000001,1.8000000000000007,1.9000000000000004,2
0.625,0.6500000000000001,1.9000000000000004,2.0,5
0.625,0.6500000000000001,2.0,2.1000000000000005,10
0.625,0.6500000000000001,2.1000000000000005,2.2,4
0.625,0.6500000000000001,2.2,2.3000000000000007,8
0.625,0.6500000000000001,2.3000000000000007,2.4000000000000004,10
0.625,0.6500000000000001,2.4000000000000004,2.5,7
0.625,0.6500000000000001,2.5,2.6000000000000005,4
0.625,0.6500000000000001,2.6000000000000005,2.7,7
0.625,0.6500000000000001,2.7,2.8000000000000007,14
0.625,0.6500000000000001,2.8000000000000007,2.9000000000000004,12
0.625,0.6500000000000001,2.9000000000000004,3.0,26
0.625,0.6500000000000001,3.0,3.0999999999999996,33
0.625,0.6500000000000001,3.0999999999999996,3.200000000000001,32
0.625,0.6500000000000001,3.200000000000001,3.3000000000000007,38
0.625,0.6500000000000001,3.3000000000000007,3.4000000000000004,45
0.625,0.6500000000000001,3.4000000000000004,3.5,61
0.625,0.6500000000000001,3.5,3.5999999999999996,82
0.625,0.6500000000000001,3.5999999999999996,3.700000000000001,91
0.625,0.6500000000000001,3.700000000000001,3.8000000000000007,111
0.625,0.6500000000000001,3.8000000000000007,3.9000000000000004,81
0.625,0.6500000000000001,3.9000000000000004,4.0,38
0.625,0.6500000000000001,4.0,4.1,11
0.625,0.6500000000000001,4.200000000000001,4.300000000000001,2
0.625,0.6500000000000001,4.300000000000001,4.4,1
0.625,0.6500000000000001,11.2,11.3,1
0.625,0.6500000000000001,11.400000000000002,11.5,1
0.625,0.6500000000000001,11.5,11.600000000000001,1
0.625,0.6500000000000001,11.7,11.8,1
0.625,0.6500000000000001,12.8,12.900000000000002,3
0.625,0.6500000000000001,13.0,13.100000000000001,2
0.625,0.6500000000000001,13.100000000000001,13.2,1
0.625,0.6500000000000001,13.2,13.3,1
0.625,0.6500000000000001,13.400000000000002,13.5,2
0.625,0.6500000000000001,13.5,13.600000000000001,4
0.625,0.6500000000000001,13.600000000000001,13.7,12
0.625,0.6500000000000001,13.7,13.8,16
0.625,0.6500000000000001,13.8,13.900000000000002,9
0.625,0.6500000000000001,13.900000000000002,14.0,12
0.625,0.6500000000000001,14.0,14.100000000000001,9
0.625,0.6500000000000001,14.100000000000001,14.200000000000003,7
0.625,0.6500000000000001,14.200000000000003,14.3,3
0.625,0.6500000000000001,14.3,14.400000000000002,2
0.625,0.6500000000000001,14.400000000000002,14.5,1
0.6500000000000001,0.675,1.0,1.1000000000000005,1
0.6500000000000001,0.675,1.4000000000000004,1.5,1
0.6500000000000001,0.675,1.5,1.6000000000000005,1
0.6500000000000001,0.675,1.7000000000000002,1.8000000000000007,1
0.6500000000000001,0.675,1.8000000000000007,1.9000000000000004,1
0.6500000000000001,0.675,1.9000000000000004,2.0,1
0.6500000000000001,0.675,2.0,2.1000000000000005,1
0.6500000000000001,0.675,2.1000000000000005,2.2,4
0.6500000000000001,0.675,2.2,2.3000000000000007,3
0.6500000000000001,0.675,2.3000000000000007,2.4000000000000004,6
0.6500000000000001,0.675,2.4000000000000004,2.5,7
0.6500000000000001,0.675,2.5,2.6000000000000005,14
0.6500000000000001,0.675,2.6000000000000005,2.7,12
0.6500000000000001,0.675,2.7,2.8000000000000007,12
0.6500000000000001,0.675,2.8000000000000007,2.9000000000000004,16
0.6500000000000001,0.675,2.9000000000000004,3.0,25
0.6500000000000001,0.675,3.0,3.0999999999999996,27
0.6500000000000001,0.675,3.0999999999999996,3.200000000000001,20
0.6500000000000001,0.675,3.200000000000001,3.3000000000000007,37
0.6500000000000001,0.675,3.3000000000000007,3.4000000000000004,34
0.6500000000000001,0.675,3.4000000000000004,3.5,43
0.6500000000000001,0.675,3.5,3.5999999999999996,53
0.6500000000000001,0.675,3.5999999999999996,3.700000000000001,67
0.6500000000000001,0.675,3.700000000000001,3.8000000000000007,100
0.6500000000000001,0.675,3.8000000000000007,3.9000000000000004,125
0.6500000000000001,0.675,3.9000000000000004,4.0,126
0.6500000000000001,0.675,4.0,4.1,74
0.6500000000000001,0.675,4.1,4.200000000000001,20
0.6500000000000001,0.675,4.200000000000001,4.300000000000001,9
0.6500000000000001,0.675,4.300000000000001,4.4,3
0.6500000000000001,0.675,4.4,4.5,1
0.6500000000000001,0.675,4.9,5.0,1
0.6500000000000001,0.675,10.9,11.0,1
0.6500000000000001,0.675,11.8,11.900000000000002,1
0.6500000000000001,0.675,12.400000000000002,12.5,1
0.6500000000000001,0.675,12.600000000000001,12.7,4
0.6500000000000001,0.675,12.7,12.8,1
0.6500000000000001,0.675,12.8,12.900000000000002,2
0.6500000000000001,0.675,12.900000000000002,13.0,1
0.6500000000000001,0.675,13.0,13.100000000000001,1
0.6500000000000001,0.675,13.100000000000001,13.2,1
0.6500000000000001,0.675,13.2,13.3,3
0.6500000000000001,0.675,13.3,13.400000000000002,1
0.6500000000000001,0.675,13.5,13.600000000000001,2
0.6500000000000001,0.675,13.600000000000001,13.7,4
0.6500000000000001,0.675,13.7,13.8,11
0.6500000000000001,0.675,13.8,13.900000000000002,17
0.6500000000000001,0.675,13.900000000000002,14.0,6
0.6500000000000001,0.675,14.0,14.100000000000001,9
0.6500000000000001,0.675,14.100000000000001,14.200000000000003,10
0.6500000000000001,0.675,14.200000000000003,14.3,12
0.6500000000000001,0.675,14.3,14.400000000000002,4
0.6500000000000001,0.675,14.400000000000002,14.5,2
0.6500000000000001,0.675,14.5,14.600000000000001,1
0.6500000000000001,0.675,14.600000000000001,14.700000000000003,1
0.675,0.7000000000000002,0.9000000000000004,1.0,1
0.675,0.7000000000000002,1.5,1.6000000000000005,1
0.675,0.7000000000000002,1.8000000000000007,1.9000000000000004,1
0.675,0.7000000000000002,1.9000000000000004,2.0,1
0.675,0.7000000000000002,2.1000000000000005,2.2,3
0.675,0.7000000000000002,2.2,2.3000000000000007,5
0.675,0.7000000000000002,2.3000000000000007,2.4000000000000004,5
0.675,0.7000000000000002,2.4000000000000004,2.5,4
0.675,0.7000000000000002,2.5,2.6000000000000005,6
0.675,0.7000000000000002,2.6000000000000005,2.7,10
0.675,0.7000000000000002,2.7,2.8000000000000007,14
0.675,0.7000000000000002,2.8000000000000007,2.9000000000000004,18
0.675,0.7000000000000002,2.9000000000000004,3.0,15
0.675,0.7000000000000002,3.0,3.0999999999999996,20
0.675,0.7000000000000002,3.0999999999999996,3.200000000000001,24
0.675,0.7000000000000002,3.200000000000001,3.3000000000000007,15
0.675,0.7000000000000002,3.3000000000000007,3.4000000000000004,25
0.675,0.7000000000000002,3.4000000000000004,3.5,41
0.675,0.7000000000000002,3.5,3.5999999999999996,51
0.675,0.7000000000000002,3.5999999999999996,3.700000000000001,69
0.675,0.7000000000000002,3.700000000000001,3.8000000000000007,78
0.675,0.7000000000000002,3.8000000000000007,3.9000000000000004,78
0.675,0.7000000000000002,3.9000000000000004,4.0,139
0.675,0.7000000000000002,4.0,4.1,151
0.675,0.7000000000000002,4.1,4.200000000000001,129
0.675,0.7000000000000002,4.200000000000001,4.300000000000001,56
0.675,0.7000000000000002,4.300000000000001,4.4,15
0.675,0.7000000000000002,4.4,4.5,6
0.675,0.7000000000000002,4.5,4.600000000000001,2
0.675,0.7000000000000002,4.600000000000001,4.700000000000001,2
0.675,0.7000000000000002,4.700000000000001,4.800000000000001,1
0.675,0.7000000000000002,4.800000000000001,4.9,1
0.675,0.7000000000000002,4.9,5.0,1
0.675,0.7000000000000002,12.5,12.600000000000001,1
0.675,0.7000000000000002,12.7,12.8,1
0.675,0.7000000000000002,12.900000000000002,13.0,3
0.675,0.7000000000000002,13.2,13.3,3
0.675,0.7000000000000002,13.400000000000002,13.5,1
0.675,0.7000000000000002,13.5,13.600000000000001,1
0.675,0.7000000000000002,13.600000000000001,13.7,1
0.675,0.7000000000000002,13.7,13.8,7
0.675,0.7000000000000002,13.8,13.900000000000002,13
0.675,0.7000000000000002,13.900000000000002,14.0,18
0.675,0.7000000000000002,14.0,14.100000000000001,4
0.675,0.7000000000000002,14.100000000000001,14.200000000000003,12
0.675,0.7000000000000002,14.200000000000003,14.3,3
0.675,0.7000000000000002,14.3,14.400000000000002,1
0.675,0.7000000000000002,14.400000000000002,14.5,1
0.675,0.7000000000000002,14.5,14.600000000000001,1
0.7000000000000002,0.7250000000000001,1.3000000000000007,1.4000000000000004,1
0.7000000000000002,0.7250000000000001,1.6000000000000005,1.7000000000000002,2
0.7000000000000002,0.7250000000000001,1.7000000000000002,1.8000000000000007,1
0.7000000000000002,0.7250000000000001,1.8000000000000007,1.9000000000000004,1
0.7000000000000002,0.7250000000000001,1.9000000000000004,2.0,2
0.7000000000000002,0.7250000000000001,2.0,2.1000000000000005,1
0.7000000000000002,0.7250000000000001,2.1000000000000005,2.2,3
0.7000000000000002,0.7250000000000001,2.2,2.3000000000000007,2
0.7000000000000002,0.7250000000000001,2.3000000000000007,2.4000000000000004,5
0.7000000000000002,0.7250000000000001,2.4000000000000004,2.5,5
0.7000000000000002,0.7250000000000001,2.5,2.6000000000000005,5
0.7000000000000002,0.7250000000000001,2.6000000000000005,2.7,4
0.7000000000000002,0.7250000000000001,2.7,2.8000000000000007,10
0.7000000000000002,0.7250000000000001,2.8000000000000007,2.9000000000000004,13
0.7000000000000002,0.7250000000000001,2.9000000000000004,3.0,15
0.7000000000000002,0.7250000000000001,3.0,3.0999999999999996,16
0.7000000000000002,0.7250000000000001,3.0999999999999996,3.200000000000001,18
0.7000000000000002,0.7250000000000001,3.200000000000001,3.3000000000000007,17
0.7000000000000002,0.7250000000000001,3.3000000000000007,3.4000000000000004,28
0.7000000000000002,0.7250000000000001,3.4000000000000004,3.5,40
0.7000000000000002,0.7250000000000001,3.5,3.5999999999999996,36
0.7000000000000002,0.7250000000000001,3.5999999999999996,3.700000000000001,39
0.7000000000000002,0.7250000000000001,3.700000000000001,3.8000000000000007,49
0.7000000000000002,0.7250000000000001,3.8000000000000007,3.9000000000000004,58
0.7000000000000002,0.7250000000000001,3.9000000000000004,4.0,87
0.7000000000000002,0.7250000000000001,4.0,4.1,109
0.7000000000000002,0.7250000000000001,4.1,4.200000000000001,160
0.7000000000000002,0.7250000000000001,4.200000000000001,4.300000000000001,157
0.7000000000000002,0.7250000000000001,4.300000000000001,4.4,96
0.7000000000000002,0.7250000000000001,4.4,4.5,25
0.7000000000000002,0.7250000000000001,4.5,4.600000000000001,18
0.7000000000000002,0.7250000000000001,4.600000000000001,4.700000000000001,5
0.7000000000000002,0.7250000000000001,4.700000000000001,4.800000000000001,2
0.7000000000000002,0.7250000000000001,4.800000000000001,4.9,2
0.7000000000000002,0.7250000000000001,4.9,5.0,2
0.7000000000000002,0.7250000000000001,5.0,5.100000000000001,1
0.7000000000000002,0.7250000000000001,5.100000000000001,5.200000000000001,1
0.7000000000000002,0.7250000000000001,5.5,5.600000000000001,1
0.7000000000000002,0.7250000000000001,10.200000000000001,10.3,1
0.7000000000000002,0.7250000000000001,10.8,10.9,1
0.7000000000000002,0.7250000000000001,11.5,11.600000000000001,1
0.7000000000000002,0.7250000000000001,12.400000000000002,12.5,1
0.7000000000000002,0.7250000000000001,12.7,12.8,1
0.7000000000000002,0.7250000000000001,13.0,13.100000000000001,2
0.7000000000000002,0.7250000000000001,13.3,13.400000000000002,1
0.7000000000000002,0.7250000000000001,13.5,13.600000000000001,1
0.7000000000000002,0.7250000000000001,13.7,13.8,2
0.7000000000000002,0.7250000000000001,13.8,13.900000000000002,13
0.7000000000000002,0.7250000000000001,13.900000000000002,14.0,18
0.7000000000000002,0.7250000000000001,14.0,14.100000000000001,5
0.7000000000000002,0.7250000000000001,14.100000000000001,14.200000000000003,4
0.7000000000000002,0.7250000000000001,14.200000000000003,14.3,10
0.7000000000000002,0.7250000000000001,14.3,14.400000000000002,6
0.7000000000000002,0.7250000000000001,14.400000000000002,14.5,1
0.7000000000000002,0.7250000000000001,14.5,14.600000000000001,1
0.7250000000000001,0.75,1.1000000000000005,1.2000000000000002,1
0.7250000000000001,0.75,1.2000000000000002,1.3000000000000007,1
0.7250000000000001,0.75,1.3000000000000007,1.4000000000000004,1
0.7250000000000001,0.75,1.7000000000000002,1.8000000000000007,2
0.7250000000000001,0.75,1.8000000000000007,1.9000000000000004,1
0.7250000000000001,0.75,1.9000000000000004,2.0,1
0.7250000000000001,0.75,2.3000000000000007,2.4000000000000004,3
0.7250000000000001,0.75,2.4000000000000004,2.5,2
0.7250000000000001,0.75,2.5,2.6000000000000005,3
0.7250000000000001,0.75,2.6000000000000005,2.7,7
0.7250000000000001,0.75,2.7,2.8000000000000007,3
0.7250000000000001,0.75,2.8000000000000007,2.9000000000000004,10
0.7250000000000001,0.75,2.9000000000000004,3.0,14
0.7250000000000001,0.75,3.0,3.0999999999999996,18
0.7250000000000001,0.75,3.0999999999999996,3.200000000000001,17
0.7250000000000001,0.75,3.200000000000001,3.3000000000000007,15
0.7250000000000001,0.75,3.3000000000000007,3.4000000000000004,18
0.7250000000000001,0.75,3.4000000000000004,3.5,30
0.7250000000000001,0.75,3.5,3.5999999999999996,30
0.7250000000000001,0.75,3.5999999999999996,3.700000000000001,41
0.7250000000000001,0.75,3.700000000000001,3.8000000000000007,37
0.7250000000000001,0.75,3.8000000000000007,3.9000000000000004,45
0.7250000000000001,0.75,3.9000000000000004,4.0,60
0.7250000000000001,0.75,4.0,4.1,80
0.7250000000000001,0.75,4.1,4.200000000000001,102
0.7250000000000001,0.75,4.200000000000001,4.300000000000001,152
0.7250000000000001,0.75,4.300000000000001,4.4,175
0.7250000000000001,0.75,4.4,4.5,155
0.7250000000000001,0.75,4.5,4.600000000000001,61
0.7250000000000001,0.75,4.600000000000001,4.700000000000001,38
0.7250000000000001,0.75,4.700000000000001,4.800000000000001,8
0.7250000000000001,0.75,5.0,5.100000000000001,1
0.7250000000000001,0.75,5.200000000000001,5.300000000000001,1
0.7250000000000001,0.75,5.300000000000001,5.4,1
0.7250000000000001,0.75,6.300000000000001,6.4,1
0.7250000000000001,0.75,10.5,10.600000000000001,1
0.7250000000000001,0.75,12.400000000000002,12.5,1
0.7250000000000001,0.75,12.7,12.8,2
0.7250000000000001,0.75,12.900000000000002,13.0,2
0.7250000000000001,0.75,13.100000000000001,13.2,2
0.7250000000000001,0.75,13.2,13.3,1
0.7250000000000001,0.75,13.3,13.400000000000002,1
0.7250000000000001,0.75,13.400000000000002,13.5,1
0.7250000000000001,0.75,13.5,13.600000000000001,1
0.7250000000000001,0.75,13.600000000000001,13.7,2
0.7250000000000001,0.75,13.7,13.8,2
0.7250000000000001,0.75,13.8,13.900000000000002,3
0.7250000000000001,0.75,13.900000000000002,14.0,14
0.7250000000000001,0.75,14.0,14.100000000000001,11
0.7250000000000001,0.75,14.100000000000001,14.200000000000003,8
0.7250000000000001,0.75,14.200000000000003,14.3,8
0.7250000000000001,0.75,14.3,14.400000000000002,5
0.7250000000000001,0.75,14.400000000000002,14.5,2
0.7250000000000001,0.75,15.0,15.100000000000001,1
0.7250000000000001,0.75,15.600000000000001,15.700000000000003,1
0.75,0.7750000000000001,1.9000000000000004,2.0,1
0.75,0.7750000000000001,2.0,2.1000000000000005,1
0.75,0.7750000000000001,2.2,2.3000000000000007,1
0.75,0.7750000000000001,2.3000000000000007,2.4000000000000004,1
0.75,0.7750000000000001,2.4000000000000004,2.5,2
0.75,0.7750000000000001,2.5,2.6000000000000005,4
0.75,0.7750000000000001,2.6000000000000005,2.7,3
0.75,0.7750000000000001,2.7,2.8000000000000007,5
0.75,0.7750000000000001,2.8000000000000007,2.9000000000000004,5
0.75,0.7750000000000001,2.9000000000000004,3.0,8
0.75,0.7750000000000001,3.0,3.0999999999999996,8
0.75,0.7750000000000001,3.0999999999999996,3.200000000000001,14
0.75,0.7750000000000001,3.200000000000001,3.3000000000000007,20
0.75,0.7750000000000001,3.3000000000000007,3.4000000000000004,13
0.75,0.7750000000000001,3.4000000000000004,3.5,12
0.75,0.7750000000000001,3.5,3.5999999999999996,26
0.75,0.7750000000000001,3.5999999999999996,3.700000000000001,23
0.75,0.7750000000000001,3.700000000000001,3.8000000000000007,35
0.75,0.7750000000000001,3.8000000000000007,3.9000000000000004,44
0.75,0.7750000000000001,3.9000000000000004,4.0,63
0.75,0.7750000000000001,4.0,4.1,61
0.75,0.7750000000000001,4.1,4.200000000000001,82
0.75,0.7750000000000001,4.200000000000001,4.300000000000001,106
0.75,0.7750000000000001,4.300000000000001,4.4,145
0.75,0.7750000000000001,4.4,4.5,193
0.75,0.7750000000000001,4.5,4.600000000000001,198
0.75,0.7750000000000001,4.600000000000001,4.700000000000001,102
0.75,0.7750000000000001,4.700000000000001,4.800000000000001,36
0.75,0.7750000000000001,4.800000000000001,4.9,17
0.75,0.7750000000000001,4.9,5.0,6
0.75,0.7750000000000001,5.0,5.100000000000001,1
0.75,0.7750000000000001,10.700000000000001,10.8,1
0.75,0.7750000000000001,11.0,11.100000000000001,1
0.75,0.7750000000000001,12.600000000000001,12.7,1
0.75,0.7750000000000001,12.900000000000002,13.0,1
0.75,0.7750000000000001,13.0,13.100000000000001,1
0.75,0.7750000000000001,13.2,13.3,1
0.75,0.7750000000000001,13.3,13.400000000000002,1
0.75,0.7750000000000001,13.400000000000002,13.5,1
0.75,0.7750000000000001,13.5,13.600000000000001,4
0.75,0.7750000000000001,13.7,13.8,1
0.75,0.7750000000000001,13.8,13.900000000000002,1
0.75,0.7750000000000001,13.900000000000002,14.0,6
0.75,0.7750000000000001,14.0,14.100000000000001,16
0.75,0.7750000000000001,14.100000000000001,14.200000000000003,6
0.75,0.7750000000000001,14.200000000000003,14.3,6
0.75,0.7750000000000001,14.3,14.400000000000002,8
0.75,0.7750000000000001,14.400000000000002,14.5,3
0.75,0.7750000000000001,14.5,14.600000000000001,3
0.75,0.7750000000000001,14.600000000000001,14.700000000000003,3
0.7750000000000001,0.8,0.6000000000000005,0.7000000000000002,1
0.7750000000000001,0.8,1.8000000000000007,1.9000000000000004,1
0.7750000000000001,0.8,2.0,2.1000000000000005,1
0.7750000000000001,0.8,2.3000000000000007,2.4000000000000004,2
0.7750000000000001,0.8,2.4000000000000004,2.5,1
0.7750000000000001,0.8,2.6000000000000005,2.7,1
0.7750000000000001,0.8,2.7,2.8000000000000007,1
0.7750000000000001,0.8,2.8000000000000007,2.9000000000000004,3
0.7750000000000001,0.8,2.9000000000000004,3.0,5
0.7750000000000001,0.8,3.0,3.0999999999999996,6
0.7750000000000001,0.8,3.0999999999999996,3.200000000000001,11
0.7750000000000001,0.8,3.200000000000001,3.3000000000000007,14
0.7750000000000001,0.8,3.3000000000000007,3.4000000000000004,21
0.7750000000000001,0.8,3.4000000000000004,3.5,26
0.7750000000000001,0.8,3.5,3.5999999999999996,24
0.7750000000000001,0.8,3.5999999999999996,3.700000000000001,23
0.7750000000000001,0.8,3.700000000000001,3.8000000000000007,30
0.7750000000000001,0.8,3.8000000000000007,3.9000000000000004,48
0.7750000000000001,0.8,3.9000000000000004,4.0,39
0.7750000000000001,0.8,4.0,4.1,60
0.7750000000000001,0.8,4.1,4.200000000000001,70
0.7750000000000001,0.8,4.200000000000001,4.300000000000001,73
0.7750000000000001,0.8,4.300000000000001,4.4,97
0.7750000000000001,0.8,4.4,4.5,148
0.7750000000000001,0.8,4.5,4.600000000000001,191
0.7750000000000001,0.8,4.600000000000001,4.700000000000001,223
0.7750000000000001,0.8,4.700000000000001,4.800000000000001,151
0.7750000000000001,0.8,4.800000000000001,4.9,75
0.7750000000000001,0.8,4.9,5.0,36
0.7750000000000001,0.8,5.0,5.100000000000001,15
0.7750000000000001,0.8,5.100000000000001,5.200000000000001,2
0.7750000000000001,0.8,5.4,5.5,1
0.7750000000000001,0.8,5.600000000000001,5.700000000000001,1
0.7750000000000001,0.8,11.3,11.400000000000002,1
0.7750000000000001,0.8,12.0,12.100000000000001,1
0.7750000000000001,0.8,12.5,12.600000000000001,1
0.7750000000000001,0.8,12.600000000000001,12.7,1
0.7750000000000001,0.8,12.8,12.900000000000002,1
0.7750000000000001,0.8,13.100000000000001,13.2,1
0.7750000000000001,0.8,13.2,13.3,1
0.7750000000000001,0.8,13.3,13.400000000000002,3
0.7750000000000001,0.8,13.400000000000002,13.5,1
0.7750000000000001,0.8,13.600000000000001,13.7,2
0.7750000000000001,0.8,13.8,13.900000000000002,1
0.7750000000000001,0.8,13.900000000000002,14.0,2
0.7750000000000001,0.8,14.0,14.100000000000001,12
0.7750000000000001,0.8,14.100000000000001,14.200000000000003,11
0.7750000000000001,0.8,14.200000000000003,14.3,9
0.7750000000000001,0.8,14.3,14.400000000000002,6
0.7750000000000001,0.8,14.400000000000002,14.5,7
0.7750000000000001,0.8,14.5,14.600000000000001,3
0.7750000000000001,0.8,14.600000000000001,14.700000000000003,1
0.7750000000000001,0.8,15.0,15.100000000000001,1
0.8,0.8250000000000002,1.3000000000000007,1.4000000000000004,1
0.8,0.8250000000000002,1.7000000000000002,1.8000000000000007,1
0.8,0.8250000000000002,2.0,2.1000000000000005,1
0.8,0.8250000000000002,2.4000000000000004,2.5,2
0.8,0.8250000000000002,2.5,2.6000000000000005,2
0.8,0.8250000000000002,2.6000000000000005,2.7,1
0.8,0.8250000000000002,2.7,2.8000000000000007,3
0.8,0.8250000000000002,2.8000000000000007,2.9000000000000004,3
0.8,0.8250000000000002,2.9000000000000004,3.0,2
0.8,0.8250000000000002,3.0,3.0999999999999996,4
0.8,0.8250000000000002,3.0999999999999996,3.200000000000001,5
0.8,0.8250000000000002,3.200000000000001,3.3000000000000007,14
0.8,0.8250000000000002,3.3000000000000007,3.4000000000000004,7
0.8,0.8250000000000002,3.4000000000000004,3.5,10
0.8,0.8250000000000002,3.5,3.5999999999999996,15
0.8,0.8250000000000002,3.5999999999999996,3.700000000000001,24
0.8,0.8250000000000002,3.700000000000001,3.8000000000000007,41
0.8,0.8250000000000002,3.8000000000000007,3.9000000000000004,31
0.8,0.8250000000000002,3.9000000000000004,4.0,42
0.8,0.8250000000000002,4.0,4.1,49
0.8,0.8250000000000002,4.1,4.200000000000001,55
0.8,0.8250000000000002,4.200000000000001,4.300000000000001,56
0.8,0.8250000000000002,4.300000000000001,4.4,74
0.8,0.8250000000000002,4.4,4.5,88
0.8,0.8250000000000002,4.5,4.600000000000001,135
0.8,0.8250000000000002,4.600000000000001,4.700000000000001,159
0.8,0.8250000000000002,4.700000000000001,4.800000000000001,189
0.8,0.8250000000000002,4.800000000000001,4.9,170
0.8,0.8250000000000002,4.9,5.0,101
0.8,0.8250000000000002,5.0,5.100000000000001,63
0.8,0.8250000000000002,5.100000000000001,5.200000000000001,20
0.8,0.8250000000000002,5.200000000000001,5.300000000000001,5
0.8,0.8250000000000002,5.300000000000001,5.4,3
0.8,0.8250000000000002,5.600000000000001,5.700000000000001,1
0.8,0.8250000000000002,5.700000000000001,5.800000000000001,3
0.8,0.8250000000000002,10.200000000000001,10.3,1
0.8,0.8250000000000002,10.4,10.5,1
0.8,0.8250000000000002,13.0,13.100000000000001,3
0.8,0.8250000000000002,13.2,13.3,1
0.8,0.8250000000000002,13.3,13.400000000000002,2
0.8,0.8250000000000002,13.400000000000002,13.5,3
0.8,0.8250000000000002,13.5,13.600000000000001,2
0.8,0.8250000000000002,13.600000000000001,13.7,1
0.8,0.8250000000000002,13.7,13.8,1
0.8,0.8250000000000002,13.900000000000002,14.0,3
0.8,0.8250000000000002,14.0,14.100000000000001,7
0.8,0.8250000000000002,14.100000000000001,14.200000000000003,12
0.8,0.8250000000000002,14.200000000000003,14.3,8
0.8,0.8250000000000002,14.3,14.400000000000002,5
0.8,0.8250000000000002,14.400000000000002,14.5,13
0.8,0.8250000000000002,14.5,14.600000000000001,2
0.8,0.8250000000000002,14.700000000000003,14.8,1
0.8250000000000002,0.8500000000000001,1.1000000000000005,1.2000000000000002,1
0.8250000000000002,0.8500000000000001,2.4000000000000004,2.5,3
0.8250000000000002,0.8500000000000001,2.6000000000000005,2.7,2
0.8250000000000002,0.8500000000000001,2.7,2.8000000000000007,4
0.8250000000000002,0.8500000000000001,2.8000000000000007,2.9000000000000004,3
0.8250000000000002,0.8500000000000001,2.9000000000000004,3.0,5
0.8250000000000002,0.8500000000000001,3.0,3.0999999999999996,3
0.8250000000000002,0.8500000000000001,3.0999999999999996,3.200000000000001,3
0.8250000000000002,0.8500000000000001,3.200000000000001,3.3000000000000007,4
0.8250000000000002,0.8500000000000001,3.3000000000000007,3.4000000000000004,12
0.8250000000000002,0.8500000000000001,3.4000000000000004,3.5,8
0.8250000000000002,0.8500000000000001,3.5,3.5999999999999996,16
0.8250000000000002,0.8500000000000001,3.5999999999999996,3.700000000000001,16
0.8250000000000002,0.8500000000000001,3.700000000000001,3.8000000000000007,20
0.8250000000000002,0.8500000000000001,3.8000000000000007,3.9000000000000004,29
0.8250000000000002,0.8500000000000001,3.9000000000000004,4.0,28
0.8250000000000002,0.8500000000000001,4.0,4.1,27
0.8250000000000002,0.8500000000000001,4.1,4.200000000000001,42
0.8250000000000002,0.8500000000000001,4.200000000000001,4.300000000000001,37
0.8250000000000002,0.8500000000000001,4.300000000000001,4.4,45
0.8250000000000002,0.8500000000000001,4.4,4.5,74
0.8250000000000002,0.8500000000000001,4.5,4.600000000000001,78
0.8250000000000002,0.8500000000000001,4.600000000000001,4.700000000000001,126
0.8250000000000002,0.8500000000000001,4.700000000000001,4.800000000000001,152
0.8250000000000002,0.8500000000000001,4.800000000000001,4.9,180
0.8250000000000002,0.8500000000000001,4.9,5.0,214
0.8250000000000002,0.8500000000000001,5.0,5.100000000000001,128
0.8250000000000002,0.8500000000000001,5.100000000000001,5.200000000000001,77
0.8250000000000002,0.8500000000000001,5.200000000000001,5.300000000000001,23
0.8250000000000002,0.8500000000000001,5.300000000000001,5.4,6
0.8250000000000002,0.8500000000000001,5.4,5.5,2
0.8250000000000002,0.8500000000000001,5.5,5.600000000000001,2
0.8250000000000002,0.8500000000000001,5.600000000000001,5.700000000000001,1
0.8250000000000002,0.8500000000000001,5.700000000000001,5.800000000000001,2
0.8250000000000002,0.8500000000000001,5.800000000000001,5.9,1
0.8250000000000002,0.8500000000000001,5.9,6.0,1
0.8250000000000002,0.8500000000000001,9.0,9.100000000000001,1
0.8250000000000002,0.8500000000000001,11.400000000000002,11.5,1
0.8250000000000002,0.8500000000000001,13.3,13.400000000000002,1
0.8250000000000002,0.8500000000000001,13.5,13.600000000000001,1
0.8250000000000002,0.8500000000000001,13.600000000000001,13.7,3
0.8250000000000002,0.8500000000000001,13.7,13.8,5
0.8250000000000002,0.8500000000000001,13.8,13.900000000000002,1
0.8250000000000002,0.8500000000000001,14.100000000000001,14.200000000000003,6
0.8250000000000002,0.8500000000000001,14.200000000000003,14.3,12
0.8250000000000002,0.8500000000000001,14.3,14.400000000000002,9
0.8250000000000002,0.8500000000000001,14.400000000000002,14.5,9
0.8250000000000002,0.8500000000000001,14.5,14.600000000000001,3
0.8250000000000002,0.8500000000000001,14.600000000000001,14.700000000000003,1
0.8250000000000002,0.8500000000000001,14.700000000000003,14.8,1
0.8500000000000001,0.875,0.10000000000000053,0.20000000000000018,1
0.8500000000000001,0.875,1.5,1.6000000000000005,1
0.8500000000000001,0.875,1.7000000000000002,1.8000000000000007,1
0.8500000000000001,0.875,2.0,2.1000000000000005,1
0.8500000000000001,0.875,2.2,2.3000000000000007,1
0.8500000000000001,0.875,2.5,2.6000000000000005,1
0.8500000000000001,0.875,2.6000000000000005,2.7,1
0.8500000000000001,0.875,2.7,2.8000000000000007,1
0.8500000000000001,0.875,2.9000000000000004,3.0,2
0.8500000000000001,0.875,3.0,3.0999999999999996,6
0.8500000000000001,0.875,3.0999999999999996,3.200000000000001,5
0.8500000000000001,0.875,3.200000000000001,3.3000000000000007,3
0.8500000000000001,0.875,3.3000000000000007,3.4000000000000004,7
0.8500000000000001,0.875,3.4000000000000004,3.5,6
0.8500000000000001,0.875,3.5,3.5999999999999996,8
0.8500000000000001,0.875,3.5999999999999996,3.700000000000001,9
0.8500000000000001,0.875,3.700000000000001,3.8000000000000007,18
0.8500000000000001,0.875,3.8000000000000007,3.9000000000000004,15
0.8500000000000001,0.875,3.9000000000000004,4.0,17
0.8500000000000001,0.875,4.0,4.1,11
0.8500000000000001,0.875,4.1,4.200000000000001,18
0.8500000000000001,0.875,4.200000000000001,4.300000000000001,29
0.8500000000000001,0.875,4.300000000000001,4.4,24
0.8500000000000001,0.875,4.4,4.5,32
0.8500000000000001,0.875,4.5,4.600000000000001,56
0.8500000000000001,0.875,4.600000000000001,4.700000000000001,65
0.8500000000000001,0.875,4.700000000000001,4.800000000000001,89
0.8500000000000001,0.875,4.800000000000001,4.9,169
0.8500000000000001,0.875,4.9,5.0,228
0.8500000000000001,0.875,5.0,5.100000000000001,226
0.8500000000000001,0.875,5.100000000000001,5.200000000000001,160
0.8500000000000001,0.875,5.200000000000001,5.300000000000001,75
0.8500000000000001,0.875,5.300000000000001,5.4,30
0.8500000000000001,0.875,5.4,5.5,11
0.8500000000000001,0.875,5.5,5.600000000000001,3
0.8500000000000001,0.875,5.600000000000001,5.700000000000001,2
0.8500000000000001,0.875,5.700000000000001,5.800000000000001,1
0.8500000000000001,0.875,5.9,6.0,1
0.8500000000000001,0.875,6.0,6.100000000000001,1
0.8500000000000001,0.875,6.700000000000001,6.800000000000001,1
0.8500000000000001,0.875,10.0,10.100000000000001,1
0.8500000000000001,0.875,11.5,11.600000000000001,1
0.8500000000000001,0.875,13.100000000000001,13.2,1
0.8500000000000001,0.875,13.2,13.3,2
0.8500000000000001,0.875,13.3,13.400000000000002,1
0.8500000000000001,0.875,13.400000000000002,13.5,2
0.8500000000000001,0.875,13.5,13.600000000000001,1
0.8500000000000001,0.875,13.7,13.8,2
0.8500000000000001,0.875,13.8,13.900000000000002,3
0.8500000000000001,0.875,14.0,14.100000000000001,2
0.8500000000000001,0.875,14.100000000000001,14.200000000000003,5
0.8500000000000001,0.875,14.200000000000003,14.3,7
0.8500000000000001,0.875,14.3,14.400000000000002,6
0.8500000000000001,0.875,14.400000000000002,14.5,4
0.8500000000000001,0.875,14.5,14.600000000000001,4
0.8500000000000001,0.875,14.600000000000001,14.700000000000003,3
0.8500000000000001,0.875,14.700000000000003,14.8,2
0.8500000000000001,0.875,14.8,14.900000000000002,1
0.8500000000000001,0.875,15.0,15.100000000000001,1
0.875,0.9000000000000001,2.1000000000000005,2.2,1
0.875,0.9000000000000001,2.2,2.3000000000000007,2
0.875,0.9000000000000001,2.3000000000000007,2.4000000000000004,1
0.875,0.9000000000000001,2.4000000000000004,2.5,1
0.875,0.9000000000000001,2.5,2.6000000000000005,2
0.875,0.9000000000000001,2.6000000000000005,2.7,1
0.875,0.9000000000000001,2.7,2.8000000000000007,2
0.875,0.9000000000000001,2.8000000000000007,2.9000000000000004,4
0.875,0.9000000000000001,2.9000000000000004,3.0,4
0.875,0.9000000000000001,3.0,3.0999999999999996,2
0.875,0.9000000000000001,3.0999999999999996,3.200000000000001,1
0.875,0.9000000000000001,3.200000000000001,3.3000000000000007,1
0.875,0.9000000000000001,3.3000000000000007,3.4000000000000004,3
0.875,0.9000000000000001,3.4000000000000004,3.5,4
0.875,0.9000000000000001,3.5,3.5999999999999996,7
0.875,0.9000000000000001,3.5999999999999996,3.700000000000001,6
0.875,0.9000000000000001,3.700000000000001,3.8000000000000007,10
0.875,0.9000000000000001,3.8000000000000007,3.9000000000000004,11
0.875,0.9000000000000001,3.9000000000000004,4.0,11
0.875,0.9000000000000001,4.0,4.1,7
0.875,0.9000000000000001,4.1,4.200000000000001,9
0.875,0.9000000000000001,4.200000000000001,4.300000000000001,13
0.875,0.9000000000000001,4.300000000000001,4.4,12
0.875,0.9000000000000001,4.4,4.5,28
0.875,0.9000000000000001,4.5,4.600000000000001,29
0.875,0.9000000000000001,4.600000000000001,4.700000000000001,36
0.875,0.9000000000000001,4.700000000000001,4.800000000000001,57
0.875,0.9000000000000001,4.800000000000001,4.9,91
0.875,0.9000000000000001,4.9,5.0,118
0.875,0.9000000000000001,5.0,5.100000000000001,203
0.875,0.9000000000000001,5.100000000000001,5.200000000000001,232
0.875,0.9000000000000001,5.200000000000001,5.300000000000001,158
0.875,0.9000000000000001,5.300000000000001,5.4,94
0.875,0.9000000000000001,5.4,5.5,38
0.875,0.9000000000000001,5.5,5.600000000000001,12
0.875,0.9000000000000001,5.600000000000001,5.700000000000001,5
0.875,0.9000000000000001,5.9,6.0,1
0.875,0.9000000000000001,10.5,10.600000000000001,2
0.875,0.9000000000000001,10.700000000000001,10.8,1
0.875,0.9000000000000001,13.2,13.3,2
0.875,0.9000000000000001,13.400000000000002,13.5,1
0.875,0.9000000000000001,13.5,13.600000000000001,1
0.875,0.9000000000000001,13.600000000000001,13.7,3
0.875,0.9000000000000001,13.7,13.8,2
0.875,0.9000000000000001,13.8,13.900000000000002,2
0.875,0.9000000000000001,13.900000000000002,14.0,1
0.875,0.9000000000000001,14.0,14.100000000000001,1
0.875,0.9000000000000001,14.100000000000001,14.200000000000003,3
0.875,0.9000000000000001,14.200000000000003,14.3,6
0.875,0.9000000000000001,14.3,14.400000000000002,10
0.875,0.9000000000000001,14.400000000000002,14.5,9
0.875,0.9000000000000001,14.5,14.600000000000001,9
0.875,0.9000000000000001,14.600000000000001,14.700000000000003,3
0.875,0.9000000000000001,14.700000000000003,14.8,1
0.875,0.9000000000000001,14.8,14.900000000000002,3
0.875,0.9000000000000001,15.0,15.100000000000001,1
0.9000000000000001,0.925,2.6000000000000005,2.7,1
0.9000000000000001,0.925,2.7,2.8000000000000007,1
0.9000000000000001,0.925,3.200000000000001,3.3000000000000007,7
0.9000000000000001,0.925,3.3000000000000007,3.4000000000000004,5
0.9000000000000001,0.925,3.4000000000000004,3.5,6
0.9000000000000001,0.925,3.5,3.5999999999999996,3
0.9000000000000001,0.925,3.5999999999999996,3.700000000000001,8
0.9000000000000001,0.925,3.700000000000001,3.8000000000000007,12
0.9000000000000001,0.925,3.8000000000000007,3.9000000000000004,3
0.9000000000000001,0.925,3.9000000000000004,4.0,2
0.9000000000000001,0.925,4.0,4.1,1
0.9000000000000001,0.925,4.1,4.200000000000001,6
0.9000000000000001,0.925,4.200000000000001,4.300000000000001,5
0.9000000000000001,0.925,4.300000000000001,4.4,7
0.9000000000000001,0.925,4.4,4.5,12
0.9000000000000001,0.925,4.5,4.600000000000001,11
0.9000000000000001,0.925,4.600000000000001,4.700000000000001,28
0.9000000000000001,0.925,4.700000000000001,4.800000000000001,35
0.9000000000000001,0.925,4.800000000000001,4.9,59
0.9000000000000001,0.925,4.9,5.0,79
0.9000000000000001,0.925,5.0,5.100000000000001,129
0.9000000000000001,0.925,5.100000000000001,5.200000000000001,207
0.9000000000000001,0.925,5.200000000000001,5.300000000000001,254
0.9000000000000001,0.925,5.300000000000001,5.4,187
0.9000000000000001,0.925,5.4,5.5,86
0.9000000000000001,0.925,5.5,5.600000000000001,28
0.9000000000000001,0.925,5.600000000000001,5.700000000000001,7
0.9000000000000001,0.925,5.700000000000001,5.800000000000001,5
0.9000000000000001,0.925,5.800000000000001,5.9,1
0.9000000000000001,0.925,6.0,6.100000000000001,1
0.9000000000000001,0.925,6.200000000000001,6.300000000000001,3
0.9000000000000001,0.925,12.5,12.600000000000001,3
0.9000000000000001,0.925,12.600000000000001,12.7,1
0.9000000000000001,0.925,12.8,12.900000000000002,1
0.9000000000000001,0.925,14.100000000000001,14.200000000000003,2
0.9000000000000001,0.925,14.200000000000003,14.3,2
0.9000000000000001,0.925,14.3,14.400000000000002,12
0.9000000000000001,0.925,14.400000000000002,14.5,8
0.9000000000000001,0.925,14.5,14.600000000000001,6
0.9000000000000001,0.925,14.600000000000001,14.700000000000003,1
0.9000000000000001,0.925,14.700000000000003,14.8,1
0.9000000000000001,0.925,14.8,14.900000000000002,1
0.9000000000000001,0.925,15.0,15.100000000000001,1
0.9000000000000001,0.925,15.3,15.400000000000002,1
0.925,0.9500000000000002,1.9000000000000004,2.0,1
0.925,0.9500000000000002,2.3000000000000007,2.4000000000000004,1
0.925,0.9500000000000002,2.4000000000000004,2.5,1
0.925,0.9500000000000002,2.5,2.6000000000000005,1
0.925,0.9500000000000002,2.6000000000000005,2.7,1
0.925,0.9500000000000002,2.7,2.8000000000000007,3
0.925,0.9500000000000002,3.0,3.0999999999999996,4
0.925,0.9500000000000002,3.0999999999999996,3.200000000000001,3
0.925,0.9500000000000002,3.200000000000001,3.3000000000000007,4
0.925,0.9500000000000002,3.3000000000000007,3.4000000000000004,4
0.925,0.9500000000000002,3.5,3.5999999999999996,4
0.925,0.9500000000000002,3.5999999999999996,3.700000000000001,4
0.925,0.9500000000000002,3.700000000000001,3.8000000000000007,7
0.925,0.9500000000000002,4.200000000000001,4.300000000000001,1
0.925,0.9500000000000002,4.300000000000001,4.4,4
0.925,0.9500000000000002,4.4,4.5,1
0.925,0.9500000000000002,4.5,4.600000000000001,7
0.925,0.9500000000000002,4.600000000000001,4.700000000000001,5
0.925,0.9500000000000002,4.700000000000001,4.800000000000001,11
0.925,0.9500000000000002,4.800000000000001,4.9,16
0.925,0.9500000000000002,4.9,5.0,40
0.925,0.9500000000000002,5.0,5.100000000000001,77
0.925,0.9500000000000002,5.100000000000001,5.200000000000001,132
0.925,0.9500000000000002,5.200000000000001,5.300000000000001,189
0.925,0.9500000000000002,5.300000000000001,5.4,239
0.925,0.9500000000000002,5.4,5.5,192
0.925,0.9500000000000002,5.5,5.600000000000001,95
0.925,0.9500000000000002,5.600000000000001,5.700000000000001,57
0.925,0.9500000000000002,5.700000000000001,5.800000000000001,19
0.925,0.9500000000000002,5.800000000000001,5.9,2
0.925,0.9500000000000002,5.9,6.0,1
0.925,0.9500000000000002,6.100000000000001,6.200000000000001,1
0.925,0.9500000000000002,6.200000000000001,6.300000000000001,1
0.925,0.9500000000000002,6.300000000000001,6.4,1
0.925,0.9500000000000002,6.4,6.5,1
0.925,0.9500000000000002,7.700000000000001,7.800000000000001,1
0.925,0.9500000000000002,9.3,9.4,1
0.925,0.9500000000000002,9.5,9.600000000000001,1
0.925,0.9500000000000002,10.3,10.4,1
0.925,0.9500000000000002,11.100000000000001,11.2,1
0.925,0.9500000000000002,12.7,12.8,1
0.925,0.9500000000000002,13.2,13.3,1
0.925,0.9500000000000002,13.3,13.400000000000002,1
0.925,0.9500000000000002,13.400000000000002,13.5,1
0.925,0.9500000000000002,13.5,13.600000000000001,1
0.925,0.9500000000000002,13.7,13.8,1
0.925,0.9500000000000002,13.8,13.900000000000002,1
0.925,0.9500000000000002,14.200000000000003,14.3,3
0.925,0.9500000000000002,14.3,14.400000000000002,6
0.925,0.9500000000000002,14.400000000000002,14.5,14
0.925,0.9500000000000002,14.5,14.600000000000001,3
0.925,0.9500000000000002,14.600000000000001,14.700000000000003,5
0.925,0.9500000000000002,14.700000000000003,14.8,2
0.925,0.9500000000000002,14.8,14.900000000000002,1
0.925,0.9500000000000002,15.0,15.100000000000001,1
0.9500000000000002,0.9750000000000001,1.4000000000000004,1.5,1
0.9500000000000002,0.9750000000000001,1.6000000000000005,1.7000000000000002,1
0.9500000000000002,0.9750000000000001,2.7,2.8000000000000007,2
0.9500000000000002,0.9750000000000001,2.8000000000000007,2.9000000000000004,3
0.9500000000000002,0.9750000000000001,2.9000000000000004,3.0,1
0.9500000000000002,0.9750000000000001,3.0,3.0999999999999996,1
0.9500000000000002,0.9750000000000001,3.0999999999999996,3.200000000000001,3
0.9500000000000002,0.9750000000000001,3.200000000000001,3.3000000000000007,1
0.9500000000000002,0.9750000000000001,3.3000000000000007,3.4000000000000004,2
0.9500000000000002,0.9750000000000001,3.4000000000000004,3.5,3
0.9500000000000002,0.9750000000000001,3.5,3.5999999999999996,5
0.9500000000000002,0.9750000000000001,3.5999999999999996,3.700000000000001,4
0.9500000000000002,0.9750000000000001,3.700000000000001,3.8000000000000007,8
0.9500000000000002,0.9750000000000001,4.4,4.5,3
0.9500000000000002,0.9750000000000001,4.5,4.600000000000001,5
0.9500000000000002,0.9750000000000001,4.600000000000001,4.700000000000001,4
0.9500000000000002,0.9750000000000001,4.700000000000001,4.800000000000001,6
0.9500000000000002,0.9750000000000001,4.800000000000001,4.9,12
0.9500000000000002,0.9750000000000001,4.9,5.0,11
0.9500000000000002,0.9750000000000001,5.0,5.100000000000001,39
0.9500000000000002,0.9750000000000001,5.100000000000001,5.200000000000001,46
0.9500000000000002,0.9750000000000001,5.200000000000001,5.300000000000001,108
0.9500000000000002,0.9750000000000001,5.300000000000001,5.4,174
0.9500000000000002,0.9750000000000001,5.4,5.5,227
0.9500000000000002,0.9750000000000001,5.5,5.600000000000001,198
0.9500000000000002,0.9750000000000001,5.600000000000001,5.700000000000001,105
0.9500000000000002,0.9750000000000001,5.700000000000001,5.800000000000001,55
0.9500000000000002,0.9750000000000001,5.800000000000001,5.9,19
0.9500000000000002,0.9750000000000001,5.9,6.0,2
0.9500000000000002,0.9750000000000001,6.0,6.100000000000001,1
0.9500000000000002,0.9750000000000001,9.5,9.600000000000001,1
0.9500000000000002,0.9750000000000001,10.3,10.4,1
0.9500000000000002,0.9750000000000001,10.700000000000001,10.8,1
0.9500000000000002,0.9750000000000001,11.8,11.900000000000002,1
0.9500000000000002,0.9750000000000001,12.900000000000002,13.0,1
0.9500000000000002,0.9750000000000001,13.2,13.3,2
0.9500000000000002,0.9750000000000001,13.3,13.400000000000002,1
0.9500000000000002,0.9750000000000001,13.400000000000002,13.5,1
0.9500000000000002,0.9750000000000001,13.600000000000001,13.7,1
0.9500000000000002,0.9750000000000001,14.200000000000003,14.3,1
0.9500000000000002,0.9750000000000001,14.3,14.400000000000002,7
0.9500000000000002,0.9750000000000001,14.400000000000002,14.5,4
0.9500000000000002,0.9750000000000001,14.5,14.600000000000001,4
0.9500000000000002,0.9750000000000001,14.600000000000001,14.700000000000003,9
0.9500000000000002,0.9750000000000001,14.700000000000003,14.8,4
0.9500000000000002,0.9750000000000001,14.8,14.900000000000002,1
0.9750000000000001,1.0,1.7000000000000002,1.8000000000000007,1
0.9750000000000001,1.0,2.3000000000000007,2.4000000000000004,1
0.9750000000000001,1.0,2.4000000000000004,2.5,2
0.9750000000000001,1.0,2.5,2.6000000000000005,1
0.9750000000000001,1.0,2.6000000000000005,2.7,1
0.9750000000000001,1.0,2.7,2.8000000000000007,1
0.9750000000000001,1.0,2.8000000000000007,2.9000000000000004,1
0.9750000000000001,1.0,2.9000000000000004,3.0,1
0.9750000000000001,1.0,3.0,3.0999999999999996,5
0.9750000000000001,1.0,3.0999999999999996,3.200000000000001,2
0.9750000000000001,1.0,3.200000000000001,3.3000000000000007,3
0.9750000000000001,1.0,3.4000000000000004,3.5,7
0.9750000000000001,1.0,3.5,3.5999999999999996,5
0.9750000000000001,1.0,3.5999999999999996,3.700000000000001,2
0.9750000000000001,1.0,3.700000000000001,3.8000000000000007,2
0.9750000000000001,1.0,4.0,4.1,1
0.9750000000000001,1.0,4.300000000000001,4.4,1
0.9750000000000001,1.0,4.4,4.5,2
0.9750000000000001,1.0,4.5,4.600000000000001,4
0.9750000000000001,1.0,4.600000000000001,4.700000000000001,4
0.9750000000000001,1.0,4.700000000000001,4.800000000000001,4
0.9750000000000001,1.0,4.800000000000001,4.9,3
0.9750000000000001,1.0,4.9,5.0,7
0.9750000000000001,1.0,5.0,5.100000000000001,18
0.9750000000000001,1.0,5.100000000000001,5.200000000000001,14
0.9750000000000001,1.0,5.200000000000001,5.300000000000001,60
0.9750000000000001,1.0,5.300000000000001,5.4,95
0.9750000000000001,1.0,5.4,5.5,170
0.9750000000000001,1.0,5.5,5.600000000000001,215
0.9750000000000001,1.0,5.600000000000001,5.700000000000001,167
0.9750000000000001,1.0,5.700000000000001,5.800000000000001,89
0.9750000000000001,1.0,5.800000000000001,5.9,43
0.9750000000000001,1.0,5.9,6.0,17
0.9750000000000001,1.0,6.0,6.100000000000001,10
0.9750000000000001,1.0,6.100000000000001,6.200000000000001,4
0.9750000000000001,1.0,6.200000000000001,6.300000000000001,1
0.9750000000000001,1.0,6.300000000000001,6.4,1
0.9750000000000001,1.0,6.5,6.600000000000001,1
0.9750000000000001,1.0,11.2,11.3,1
0.9750000000000001,1.0,11.400000000000002,11.5,1
0.9750000000000001,1.0,12.600000000000001,12.7,1
0.9750000000000001,1.0,12.900000000000002,13.0,1
0.9750000000000001,1.0,13.2,13.3,1
0.9750000000000001,1.0,13.3,13.400000000000002,1
0.9750000000000001,1.0,13.5,13.600000000000001,1
0.9750000000000001,1.0,13.7,13.8,1
0.9750000000000001,1.0,13.8,13.900000000000002,1
0.9750000000000001,1.0,13.900000000000002,14.0,1
0.9750000000000001,1.0,14.200000000000003,14.3,1
0.9750000000000001,1.0,14.3,14.400000000000002,1
0.9750000000000001,1.0,14.400000000000002,14.5,7
0.9750000000000001,1.0,14.5,14.600000000000001,4
0.9750000000000001,1.0,14.600000000000001,14.700000000000003,2
0.9750000000000001,1.0,14.900000000000002,15.0,1
0.9750000000000001,1.0,15.0,15.100000000000001,1
1.0,1.025,-0.1999999999999993,-0.09999999999999964,1
1.0,1.025,2.1000000000000005,2.2,2
1.0,1.025,2.3000000000000007,2.4000000000000004,1
1.0,1.025,2.4000000000000004,2.5,1
1.0,1.025,2.6000000000000005,2.7,1
1.0,1.025,2.7,2.8000000000000007,4
1.0,1.025,2.8000000000000007,2.9000000000000004,7
1.0,1.025,2.9000000000000004,3.0,4
1.0,1.025,3.0,3.0999999999999996,1
1.0,1.025,3.0999999999999996,3.200000000000001,5
1.0,1.025,3.200000000000001,3.3000000000000007,5
1.0,1.025,3.4000000000000004,3.5,3
1.0,1.025,3.5,3.5999999999999996,2
1.0,1.025,3.5999999999999996,3.700000000000001,6
1.0,1.025,3.700000000000001,3.8000000000000007,4
1.0,1.025,3.8000000000000007,3.9000000000000004,2
1.0,1.025,4.1,4.200000000000001,1
1.0,1.025,4.300000000000001,4.4,1
1.0,1.025,4.5,4.600000000000001,1
1.0,1.025,4.700000000000001,4.800000000000001,1
1.0,1.025,4.800000000000001,4.9,3
1.0,1.025,4.9,5.0,4
1.0,1.025,5.0,5.100000000000001,3
1.0,1.025,5.100000000000001,5.200000000000001,2
1.0,1.025,5.200000000000001,5.300000000000001,21
1.0,1.025,5.300000000000001,5.4,51
1.0,1.025,5.4,5.5,87
1.0,1.025,5.5,5.600000000000001,189
1.0,1.025,5.600000000000001,5.700000000000001,227
1.0,1.025,5.700000000000001,5.800000000000001,215
1.0,1.025,5.800000000000001,5.9,96
1.0,1.025,5.9,6.0,48
1.0,1.025,6.0,6.100000000000001,17
1.0,1.025,6.100000000000001,6.200000000000001,5
1.0,1.025,6.200000000000001,6.300000000000001,1
1.0,1.025,6.300000000000001,6.4,1
1.0,1.025,6.4,6.5,1
1.0,1.025,6.600000000000001,6.700000000000001,1
1.0,1.025,9.9,10.0,1
1.0,1.025,10.600000000000001,10.700000000000001,2
1.0,1.025,11.2,11.3,1
1.0,1.025,11.3,11.400000000000002,1
1.0,1.025,11.8,11.900000000000002,1
1.0,1.025,12.900000000000002,13.0,1
1.0,1.025,13.600000000000001,13.7,1
1.0,1.025,13.8,13.900000000000002,1
1.0,1.025,13.900000000000002,14.0,4
1.0,1.025,14.200000000000003,14.3,1
1.0,1.025,14.5,14.600000000000001,7
1.0,1.025,14.600000000000001,14.700000000000003,8
1.0,1.025,14.700000000000003,14.8,6
1.0,1.025,14.8,14.900000000000002,1
1.0,1.025,14.900000000000002,15.0,1
1.0,1.025,15.0,15.100000000000001,1
1.0,1.025,15.100000000000001,15.200000000000003,1
1.025,1.0500000000000003,1.6000000000000005,1.7000000000000002,2
1.025,1.0500000000000003,1.8000000000000007,1.9000000000000004,1
1.025,1.0500000000000003,1.9000000000000004,2.0,1
1.025,1.0500000000000003,2.0,2.1000000000000005,1
1.025,1.0500000000000003,2.1000000000000005,2.2,2
1.025,1.0500000000000003,2.2,2.3000000000000007,3
1.025,1.0500000000000003,2.3000000000000007,2.4000000000000004,1
1.025,1.0500000000000003,2.4000000000000004,2.5,2
1.025,1.0500000000000003,2.5,2.6000000000000005,2
1.025,1.0500000000000003,2.6000000000000005,2.7,4
1.025,1.0500000000000003,2.7,2.8000000000000007,1
1.025,1.0500000000000003,2.8000000000000007,2.9000000000000004,1
1.025,1.0500000000000003,2.9000000000000004,3.0,1
1.025,1.0500000000000003,3.0,3.0999999999999996,7
1.025,1.0500000000000003,3.0999999999999996,3.200000000000001,2
1.025,1.0500000000000003,3.200000000000001,3.3000000000000007,4
1.025,1.0500000000000003,3.3000000000000007,3.4000000000000004,4
1.025,1.0500000000000003,3.4000000000000004,3.5,5
1.025,1.0500000000000003,3.5,3.5999999999999996,2
1.025,1.0500000000000003,3.5999999999999996,3.700000000000001,3
1.025,1.0500000000000003,3.700000000000001,3.8000000000000007,7
1.025,1.0500000000000003,3.8000000000000007,3.9000000000000004,1
1.025,1.0500000000000003,4.4,4.5,1
1.025,1.0500000000000003,4.5,4.600000000000001,1
1.025,1.0500000000000003,4.600000000000001,4.700000000000001,1
1.025,1.0500000000000003,4.700000000000001,4.800000000000001,4
1.025,1.0500000000000003,4.800000000000001,4.9,6
1.025,1.0500000000000003,4.9,5.0,4
1.025,1.0500000000000003,5.0,5.100000000000001,3
1.025,1.0500000000000003,5.100000000000001,5.200000000000001,5
1.025,1.0500000000000003,5.200000000000001,5.300000000000001,5
1.025,1.0500000000000003,5.300000000000001,5.4,15
1.025,1.0500000000000003,5.4,5.5,51
1.025,1.0500000000000003,5.5,5.600000000000001,105
1.025,1.0500000000000003,5.600000000000001,5.700000000000001,174
1.025,1.0500000000000003,5.700000000000001,5.800000000000001,251
1.025,1.0500000000000003,5.800000000000001,5.9,197
1.025,1.0500000000000003,5.9,6.0,100
1.025,1.0500000000000003,6.0,6.100000000000001,35
1.025,1.0500000000000003,6.100000000000001,6.200000000000001,17
1.025,1.0500000000000003,6.200000000000001,6.300000000000001,2
1.025,1.0500000000000003,6.4,6.5,1
1.025,1.0500000000000003,6.5,6.600000000000001,3
1.025,1.0500000000000003,6.700000000000001,6.800000000000001,1
1.025,1.0500000000000003,9.9,10.0,1
1.025,1.0500000000000003,11.2,11.3,1
1.025,1.0500000000000003,11.7,11.8,1
1.025,1.0500000000000003,12.0,12.100000000000001,1
1.025,1.0500000000000003,13.5,13.600000000000001,1
1.025,1.0500000000000003,13.600000000000001,13.7,1
1.025,1.0500000000000003,13.7,13.8,1
1.025,1.0500000000000003,13.8,13.900000000000002,2
1.025,1.0500000000000003,13.900000000000002,14.0,1
1.025,1.0500000000000003,14.100000000000001,14.200000000000003,1
1.025,1.0500000000000003,14.400000000000002,14.5,3
1.025,1.0500000000000003,14.5,14.600000000000001,2
1.025,1.0500000000000003,14.600000000000001,14.700000000000003,9
1.025,1.0500000000000003,14.700000000000003,14.8,9
1.025,1.0500000000000003,14.8,14.900000000000002,1
1.025,1.0500000000000003,14.900000000000002,15.0,1
1.025,1.0500000000000003,15.100000000000001,15.200000000000003,1
1.025,1.0500000000000003,15.3,15.400000000000002,1
1.0500000000000003,1.0750000000000002,0.10000000000000053,0.20000000000000018,1
1.0500000000000003,1.0750000000000002,0.20000000000000018,0.3000000000000007,3
1.0500000000000003,1.0750000000000002,0.3000000000000007,0.40000000000000036,1
1.0500000000000003,1.0750000000000002,0.40000000000000036,0.5,2
1.0500000000000003,1.0750000000000002,0.5,0.6000000000000005,3
1.0500000000000003,1.0750000000000002,0.6000000000000005,0.7000000000000002,1
1.0500000000000003,1.0750000000000002,0.7000000000000002,0.8000000000000007,1
1.0500000000000003,1.0750000000000002,0.8000000000000007,0.9000000000000004,1
1.0500000000000003,1.0750000000000002,0.9000000000000004,1.0,1
1.0500000000000003,1.0750000000000002,1.0,1.1000000000000005,1
1.0500000000000003,1.0750000000000002,1.1000000000000005,1.2000000000000002,1
1.0500000000000003,1.0750000000000002,1.4000000000000004,1.5,1
1.0500000000000003,1.0750000000000002,1.5,1.6000000000000005,1
1.0500000000000003,1.0750000000000002,1.6000000000000005,1.7000000000000002,2
1.0500000000000003,1.0750000000000002,1.7000000000000002,1.8000000000000007,1
1.0500000000000003,1.0750000000000002,1.8000000000000007,1.9000000000000004,1
1.0500000000000003,1.0750000000000002,1.9000000000000004,2.0,1
1.0500000000000003,1.0750000000000002,2.0,2.1000000000000005,2
1.0500000000000003,1.0750000000000002,2.1000000000000005,2.2,1
1.0500000000000003,1.0750000000000002,2.2,2.3000000000000007,2
1.0500000000000003,1.0750000000000002,2.3000000000000007,2.4000000000000004,4
1.0500000000000003,1.0750000000000002,2.4000000000000004,2.5,2
1.0500000000000003,1.0750000000000002,2.5,2.6000000000000005,5
1.0500000000000003,1.0750000000000002,2.6000000000000005,2.7,2
1.0500000000000003,1.0750000000000002,2.7,2.8000000000000007,3
1.0500000000000003,1.0750000000000002,2.8000000000000007,2.9000000000000004,3
1.0500000000000003,1.0750000000000002,2.9000000000000004,3.0,4
1.0500000000000003,1.0750000000000002,3.0,3.0999999999999996,5
1.0500000000000003,1.0750000000000002,3.0999999999999996,3.200000000000001,2
1.0500000000000003,1.0750000000000002,3.200000000000001,3.3000000000000007,1
1.0500000000000003,1.0750000000000002,3.3000000000000007,3.4000000000000004,2
1.0500000000000003,1.0750000000000002,3.4000000000000004,3.5,5
1.0500000000000003,1.0750000000000002,3.5,3.5999999999999996,3
1.0500000000000003,1.0750000000000002,3.5999999999999996,3.700000000000001,2
1.0500000000000003,1.0750000000000002,3.700000000000001,3.8000000000000007,2
1.0500000000000003,1.0750000000000002,4.600000000000001,4.700000000000001,2
1.0500000000000003,1.0750000000000002,4.800000000000001,4.9,2
1.0500000000000003,1.0750000000000002,4.9,5.0,4
1.0500000000000003,1.0750000000000002,5.0,5.100000000000001,1
1.0500000000000003,1.0750000000000002,5.100000000000001,5.200000000000001,5
1.0500000000000003,1.0750000000000002,5.200000000000001,5.300000000000001,2
1.0500000000000003,1.0750000000000002,5.300000000000001,5.4,9
1.0500000000000003,1.0750000000000002,5.4,5.5,8
1.0500000000000003,1.0750000000000002,5.5,5.600000000000001,55
1.0500000000000003,1.0750000000000002,5.600000000000001,5.700000000000001,99
1.0500000000000003,1.0750000000000002,5.700000000000001,5.800000000000001,189
1.0500000000000003,1.0750000000000002,5.800000000000001,5.9,233
1.0500000000000003,1.0750000000000002,5.9,6.0,192
1.0500000000000003,1.0750000000000002,6.0,6.100000000000001,88
1.0500000000000003,1.0750000000000002,6.100000000000001,6.200000000000001,30
1.0500000000000003,1.0750000000000002,6.200000000000001,6.300000000000001,11
1.0500000000000003,1.0750000000000002,6.300000000000001,6.4,4
1.0500000000000003,1.0750000000000002,6.4,6.5,1
1.0500000000000003,1.0750000000000002,6.600000000000001,6.700000000000001,1
1.0500000000000003,1.0750000000000002,7.600000000000001,7.700000000000001,1
1.0500000000000003,1.0750000000000002,7.700000000000001,7.800000000000001,1
1.0500000000000003,1.0750000000000002,8.9,9.0,1
1.0500000000000003,1.0750000000000002,10.3,10.4,1
1.0500000000000003,1.0750000000000002,12.5,12.600000000000001,1
1.0500000000000003,1.0750000000000002,12.600000000000001,12.7,1
1.0500000000000003,1.0750000000000002,13.100000000000001,13.2,1
1.0500000000000003,1.0750000000000002,13.8,13.900000000000002,1
1.0500000000000003,1.0750000000000002,14.0,14.100000000000001,1
1.0500000000000003,1.0750000000000002,14.100000000000001,14.200000000000003,1
1.0500000000000003,1.0750000000000002,14.400000000000002,14.5,1
1.0500000000000003,1.0750000000000002,14.5,14.600000000000001,5
1.0500000000000003,1.0750000000000002,14.600000000000001,14.700000000000003,8
1.0500000000000003,1.0750000000000002,14.700000000000003,14.8,8
1.0500000000000003,1.0750000000000002,14.8,14.900000000000002,6
1.0500000000000003,1.0750000000000002,14.900000000000002,15.0,2
1.0500000000000003,1.0750000000000002,15.100000000000001,15.200000000000003,2
1.0500000000000003,1.0750000000000002,15.5,15.600000000000001,1
1.0750000000000002,1.1,-0.39999999999999947,-0.2999999999999998,1
1.0750000000000002,1.1,-0.1999999999999993,-0.09999999999999964,1
1.0750000000000002,1.1,0.10000000000000053,0.20000000000000018,1
1.0750000000000002,1.1,0.3000000000000007,0.40000000000000036,4
1.0750000000000002,1.1,0.40000000000000036,0.5,5
1.0750000000000002,1.1,0.5,0.6000000000000005,2
1.0750000000000002,1.1,0.6000000000000005,0.7000000000000002,3
1.0750000000000002,1.1,0.7000000000000002,0.8000000000000007,2
1.0750000000000002,1.1,0.8000000000000007,0.9000000000000004,1
1.0750000000000002,1.1,1.3000000000000007,1.4000000000000004,3
1.0750000000000002,1.1,1.4000000000000004,1.5,2
1.0750000000000002,1.1,1.6000000000000005,1.7000000000000002,1
1.0750000000000002,1.1,1.7000000000000002,1.8000000000000007,2
1.0750000000000002,1.1,1.8000000000000007,1.9000000000000004,1
1.0750000000000002,1.1,1.9000000000000004,2.0,1
1.0750000000000002,1.1,2.1000000000000005,2.2,2
1.0750000000000002,1.1,2.2,2.3000000000000007,4
1.0750000000000002,1.1,2.3000000000000007,2.4000000000000004,1
1.0750000000000002,1.1,2.4000000000000004,2.5,4
1.0750000000000002,1.1,2.5,2.6000000000000005,3
1.0750000000000002,1.1,2.6000000000000005,2.7,2
1.0750000000000002,1.1,2.7,2.8000000000000007,9
1.0750000000000002,1.1,2.8000000000000007,2.9000000000000004,4
1.0750000000000002,1.1,2.9000000000000004,3.0,1
1.0750000000000002,1.1,3.0,3.0999999999999996,3
1.0750000000000002,1.1,3.0999999999999996,3.200000000000001,3
1.0750000000000002,1.1,3.200000000000001,3.3000000000000007,5
1.0750000000000002,1.1,3.3000000000000007,3.4000000000000004,6
1.0750000000000002,1.1,3.5,3.5999999999999996,1
1.0750000000000002,1.1,3.5999999999999996,3.700000000000001,3
1.0750000000000002,1.1,3.700000000000001,3.8000000000000007,2
1.0750000000000002,1.1,3.8000000000000007,3.9000000000000004,1
1.0750000000000002,1.1,4.600000000000001,4.700000000000001,1
1.0750000000000002,1.1,4.700000000000001,4.800000000000001,1
1.0750000000000002,1.1,4.800000000000001,4.9,1
1.0750000000000002,1.1,4.9,5.0,1
1.0750000000000002,1.1,5.0,5.100000000000001,3
1.0750000000000002,1.1,5.100000000000001,5.200000000000001,4
1.0750000000000002,1.1,5.200000000000001,5.300000000000001,4
1.0750000000000002,1.1,5.300000000000001,5.4,5
1.0750000000000002,1.1,5.4,5.5,4
1.0750000000000002,1.1,5.5,5.600000000000001,17
1.0750000000000002,1.1,5.600000000000001,5.700000000000001,54
1.0750000000000002,1.1,5.700000000000001,5.800000000000001,103
1.0750000000000002,1.1,5.800000000000001,5.9,172
1.0750000000000002,1.1,5.9,6.0,239
1.0750000000000002,1.1,6.0,6.100000000000001,156
1.0750000000000002,1.1,6.100000000000001,6.200000000000001,64
1.0750000000000002,1.1,6.200000000000001,6.300000000000001,37
1.0750000000000002,1.1,6.300000000000001,6.4,12
1.0750000000000002,1.1,6.4,6.5,2
1.0750000000000002,1.1,6.5,6.600000000000001,1
1.0750000000000002,1.1,6.600000000000001,6.700000000000001,1
1.0750000000000002,1.1,6.700000000000001,6.800000000000001,2
1.0750000000000002,1.1,11.400000000000002,11.5,1
1.0750000000000002,1.1,11.900000000000002,12.0,1
1.0750000000000002,1.1,12.3,12.400000000000002,2
1.0750000000000002,1.1,12.7,12.8,1
1.0750000000000002,1.1,13.3,13.400000000000002,1
1.0750000000000002,1.1,13.5,13.600000000000001,1
1.0750000000000002,1.1,13.7,13.8,1
1.0750000000000002,1.1,14.0,14.100000000000001,2
1.0750000000000002,1.1,14.200000000000003,14.3,2
1.0750000000000002,1.1,14.400000000000002,14.5,1
1.0750000000000002,1.1,14.5,14.600000000000001,2
1.0750000000000002,1.1,14.600000000000001,14.700000000000003,7
1.0750000000000002,1.1,14.700000000000003,14.8,7
1.0750000000000002,1.1,14.8,14.900000000000002,7
1.0750000000000002,1.1,14.900000000000002,15.0,1
1.0750000000000002,1.1,15.8,15.900000000000002,1
1.1,1.125,-0.5999999999999996,-0.5,1
1.1,1.125,-0.1999999999999993,-0.09999999999999964,2
1.1,1.125,-0.09999999999999964,0.0,1
1.1,1.125,0.10000000000000053,0.20000000000000018,1
1.1,1.125,0.20000000000000018,0.3000000000000007,4
1.1,1.125,0.3000000000000007,0.40000000000000036,2
1.1,1.125,0.40000000000000036,0.5,2
1.1,1.125,0.6000000000000005,0.7000000000000002,1
1.1,1.125,0.7000000000000002,0.8000000000000007,5
1.1,1.125,0.8000000000000007,0.9000000000000004,3
1.1,1.125,0.9000000000000004,1.0,2
1.1,1.125,1.3000000000000007,1.4000000000000004,1
1.1,1.125,1.4000000000000004,1.5,1
1.1,1.125,1.5,1.6000000000000005,3
1.1,1.125,1.6000000000000005,1.7000000000000002,2
1.1,1.125,1.7000000000000002,1.8000000000000007,4
1.1,1.125,1.8000000000000007,1.9000000000000004,3
1.1,1.125,1.9000000000000004,2.0,7
1.1,1.125,2.0,2.1000000000000005,5
1.1,1.125,2.1000000000000005,2.2,1
1.1,1.125,2.2,2.3000000000000007,5
1.1,1.125,2.3000000000000007,2.4000000000000004,3
1.1,1.125,2.5,2.6000000000000005,1
1.1,1.125,2.6000000000000005,2.7,3
1.1,1.125,2.7,2.8000000000000007,2
1.1,1.125,2.8000000000000007,2.9000000000000004,5
1.1,1.125,2.9000000000000004,3.0,2
1.1,1.125,3.0,3.0999999999999996,4
1.1,1.125,3.0999999999999996,3.200000000000001,2
1.1,1.125,3.200000000000001,3.3000000000000007,5
1.1,1.125,3.3000000000000007,3.4000000000000004,4
1.1,1.125,3.4000000000000004,3.5,1
1.1,1.125,3.5,3.5999999999999996,2
1.1,1.125,3.5999999999999996,3.700000000000001,5
1.1,1.125,3.700000000000001,3.8000000000000007,1
1.1,1.125,3.8000000000000007,3.9000000000000004,1
1.1,1.125,4.0,4.1,1
1.1,1.125,5.0,5.100000000000001,3
1.1,1.125,5.100000000000001,5.200000000000001,6
1.1,1.125,5.200000000000001,5.300000000000001,2
1.1,1.125,5.4,5.5,4
1.1,1.125,5.5,5.600000000000001,1
1.1,1.125,5.600000000000001,5.700000000000001,10
1.1,1.125,5.700000000000001,5.800000000000001,41
1.1,1.125,5.800000000000001,5.9,102
1.1,1.125,5.9,6.0,227
1.1,1.125,6.0,6.100000000000001,241
1.1,1.125,6.100000000000001,6.200000000000001,125
1.1,1.125,6.200000000000001,6.300000000000001,68
1.1,1.125,6.300000000000001,6.4,34
1.1,1.125,6.4,6.5,5
1.1,1.125,6.5,6.600000000000001,1
1.1,1.125,6.800000000000001,6.9,3
1.1,1.125,6.9,7.0,1
1.1,1.125,8.0,8.100000000000001,1
1.1,1.125,9.0,9.100000000000001,1
1.1,1.125,10.200000000000001,10.3,1
1.1,1.125,11.3,11.400000000000002,1
1.1,1.125,12.7,12.8,1
1.1,1.125,13.3,13.400000000000002,1
1.1,1.125,13.7,13.8,1
1.1,1.125,14.0,14.100000000000001,2
1.1,1.125,14.5,14.600000000000001,2
1.1,1.125,14.600000000000001,14.700000000000003,7
1.1,1.125,14.700000000000003,14.8,8
1.1,1.125,14.8,14.900000000000002,4
1.1,1.125,14.900000000000002,15.0,5
1.1,1.125,15.100000000000001,15.200000000000003,1
1.1,1.125,15.5,15.600000000000001,1
1.125,1.15,0.10000000000000053,0.20000000000000018,1
1.125,1.15,0.20000000000000018,0.3000000000000007,3
1.125,1.15,0.3000000000000007,0.40000000000000036,6
1.125,1.15,0.40000000000000036,0.5,9
1.125,1.15,0.5,0.6000000000000005,3
1.125,1.15,0.6000000000000005,0.7000000000000002,3
1.125,1.15,0.9000000000000004,1.0,1
1.125,1.15,1.2000000000000002,1.3000000000000007,1
1.125,1.15,1.4000000000000004,1.5,1
1.125,1.15,1.5,1.6000000000000005,2
1.125,1.15,1.6000000000000005,1.7000000000000002,1
1.125,1.15,1.7000000000000002,1.8000000000000007,3
1.125,1.15,1.8000000000000007,1.9000000000000004,2
1.125,1.15,1.9000000000000004,2.0,1
1.125,1.15,2.0,2.1000000000000005,2
1.125,1.15,2.1000000000000005,2.2,2
1.125,1.15,2.2,2.3000000000000007,4
1.125,1.15,2.3000000000000007,2.4000000000000004,4
1.125,1.15,2.4000000000000004,2.5,3
1.125,1.15,2.5,2.6000000000000005,3
1.125,1.15,2.6000000000000005,2.7,2
1.125,1.15,2.7,2.8000000000000007,3
1.125,1.15,2.8000000000000007,2.9000000000000004,3
1.125,1.15,2.9000000000000004,3.0,5
1.125,1.15,3.0,3.0999999999999996,2
1.125,1.15,3.0999999999999996,3.200000000000001,4
1.125,1.15,3.200000000000001,3.3000000000000007,3
1.125,1.15,3.3000000000000007,3.4000000000000004,3
1.125,1.15,3.5,3.5999999999999996,1
1.125,1.15,3.5999999999999996,3.700000000000001,1
1.125,1.15,3.700000000000001,3.8000000000000007,1
1.125,1.15,3.8000000000000007,3.9000000000000004,1
1.125,1.15,5.100000000000001,5.200000000000001,3
1.125,1.15,5.200000000000001,5.300000000000001,1
1.125,1.15,5.300000000000001,5.4,2
1.125,1.15,5.4,5.5,2
1.125,1.15,5.5,5.600000000000001,5
1.125,1.15,5.600000000000001,5.700000000000001,3
1.125,1.15,5.700000000000001,5.800000000000001,22
1.125,1.15,5.800000000000001,5.9,46
1.125,1.15,5.9,6.0,117
1.125,1.15,6.0,6.100000000000001,181
1.125,1.15,6.100000000000001,6.200000000000001,225
1.125,1.15,6.200000000000001,6.300000000000001,118
1.125,1.15,6.300000000000001,6.4,68
1.125,1.15,6.4,6.5,17
1.125,1.15,6.5,6.600000000000001,8
1.125,1.15,6.600000000000001,6.700000000000001,3
1.125,1.15,6.800000000000001,6.9,3
1.125,1.15,6.9,7.0,1
1.125,1.15,13.600000000000001,13.7,1
1.125,1.15,13.900000000000002,14.0,2
1.125,1.15,14.3,14.400000000000002,1
1.125,1.15,14.400000000000002,14.5,1
1.125,1.15,14.5,14.600000000000001,1
1.125,1.15,14.600000000000001,14.700000000000003,1
1.125,1.15,14.700000000000003,14.8,4
1.125,1.15,14.8,14.900000000000002,8
1.125,1.15,14.900000000000002,15.0,3
1.125,1.15,15.0,15.100000000000001,2
1.125,1.15,15.100000000000001,15.200000000000003,1
1.125,1.15,15.5,15.600000000000001,1
1.15,1.1750000000000003,0.10000000000000053,0.20000000000000018,2
1.15,1.1750000000000003,0.20000000000000018,0.3000000000000007,2
1.15,1.1750000000000003,0.3000000000000007,0.40000000000000036,9
1.15,1.1750000000000003,0.40000000000000036,0.5,7
1.15,1.1750000000000003,0.5,0.6000000000000005,3
1.15,1.1750000000000003,0.7000000000000002,0.8000000000000007,1
1.15,1.1750000000000003,0.9000000000000004,1.0,2
1.15,1.1750000000000003,1.1000000000000005,1.2000000000000002,2
1.15,1.1750000000000003,1.2000000000000002,1.3000000000000007,2
1.15,1.1750000000000003,1.3000000000000007,1.4000000000000004,4
1.15,1.1750000000000003,1.4000000000000004,1.5,1
1.15,1.1750000000000003,1.5,1.6000000000000005,1
1.15,1.1750000000000003,1.6000000000000005,1.7000000000000002,1
1.15,1.1750000000000003,1.7000000000000002,1.8000000000000007,2
1.15,1.1750000000000003,1.9000000000000004,2.0,1
1.15,1.1750000000000003,2.0,2.1000000000000005,2
1.15,1.1750000000000003,2.1000000000000005,2.2,4
1.15,1.1750000000000003,2.2,2.3000000000000007,6
1.15,1.1750000000000003,2.3000000000000007,2.4000000000000004,5
1.15,1.1750000000000003,2.4000000000000004,2.5,3
1.15,1.1750000000000003,2.5,2.6000000000000005,1
1.15,1.1750000000000003,2.6000000000000005,2.7,2
1.15,1.1750000000000003,2.7,2.8000000000000007,3
1.15,1.1750000000000003,2.8000000000000007,2.9000000000000004,1
1.15,1.1750000000000003,2.9000000000000004,3.0,3
1.15,1.1750000000000003,3.0,3.0999999999999996,1
1.15,1.1750000000000003,3.0999999999999996,3.200000000000001,1
1.15,1.1750000000000003,3.200000000000001,3.3000000000000007,1
1.15,1.1750000000000003,3.3000000000000007,3.4000000000000004,2
1.15,1.1750000000000003,3.5999999999999996,3.700000000000001,1
1.15,1.1750000000000003,3.700000000000001,3.8000000000000007,2
1.15,1.1750000000000003,4.700000000000001,4.800000000000001,1
1.15,1.1750000000000003,4.9,5.0,2
1.15,1.1750000000000003,5.100000000000001,5.200000000000001,1
1.15,1.1750000000000003,5.300000000000001,5.4,4
1.15,1.1750000000000003,5.4,5.5,3
1.15,1.1750000000000003,5.5,5.600000000000001,5
1.15,1.1750000000000003,5.600000000000001,5.700000000000001,4
1.15,1.1750000000000003,5.700000000000001,5.800000000000001,4
1.15,1.1750000000000003,5.800000000000001,5.9,20
1.15,1.1750000000000003,5.9,6.0,62
1.15,1.1750000000000003,6.0,6.100000000000001,144
1.15,1.1750000000000003,6.100000000000001,6.200000000000001,193
1.15,1.1750000000000003,6.200000000000001,6.300000000000001,187
1.15,1.1750000000000003,6.300000000000001,6.4,102
1.15,1.1750000000000003,6.4,6.5,46
1.15,1.1750000000000003,6.5,6.600000000000001,16
1.15,1.1750000000000003,6.600000000000001,6.700000000000001,3
1.15,1.1750000000000003,6.700000000000001,6.800000000000001,2
1.15,1.1750000000000003,7.0,7.100000000000001,1
1.15,1.1750000000000003,8.5,8.600000000000001,1
1.15,1.1750000000000003,10.200000000000001,10.3,1
1.15,1.1750000000000003,10.600000000000001,10.700000000000001,2
1.15,1.1750000000000003,11.0,11.100000000000001,1
1.15,1.1750000000000003,13.3,13.400000000000002,1
1.15,1.1750000000000003,14.200000000000003,14.3,1
1.15,1.1750000000000003,14.600000000000001,14.700000000000003,2
1.15,1.1750000000000003,14.700000000000003,14.8,3
1.15,1.1750000000000003,14.8,14.900000000000002,15
1.15,1.1750000000000003,14.900000000000002,15.0,3
1.15,1.1750000000000003,15.0,15.100000000000001,1
1.15,1.1750000000000003,15.200000000000003,15.3,2
1.15,1.1750000000000003,15.5,15.600000000000001,1
1.15,1.1750000000000003,15.700000000000003,15.8,1
1.1750000000000003,1.2000000000000002,-0.5999999999999996,-0.5,1
1.1750000000000003,1.2000000000000002,0.10000000000000053,0.20000000000000018,1
1.1750000000000003,1.2000000000000002,0.20000000000000018,0.3000000000000007,1
1.1750000000000003,1.2000000000000002,0.3000000000000007,0.40000000000000036,3
1.1750000000000003,1.2000000000000002,0.40000000000000036,0.5,12
1.1750000000000003,1.2000000000000002,0.5,0.6000000000000005,6
1.1750000000000003,1.2000000000000002,0.8000000000000007,0.9000000000000004,1
1.1750000000000003,1.2000000000000002,0.9000000000000004,1.0,2
1.1750000000000003,1.2000000000000002,1.0,1.1000000000000005,1
1.1750000000000003,1.2000000000000002,1.1000000000000005,1.2000000000000002,1
1.1750000000000003,1.2000000000000002,1.2000000000000002,1.3000000000000007,1
1.1750000000000003,1.2000000000000002,1.3000000000000007,1.4000000000000004,1
1.1750000000000003,1.2000000000000002,1.4000000000000004,1.5,2
1.1750000000000003,1.2000000000000002,1.5,1.6000000000000005,1
1.1750000000000003,1.2000000000000002,1.6000000000000005,1.7000000000000002,1
1.1750000000000003,1.2000000000000002,1.7000000000000002,1.8000000000000007,2
1.1750000000000003,1.2000000000000002,1.8000000000000007,1.9000000000000004,3
1.1750000000000003,1.2000000000000002,1.9000000000000004,2.0,3
1.1750000000000003,1.2000000000000002,2.0,2.1000000000000005,3
1.1750000000000003,1.2000000000000002,2.1000000000000005,2.2,1
1.1750000000000003,1.2000000000000002,2.2,2.3000000000000007,2
1.1750000000000003,1.2000000000000002,2.3000000000000007,2.4000000000000004,1
1.1750000000000003,1.2000000000000002,2.4000000000000004,2.5,1
1.1750000000000003,1.2000000000000002,2.5,2.6000000000000005,1
1.1750000000000003,1.2000000000000002,2.6000000000000005,2.7,1
1.1750000000000003,1.2000000000000002,2.7,2.8000000000000007,2
1.1750000000000003,1.2000000000000002,2.9000000000000004,3.0,3
1.1750000000000003,1.2000000000000002,3.0999999999999996,3.200000000000001,1
1.1750000000000003,1.2000000000000002,3.200000000000001,3.3000000000000007,3
1.1750000000000003,1.2000000000000002,3.4000000000000004,3.5,3
1.1750000000000003,1.2000000000000002,3.5,3.5999999999999996,1
1.1750000000000003,1.2000000000000002,3.5999999999999996,3.700000000000001,1
1.1750000000000003,1.2000000000000002,5.100000000000001,5.200000000000001,1
1.1750000000000003,1.2000000000000002,5.200000000000001,5.300000000000001,1
1.1750000000000003,1.2000000000000002,5.300000000000001,5.4,4
1.1750000000000003,1.2000000000000002,5.4,5.5,4
1.1750000000000003,1.2000000000000002,5.5,5.600000000000001,8
1.1750000000000003,1.2000000000000002,5.600000000000001,5.700000000000001,4
1.1750000000000003,1.2000000000000002,5.700000000000001,5.800000000000001,4
1.1750000000000003,1.2000000000000002,5.800000000000001,5.9,4
1.1750000000000003,1.2000000000000002,5.9,6.0,25
1.1750000000000003,1.2000000000000002,6.0,6.100000000000001,73
1.1750000000000003,1.2000000000000002,6.100000000000001,6.200000000000001,158
1.1750000000000003,1.2000000000000002,6.200000000000001,6.300000000000001,195
1.1750000000000003,1.2000000000000002,6.300000000000001,6.4,169
1.1750000000000003,1.2000000000000002,6.4,6.5,101
1.1750000000000003,1.2000000000000002,6.5,6.600000000000001,30
1.1750000000000003,1.2000000000000002,6.600000000000001,6.700000000000001,9
1.1750000000000003,1.2000000000000002,6.700000000000001,6.800000000000001,4
1.1750000000000003,1.2000000000000002,6.800000000000001,6.9,2
1.1750000000000003,1.2000000000000002,7.800000000000001,7.9,1
1.1750000000000003,1.2000000000000002,9.100000000000001,9.200000000000001,1
1.1750000000000003,1.2000000000000002,9.4,9.5,1
1.1750000000000003,1.2000000000000002,10.0,10.100000000000001,1
1.1750000000000003,1.2000000000000002,10.8,10.9,1
1.1750000000000003,1.2000000000000002,13.2,13.3,1
1.1750000000000003,1.2000000000000002,13.7,13.8,1
1.1750000000000003,1.2000000000000002,14.0,14.100000000000001,1
1.1750000000000003,1.2000000000000002,14.100000000000001,14.200000000000003,3
1.1750000000000003,1.2000000000000002,14.3,14.400000000000002,1
1.1750000000000003,1.2000000000000002,14.600000000000001,14.700000000000003,3
1.1750000000000003,1.2000000000000002,14.700000000000003,14.8,1
1.1750000000000003,1.2000000000000002,14.8,14.900000000000002,3
1.1750000000000003,1.2000000000000002,14.900000000000002,15.0,7
1.1750000000000003,1.2000000000000002,15.0,15.100000000000001,2
1.1750000000000003,1.2000000000000002,15.100000000000001,15.200000000000003,1
1.1750000000000003,1.2000000000000002,15.3,15.400000000000002,1
1.2000000000000002,1.225,-0.1999999999999993,-0.09999999999999964,1
1.2000000000000002,1.225,0.10000000000000053,0.20000000000000018,1
1.2000000000000002,1.225,0.3000000000000007,0.40000000000000036,2
1.2000000000000002,1.225,0.40000000000000036,0.5,11
1.2000000000000002,1.225,0.5,0.6000000000000005,5
1.2000000000000002,1.225,0.6000000000000005,0.7000000000000002,6
1.2000000000000002,1.225,0.7000000000000002,0.8000000000000007,1
1.2000000000000002,1.225,0.8000000000000007,0.9000000000000004,3
1.2000000000000002,1.225,1.1000000000000005,1.2000000000000002,2
1.2000000000000002,1.225,1.3000000000000007,1.4000000000000004,3
1.2000000000000002,1.225,1.4000000000000004,1.5,2
1.2000000000000002,1.225,1.5,1.6000000000000005,3
1.2000000000000002,1.225,1.6000000000000005,1.7000000000000002,2
1.2000000000000002,1.225,1.7000000000000002,1.8000000000000007,3
1.2000000000000002,1.225,1.8000000000000007,1.9000000000000004,2
1.2000000000000002,1.225,1.9000000000000004,2.0,1
1.2000000000000002,1.225,2.2,2.3000000000000007,2
1.2000000000000002,1.225,2.3000000000000007,2.4000000000000004,1
1.2000000000000002,1.225,2.4000000000000004,2.5,1
1.2000000000000002,1.225,2.5,2.6000000000000005,1
1.2000000000000002,1.225,2.6000000000000005,2.7,1
1.2000000000000002,1.225,2.8000000000000007,2.9000000000000004,1
1.2000000000000002,1.225,3.200000000000001,3.3000000000000007,2
1.2000000000000002,1.225,5.300000000000001,5.4,2
1.2000000000000002,1.225,5.4,5.5,2
1.2000000000000002,1.225,5.5,5.600000000000001,4
1.2000000000000002,1.225,5.600000000000001,5.700000000000001,4
1.2000000000000002,1.225,5.700000000000001,5.800000000000001,6
1.2000000000000002,1.225,5.800000000000001,5.9,4
1.2000000000000002,1.225,5.9,6.0,6
1.2000000000000002,1.225,6.0,6.100000000000001,18
1.2000000000000002,1.225,6.100000000000001,6.200000000000001,88
1.2000000000000002,1.225,6.200000000000001,6.300000000000001,175
1.2000000000000002,1.225,6.300000000000001,6.4,214
1.2000000000000002,1.225,6.4,6.5,138
1.2000000000000002,1.225,6.5,6.600000000000001,58
1.2000000000000002,1.225,6.600000000000001,6.700000000000001,27
1.2000000000000002,1.225,6.700000000000001,6.800000000000001,8
1.2000000000000002,1.225,7.0,7.100000000000001,3
1.2000000000000002,1.225,7.100000000000001,7.200000000000001,3
1.2000000000000002,1.225,7.200000000000001,7.300000000000001,1
1.2000000000000002,1.225,10.5,10.600000000000001,1
1.2000000000000002,1.225,10.600000000000001,10.700000000000001,1
1.2000000000000002,1.225,11.900000000000002,12.0,1
1.2000000000000002,1.225,13.400000000000002,13.5,1
1.2000000000000002,1.225,14.8,14.900000000000002,3
1.2000000000000002,1.225,14.900000000000002,15.0,6
1.2000000000000002,1.225,15.100000000000001,15.200000000000003,1
1.2000000000000002,1.225,15.3,15.400000000000002,2
1.2000000000000002,1.225,15.400000000000002,15.5,1
1.225,1.25,0.20000000000000018,0.3000000000000007,1
1.225,1.25,0.3000000000000007,0.40000000000000036,3
1.225,1.25,0.40000000000000036,0.5,4
1.225,1.25,0.5,0.6000000000000005,9
1.225,1.25,0.6000000000000005,0.7000000000000002,8
1.225,1.25,0.7000000000000002,0.8000000000000007,1
1.225,1.25,0.8000000000000007,0.9000000000000004,1
1.225,1.25,0.9000000000000004,1.0,2
1.225,1.25,1.0,1.1000000000000005,3
1.225,1.25,1.1000000000000005,1.2000000000000002,3
1.225,1.25,1.2000000000000002,1.3000000000000007,1
1.225,1.25,1.3000000000000007,1.4000000000000004,2
1.225,1.25,1.5,1.6000000000000005,2
1.225,1.25,1.6000000000000005,1.7000000000000002,1
1.225,1.25,1.7000000000000002,1.8000000000000007,1
1.225,1.25,1.8000000000000007,1.9000000000000004,3
1.225,1.25,2.1000000000000005,2.2,1
1.225,1.25,2.3000000000000007,2.4000000000000004,1
1.225,1.25,2.5,2.6000000000000005,1
1.225,1.25,2.6000000000000005,2.7,1
1.225,1.25,3.200000000000001,3.3000000000000007,1
1.225,1.25,5.4,5.5,2
1.225,1.25,5.5,5.600000000000001,3
1.225,1.25,5.600000000000001,5.700000000000001,8
1.225,1.25,5.700000000000001,5.800000000000001,4
1.225,1.25,5.800000000000001,5.9,2
1.225,1.25,5.9,6.0,2
1.225,1.25,6.0,6.100000000000001,9
1.225,1.25,6.100000000000001,6.200000000000001,49
1.225,1.25,6.200000000000001,6.300000000000001,83
1.225,1.25,6.300000000000001,6.4,175
1.225,1.25,6.4,6.5,235
1.225,1.25,6.5,6.600000000000001,94
1.225,1.25,6.600000000000001,6.700000000000001,45
1.225,1.25,6.700000000000001,6.800000000000001,14
1.225,1.25,6.800000000000001,6.9,4
1.225,1.25,6.9,7.0,3
1.225,1.25,7.0,7.100000000000001,1
1.225,1.25,7.200000000000001,7.300000000000001,2
1.225,1.25,9.4,9.5,1
1.225,1.25,9.5,9.600000000000001,1
1.225,1.25,9.600000000000001,9.700000000000001,1
1.225,1.25,10.0,10.100000000000001,1
1.225,1.25,10.3,10.4,1
1.225,1.25,10.600000000000001,10.700000000000001,1
1.225,1.25,11.2,11.3,1
1.225,1.25,11.400000000000002,11.5,1
1.225,1.25,11.600000000000001,11.7,1
1.225,1.25,11.900000000000002,12.0,1
1.225,1.25,12.0,12.100000000000001,1
1.225,1.25,12.400000000000002,12.5,1
1.225,1.25,12.900000000000002,13.0,1
1.225,1.25,13.8,13.900000000000002,2
1.225,1.25,14.0,14.100000000000001,1
1.225,1.25,14.200000000000003,14.3,2
1.225,1.25,14.700000000000003,14.8,1
1.225,1.25,14.8,14.900000000000002,3
1.225,1.25,14.900000000000002,15.0,1
1.225,1.25,15.0,15.100000000000001,7
1.225,1.25,15.200000000000003,15.3,1
1.225,1.25,15.3,15.400000000000002,2
1.25,1.275,-0.09999999999999964,0.0,1
1.25,1.275,0.10000000000000053,0.20000000000000018,1
1.25,1.275,0.20000000000000018,0.3000000000000007,1
1.25,1.275,0.3000000000000007,0.40000000000000036,1
1.25,1.275,0.40000000000000036,0.5,2
1.25,1.275,0.5,0.6000000000000005,8
1.25,1.275,0.6000000000000005,0.7000000000000002,6
1.25,1.275,0.7000000000000002,0.8000000000000007,1
1.25,1.275,0.8000000000000007,0.9000000000000004,2
1.25,1.275,0.9000000000000004,1.0,4
1.25,1.275,1.1000000000000005,1.2000000000000002,1
1.25,1.275,1.2000000000000002,1.3000000000000007,3
1.25,1.275,1.3000000000000007,1.4000000000000004,2
1.25,1.275,1.6000000000000005,1.7000000000000002,1
1.25,1.275,1.7000000000000002,1.8000000000000007,3
1.25,1.275,2.1000000000000005,2.2,1
1.25,1.275,5.200000000000001,5.300000000000001,1
1.25,1.275,5.5,5.600000000000001,1
1.25,1.275,5.600000000000001,5.700000000000001,4
1.25,1.275,5.700000000000001,5.800000000000001,3
1.25,1.275,5.800000000000001,5.9,3
1.25,1.275,5.9,6.0,1
1.25,1.275,6.100000000000001,6.200000000000001,8
1.25,1.275,6.200000000000001,6.300000000000001,47
1.25,1.275,6.300000000000001,6.4,109
1.25,1.275,6.4,6.5,210
1.25,1.275,6.5,6.600000000000001,172
1.25,1.275,6.600000000000001,6.700000000000001,78
1.25,1.275,6.700000000000001,6.800000000000001,33
1.25,1.275,6.800000000000001,6.9,16
1.25,1.275,6.9,7.0,3
1.25,1.275,7.0,7.100000000000001,1
1.25,1.275,7.300000000000001,7.4,1
1.25,1.275,9.3,9.4,2
1.25,1.275,9.700000000000001,9.8,1
1.25,1.275,10.200000000000001,10.3,1
1.25,1.275,10.600000000000001,10.700000000000001,2
1.25,1.275,12.0,12.100000000000001,1
1.25,1.275,12.2,12.3,1
1.25,1.275,12.5,12.600000000000001,1
1.25,1.275,13.100000000000001,13.2,1
1.25,1.275,13.3,13.400000000000002,1
1.25,1.275,14.100000000000001,14.200000000000003,2
1.25,1.275,14.200000000000003,14.3,1
1.25,1.275,14.5,14.600000000000001,1
1.25,1.275,14.8,14.900000000000002,1
1.25,1.275,14.900000000000002,15.0,3
1.25,1.275,15.0,15.100000000000001,2
1.25,1.275,15.100000000000001,15.200000000000003,2
1.25,1.275,15.200000000000003,15.3,1
1.275,1.3000000000000003,0.0,0.10000000000000053,1
1.275,1.3000000000000003,0.20000000000000018,0.3000000000000007,1
1.275,1.3000000000000003,0.3000000000000007,0.40000000000000036,2
1.275,1.3000000000000003,0.40000000000000036,0.5,1
1.275,1.3000000000000003,0.5,0.6000000000000005,1
1.275,1.3000000000000003,0.6000000000000005,0.7000000000000002,7
1.275,1.3000000000000003,0.7000000000000002,0.8000000000000007,4
1.275,1.3000000000000003,0.8000000000000007,0.9000000000000004,1
1.275,1.3000000000000003,1.0,1.1000000000000005,2
1.275,1.3000000000000003,1.1000000000000005,1.2000000000000002,4
1.275,1.3000000000000003,1.2000000000000002,1.3000000000000007,3
1.275,1.3000000000000003,1.3000000000000007,1.4000000000000004,2
1.275,1.3000000000000003,1.4000000000000004,1.5,1
1.275,1.3000000000000003,1.6000000000000005,1.7000000000000002,2
1.275,1.3000000000000003,2.2,2.3000000000000007,1
1.275,1.3000000000000003,3.700000000000001,3.8000000000000007,1
1.275,1.3000000000000003,5.700000000000001,5.800000000000001,3
1.275,1.3000000000000003,5.800000000000001,5.9,2
1.275,1.3000000000000003,5.9,6.0,1
1.275,1.3000000000000003,6.0,6.100000000000001,1
1.275,1.3000000000000003,6.100000000000001,6.200000000000001,6
1.275,1.3000000000000003,6.200000000000001,6.300000000000001,12
1.275,1.3000000000000003,6.300000000000001,6.4,60
1.275,1.3000000000000003,6.4,6.5,144
1.275,1.3000000000000003,6.5,6.600000000000001,190
1.275,1.3000000000000003,6.600000000000001,6.700000000000001,145
1.275,1.3000000000000003,6.700000000000001,6.800000000000001,65
1.275,1.3000000000000003,6.800000000000001,6.9,31
1.275,1.3000000000000003,6.9,7.0,8
1.275,1.3000000000000003,7.100000000000001,7.200000000000001,1
1.275,1.3000000000000003,7.200000000000001,7.300000000000001,1
1.275,1.3000000000000003,7.5,7.600000000000001,1
1.275,1.3000000000000003,8.600000000000001,8.700000000000001,1
1.275,1.3000000000000003,10.8,10.9,1
1.275,1.3000000000000003,11.2,11.3,1
1.275,1.3000000000000003,12.2,12.3,1
1.275,1.3000000000000003,12.7,12.8,1
1.275,1.3000000000000003,13.0,13.100000000000001,1
1.275,1.3000000000000003,14.700000000000003,14.8,1
1.275,1.3000000000000003,14.8,14.900000000000002,1
1.275,1.3000000000000003,15.0,15.100000000000001,4
1.275,1.3000000000000003,15.100000000000001,15.200000000000003,4
1.275,1.3000000000000003,15.400000000000002,15.5,1
1.3000000000000003,1.3250000000000002,0.0,0.10000000000000053,1
1.3000000000000003,1.3250000000000002,0.20000000000000018,0.3000000000000007,1
1.3000000000000003,1.3250000000000002,0.3000000000000007,0.40000000000000036,1
1.3000000000000003,1.3250000000000002,0.7000000000000002,0.8000000000000007,1
1.3000000000000003,1.3250000000000002,0.9000000000000004,1.0,2
1.3000000000000003,1.3250000000000002,1.2000000000000002,1.3000000000000007,3
1.3000000000000003,1.3250000000000002,1.3000000000000007,1.4000000000000004,1
1.3000000000000003,1.3250000000000002,2.1000000000000005,2.2,1
1.3000000000000003,1.3250000000000002,5.0,5.100000000000001,1
1.3000000000000003,1.3250000000000002,5.600000000000001,5.700000000000001,1
1.3000000000000003,1.3250000000000002,5.700000000000001,5.800000000000001,1
1.3000000000000003,1.3250000000000002,5.800000000000001,5.9,4
1.3000000000000003,1.3250000000000002,5.9,6.0,2
1.3000000000000003,1.3250000000000002,6.100000000000001,6.200000000000001,3
1.3000000000000003,1.3250000000000002,6.200000000000001,6.300000000000001,4
1.3000000000000003,1.3250000000000002,6.300000000000001,6.4,17
1.3000000000000003,1.3250000000000002,6.4,6.5,76
1.3000000000000003,1.3250000000000002,6.5,6.600000000000001,148
1.3000000000000003,1.3250000000000002,6.600000000000001,6.700000000000001,187
1.3000000000000003,1.3250000000000002,6.700000000000001,6.800000000000001,96
1.3000000000000003,1.3250000000000002,6.800000000000001,6.9,44
1.3000000000000003,1.3250000000000002,6.9,7.0,25
1.3000000000000003,1.3250000000000002,7.0,7.100000000000001,2
1.3000000000000003,1.3250000000000002,7.100000000000001,7.200000000000001,1
1.3000000000000003,1.3250000000000002,7.200000000000001,7.300000000000001,1
1.3000000000000003,1.3250000000000002,7.5,7.600000000000001,1
1.3000000000000003,1.3250000000000002,7.600000000000001,7.700000000000001,1
1.3000000000000003,1.3250000000000002,9.8,9.9,1
1.3000000000000003,1.3250000000000002,10.8,10.9,1
1.3000000000000003,1.3250000000000002,11.100000000000001,11.2,1
1.3000000000000003,1.3250000000000002,14.400000000000002,14.5,1
1.3000000000000003,1.3250000000000002,14.8,14.900000000000002,1
1.3000000000000003,1.3250000000000002,14.900000000000002,15.0,1
1.3000000000000003,1.3250000000000002,15.0,15.100000000000001,3
1.3000000000000003,1.3250000000000002,15.100000000000001,15.200000000000003,2
1.3000000000000003,1.3250000000000002,15.200000000000003,15.3,1
1.3250000000000002,1.35,-0.7000000000000002,-0.5999999999999996,1
1.3250000000000002,1.35,0.40000000000000036,0.5,1
1.3250000000000002,1.35,0.5,0.6000000000000005,1
1.3250000000000002,1.35,0.6000000000000005,0.7000000000000002,2
1.3250000000000002,1.35,0.7000000000000002,0.8000000000000007,4
1.3250000000000002,1.35,0.8000000000000007,0.9000000000000004,1
1.3250000000000002,1.35,0.9000000000000004,1.0,1
1.3250000000000002,1.35,1.2000000000000002,1.3000000000000007,1
1.3250000000000002,1.35,1.3000000000000007,1.4000000000000004,4
1.3250000000000002,1.35,1.4000000000000004,1.5,1
1.3250000000000002,1.35,5.800000000000001,5.9,1
1.3250000000000002,1.35,5.9,6.0,2
1.3250000000000002,1.35,6.0,6.100000000000001,2
1.3250000000000002,1.35,6.100000000000001,6.200000000000001,1
1.3250000000000002,1.35,6.200000000000001,6.300000000000001,3
1.3250000000000002,1.35,6.300000000000001,6.4,12
1.3250000000000002,1.35,6.4,6.5,51
1.3250000000000002,1.35,6.5,6.600000000000001,117
1.3250000000000002,1.35,6.600000000000001,6.700000000000001,176
1.3250000000000002,1.35,6.700000000000001,6.800000000000001,143
1.3250000000000002,1.35,6.800000000000001,6.9,68
1.3250000000000002,1.35,6.9,7.0,40
1.3250000000000002,1.35,7.0,7.100000000000001,15
1.3250000000000002,1.35,7.100000000000001,7.200000000000001,3
1.3250000000000002,1.35,7.200000000000001,7.300000000000001,3
1.3250000000000002,1.35,7.300000000000001,7.4,2
1.3250000000000002,1.35,7.4,7.5,1
1.3250000000000002,1.35,7.700000000000001,7.800000000000001,2
1.3250000000000002,1.35,9.600000000000001,9.700000000000001,1
1.3250000000000002,1.35,10.700000000000001,10.8,1
1.3250000000000002,1.35,10.9,11.0,1
1.3250000000000002,1.35,11.400000000000002,11.5,1
1.3250000000000002,1.35,12.400000000000002,12.5,1
1.3250000000000002,1.35,14.200000000000003,14.3,1
1.3250000000000002,1.35,14.3,14.400000000000002,1
1.3250000000000002,1.35,15.200000000000003,15.3,1
1.3250000000000002,1.35,15.3,15.400000000000002,1
1.3250000000000002,1.35,15.5,15.600000000000001,1
1.35,1.375,-0.39999999999999947,-0.2999999999999998,3
1.35,1.375,0.0,0.10000000000000053,1
1.35,1.375,0.3000000000000007,0.40000000000000036,1
1.35,1.375,0.40000000000000036,0.5,1
1.35,1.375,0.5,0.6000000000000005,1
1.35,1.375,0.6000000000000005,0.7000000000000002,1
1.35,1.375,0.8000000000000007,0.9000000000000004,1
1.35,1.375,1.3000000000000007,1.4000000000000004,1
1.35,1.375,4.600000000000001,4.700000000000001,1
1.35,1.375,5.800000000000001,5.9,2
1.35,1.375,5.9,6.0,2
1.35,1.375,6.0,6.100000000000001,4
1.35,1.375,6.100000000000001,6.200000000000001,5
1.35,1.375,6.200000000000001,6.300000000000001,2
1.35,1.375,6.300000000000001,6.4,4
1.35,1.375,6.4,6.5,6
1.35,1.375,6.5,6.600000000000001,61
1.35,1.375,6.600000000000001,6.700000000000001,129
1.35,1.375,6.700000000000001,6.800000000000001,195
1.35,1.375,6.800000000000001,6.9,155
1.35,1.375,6.9,7.0,63
1.35,1.375,7.0,7.100000000000001,23
1.35,1.375,7.100000000000001,7.200000000000001,3
1.35,1.375,7.200000000000001,7.300000000000001,2
1.35,1.375,8.200000000000001,8.3,1
1.35,1.375,8.600000000000001,8.700000000000001,1
1.35,1.375,9.8,9.9,1
1.35,1.375,9.9,10.0,1
1.35,1.375,10.200000000000001,10.3,1
1.35,1.375,10.600000000000001,10.700000000000001,1
1.35,1.375,11.2,11.3,1
1.35,1.375,11.8,11.900000000000002,1
1.35,1.375,11.900000000000002,12.0,1
1.35,1.375,14.3,14.400000000000002,1
1.35,1.375,15.200000000000003,15.3,3
1.375,1.4000000000000004,0.0,0.10000000000000053,1
1.375,1.4000000000000004,0.10000000000000053,0.20000000000000018,1
1.375,1.4000000000000004,0.6000000000000005,0.7000000000000002,1
1.375,1.4000000000000004,0.7000000000000002,0.8000000000000007,1
1.375,1.4000000000000004,1.2000000000000002,1.3000000000000007,1
1.375,1.4000000000000004,3.4000000000000004,3.5,1
1.375,1.4000000000000004,5.4,5.5,1
1.375,1.4000000000000004,5.9,6.0,3
1.375,1.4000000000000004,6.0,6.100000000000001,3
1.375,1.4000000000000004,6.100000000000001,6.200000000000001,3
1.375,1.4000000000000004,6.200000000000001,6.300000000000001,1
1.375,1.4000000000000004,6.300000000000001,6.4,2
1.375,1.4000000000000004,6.4,6.5,3
1.375,1.4000000000000004,6.5,6.600000000000001,13
1.375,1.4000000000000004,6.600000000000001,6.700000000000001,85
1.375,1.4000000000000004,6.700000000000001,6.800000000000001,140
1.375,1.4000000000000004,6.800000000000001,6.9,164
1.375,1.4000000000000004,6.9,7.0,133
1.375,1.4000000000000004,7.0,7.100000000000001,46
1.375,1.4000000000000004,7.100000000000001,7.200000000000001,17
1.375,1.4000000000000004,7.200000000000001,7.300000000000001,4
1.375,1.4000000000000004,7.300000000000001,7.4,4
1.375,1.4000000000000004,7.600000000000001,7.700000000000001,1
1.375,1.4000000000000004,7.700000000000001,7.800000000000001,1
1.375,1.4000000000000004,7.800000000000001,7.9,1
1.375,1.4000000000000004,7.9,8.0,1
1.375,1.4000000000000004,8.0,8.100000000000001,1
1.375,1.4000000000000004,8.200000000000001,8.3,1
1.375,1.4000000000000004,8.4,8.5,1
1.375,1.4000000000000004,9.3,9.4,1
1.375,1.4000000000000004,9.8,9.9,1
1.375,1.4000000000000004,10.5,10.600000000000001,1
1.375,1.4000000000000004,11.7,11.8,1
1.375,1.4000000000000004,12.2,12.3,1
1.375,1.4000000000000004,15.100000000000001,15.200000000000003,1
1.375,1.4000000000000004,15.3,15.400000000000002,2
1.4000000000000004,1.4250000000000003,-0.5999999999999996,-0.5,1
1.4000000000000004,1.4250000000000003,0.3000000000000007,0.40000000000000036,1
1.4000000000000004,1.4250000000000003,0.40000000000000036,0.5,1
1.4000000000000004,1.4250000000000003,0.6000000000000005,0.7000000000000002,1
1.4000000000000004,1.4250000000000003,0.7000000000000002,0.8000000000000007,1
1.4000000000000004,1.4250000000000003,0.8000000000000007,0.9000000000000004,1
1.4000000000000004,1.4250000000000003,1.6000000000000005,1.7000000000000002,1
1.4000000000000004,1.4250000000000003,6.0,6.100000000000001,2
1.4000000000000004,1.4250000000000003,6.100000000000001,6.200000000000001,1
1.4000000000000004,1.4250000000000003,6.200000000000001,6.300000000000001,5
1.4000000000000004,1.4250000000000003,6.300000000000001,6.4,4
1.4000000000000004,1.4250000000000003,6.5,6.600000000000001,7
1.4000000000000004,1.4250000000000003,6.600000000000001,6.700000000000001,28
1.4000000000000004,1.4250000000000003,6.700000000000001,6.800000000000001,110
1.4000000000000004,1.4250000000000003,6.800000000000001,6.9,166
1.4000000000000004,1.4250000000000003,6.9,7.0,173
1.4000000000000004,1.4250000000000003,7.0,7.100000000000001,76
1.4000000000000004,1.4250000000000003,7.100000000000001,7.200000000000001,41
1.4000000000000004,1.4250000000000003,7.200000000000001,7.300000000000001,12
1.4000000000000004,1.4250000000000003,7.300000000000001,7.4,3
1.4000000000000004,1.4250000000000003,7.4,7.5,2
1.4000000000000004,1.4250000000000003,7.5,7.600000000000001,1
1.4000000000000004,1.4250000000000003,7.600000000000001,7.700000000000001,1
1.4000000000000004,1.4250000000000003,9.4,9.5,1
1.4000000000000004,1.4250000000000003,10.3,10.4,1
1.4000000000000004,1.4250000000000003,10.600000000000001,10.700000000000001,1
1.4000000000000004,1.4250000000000003,11.600000000000001,11.7,1
1.4000000000000004,1.4250000000000003,13.600000000000001,13.7,1
1.4000000000000004,1.4250000000000003,14.5,14.600000000000001,1
1.4000000000000004,1.4250000000000003,15.100000000000001,15.200000000000003,1
1.4000000000000004,1.4250000000000003,15.200000000000003,15.3,1
1.4000000000000004,1.4250000000000003,15.3,15.400000000000002,4
1.4000000000000004,1.4250000000000003,15.700000000000003,15.8,1
1.4250000000000003,1.4500000000000002,0.20000000000000018,0.3000000000000007,1
1.4250000000000003,1.4500000000000002,0.3000000000000007,0.40000000000000036,1
1.4250000000000003,1.4500000000000002,1.3000000000000007,1.4000000000000004,1
1.4250000000000003,1.4500000000000002,5.800000000000001,5.9,1
1.4250000000000003,1.4500000000000002,6.0,6.100000000000001,1
1.4250000000000003,1.4500000000000002,6.100000000000001,6.200000000000001,1
1.4250000000000003,1.4500000000000002,6.200000000000001,6.300000000000001,4
1.4250000000000003,1.4500000000000002,6.300000000000001,6.4,2
1.4250000000000003,1.4500000000000002,6.4,6.5,1
1.4250000000000003,1.4500000000000002,6.5,6.600000000000001,6
1.4250000000000003,1.4500000000000002,6.600000000000001,6.700000000000001,14
1.4250000000000003,1.4500000000000002,6.700000000000001,6.800000000000001,53
1.4250000000000003,1.4500000000000002,6.800000000000001,6.9,109
1.4250000000000003,1.4500000000000002,6.9,7.0,205
1.4250000000000003,1.4500000000000002,7.0,7.100000000000001,157
1.4250000000000003,1.4500000000000002,7.100000000000001,7.200000000000001,48
1.4250000000000003,1.4500000000000002,7.200000000000001,7.300000000000001,26
1.4250000000000003,1.4500000000000002,7.300000000000001,7.4,10
1.4250000000000003,1.4500000000000002,7.4,7.5,2
1.4250000000000003,1.4500000000000002,7.5,7.600000000000001,2
1.4250000000000003,1.4500000000000002,7.600000000000001,7.700000000000001,1
1.4250000000000003,1.4500000000000002,7.700000000000001,7.800000000000001,1
1.4250000000000003,1.4500000000000002,8.0,8.100000000000001,1
1.4250000000000003,1.4500000000000002,8.100000000000001,8.200000000000001,1
1.4250000000000003,1.4500000000000002,8.600000000000001,8.700000000000001,1
1.4250000000000003,1.4500000000000002,8.8,8.9,1
1.4250000000000003,1.4500000000000002,10.200000000000001,10.3,1
1.4250000000000003,1.4500000000000002,11.2,11.3,1
1.4250000000000003,1.4500000000000002,11.5,11.600000000000001,1
1.4250000000000003,1.4500000000000002,13.0,13.100000000000001,1
1.4250000000000003,1.4500000000000002,13.3,13.400000000000002,2
1.4250000000000003,1.4500000000000002,15.200000000000003,15.3,1
1.4250000000000003,1.4500000000000002,15.400000000000002,15.5,1
1.4500000000000002,1.475,0.0,0.10000000000000053,1
1.4500000000000002,1.475,0.9000000000000004,1.0,1
1.4500000000000002,1.475,6.0,6.100000000000001,1
1.4500000000000002,1.475,6.200000000000001,6.300000000000001,4
1.4500000000000002,1.475,6.300000000000001,6.4,4
1.4500000000000002,1.475,6.4,6.5,4
1.4500000000000002,1.475,6.600000000000001,6.700000000000001,2
1.4500000000000002,1.475,6.700000000000001,6.800000000000001,23
1.4500000000000002,1.475,6.800000000000001,6.9,78
1.4500000000000002,1.475,6.9,7.0,159
1.4500000000000002,1.475,7.0,7.100000000000001,181
1.4500000000000002,1.475,7.100000000000001,7.200000000000001,102
1.4500000000000002,1.475,7.200000000000001,7.300000000000001,45
1.4500000000000002,1.475,7.300000000000001,7.4,19
1.4500000000000002,1.475,7.4,7.5,8
1.4500000000000002,1.475,7.5,7.600000000000001,4
1.4500000000000002,1.475,7.600000000000001,7.700000000000001,2
1.4500000000000002,1.475,7.9,8.0,1
1.4500000000000002,1.475,8.100000000000001,8.200000000000001,2
1.4500000000000002,1.475,8.700000000000001,8.8,1
1.4500000000000002,1.475,8.9,9.0,1
1.4500000000000002,1.475,9.100000000000001,9.200000000000001,1
1.4500000000000002,1.475,9.4,9.5,1
1.4500000000000002,1.475,11.100000000000001,11.2,1
1.4500000000000002,1.475,13.0,13.100000000000001,1
1.4500000000000002,1.475,13.400000000000002,13.5,1
1.4500000000000002,1.475,13.900000000000002,14.0,1
1.4500000000000002,1.475,14.700000000000003,14.8,1
1.4500000000000002,1.475,14.8,14.900000000000002,1
1.4500000000000002,1.475,15.200000000000003,15.3,1
1.4500000000000002,1.475,15.400000000000002,15.5,3
1.475,1.5,0.7000000000000002,0.8000000000000007,1
1.475,1.5,6.100000000000001,6.200000000000001,1
1.475,1.5,6.200000000000001,6.300000000000001,3
1.475,1.5,6.300000000000001,6.4,2
1.475,1.5,6.4,6.5,5
1.475,1.5,6.5,6.600000000000001,1
1.475,1.5,6.600000000000001,6.700000000000001,3
1.475,1.5,6.700000000000001,6.800000000000001,6
1.475,1.5,6.800000000000001,6.9,36
1.475,1.5,6.9,7.0,119
1.475,1.5,7.0,7.100000000000001,144
1.475,1.5,7.100000000000001,7.200000000000001,159
1.475,1.5,7.200000000000001,7.300000000000001,82
1.475,1.5,7.300000000000001,7.4,35
1.475,1.5,7.4,7.5,14
1.475,1.5,7.5,7.600000000000001,1
1.475,1.5,7.600000000000001,7.700000000000001,2
1.475,1.5,7.9,8.0,2
1.475,1.5,8.100000000000001,8.200000000000001,1
1.475,1.5,8.700000000000001,8.8,1
1.475,1.5,9.100000000000001,9.200000000000001,1
1.475,1.5,9.4,9.5,1
1.475,1.5,9.700000000000001,9.8,1
1.475,1.5,9.9,10.0,1
1.475,1.5,10.3,10.4,1
1.475,1.5,10.600000000000001,10.700000000000001,1
1.475,1.5,11.100000000000001,11.2,1
1.475,1.5,11.3,11.400000000000002,1
1.475,1.5,11.400000000000002,11.5,1
1.475,1.5,11.5,11.600000000000001,1
1.475,1.5,11.600000000000001,11.7,1
1.475,1.5,12.3,12.400000000000002,1
1.475,1.5,12.400000000000002,12.5,1
1.475,1.5,12.5,12.600000000000001,1
1.475,1.5,12.900000000000002,13.0,1
1.475,1.5,14.3,14.400000000000002,1
1.475,1.5,15.3,15.400000000000002,1
1.475,1.5,15.400000000000002,15.5,2
1.5,1.5250000000000004,-0.7999999999999998,-0.7000000000000002,1
1.5,1.5250000000000004,-0.1999999999999993,-0.09999999999999964,1
1.5,1.5250000000000004,0.5,0.6000000000000005,1
1.5,1.5250000000000004,5.600000000000001,5.700000000000001,1
1.5,1.5250000000000004,6.100000000000001,6.200000000000001,1
1.5,1.5250000000000004,6.300000000000001,6.4,3
1.5,1.5250000000000004,6.4,6.5,2
1.5,1.5250000000000004,6.5,6.600000000000001,1
1.5,1.5250000000000004,6.600000000000001,6.700000000000001,1
1.5,1.5250000000000004,6.700000000000001,6.800000000000001,3
1.5,1.5250000000000004,6.800000000000001,6.9,8
1.5,1.5250000000000004,6.9,7.0,68
1.5,1.5250000000000004,7.0,7.100000000000001,145
1.5,1.5250000000000004,7.100000000000001,7.200000000000001,174
1.5,1.5250000000000004,7.200000000000001,7.300000000000001,117
1.5,1.5250000000000004,7.300000000000001,7.4,62
1.5,1.5250000000000004,7.4,7.5,23
1.5,1.5250000000000004,7.5,7.600000000000001,14
1.5,1.5250000000000004,7.600000000000001,7.700000000000001,2
1.5,1.5250000000000004,7.700000000000001,7.800000000000001,2
1.5,1.5250000000000004,7.9,8.0,1
1.5,1.5250000000000004,8.100000000000001,8.200000000000001,2
1.5,1.5250000000000004,8.3,8.4,1
1.5,1.5250000000000004,8.5,8.600000000000001,1
1.5,1.5250000000000004,9.4,9.5,2
1.5,1.5250000000000004,10.4,10.5,2
1.5,1.5250000000000004,11.0,11.100000000000001,1
1.5,1.5250000000000004,11.2,11.3,1
1.5,1.5250000000000004,11.600000000000001,11.7,1
1.5,1.5250000000000004,11.8,11.900000000000002,1
1.5,1.5250000000000004,11.900000000000002,12.0,1
1.5,1.5250000000000004,12.2,12.3,1
1.5,1.5250000000000004,12.7,12.8,1
1.5250000000000004,1.5500000000000003,4.9,5.0,1
1.5250000000000004,1.5500000000000003,5.700000000000001,5.800000000000001,1
1.5250000000000004,1.5500000000000003,6.200000000000001,6.300000000000001,1
1.5250000000000004,1.5500000000000003,6.300000000000001,6.4,1
1.5250000000000004,1.5500000000000003,6.4,6.5,2
1.5250000000000004,1.5500000000000003,6.5,6.600000000000001,1
1.5250000000000004,1.5500000000000003,6.600000000000001,6.700000000000001,3
1.5250000000000004,1.5500000000000003,6.800000000000001,6.9,4
1.5250000000000004,1.5500000000000003,6.9,7.0,22
1.5250000000000004,1.5500000000000003,7.0,7.100000000000001,86
1.5250000000000004,1.5500000000000003,7.100000000000001,7.200000000000001,148
1.5250000000000004,1.5500000000000003,7.200000000000001,7.300000000000001,184
1.5250000000000004,1.5500000000000003,7.300000000000001,7.4,118
1.5250000000000004,1.5500000000000003,7.4,7.5,49
1.5250000000000004,1.5500000000000003,7.5,7.600000000000001,24
1.5250000000000004,1.5500000000000003,7.600000000000001,7.700000000000001,6
1.5250000000000004,1.5500000000000003,7.700000000000001,7.800000000000001,5
1.5250000000000004,1.5500000000000003,7.800000000000001,7.9,1
1.5250000000000004,1.5500000000000003,7.9,8.0,3
1.5250000000000004,1.5500000000000003,8.4,8.5,1
1.5250000000000004,1.5500000000000003,8.5,8.600000000000001,1
1.5250000000000004,1.5500000000000003,8.600000000000001,8.700000000000001,2
1.5250000000000004,1.5500000000000003,8.8,8.9,3
1.5250000000000004,1.5500000000000003,9.200000000000001,9.3,1
1.5250000000000004,1.5500000000000003,9.600000000000001,9.700000000000001,1
1.5250000000000004,1.5500000000000003,9.8,9.9,1
1.5250000000000004,1.5500000000000003,10.200000000000001,10.3,1
1.5250000000000004,1.5500000000000003,10.5,10.600000000000001,1
1.5250000000000004,1.5500000000000003,10.600000000000001,10.700000000000001,2
1.5250000000000004,1.5500000000000003,10.8,10.9,1
1.5250000000000004,1.5500000000000003,11.100000000000001,11.2,1
1.5250000000000004,1.5500000000000003,11.2,11.3,1
1.5250000000000004,1.5500000000000003,11.3,11.400000000000002,1
1.5250000000000004,1.5500000000000003,11.8,11.900000000000002,1
1.5250000000000004,1.5500000000000003,12.100000000000001,12.2,1
1.5250000000000004,1.5500000000000003,12.5,12.600000000000001,1
1.5250000000000004,1.5500000000000003,13.0,13.100000000000001,1
1.5250000000000004,1.5500000000000003,14.700000000000003,14.8,1
1.5250000000000004,1.5500000000000003,15.5,15.600000000000001,2
1.5500000000000003,1.5750000000000002,0.5,0.6000000000000005,1
1.5500000000000003,1.5750000000000002,5.4,5.5,1
1.5500000000000003,1.5750000000000002,6.4,6.5,1
1.5500000000000003,1.5750000000000002,6.5,6.600000000000001,3
1.5500000000000003,1.5750000000000002,6.600000000000001,6.700000000000001,3
1.5500000000000003,1.5750000000000002,6.700000000000001,6.800000000000001,2
1.5500000000000003,1.5750000000000002,6.800000000000001,6.9,7
1.5500000000000003,1.5750000000000002,6.9,7.0,6
1.5500000000000003,1.5750000000000002,7.0,7.100000000000001,41
1.5500000000000003,1.5750000000000002,7.100000000000001,7.200000000000001,120
1.5500000000000003,1.5750000000000002,7.200000000000001,7.300000000000001,161
1.5500000000000003,1.5750000000000002,7.300000000000001,7.4,176
1.5500000000000003,1.5750000000000002,7.4,7.5,73
1.5500000000000003,1.5750000000000002,7.5,7.600000000000001,49
1.5500000000000003,1.5750000000000002,7.600000000000001,7.700000000000001,8
1.5500000000000003,1.5750000000000002,7.700000000000001,7.800000000000001,4
1.5500000000000003,1.5750000000000002,7.800000000000001,7.9,2
1.5500000000000003,1.5750000000000002,7.9,8.0,2
1.5500000000000003,1.5750000000000002,8.200000000000001,8.3,2
1.5500000000000003,1.5750000000000002,8.5,8.600000000000001,1
1.5500000000000003,1.5750000000000002,8.600000000000001,8.700000000000001,2
1.5500000000000003,1.5750000000000002,8.700000000000001,8.8,1
1.5500000000000003,1.5750000000000002,8.9,9.0,1
1.5500000000000003,1.5750000000000002,9.4,9.5,1
1.5500000000000003,1.5750000000000002,10.8,10.9,1
1.5500000000000003,1.5750000000000002,11.5,11.600000000000001,1
1.5500000000000003,1.5750000000000002,12.8,12.900000000000002,1
1.5500000000000003,1.5750000000000002,12.900000000000002,13.0,1
1.5500000000000003,1.5750000000000002,15.5,15.600000000000001,1
1.5500000000000003,1.5750000000000002,15.600000000000001,15.700000000000003,1
1.5750000000000002,1.6,6.4,6.5,2
1.5750000000000002,1.6,6.5,6.600000000000001,2
1.5750000000000002,1.6,6.600000000000001,6.700000000000001,3
1.5750000000000002,1.6,6.700000000000001,6.800000000000001,1
1.5750000000000002,1.6,6.800000000000001,6.9,1
1.5750000000000002,1.6,6.9,7.0,3
1.5750000000000002,1.6,7.0,7.100000000000001,18
1.5750000000000002,1.6,7.100000000000001,7.200000000000001,66
1.5750000000000002,1.6,7.200000000000001,7.300000000000001,146
1.5750000000000002,1.6,7.300000000000001,7.4,161
1.5750000000000002,1.6,7.4,7.5,128
1.5750000000000002,1.6,7.5,7.600000000000001,69
1.5750000000000002,1.6,7.600000000000001,7.700000000000001,33
1.5750000000000002,1.6,7.700000000000001,7.800000000000001,13
1.5750000000000002,1.6,7.800000000000001,7.9,1
1.5750000000000002,1.6,7.9,8.0,2
1.5750000000000002,1.6,8.100000000000001,8.200000000000001,1
1.5750000000000002,1.6,8.200000000000001,8.3,2
1.5750000000000002,1.6,8.4,8.5,2
1.5750000000000002,1.6,8.600000000000001,8.700000000000001,2
1.5750000000000002,1.6,8.8,8.9,5
1.5750000000000002,1.6,8.9,9.0,1
1.5750000000000002,1.6,9.100000000000001,9.200000000000001,1
1.5750000000000002,1.6,9.3,9.4,1
1.5750000000000002,1.6,9.4,9.5,1
1.5750000000000002,1.6,9.600000000000001,9.700000000000001,1
1.5750000000000002,1.6,9.9,10.0,1
1.5750000000000002,1.6,10.3,10.4,1
1.5750000000000002,1.6,10.5,10.600000000000001,1
1.5750000000000002,1.6,10.600000000000001,10.700000000000001,1
1.5750000000000002,1.6,11.2,11.3,1
1.5750000000000002,1.6,12.900000000000002,13.0,1
1.5750000000000002,1.6,13.100000000000001,13.2,2
1.5750000000000002,1.6,13.2,13.3,2
1.5750000000000002,1.6,15.400000000000002,15.5,1
1.6,1.625,6.100000000000001,6.200000000000001,1
1.6,1.625,6.5,6.600000000000001,2
1.6,1.625,6.600000000000001,6.700000000000001,2
1.6,1.625,6.700000000000001,6.800000000000001,3
1.6,1.625,6.800000000000001,6.9,5
1.6,1.625,6.9,7.0,2
1.6,1.625,7.0,7.100000000000001,3
1.6,1.625,7.100000000000001,7.200000000000001,30
1.6,1.625,7.200000000000001,7.300000000000001,83
1.6,1.625,7.300000000000001,7.4,150
1.6,1.625,7.4,7.5,189
1.6,1.625,7.5,7.600000000000001,97
1.6,1.625,7.600000000000001,7.700000000000001,45
1.6,1.625,7.700000000000001,7.800000000000001,26
1.6,1.625,7.800000000000001,7.9,3
1.6,1.625,8.0,8.100000000000001,2
1.6,1.625,8.100000000000001,8.200000000000001,1
1.6,1.625,8.200000000000001,8.3,1
1.6,1.625,8.3,8.4,3
1.6,1.625,8.5,8.600000000000001,1
1.6,1.625,8.700000000000001,8.8,1
1.6,1.625,8.9,9.0,1
1.6,1.625,9.0,9.100000000000001,3
1.6,1.625,9.100000000000001,9.200000000000001,1
1.6,1.625,9.3,9.4,2
1.6,1.625,9.4,9.5,1
1.6,1.625,9.8,9.9,2
1.6,1.625,9.9,10.0,1
1.6,1.625,10.200000000000001,10.3,1
1.6,1.625,10.3,10.4,1
1.6,1.625,10.5,10.600000000000001,2
1.6,1.625,11.2,11.3,1
1.6,1.625,11.7,11.8,1
1.6,1.625,11.8,11.900000000000002,1
1.6,1.625,12.5,12.600000000000001,1
1.6,1.625,13.0,13.100000000000001,2
1.6,1.625,13.3,13.400000000000002,1
1.6,1.625,13.8,13.900000000000002,1
1.625,1.6500000000000004,-0.1999999999999993,-0.09999999999999964,2
1.625,1.6500000000000004,6.5,6.600000000000001,2
1.625,1.6500000000000004,6.600000000000001,6.700000000000001,4
1.625,1.6500000000000004,6.700000000000001,6.800000000000001,2
1.625,1.6500000000000004,6.800000000000001,6.9,2
1.625,1.6500000000000004,6.9,7.0,1
1.625,1.6500000000000004,7.0,7.100000000000001,1
1.625,1.6500000000000004,7.100000000000001,7.200000000000001,9
1.625,1.6500000000000004,7.200000000000001,7.300000000000001,42
1.625,1.6500000000000004,7.300000000000001,7.4,129
1.625,1.6500000000000004,7.4,7.5,177
1.625,1.6500000000000004,7.5,7.600000000000001,136
1.625,1.6500000000000004,7.600000000000001,7.700000000000001,88
1.625,1.6500000000000004,7.700000000000001,7.800000000000001,41
1.625,1.6500000000000004,7.800000000000001,7.9,17
1.625,1.6500000000000004,7.9,8.0,6
1.625,1.6500000000000004,8.0,8.100000000000001,4
1.625,1.6500000000000004,8.100000000000001,8.200000000000001,2
1.625,1.6500000000000004,8.3,8.4,2
1.625,1.6500000000000004,8.4,8.5,1
1.625,1.6500000000000004,8.5,8.600000000000001,1
1.625,1.6500000000000004,8.600000000000001,8.700000000000001,1
1.625,1.6500000000000004,8.700000000000001,8.8,3
1.625,1.6500000000000004,8.8,8.9,2
1.625,1.6500000000000004,8.9,9.0,2
1.625,1.6500000000000004,9.100000000000001,9.200000000000001,1
1.625,1.6500000000000004,9.600000000000001,9.700000000000001,1
1.625,1.6500000000000004,9.9,10.0,1
1.625,1.6500000000000004,10.9,11.0,1
1.625,1.6500000000000004,11.0,11.100000000000001,1
1.625,1.6500000000000004,12.0,12.100000000000001,1
1.625,1.6500000000000004,12.100000000000001,12.2,1
1.625,1.6500000000000004,12.400000000000002,12.5,1
1.625,1.6500000000000004,13.600000000000001,13.7,1
1.625,1.6500000000000004,14.600000000000001,14.700000000000003,1
1.625,1.6500000000000004,14.900000000000002,15.0,1
1.6500000000000004,1.6750000000000003,6.4,6.5,1
1.6500000000000004,1.6750000000000003,6.5,6.600000000000001,1
1.6500000000000004,1.6750000000000003,6.600000000000001,6.700000000000001,1
1.6500000000000004,1.6750000000000003,6.700000000000001,6.800000000000001,3
1.6500000000000004,1.6750000000000003,6.800000000000001,6.9,4
1.6500000000000004,1.6750000000000003,6.9,7.0,2
1.6500000000000004,1.6750000000000003,7.0,7.100000000000001,2
1.6500000000000004,1.6750000000000003,7.100000000000001,7.200000000000001,3
1.6500000000000004,1.6750000000000003,7.200000000000001,7.300000000000001,24
1.6500000000000004,1.6750000000000003,7.300000000000001,7.4,77
1.6500000000000004,1.6750000000000003,7.4,7.5,152
1.6500000000000004,1.6750000000000003,7.5,7.600000000000001,194
1.6500000000000004,1.6750000000000003,7.600000000000001,7.700000000000001,120
1.6500000000000004,1.6750000000000003,7.700000000000001,7.800000000000001,54
1.6500000000000004,1.6750000000000003,7.800000000000001,7.9,40
1.6500000000000004,1.6750000000000003,7.9,8.0,13
1.6500000000000004,1.6750000000000003,8.0,8.100000000000001,10
1.6500000000000004,1.6750000000000003,8.100000000000001,8.200000000000001,9
1.6500000000000004,1.6750000000000003,8.200000000000001,8.3,2
1.6500000000000004,1.6750000000000003,8.3,8.4,2
1.6500000000000004,1.6750000000000003,8.4,8.5,2
1.6500000000000004,1.6750000000000003,8.5,8.600000000000001,1
1.6500000000000004,1.6750000000000003,8.600000000000001,8.700000000000001,4
1.6500000000000004,1.6750000000000003,8.700000000000001,8.8,3
1.6500000000000004,1.6750000000000003,8.8,8.9,1
1.6500000000000004,1.6750000000000003,8.9,9.0,2
1.6500000000000004,1.6750000000000003,9.100000000000001,9.200000000000001,1
1.6500000000000004,1.6750000000000003,9.200000000000001,9.3,1
1.6500000000000004,1.6750000000000003,9.3,9.4,1
1.6500000000000004,1.6750000000000003,9.4,9.5,1
1.6500000000000004,1.6750000000000003,9.5,9.600000000000001,1
1.6500000000000004,1.6750000000000003,9.700000000000001,9.8,1
1.6500000000000004,1.6750000000000003,10.0,10.100000000000001,1
1.6500000000000004,1.6750000000000003,10.4,10.5,1
1.6500000000000004,1.6750000000000003,11.0,11.100000000000001,1
1.6500000000000004,1.6750000000000003,11.100000000000001,11.2,1
1.6500000000000004,1.6750000000000003,11.2,11.3,1
1.6500000000000004,1.6750000000000003,11.5,11.600000000000001,1
1.6500000000000004,1.6750000000000003,11.600000000000001,11.7,2
1.6500000000000004,1.6750000000000003,11.7,11.8,1
1.6500000000000004,1.6750000000000003,12.0,12.100000000000001,1
1.6500000000000004,1.6750000000000003,12.5,12.600000000000001,1
1.6500000000000004,1.6750000000000003,12.8,12.900000000000002,1
1.6500000000000004,1.6750000000000003,13.2,13.3,1
1.6500000000000004,1.6750000000000003,13.7,13.8,1
1.6750000000000003,1.7000000000000002,6.700000000000001,6.800000000000001,1
1.6750000000000003,1.7000000000000002,6.800000000000001,6.9,6
1.6750000000000003,1.7000000000000002,7.0,7.100000000000001,1
1.6750000000000003,1.7000000000000002,7.100000000000001,7.200000000000001,3
1.6750000000000003,1.7000000000000002,7.200000000000001,7.300000000000001,7
1.6750000000000003,1.7000000000000002,7.300000000000001,7.4,43
1.6750000000000003,1.7000000000000002,7.4,7.5,104
1.6750000000000003,1.7000000000000002,7.5,7.600000000000001,199
1.6750000000000003,1.7000000000000002,7.600000000000001,7.700000000000001,185
1.6750000000000003,1.7000000000000002,7.700000000000001,7.800000000000001,107
1.6750000000000003,1.7000000000000002,7.800000000000001,7.9,48
1.6750000000000003,1.7000000000000002,7.9,8.0,31
1.6750000000000003,1.7000000000000002,8.0,8.100000000000001,10
1.6750000000000003,1.7000000000000002,8.100000000000001,8.200000000000001,5
1.6750000000000003,1.7000000000000002,8.200000000000001,8.3,2
1.6750000000000003,1.7000000000000002,8.3,8.4,1
1.6750000000000003,1.7000000000000002,8.4,8.5,1
1.6750000000000003,1.7000000000000002,8.600000000000001,8.700000000000001,1
1.6750000000000003,1.7000000000000002,8.700000000000001,8.8,1
1.6750000000000003,1.7000000000000002,8.8,8.9,1
1.6750000000000003,1.7000000000000002,9.100000000000001,9.200000000000001,1
1.6750000000000003,1.7000000000000002,9.3,9.4,1
1.6750000000000003,1.7000000000000002,9.4,9.5,2
1.6750000000000003,1.7000000000000002,9.600000000000001,9.700000000000001,1
1.6750000000000003,1.7000000000000002,9.9,10.0,1
1.6750000000000003,1.7000000000000002,10.100000000000001,10.200000000000001,1
1.6750000000000003,1.7000000000000002,10.3,10.4,1
1.6750000000000003,1.7000000000000002,10.4,10.5,1
1.6750000000000003,1.7000000000000002,10.600000000000001,10.700000000000001,1
1.6750000000000003,1.7000000000000002,11.2,11.3,1
1.6750000000000003,1.7000000000000002,12.0,12.100000000000001,1
1.6750000000000003,1.7000000000000002,12.2,12.3,1
1.6750000000000003,1.7000000000000002,12.8,12.900000000000002,1
1.6750000000000003,1.7000000000000002,12.900000000000002,13.0,1
1.7000000000000002,1.725,6.200000000000001,6.300000000000001,2
1.7000000000000002,1.725,6.4,6.5,1
1.7000000000000002,1.725,6.700000000000001,6.800000000000001,1
1.7000000000000002,1.725,6.800000000000001,6.9,3
1.7000000000000002,1.725,6.9,7.0,5
1.7000000000000002,1.725,7.0,7.100000000000001,2
1.7000000000000002,1.725,7.100000000000001,7.200000000000001,2
1.7000000000000002,1.725,7.200000000000001,7.300000000000001,4
1.7000000000000002,1.725,7.300000000000001,7.4,9
1.7000000000000002,1.725,7.4,7.5,61
1.7000000000000002,1.725,7.5,7.600000000000001,128
1.7000000000000002,1.725,7.600000000000001,7.700000000000001,171
1.7000000000000002,1.725,7.700000000000001,7.800000000000001,158
1.7000000000000002,1.725,7.800000000000001,7.9,79
1.7000000000000002,1.725,7.9,8.0,54
1.7000000000000002,1.725,8.0,8.100000000000001,30
1.7000000000000002,1.725,8.100000000000001,8.200000000000001,9
1.7000000000000002,1.725,8.200000000000001,8.3,3
1.7000000000000002,1.725,8.3,8.4,4
1.7000000000000002,1.725,8.4,8.5,2
1.7000000000000002,1.725,8.600000000000001,8.700000000000001,1
1.7000000000000002,1.725,8.8,8.9,1
1.7000000000000002,1.725,9.0,9.100000000000001,3
1.7000000000000002,1.725,9.100000000000001,9.200000000000001,1
1.7000000000000002,1.725,9.200000000000001,9.3,1
1.7000000000000002,1.725,9.3,9.4,2
1.7000000000000002,1.725,9.4,9.5,1
1.7000000000000002,1.725,9.5,9.600000000000001,1
1.7000000000000002,1.725,9.600000000000001,9.700000000000001,1
1.7000000000000002,1.725,10.8,10.9,1
1.7000000000000002,1.725,10.9,11.0,1
1.7000000000000002,1.725,11.2,11.3,1
1.7000000000000002,1.725,11.3,11.400000000000002,1
1.7000000000000002,1.725,11.400000000000002,11.5,2
1.7000000000000002,1.725,11.600000000000001,11.7,1
1.7000000000000002,1.725,12.100000000000001,12.2,1
1.7000000000000002,1.725,12.7,12.8,1
1.7000000000000002,1.725,12.8,12.900000000000002,1
1.7000000000000002,1.725,13.2,13.3,1
1.7000000000000002,1.725,15.700000000000003,15.8,1
1.725,1.75,-0.5999999999999996,-0.5,1
1.725,1.75,6.800000000000001,6.9,1
1.725,1.75,6.9,7.0,1
1.725,1.75,7.0,7.100000000000001,6
1.725,1.75,7.100000000000001,7.200000000000001,1
1.725,1.75,7.200000000000001,7.300000000000001,4
1.725,1.75,7.300000000000001,7.4,1
1.725,1.75,7.4,7.5,30
1.725,1.75,7.5,7.600000000000001,79
1.725,1.75,7.600000000000001,7.700000000000001,142
1.725,1.75,7.700000000000001,7.800000000000001,177
1.725,1.75,7.800000000000001,7.9,125
1.725,1.75,7.9,8.0,85
1.725,1.75,8.0,8.100000000000001,51
1.725,1.75,8.100000000000001,8.200000000000001,20
1.725,1.75,8.200000000000001,8.3,11
1.725,1.75,8.3,8.4,6
1.725,1.75,8.4,8.5,5
1.725,1.75,8.600000000000001,8.700000000000001,1
1.725,1.75,8.700000000000001,8.8,4
1.725,1.75,8.8,8.9,2
1.725,1.75,9.100000000000001,9.200000000000001,1
1.725,1.75,9.3,9.4,1
1.725,1.75,9.4,9.5,4
1.725,1.75,9.5,9.600000000000001,3
1.725,1.75,9.600000000000001,9.700000000000001,2
1.725,1.75,9.700000000000001,9.8,4
1.725,1.75,9.8,9.9,1
1.725,1.75,9.9,10.0,1
1.725,1.75,10.100000000000001,10.200000000000001,3
1.725,1.75,10.200000000000001,10.3,1
1.725,1.75,10.4,10.5,1
1.725,1.75,10.5,10.600000000000001,1
1.725,1.75,10.600000000000001,10.700000000000001,1
1.725,1.75,10.8,10.9,1
1.725,1.75,11.100000000000001,11.2,2
1.725,1.75,11.7,11.8,1
1.725,1.75,11.900000000000002,12.0,1
1.725,1.75,12.2,12.3,1
1.725,1.75,12.400000000000002,12.5,2
1.725,1.75,12.600000000000001,12.7,1
1.725,1.75,12.7,12.8,1
1.725,1.75,13.100000000000001,13.2,1
1.725,1.75,13.3,13.400000000000002,1
1.75,1.7750000000000004,6.800000000000001,6.9,1
1.75,1.7750000000000004,6.9,7.0,4
1.75,1.7750000000000004,7.0,7.100000000000001,1
1.75,1.7750000000000004,7.100000000000001,7.200000000000001,1
1.75,1.7750000000000004,7.200000000000001,7.300000000000001,1
1.75,1.7750000000000004,7.300000000000001,7.4,2
1.75,1.7750000000000004,7.4,7.5,7
1.75,1.7750000000000004,7.5,7.600000000000001,44
1.75,1.7750000000000004,7.600000000000001,7.700000000000001,98
1.75,1.7750000000000004,7.700000000000001,7.800000000000001,190
1.75,1.7750000000000004,7.800000000000001,7.9,191
1.75,1.7750000000000004,7.9,8.0,103
1.75,1.7750000000000004,8.0,8.100000000000001,57
1.75,1.7750000000000004,8.100000000000001,8.200000000000001,46
1.75,1.7750000000000004,8.200000000000001,8.3,21
1.75,1.7750000000000004,8.3,8.4,8
1.75,1.7750000000000004,8.4,8.5,4
1.75,1.7750000000000004,8.5,8.600000000000001,1
1.75,1.7750000000000004,8.600000000000001,8.700000000000001,1
1.75,1.7750000000000004,8.700000000000001,8.8,3
1.75,1.7750000000000004,8.8,8.9,1
1.75,1.7750000000000004,8.9,9.0,3
1.75,1.7750000000000004,9.0,9.100000000000001,4
1.75,1.7750000000000004,9.100000000000001,9.200000000000001,2
1.75,1.7750000000000004,9.200000000000001,9.3,1
1.75,1.7750000000000004,9.3,9.4,5
1.75,1.7750000000000004,9.4,9.5,2
1.75,1.7750000000000004,9.5,9.600000000000001,1
1.75,1.7750000000000004,9.600000000000001,9.700000000000001,1
1.75,1.7750000000000004,9.700000000000001,9.8,3
1.75,1.7750000000000004,9.8,9.9,1
1.75,1.7750000000000004,9.9,10.0,2
1.75,1.7750000000000004,10.0,10.100000000000001,2
1.75,1.7750000000000004,10.3,10.4,1
1.75,1.7750000000000004,10.5,10.600000000000001,3
1.75,1.7750000000000004,10.600000000000001,10.700000000000001,2
1.75,1.7750000000000004,10.9,11.0,2
1.75,1.7750000000000004,11.2,11.3,1
1.75,1.7750000000000004,11.3,11.400000000000002,1
1.75,1.7750000000000004,12.5,12.600000000000001,1
1.75,1.7750000000000004,12.900000000000002,13.0,1
1.75,1.7750000000000004,13.7,13.8,1
1.75,1.7750000000000004,13.900000000000002,14.0,1
1.75,1.7750000000000004,15.0,15.100000000000001,1
1.7750000000000004,1.8000000000000003,6.9,7.0,3
1.7750000000000004,1.8000000000000003,7.0,7.100000000000001,2
1.7750000000000004,1.8000000000000003,7.100000000000001,7.200000000000001,3
1.7750000000000004,1.8000000000000003,7.200000000000001,7.300000000000001,5
1.7750000000000004,1.8000000000000003,7.300000000000001,7.4,5
1.7750000000000004,1.8000000000000003,7.4,7.5,4
1.7750000000000004,1.8000000000000003,7.5,7.600000000000001,20
1.7750000000000004,1.8000000000000003,7.600000000000001,7.700000000000001,55
1.7750000000000004,1.8000000000000003,7.700000000000001,7.800000000000001,157
1.7750000000000004,1.8000000000000003,7.800000000000001,7.9,186
1.7750000000000004,1.8000000000000003,7.9,8.0,148
1.7750000000000004,1.8000000000000003,8.0,8.100000000000001,79
1.7750000000000004,1.8000000000000003,8.100000000000001,8.200000000000001,59
1.7750000000000004,1.8000000000000003,8.200000000000001,8.3,36
1.7750000000000004,1.8000000000000003,8.3,8.4,9
1.7750000000000004,1.8000000000000003,8.4,8.5,7
1.7750000000000004,1.8000000000000003,8.5,8.600000000000001,5
1.7750000000000004,1.8000000000000003,8.600000000000001,8.700000000000001,3
1.7750000000000004,1.8000000000000003,8.700000000000001,8.8,2
1.7750000000000004,1.8000000000000003,8.8,8.9,2
1.7750000000000004,1.8000000000000003,9.0,9.100000000000001,4
1.7750000000000004,1.8000000000000003,9.100000000000001,9.200000000000001,1
1.7750000000000004,1.8000000000000003,9.200000000000001,9.3,1
1.7750000000000004,1.8000000000000003,9.3,9.4,8
1.7750000000000004,1.8000000000000003,9.5,9.600000000000001,1
1.7750000000000004,1.8000000000000003,9.8,9.9,1
1.7750000000000004,1.8000000000000003,9.9,10.0,4
1.7750000000000004,1.8000000000000003,10.0,10.100000000000001,1
1.7750000000000004,1.8000000000000003,10.100000000000001,10.200000000000001,2
1.7750000000000004,1.8000000000000003,10.200000000000001,10.3,1
1.7750000000000004,1.8000000000000003,10.5,10.600000000000001,2
1.7750000000000004,1.8000000000000003,10.600000000000001,10.700000000000001,1
1.7750000000000004,1.8000000000000003,10.9,11.0,1
1.7750000000000004,1.8000000000000003,11.400000000000002,11.5,1
1.7750000000000004,1.8000000000000003,11.600000000000001,11.7,1
1.7750000000000004,1.8000000000000003,11.8,11.900000000000002,2
1.8000000000000003,1.8250000000000002,5.9,6.0,1
1.8000000000000003,1.8250000000000002,6.700000000000001,6.800000000000001,1
1.8000000000000003,1.8250000000000002,6.9,7.0,1
1.8000000000000003,1.8250000000000002,7.0,7.100000000000001,3
1.8000000000000003,1.8250000000000002,7.100000000000001,7.200000000000001,1
1.8000000000000003,1.8250000000000002,7.200000000000001,7.300000000000001,3
1.8000000000000003,1.8250000000000002,7.300000000000001,7.4,1
1.8000000000000003,1.8250000000000002,7.4,7.5,5
1.8000000000000003,1.8250000000000002,7.5,7.600000000000001,6
1.8000000000000003,1.8250000000000002,7.600000000000001,7.700000000000001,49
1.8000000000000003,1.8250000000000002,7.700000000000001,7.800000000000001,83
1.8000000000000003,1.8250000000000002,7.800000000000001,7.9,174
1.8000000000000003,1.8250000000000002,7.9,8.0,194
1.8000000000000003,1.8250000000000002,8.0,8.100000000000001,136
1.8000000000000003,1.8250000000000002,8.100000000000001,8.200000000000001,89
1.8000000000000003,1.8250000000000002,8.200000000000001,8.3,52
1.8000000000000003,1.8250000000000002,8.3,8.4,30
1.8000000000000003,1.8250000000000002,8.4,8.5,23
1.8000000000000003,1.8250000000000002,8.5,8.600000000000001,4
1.8000000000000003,1.8250000000000002,8.600000000000001,8.700000000000001,1
1.8000000000000003,1.8250000000000002,8.8,8.9,2
1.8000000000000003,1.8250000000000002,8.9,9.0,3
1.8000000000000003,1.8250000000000002,9.0,9.100000000000001,1
1.8000000000000003,1.8250000000000002,9.100000000000001,9.200000000000001,1
1.8000000000000003,1.8250000000000002,9.200000000000001,9.3,1
1.8000000000000003,1.8250000000000002,9.3,9.4,3
1.8000000000000003,1.8250000000000002,9.4,9.5,1
1.8000000000000003,1.8250000000000002,9.5,9.600000000000001,3
1.8000000000000003,1.8250000000000002,9.600000000000001,9.700000000000001,2
1.8000000000000003,1.8250000000000002,9.8,9.9,2
1.8000000000000003,1.8250000000000002,9.9,10.0,1
1.8000000000000003,1.8250000000000002,10.0,10.100000000000001,3
1.8000000000000003,1.8250000000000002,10.3,10.4,3
1.8000000000000003,1.8250000000000002,10.4,10.5,1
1.8000000000000003,1.8250000000000002,10.600000000000001,10.700000000000001,2
1.8000000000000003,1.8250000000000002,11.400000000000002,11.5,1
1.8000000000000003,1.8250000000000002,11.600000000000001,11.7,1
1.8000000000000003,1.8250000000000002,11.8,11.900000000000002,1
1.8000000000000003,1.8250000000000002,11.900000000000002,12.0,1
1.8000000000000003,1.8250000000000002,12.0,12.100000000000001,1
1.8000000000000003,1.8250000000000002,12.5,12.600000000000001,2
1.8000000000000003,1.8250000000000002,12.8,12.900000000000002,1
1.8250000000000002,1.85,7.0,7.100000000000001,1
1.8250000000000002,1.85,7.100000000000001,7.200000000000001,4
1.8250000000000002,1.85,7.200000000000001,7.300000000000001,3
1.8250000000000002,1.85,7.300000000000001,7.4,3
1.8250000000000002,1.85,7.4,7.5,2
1.8250000000000002,1.85,7.5,7.600000000000001,4
1.8250000000000002,1.85,7.600000000000001,7.700000000000001,19
1.8250000000000002,1.85,7.700000000000001,7.800000000000001,57
1.8250000000000002,1.85,7.800000000000001,7.9,121
1.8250000000000002,1.85,7.9,8.0,170
1.8250000000000002,1.85,8.0,8.100000000000001,183
1.8250000000000002,1.85,8.100000000000001,8.200000000000001,108
1.8250000000000002,1.85,8.200000000000001,8.3,67
1.8250000000000002,1.85,8.3,8.4,51
1.8250000000000002,1.85,8.4,8.5,28
1.8250000000000002,1.85,8.5,8.600000000000001,11
1.8250000000000002,1.85,8.600000000000001,8.700000000000001,5
1.8250000000000002,1.85,8.700000000000001,8.8,1
1.8250000000000002,1.85,8.8,8.9,1
1.8250000000000002,1.85,8.9,9.0,2
1.8250000000000002,1.85,9.0,9.100000000000001,1
1.8250000000000002,1.85,9.100000000000001,9.200000000000001,1
1.8250000000000002,1.85,9.200000000000001,9.3,2
1.8250000000000002,1.85,9.3,9.4,1
1.8250000000000002,1.85,9.4,9.5,4
1.8250000000000002,1.85,9.5,9.600000000000001,1
1.8250000000000002,1.85,9.600000000000001,9.700000000000001,2
1.8250000000000002,1.85,9.700000000000001,9.8,2
1.8250000000000002,1.85,9.8,9.9,1
1.8250000000000002,1.85,9.9,10.0,1
1.8250000000000002,1.85,10.0,10.100000000000001,3
1.8250000000000002,1.85,10.100000000000001,10.200000000000001,3
1.8250000000000002,1.85,10.200000000000001,10.3,4
1.8250000000000002,1.85,10.3,10.4,1
1.8250000000000002,1.85,10.5,10.600000000000001,4
1.8250000000000002,1.85,10.700000000000001,10.8,1
1.8250000000000002,1.85,10.8,10.9,1
1.8250000000000002,1.85,10.9,11.0,1
1.8250000000000002,1.85,11.0,11.100000000000001,1
1.8250000000000002,1.85,11.2,11.3,1
1.8250000000000002,1.85,11.400000000000002,11.5,1
1.8250000000000002,1.85,12.2,12.3,1
1.8250000000000002,1.85,12.400000000000002,12.5,1
1.8250000000000002,1.85,12.600000000000001,12.7,1
1.8250000000000002,1.85,12.8,12.900000000000002,1
1.8250000000000002,1.85,13.2,13.3,1
1.85,1.875,7.0,7.100000000000001,2
1.85,1.875,7.100000000000001,7.200000000000001,2
1.85,1.875,7.200000000000001,7.300000000000001,4
1.85,1.875,7.300000000000001,7.4,6
1.85,1.875,7.4,7.5,4
1.85,1.875,7.5,7.600000000000001,3
1.85,1.875,7.600000000000001,7.700000000000001,7
1.85,1.875,7.700000000000001,7.800000000000001,29
1.85,1.875,7.800000000000001,7.9,74
1.85,1.875,7.9,8.0,141
1.85,1.875,8.0,8.100000000000001,177
1.85,1.875,8.100000000000001,8.200000000000001,157
1.85,1.875,8.200000000000001,8.3,112
1.85,1.875,8.3,8.4,64
1.85,1.875,8.4,8.5,46
1.85,1.875,8.5,8.600000000000001,24
1.85,1.875,8.600000000000001,8.700000000000001,15
1.85,1.875,8.700000000000001,8.8,1
1.85,1.875,8.8,8.9,5
1.85,1.875,8.9,9.0,3
1.85,1.875,9.100000000000001,9.200000000000001,2
1.85,1.875,9.200000000000001,9.3,1
1.85,1.875,9.5,9.600000000000001,1
1.85,1.875,9.9,10.0,5
1.85,1.875,10.0,10.100000000000001,7
1.85,1.875,10.100000000000001,10.200000000000001,2
1.85,1.875,10.200000000000001,10.3,3
1.85,1.875,10.3,10.4,2
1.85,1.875,10.4,10.5,1
1.85,1.875,10.5,10.600000000000001,2
1.85,1.875,10.600000000000001,10.700000000000001,2
1.85,1.875,10.700000000000001,10.8,2
1.85,1.875,10.8,10.9,1
1.85,1.875,10.9,11.0,2
1.85,1.875,11.3,11.400000000000002,1
1.85,1.875,11.600000000000001,11.7,1
1.85,1.875,11.8,11.900000000000002,2
1.85,1.875,11.900000000000002,12.0,1
1.85,1.875,12.100000000000001,12.2,1
1.85,1.875,12.3,12.400000000000002,1
1.85,1.875,12.400000000000002,12.5,1
1.85,1.875,12.7,12.8,1
1.875,1.9000000000000004,5.700000000000001,5.800000000000001,1
1.875,1.9000000000000004,7.100000000000001,7.200000000000001,1
1.875,1.9000000000000004,7.300000000000001,7.4,3
1.875,1.9000000000000004,7.4,7.5,5
1.875,1.9000000000000004,7.5,7.600000000000001,1
1.875,1.9000000000000004,7.600000000000001,7.700000000000001,5
1.875,1.9000000000000004,7.700000000000001,7.800000000000001,13
1.875,1.9000000000000004,7.800000000000001,7.9,54
1.875,1.9000000000000004,7.9,8.0,91
1.875,1.9000000000000004,8.0,8.100000000000001,172
1.875,1.9000000000000004,8.100000000000001,8.200000000000001,155
1.875,1.9000000000000004,8.200000000000001,8.3,129
1.875,1.9000000000000004,8.3,8.4,104
1.875,1.9000000000000004,8.4,8.5,58
1.875,1.9000000000000004,8.5,8.600000000000001,37
1.875,1.9000000000000004,8.600000000000001,8.700000000000001,41
1.875,1.9000000000000004,8.700000000000001,8.8,17
1.875,1.9000000000000004,8.8,8.9,3
1.875,1.9000000000000004,8.9,9.0,2
1.875,1.9000000000000004,9.0,9.100000000000001,3
1.875,1.9000000000000004,9.3,9.4,3
1.875,1.9000000000000004,9.4,9.5,2
1.875,1.9000000000000004,9.700000000000001,9.8,1
1.875,1.9000000000000004,10.0,10.100000000000001,5
1.875,1.9000000000000004,10.100000000000001,10.200000000000001,6
1.875,1.9000000000000004,10.200000000000001,10.3,1
1.875,1.9000000000000004,10.3,10.4,1
1.875,1.9000000000000004,10.4,10.5,2
1.875,1.9000000000000004,10.5,10.600000000000001,1
1.875,1.9000000000000004,10.600000000000001,10.700000000000001,2
1.875,1.9000000000000004,10.700000000000001,10.8,4
1.875,1.9000000000000004,10.8,10.9,1
1.875,1.9000000000000004,11.600000000000001,11.7,1
1.875,1.9000000000000004,11.8,11.900000000000002,2
1.875,1.9000000000000004,11.900000000000002,12.0,1
1.875,1.9000000000000004,12.0,12.100000000000001,1
1.875,1.9000000000000004,12.2,12.3,1
1.875,1.9000000000000004,12.8,12.900000000000002,1
1.875,1.9000000000000004,14.400000000000002,14.5,1
1.9000000000000004,1.9250000000000003,-2.3,-2.1999999999999997,1
1.9000000000000004,1.9250000000000003,6.800000000000001,6.9,1
1.9000000000000004,1.9250000000000003,7.100000000000001,7.200000000000001,1
1.9000000000000004,1.9250000000000003,7.200000000000001,7.300000000000001,3
1.9000000000000004,1.9250000000000003,7.300000000000001,7.4,2
1.9000000000000004,1.9250000000000003,7.4,7.5,5
1.9000000000000004,1.9250000000000003,7.5,7.600000000000001,5
1.9000000000000004,1.9250000000000003,7.600000000000001,7.700000000000001,2
1.9000000000000004,1.9250000000000003,7.700000000000001,7.800000000000001,5
1.9000000000000004,1.9250000000000003,7.800000000000001,7.9,26
1.9000000000000004,1.9250000000000003,7.9,8.0,60
1.9000000000000004,1.9250000000000003,8.0,8.100000000000001,111
1.9000000000000004,1.9250000000000003,8.100000000000001,8.200000000000001,155
1.9000000000000004,1.9250000000000003,8.200000000000001,8.3,181
1.9000000000000004,1.9250000000000003,8.3,8.4,133
1.9000000000000004,1.9250000000000003,8.4,8.5,89
1.9000000000000004,1.9250000000000003,8.5,8.600000000000001,61
1.9000000000000004,1.9250000000000003,8.600000000000001,8.700000000000001,37
1.9000000000000004,1.9250000000000003,8.700000000000001,8.8,27
1.9000000000000004,1.9250000000000003,8.8,8.9,13
1.9000000000000004,1.9250000000000003,8.9,9.0,11
1.9000000000000004,1.9250000000000003,9.0,9.100000000000001,5
1.9000000000000004,1.9250000000000003,9.100000000000001,9.200000000000001,2
1.9000000000000004,1.9250000000000003,9.200000000000001,9.3,5
1.9000000000000004,1.9250000000000003,9.3,9.4,1
1.9000000000000004,1.9250000000000003,9.4,9.5,2
1.9000000000000004,1.9250000000000003,9.5,9.600000000000001,1
1.9000000000000004,1.9250000000000003,9.600000000000001,9.700000000000001,3
1.9000000000000004,1.9250000000000003,9.700000000000001,9.8,1
1.9000000000000004,1.9250000000000003,9.8,9.9,2
1.9000000000000004,1.9250000000000003,10.0,10.100000000000001,2
1.9000000000000004,1.9250000000000003,10.100000000000001,10.200000000000001,2
1.9000000000000004,1.9250000000000003,10.200000000000001,10.3,2
1.9000000000000004,1.9250000000000003,10.3,10.4,2
1.9000000000000004,1.9250000000000003,10.5,10.600000000000001,2
1.9000000000000004,1.9250000000000003,10.600000000000001,10.700000000000001,1
1.9000000000000004,1.9250000000000003,10.700000000000001,10.8,1
1.9000000000000004,1.9250000000000003,10.8,10.9,1
1.9000000000000004,1.9250000000000003,10.9,11.0,4
1.9000000000000004,1.9250000000000003,11.0,11.100000000000001,1
1.9000000000000004,1.9250000000000003,11.100000000000001,11.2,4
1.9000000000000004,1.9250000000000003,11.2,11.3,1
1.9000000000000004,1.9250000000000003,11.5,11.600000000000001,1
1.9000000000000004,1.9250000000000003,11.600000000000001,11.7,1
1.9000000000000004,1.9250000000000003,11.7,11.8,1
1.9000000000000004,1.9250000000000003,12.0,12.100000000000001,1
1.9000000000000004,1.9250000000000003,12.3,12.400000000000002,1
1.9000000000000004,1.9250000000000003,12.900000000000002,13.0,1
1.9000000000000004,1.9250000000000003,13.100000000000001,13.2,1
1.9000000000000004,1.9250000000000003,13.400000000000002,13.5,1
1.9250000000000003,1.9500000000000002,6.800000000000001,6.9,1
1.9250000000000003,1.9500000000000002,7.200000000000001,7.300000000000001,3
1.9250000000000003,1.9500000000000002,7.300000000000001,7.4,2
1.9250000000000003,1.9500000000000002,7.4,7.5,4
1.9250000000000003,1.9500000000000002,7.600000000000001,7.700000000000001,1
1.9250000000000003,1.9500000000000002,7.700000000000001,7.800000000000001,4
1.9250000000000003,1.9500000000000002,7.800000000000001,7.9,6
1.9250000000000003,1.9500000000000002,7.9,8.0,46
1.9250000000000003,1.9500000000000002,8.0,8.100000000000001,72
1.9250000000000003,1.9500000000000002,8.100000000000001,8.200000000000001,140
1.9250000000000003,1.9500000000000002,8.200000000000001,8.3,185
1.9250000000000003,1.9500000000000002,8.3,8.4,161
1.9250000000000003,1.9500000000000002,8.4,8.5,112
1.9250000000000003,1.9500000000000002,8.5,8.600000000000001,62
1.9250000000000003,1.9500000000000002,8.600000000000001,8.700000000000001,60
1.9250000000000003,1.9500000000000002,8.700000000000001,8.8,36
1.9250000000000003,1.9500000000000002,8.8,8.9,30
1.9250000000000003,1.9500000000000002,8.9,9.0,15
1.9250000000000003,1.9500000000000002,9.0,9.100000000000001,9
1.9250000000000003,1.9500000000000002,9.100000000000001,9.200000000000001,3
1.9250000000000003,1.9500000000000002,9.200000000000001,9.3,2
1.9250000000000003,1.9500000000000002,9.3,9.4,4
1.9250000000000003,1.9500000000000002,9.5,9.600000000000001,2
1.9250000000000003,1.9500000000000002,9.600000000000001,9.700000000000001,2
1.9250000000000003,1.9500000000000002,9.700000000000001,9.8,1
1.9250000000000003,1.9500000000000002,9.8,9.9,3
1.9250000000000003,1.9500000000000002,9.9,10.0,1
1.9250000000000003,1.9500000000000002,10.0,10.100000000000001,2
1.9250000000000003,1.9500000000000002,10.100000000000001,10.200000000000001,2
1.9250000000000003,1.9500000000000002,10.200000000000001,10.3,2
1.9250000000000003,1.9500000000000002,10.3,10.4,4
1.9250000000000003,1.9500000000000002,10.4,10.5,1
1.9250000000000003,1.9500000000000002,10.5,10.600000000000001,1
1.9250000000000003,1.9500000000000002,10.600000000000001,10.700000000000001,1
1.9250000000000003,1.9500000000000002,10.700000000000001,10.8,4
1.9250000000000003,1.9500000000000002,10.8,10.9,1
1.9250000000000003,1.9500000000000002,10.9,11.0,3
1.9250000000000003,1.9500000000000002,11.2,11.3,3
1.9250000000000003,1.9500000000000002,11.8,11.900000000000002,1
1.9250000000000003,1.9500000000000002,12.100000000000001,12.2,1
1.9250000000000003,1.9500000000000002,12.3,12.400000000000002,1
1.9250000000000003,1.9500000000000002,12.5,12.600000000000001,1
1.9500000000000002,1.975,7.4,7.5,2
1.9500000000000002,1.975,7.5,7.600000000000001,3
1.9500000000000002,1.975,7.600000000000001,7.700000000000001,1
1.9500000000000002,1.975,7.700000000000001,7.800000000000001,2
1.9500000000000002,1.975,7.800000000000001,7.9,4
1.9500000000000002,1.975,7.9,8.0,24
1.9500000000000002,1.975,8.0,8.100000000000001,53
1.9500000000000002,1.975,8.100000000000001,8.200000000000001,122
1.9500000000000002,1.975,8.200000000000001,8.3,160
1.9500000000000002,1.975,8.3,8.4,167
1.9500000000000002,1.975,8.4,8.5,171
1.9500000000000002,1.975,8.5,8.600000000000001,110
1.9500000000000002,1.975,8.600000000000001,8.700000000000001,81
1.9500000000000002,1.975,8.700000000000001,8.8,58
1.9500000000000002,1.975,8.8,8.9,36
1.9500000000000002,1.975,8.9,9.0,27
1.9500000000000002,1.975,9.0,9.100000000000001,9
1.9500000000000002,1.975,9.100000000000001,9.200000000000001,7
1.9500000000000002,1.975,9.200000000000001,9.3,2
1.9500000000000002,1.975,9.3,9.4,2
1.9500000000000002,1.975,9.4,9.5,1
1.9500000000000002,1.975,9.5,9.600000000000001,3
1.9500000000000002,1.975,9.600000000000001,9.700000000000001,4
1.9500000000000002,1.975,9.700000000000001,9.8,3
1.9500000000000002,1.975,9.8,9.9,3
1.9500000000000002,1.975,9.9,10.0,2
1.9500000000000002,1.975,10.0,10.100000000000001,2
1.9500000000000002,1.975,10.100000000000001,10.200000000000001,2
1.9500000000000002,1.975,10.200000000000001,10.3,2
1.9500000000000002,1.975,10.3,10.4,2
1.9500000000000002,1.975,10.4,10.5,1
1.9500000000000002,1.975,10.5,10.600000000000001,3
1.9500000000000002,1.975,10.600000000000001,10.700000000000001,2
1.9500000000000002,1.975,10.700000000000001,10.8,1
1.9500000000000002,1.975,10.8,10.9,3
1.9500000000000002,1.975,10.9,11.0,1
1.9500000000000002,1.975,11.0,11.100000000000001,1
1.9500000000000002,1.975,11.2,11.3,1
1.9500000000000002,1.975,11.3,11.400000000000002,1
1.9500000000000002,1.975,11.400000000000002,11.5,1
1.9500000000000002,1.975,11.5,11.600000000000001,1
1.9500000000000002,1.975,12.7,12.8,1
1.9500000000000002,1.975,12.8,12.900000000000002,1
1.975,2.0,7.300000000000001,7.4,1
1.975,2.0,7.4,7.5,1
1.975,2.0,7.5,7.600000000000001,2
1.975,2.0,7.600000000000001,7.700000000000001,4
1.975,2.0,7.700000000000001,7.800000000000001,3
1.975,2.0,7.800000000000001,7.9,4
1.975,2.0,7.9,8.0,7
1.975,2.0,8.0,8.100000000000001,30
1.975,2.0,8.100000000000001,8.200000000000001,82
1.975,2.0,8.200000000000001,8.3,132
1.975,2.0,8.3,8.4,159
1.975,2.0,8.4,8.5,195
1.975,2.0,8.5,8.600000000000001,135
1.975,2.0,8.600000000000001,8.700000000000001,95
1.975,2.0,8.700000000000001,8.8,49
1.975,2.0,8.8,8.9,47
1.975,2.0,8.9,9.0,43
1.975,2.0,9.0,9.100000000000001,26
1.975,2.0,9.100000000000001,9.200000000000001,9
1.975,2.0,9.200000000000001,9.3,8
1.975,2.0,9.3,9.4,3
1.975,2.0,9.4,9.5,3
1.975,2.0,9.600000000000001,9.700000000000001,2
1.975,2.0,9.700000000000001,9.8,2
1.975,2.0,9.8,9.9,1
1.975,2.0,9.9,10.0,3
1.975,2.0,10.0,10.100000000000001,2
1.975,2.0,10.100000000000001,10.200000000000001,1
1.975,2.0,10.200000000000001,10.3,2
1.975,2.0,10.3,10.4,1
1.975,2.0,10.4,10.5,1
1.975,2.0,10.5,10.600000000000001,1
1.975,2.0,10.600000000000001,10.700000000000001,2
1.975,2.0,10.700000000000001,10.8,3
1.975,2.0,10.8,10.9,6
1.975,2.0,11.100000000000001,11.2,2
1.975,2.0,11.2,11.3,2
1.975,2.0,11.400000000000002,11.5,2
1.975,2.0,11.900000000000002,12.0,1
1.975,2.0,12.0,12.100000000000001,1
1.975,2.0,12.2,12.3,1
1.975,2.0,12.3,12.400000000000002,1
1.975,2.0,12.400000000000002,12.5,1
1.975,2.0,12.7,12.8,2
1.975,2.0,12.8,12.900000000000002,1
1.975,2.0,13.100000000000001,13.2,1
1.975,2.0,13.2,13.3,1
1.975,2.0,14.3,14.400000000000002,1
2.0,2.0250000000000004,7.0,7.100000000000001,1
2.0,2.0250000000000004,7.300000000000001,7.4,1
2.0,2.0250000000000004,7.4,7.5,3
2.0,2.0250000000000004,7.5,7.600000000000001,4
2.0,2.0250000000000004,7.600000000000001,7.700000000000001,3
2.0,2.0250000000000004,7.700000000000001,7.800000000000001,1
2.0,2.0250000000000004,7.800000000000001,7.9,3
2.0,2.0250000000000004,7.9,8.0,4
2.0,2.0250000000000004,8.0,8.100000000000001,11
2.0,2.0250000000000004,8.100000000000001,8.200000000000001,40
2.0,2.0250000000000004,8.200000000000001,8.3,75
2.0,2.0250000000000004,8.3,8.4,164
2.0,2.0250000000000004,8.4,8.5,193
2.0,2.0250000000000004,8.5,8.600000000000001,174
2.0,2.0250000000000004,8.600000000000001,8.700000000000001,130
2.0,2.0250000000000004,8.700000000000001,8.8,90
2.0,2.0250000000000004,8.8,8.9,59
2.0,2.0250000000000004,8.9,9.0,53
2.0,2.0250000000000004,9.0,9.100000000000001,33
2.0,2.0250000000000004,9.100000000000001,9.200000000000001,27
2.0,2.0250000000000004,9.200000000000001,9.3,15
2.0,2.0250000000000004,9.3,9.4,8
2.0,2.0250000000000004,9.5,9.600000000000001,4
2.0,2.0250000000000004,9.600000000000001,9.700000000000001,1
2.0,2.0250000000000004,9.700000000000001,9.8,1
2.0,2.0250000000000004,9.8,9.9,1
2.0,2.0250000000000004,9.9,10.0,1
2.0,2.0250000000000004,10.0,10.100000000000001,1
2.0,2.0250000000000004,10.100000000000001,10.200000000000001,1
2.0,2.0250000000000004,10.200000000000001,10.3,2
2.0,2.0250000000000004,10.3,10.4,1
2.0,2.0250000000000004,10.5,10.600000000000001,3
2.0,2.0250000000000004,10.600000000000001,10.700000000000001,1
2.0,2.0250000000000004,10.700000000000001,10.8,1
2.0,2.0250000000000004,10.8,10.9,3
2.0,2.0250000000000004,10.9,11.0,1
2.0,2.0250000000000004,11.0,11.100000000000001,1
2.0,2.0250000000000004,11.100000000000001,11.2,2
2.0,2.0250000000000004,11.2,11.3,1
2.0,2.0250000000000004,11.3,11.400000000000002,1
2.0,2.0250000000000004,11.400000000000002,11.5,2
2.0,2.0250000000000004,11.5,11.600000000000001,1
2.0,2.0250000000000004,11.7,11.8,2
2.0,2.0250000000000004,12.0,12.100000000000001,1
2.0,2.0250000000000004,12.100000000000001,12.2,1
2.0,2.0250000000000004,12.3,12.400000000000002,1
2.0,2.0250000000000004,12.5,12.600000000000001,1
2.0,2.0250000000000004,13.0,13.100000000000001,1
2.0,2.0250000000000004,13.8,13.900000000000002,2
2.0250000000000004,2.0500000000000003,7.0,7.100000000000001,1
2.0250000000000004,2.0500000000000003,7.300000000000001,7.4,1
2.0250000000000004,2.0500000000000003,7.4,7.5,3
2.0250000000000004,2.0500000000000003,7.5,7.600000000000001,2
2.0250000000000004,2.0500000000000003,7.600000000000001,7.700000000000001,4
2.0250000000000004,2.0500000000000003,7.700000000000001,7.800000000000001,1
2.0250000000000004,2.0500000000000003,7.800000000000001,7.9,1
2.0250000000000004,2.0500000000000003,7.9,8.0,3
2.0250000000000004,2.0500000000000003,8.0,8.100000000000001,4
2.0250000000000004,2.0500000000000003,8.100000000000001,8.200000000000001,29
2.0250000000000004,2.0500000000000003,8.200000000000001,8.3,61
2.0250000000000004,2.0500000000000003,8.3,8.4,124
2.0250000000000004,2.0500000000000003,8.4,8.5,170
2.0250000000000004,2.0500000000000003,8.5,8.600000000000001,187
2.0250000000000004,2.0500000000000003,8.600000000000001,8.700000000000001,167
2.0250000000000004,2.0500000000000003,8.700000000000001,8.8,118
2.0250000000000004,2.0500000000000003,8.8,8.9,84
2.0250000000000004,2.0500000000000003,8.9,9.0,56
2.0250000000000004,2.0500000000000003,9.0,9.100000000000001,58
2.0250000000000004,2.0500000000000003,9.100000000000001,9.200000000000001,46
2.0250000000000004,2.0500000000000003,9.200000000000001,9.3,21
2.0250000000000004,2.0500000000000003,9.3,9.4,15
2.0250000000000004,2.0500000000000003,9.4,9.5,5
2.0250000000000004,2.0500000000000003,9.5,9.600000000000001,9
2.0250000000000004,2.0500000000000003,9.600000000000001,9.700000000000001,2
2.0250000000000004,2.0500000000000003,9.700000000000001,9.8,4
2.0250000000000004,2.0500000000000003,9.8,9.9,4
2.0250000000000004,2.0500000000000003,9.9,10.0,3
2.0250000000000004,2.0500000000000003,10.0,10.100000000000001,7
2.0250000000000004,2.0500000000000003,10.100000000000001,10.200000000000001,3
2.0250000000000004,2.0500000000000003,10.200000000000001,10.3,1
2.0250000000000004,2.0500000000000003,10.4,10.5,2
2.0250000000000004,2.0500000000000003,10.600000000000001,10.700000000000001,1
2.0250000000000004,2.0500000000000003,10.700000000000001,10.8,2
2.0250000000000004,2.0500000000000003,10.8,10.9,1
2.0250000000000004,2.0500000000000003,10.9,11.0,2
2.0250000000000004,2.0500000000000003,11.0,11.100000000000001,2
2.0250000000000004,2.0500000000000003,11.100000000000001,11.2,2
2.0250000000000004,2.0500000000000003,11.2,11.3,3
2.0250000000000004,2.0500000000000003,11.3,11.400000000000002,2
2.0250000000000004,2.0500000000000003,11.400000000000002,11.5,1
2.0250000000000004,2.0500000000000003,11.5,11.600000000000001,1
2.0250000000000004,2.0500000000000003,11.7,11.8,2
2.0250000000000004,2.0500000000000003,11.8,11.900000000000002,1
2.0250000000000004,2.0500000000000003,12.3,12.400000000000002,1
2.0250000000000004,2.0500000000000003,12.400000000000002,12.5,1
2.0250000000000004,2.0500000000000003,12.900000000000002,13.0,1
2.0500000000000003,2.075,6.9,7.0,1
2.0500000000000003,2.075,7.4,7.5,2
2.0500000000000003,2.075,7.5,7.600000000000001,4
2.0500000000000003,2.075,7.600000000000001,7.700000000000001,4
2.0500000000000003,2.075,7.700000000000001,7.800000000000001,4
2.0500000000000003,2.075,7.800000000000001,7.9,1
2.0500000000000003,2.075,8.0,8.100000000000001,4
2.0500000000000003,2.075,8.100000000000001,8.200000000000001,11
2.0500000000000003,2.075,8.200000000000001,8.3,33
2.0500000000000003,2.075,8.3,8.4,81
2.0500000000000003,2.075,8.4,8.5,155
2.0500000000000003,2.075,8.5,8.600000000000001,177
2.0500000000000003,2.075,8.600000000000001,8.700000000000001,199
2.0500000000000003,2.075,8.700000000000001,8.8,134
2.0500000000000003,2.075,8.8,8.9,99
2.0500000000000003,2.075,8.9,9.0,89
2.0500000000000003,2.075,9.0,9.100000000000001,63
2.0500000000000003,2.075,9.100000000000001,9.200000000000001,44
2.0500000000000003,2.075,9.200000000000001,9.3,32
2.0500000000000003,2.075,9.3,9.4,25
2.0500000000000003,2.075,9.4,9.5,13
2.0500000000000003,2.075,9.5,9.600000000000001,6
2.0500000000000003,2.075,9.600000000000001,9.700000000000001,5
2.0500000000000003,2.075,9.700000000000001,9.8,2
2.0500000000000003,2.075,9.8,9.9,3
2.0500000000000003,2.075,9.9,10.0,4
2.0500000000000003,2.075,10.0,10.100000000000001,2
2.0500000000000003,2.075,10.200000000000001,10.3,1
2.0500000000000003,2.075,10.3,10.4,2
2.0500000000000003,2.075,10.5,10.600000000000001,3
2.0500000000000003,2.075,10.600000000000001,10.700000000000001,4
2.0500000000000003,2.075,10.700000000000001,10.8,2
2.0500000000000003,2.075,10.8,10.9,1
2.0500000000000003,2.075,10.9,11.0,1
2.0500000000000003,2.075,11.0,11.100000000000001,2
2.0500000000000003,2.075,11.100000000000001,11.2,2
2.0500000000000003,2.075,11.2,11.3,1
2.0500000000000003,2.075,11.5,11.600000000000001,1
2.0500000000000003,2.075,12.0,12.100000000000001,1
2.0500000000000003,2.075,12.100000000000001,12.2,1
2.0500000000000003,2.075,12.2,12.3,2
2.0500000000000003,2.075,12.5,12.600000000000001,1
2.0500000000000003,2.075,12.7,12.8,2
2.0500000000000003,2.075,15.200000000000003,15.3,1
2.075,2.1,7.100000000000001,7.200000000000001,2
2.075,2.1,7.600000000000001,7.700000000000001,1
2.075,2.1,7.700000000000001,7.800000000000001,1
2.075,2.1,7.800000000000001,7.9,3
2.075,2.1,7.9,8.0,2
2.075,2.1,8.0,8.100000000000001,3
2.075,2.1,8.100000000000001,8.200000000000001,4
2.075,2.1,8.200000000000001,8.3,27
2.075,2.1,8.3,8.4,58
2.075,2.1,8.4,8.5,92
2.075,2.1,8.5,8.600000000000001,183
2.075,2.1,8.600000000000001,8.700000000000001,197
2.075,2.1,8.700000000000001,8.8,186
2.075,2.1,8.8,8.9,139
2.075,2.1,8.9,9.0,99
2.075,2.1,9.0,9.100000000000001,72
2.075,2.1,9.100000000000001,9.200000000000001,48
2.075,2.1,9.200000000000001,9.3,50
2.075,2.1,9.3,9.4,35
2.075,2.1,9.4,9.5,22
2.075,2.1,9.5,9.600000000000001,10
2.075,2.1,9.600000000000001,9.700000000000001,3
2.075,2.1,9.700000000000001,9.8,4
2.075,2.1,9.8,9.9,4
2.075,2.1,9.9,10.0,2
2.075,2.1,10.100000000000001,10.200000000000001,1
2.075,2.1,10.200000000000001,10.3,3
2.075,2.1,10.3,10.4,1
2.075,2.1,10.4,10.5,2
2.075,2.1,10.700000000000001,10.8,2
2.075,2.1,10.8,10.9,1
2.075,2.1,11.0,11.100000000000001,4
2.075,2.1,11.2,11.3,1
2.075,2.1,11.3,11.400000000000002,2
2.075,2.1,11.400000000000002,11.5,1
2.075,2.1,11.600000000000001,11.7,1
2.075,2.1,11.8,11.900000000000002,1
2.075,2.1,12.0,12.100000000000001,1
2.075,2.1,12.2,12.3,1
2.075,2.1,12.400000000000002,12.5,1
2.075,2.1,12.5,12.600000000000001,3
2.075,2.1,13.2,13.3,1
2.075,2.1,13.400000000000002,13.5,1
2.075,2.1,13.7,13.8,1
2.075,2.1,14.100000000000001,14.200000000000003,1
2.1,2.125,7.0,7.100000000000001,1
2.1,2.125,7.200000000000001,7.300000000000001,1
2.1,2.125,7.5,7.600000000000001,2
2.1,2.125,7.700000000000001,7.800000000000001,2
2.1,2.125,7.800000000000001,7.9,4
2.1,2.125,7.9,8.0,2
2.1,2.125,8.0,8.100000000000001,3
2.1,2.125,8.100000000000001,8.200000000000001,7
2.1,2.125,8.200000000000001,8.3,10
2.1,2.125,8.3,8.4,39
2.1,2.125,8.4,8.5,68
2.1,2.125,8.5,8.600000000000001,114
2.1,2.125,8.600000000000001,8.700000000000001,157
2.1,2.125,8.700000000000001,8.8,179
2.1,2.125,8.8,8.9,182
2.1,2.125,8.9,9.0,145
2.1,2.125,9.0,9.100000000000001,113
2.1,2.125,9.100000000000001,9.200000000000001,69
2.1,2.125,9.200000000000001,9.3,60
2.1,2.125,9.3,9.4,57
2.1,2.125,9.4,9.5,40
2.1,2.125,9.5,9.600000000000001,19
2.1,2.125,9.600000000000001,9.700000000000001,15
2.1,2.125,9.700000000000001,9.8,10
2.1,2.125,9.8,9.9,3
2.1,2.125,9.9,10.0,4
2.1,2.125,10.0,10.100000000000001,3
2.1,2.125,10.100000000000001,10.200000000000001,4
2.1,2.125,10.200000000000001,10.3,2
2.1,2.125,10.3,10.4,1
2.1,2.125,10.4,10.5,1
2.1,2.125,10.600000000000001,10.700000000000001,1
2.1,2.125,10.700000000000001,10.8,2
2.1,2.125,10.8,10.9,3
2.1,2.125,11.0,11.100000000000001,2
2.1,2.125,11.100000000000001,11.2,1
2.1,2.125,11.2,11.3,5
2.1,2.125,11.400000000000002,11.5,1
2.1,2.125,11.5,11.600000000000001,1
2.1,2.125,11.600000000000001,11.7,1
2.1,2.125,11.7,11.8,1
2.1,2.125,11.900000000000002,12.0,2
2.1,2.125,12.0,12.100000000000001,2
2.1,2.125,12.100000000000001,12.2,1
2.1,2.125,12.8,12.900000000000002,1
2.1,2.125,13.2,13.3,1
2.1,2.125,13.3,13.400000000000002,1
2.1,2.125,13.5,13.600000000000001,1
2.125,2.1500000000000004,6.800000000000001,6.9,1
2.125,2.1500000000000004,7.300000000000001,7.4,1
2.125,2.1500000000000004,7.5,7.600000000000001,1
2.125,2.1500000000000004,7.600000000000001,7.700000000000001,1
2.125,2.1500000000000004,7.700000000000001,7.800000000000001,2
2.125,2.1500000000000004,7.800000000000001,7.9,1
2.125,2.1500000000000004,7.9,8.0,3
2.125,2.1500000000000004,8.0,8.100000000000001,4
2.125,2.1500000000000004,8.100000000000001,8.200000000000001,5
2.125,2.1500000000000004,8.200000000000001,8.3,4
2.125,2.1500000000000004,8.3,8.4,14
2.125,2.1500000000000004,8.4,8.5,50
2.125,2.1500000000000004,8.5,8.600000000000001,82
2.125,2.1500000000000004,8.600000000000001,8.700000000000001,132
2.125,2.1500000000000004,8.700000000000001,8.8,194
2.125,2.1500000000000004,8.8,8.9,184
2.125,2.1500000000000004,8.9,9.0,186
2.125,2.1500000000000004,9.0,9.100000000000001,140
2.125,2.1500000000000004,9.100000000000001,9.200000000000001,100
2.125,2.1500000000000004,9.200000000000001,9.3,76
2.125,2.1500000000000004,9.3,9.4,57
2.125,2.1500000000000004,9.4,9.5,52
2.125,2.1500000000000004,9.5,9.600000000000001,41
2.125,2.1500000000000004,9.600000000000001,9.700000000000001,35
2.125,2.1500000000000004,9.700000000000001,9.8,15
2.125,2.1500000000000004,9.8,9.9,9
2.125,2.1500000000000004,9.9,10.0,8
2.125,2.1500000000000004,10.0,10.100000000000001,4
2.125,2.1500000000000004,10.100000000000001,10.200000000000001,3
2.125,2.1500000000000004,10.200000000000001,10.3,5
2.125,2.1500000000000004,10.4,10.5,1
2.125,2.1500000000000004,10.5,10.600000000000001,1
2.125,2.1500000000000004,10.600000000000001,10.700000000000001,2
2.125,2.1500000000000004,10.700000000000001,10.8,3
2.125,2.1500000000000004,10.8,10.9,1
2.125,2.1500000000000004,10.9,11.0,2
2.125,2.1500000000000004,11.0,11.100000000000001,2
2.125,2.1500000000000004,11.100000000000001,11.2,1
2.125,2.1500000000000004,11.2,11.3,1
2.125,2.1500000000000004,11.400000000000002,11.5,3
2.125,2.1500000000000004,11.5,11.600000000000001,1
2.125,2.1500000000000004,11.600000000000001,11.7,3
2.125,2.1500000000000004,12.0,12.100000000000001,2
2.125,2.1500000000000004,12.100000000000001,12.2,1
2.125,2.1500000000000004,12.400000000000002,12.5,1
2.125,2.1500000000000004,13.100000000000001,13.2,1
2.1500000000000004,2.1750000000000003,7.5,7.600000000000001,1
2.1500000000000004,2.1750000000000003,7.600000000000001,7.700000000000001,2
2.1500000000000004,2.1750000000000003,7.800000000000001,7.9,2
2.1500000000000004,2.1750000000000003,7.9,8.0,2
2.1500000000000004,2.1750000000000003,8.0,8.100000000000001,2
2.1500000000000004,2.1750000000000003,8.100000000000001,8.200000000000001,7
2.1500000000000004,2.1750000000000003,8.200000000000001,8.3,9
2.1500000000000004,2.1750000000000003,8.3,8.4,7
2.1500000000000004,2.1750000000000003,8.4,8.5,31
2.1500000000000004,2.1750000000000003,8.5,8.600000000000001,57
2.1500000000000004,2.1750000000000003,8.600000000000001,8.700000000000001,85
2.1500000000000004,2.1750000000000003,8.700000000000001,8.8,135
2.1500000000000004,2.1750000000000003,8.8,8.9,193
2.1500000000000004,2.1750000000000003,8.9,9.0,166
2.1500000000000004,2.1750000000000003,9.0,9.100000000000001,156
2.1500000000000004,2.1750000000000003,9.100000000000001,9.200000000000001,130
2.1500000000000004,2.1750000000000003,9.200000000000001,9.3,107
2.1500000000000004,2.1750000000000003,9.3,9.4,92
2.1500000000000004,2.1750000000000003,9.4,9.5,52
2.1500000000000004,2.1750000000000003,9.5,9.600000000000001,51
2.1500000000000004,2.1750000000000003,9.600000000000001,9.700000000000001,26
2.1500000000000004,2.1750000000000003,9.700000000000001,9.8,38
2.1500000000000004,2.1750000000000003,9.8,9.9,8
2.1500000000000004,2.1750000000000003,9.9,10.0,11
2.1500000000000004,2.1750000000000003,10.0,10.100000000000001,3
2.1500000000000004,2.1750000000000003,10.100000000000001,10.200000000000001,5
2.1500000000000004,2.1750000000000003,10.200000000000001,10.3,7
2.1500000000000004,2.1750000000000003,10.3,10.4,3
2.1500000000000004,2.1750000000000003,10.4,10.5,4
2.1500000000000004,2.1750000000000003,10.5,10.600000000000001,2
2.1500000000000004,2.1750000000000003,10.600000000000001,10.700000000000001,3
2.1500000000000004,2.1750000000000003,10.700000000000001,10.8,3
2.1500000000000004,2.1750000000000003,10.8,10.9,1
2.1500000000000004,2.1750000000000003,10.9,11.0,2
2.1500000000000004,2.1750000000000003,11.0,11.100000000000001,1
2.1500000000000004,2.1750000000000003,11.100000000000001,11.2,3
2.1500000000000004,2.1750000000000003,11.400000000000002,11.5,1
2.1500000000000004,2.1750000000000003,11.5,11.600000000000001,2
2.1500000000000004,2.1750000000000003,11.600000000000001,11.7,3
2.1500000000000004,2.1750000000000003,11.7,11.8,3
2.1500000000000004,2.1750000000000003,11.8,11.900000000000002,1
2.1500000000000004,2.1750000000000003,12.100000000000001,12.2,1
2.1500000000000004,2.1750000000000003,12.2,12.3,1
2.1500000000000004,2.1750000000000003,12.400000000000002,12.5,1
2.1500000000000004,2.1750000000000003,12.7,12.8,1
2.1500000000000004,2.1750000000000003,13.600000000000001,13.7,1
2.1750000000000003,2.2,7.4,7.5,1
2.1750000000000003,2.2,7.600000000000001,7.700000000000001,1
2.1750000000000003,2.2,7.700000000000001,7.800000000000001,1
2.1750000000000003,2.2,7.9,8.0,2
2.1750000000000003,2.2,8.0,8.100000000000001,4
2.1750000000000003,2.2,8.100000000000001,8.200000000000001,1
2.1750000000000003,2.2,8.200000000000001,8.3,3
2.1750000000000003,2.2,8.3,8.4,3
2.1750000000000003,2.2,8.4,8.5,9
2.1750000000000003,2.2,8.5,8.600000000000001,31
2.1750000000000003,2.2,8.600000000000001,8.700000000000001,75
2.1750000000000003,2.2,8.700000000000001,8.8,117
2.1750000000000003,2.2,8.8,8.9,190
2.1750000000000003,2.2,8.9,9.0,174
2.1750000000000003,2.2,9.0,9.100000000000001,183
2.1750000000000003,2.2,9.100000000000001,9.200000000000001,127
2.1750000000000003,2.2,9.200000000000001,9.3,114
2.1750000000000003,2.2,9.3,9.4,91
2.1750000000000003,2.2,9.4,9.5,63
2.1750000000000003,2.2,9.5,9.600000000000001,58
2.1750000000000003,2.2,9.600000000000001,9.700000000000001,50
2.1750000000000003,2.2,9.700000000000001,9.8,43
2.1750000000000003,2.2,9.8,9.9,21
2.1750000000000003,2.2,9.9,10.0,14
2.1750000000000003,2.2,10.0,10.100000000000001,6
2.1750000000000003,2.2,10.100000000000001,10.200000000000001,8
2.1750000000000003,2.2,10.200000000000001,10.3,8
2.1750000000000003,2.2,10.4,10.5,1
2.1750000000000003,2.2,10.5,10.600000000000001,4
2.1750000000000003,2.2,10.600000000000001,10.700000000000001,3
2.1750000000000003,2.2,10.700000000000001,10.8,1
2.1750000000000003,2.2,10.8,10.9,1
2.1750000000000003,2.2,10.9,11.0,1
2.1750000000000003,2.2,11.0,11.100000000000001,1
2.1750000000000003,2.2,11.100000000000001,11.2,2
2.1750000000000003,2.2,11.2,11.3,2
2.1750000000000003,2.2,11.400000000000002,11.5,1
2.1750000000000003,2.2,11.5,11.600000000000001,1
2.1750000000000003,2.2,11.7,11.8,2
2.1750000000000003,2.2,11.8,11.900000000000002,2
2.1750000000000003,2.2,12.0,12.100000000000001,1
2.1750000000000003,2.2,12.2,12.3,2
2.1750000000000003,2.2,12.3,12.400000000000002,1
2.1750000000000003,2.2,12.400000000000002,12.5,2
2.1750000000000003,2.2,12.600000000000001,12.7,1
2.1750000000000003,2.2,12.8,12.900000000000002,1
2.1750000000000003,2.2,13.3,13.400000000000002,1
2.2,2.225,7.800000000000001,7.9,1
2.2,2.225,7.9,8.0,4
2.2,2.225,8.0,8.100000000000001,2
2.2,2.225,8.100000000000001,8.200000000000001,3
2.2,2.225,8.200000000000001,8.3,2
2.2,2.225,8.3,8.4,4
2.2,2.225,8.4,8.5,6
2.2,2.225,8.5,8.600000000000001,30
2.2,2.225,8.600000000000001,8.700000000000001,59
2.2,2.225,8.700000000000001,8.8,77
2.2,2.225,8.8,8.9,122
2.2,2.225,8.9,9.0,175
2.2,2.225,9.0,9.100000000000001,183
2.2,2.225,9.100000000000001,9.200000000000001,157
2.2,2.225,9.200000000000001,9.3,128
2.2,2.225,9.3,9.4,104
2.2,2.225,9.4,9.5,99
2.2,2.225,9.5,9.600000000000001,80
2.2,2.225,9.600000000000001,9.700000000000001,71
2.2,2.225,9.700000000000001,9.8,58
2.2,2.225,9.8,9.9,38
2.2,2.225,9.9,10.0,20
2.2,2.225,10.0,10.100000000000001,28
2.2,2.225,10.100000000000001,10.200000000000001,16
2.2,2.225,10.200000000000001,10.3,7
2.2,2.225,10.3,10.4,9
2.2,2.225,10.4,10.5,6
2.2,2.225,10.5,10.600000000000001,2
2.2,2.225,10.700000000000001,10.8,1
2.2,2.225,10.8,10.9,1
2.2,2.225,10.9,11.0,1
2.2,2.225,11.0,11.100000000000001,4
2.2,2.225,11.100000000000001,11.2,1
2.2,2.225,11.2,11.3,1
2.2,2.225,11.5,11.600000000000001,2
2.2,2.225,11.600000000000001,11.7,2
2.2,2.225,11.8,11.900000000000002,1
2.2,2.225,12.100000000000001,12.2,1
2.2,2.225,12.2,12.3,1
2.2,2.225,12.3,12.400000000000002,1
2.2,2.225,12.400000000000002,12.5,3
2.2,2.225,12.600000000000001,12.7,1
2.2,2.225,12.7,12.8,1
2.2,2.225,13.100000000000001,13.2,1
2.225,2.25,7.600000000000001,7.700000000000001,1
2.225,2.25,7.700000000000001,7.800000000000001,1
2.225,2.25,7.800000000000001,7.9,1
2.225,2.25,7.9,8.0,3
2.225,2.25,8.0,8.100000000000001,2
2.225,2.25,8.100000000000001,8.200000000000001,1
2.225,2.25,8.200000000000001,8.3,3
2.225,2.25,8.3,8.4,2
2.225,2.25,8.4,8.5,7
2.225,2.25,8.5,8.600000000000001,13
2.225,2.25,8.600000000000001,8.700000000000001,34
2.225,2.25,8.700000000000001,8.8,78
2.225,2.25,8.8,8.9,73
2.225,2.25,8.9,9.0,159
2.225,2.25,9.0,9.100000000000001,183
2.225,2.25,9.100000000000001,9.200000000000001,172
2.225,2.25,9.200000000000001,9.3,161
2.225,2.25,9.3,9.4,131
2.225,2.25,9.4,9.5,119
2.225,2.25,9.5,9.600000000000001,100
2.225,2.25,9.600000000000001,9.700000000000001,83
2.225,2.25,9.700000000000001,9.8,70
2.225,2.25,9.8,9.9,52
2.225,2.25,9.9,10.0,24
2.225,2.25,10.0,10.100000000000001,28
2.225,2.25,10.100000000000001,10.200000000000001,14
2.225,2.25,10.200000000000001,10.3,16
2.225,2.25,10.3,10.4,6
2.225,2.25,10.4,10.5,5
2.225,2.25,10.5,10.600000000000001,2
2.225,2.25,10.600000000000001,10.700000000000001,1
2.225,2.25,10.8,10.9,1
2.225,2.25,11.0,11.100000000000001,2
2.225,2.25,11.100000000000001,11.2,2
2.225,2.25,11.2,11.3,1
2.225,2.25,11.3,11.400000000000002,2
2.225,2.25,11.400000000000002,11.5,2
2.225,2.25,11.5,11.600000000000001,2
2.225,2.25,11.7,11.8,2
2.225,2.25,11.8,11.900000000000002,3
2.225,2.25,12.0,12.100000000000001,1
2.225,2.25,12.2,12.3,1
2.225,2.25,12.5,12.600000000000001,1
2.225,2.25,12.8,12.900000000000002,1
2.225,2.25,12.900000000000002,13.0,1
2.225,2.25,15.0,15.100000000000001,1
2.25,2.2750000000000004,7.800000000000001,7.9,2
2.25,2.2750000000000004,7.9,8.0,1
2.25,2.2750000000000004,8.0,8.100000000000001,1
2.25,2.2750000000000004,8.100000000000001,8.200000000000001,2
2.25,2.2750000000000004,8.200000000000001,8.3,3
2.25,2.2750000000000004,8.3,8.4,7
2.25,2.2750000000000004,8.4,8.5,3
2.25,2.2750000000000004,8.5,8.600000000000001,4
2.25,2.2750000000000004,8.600000000000001,8.700000000000001,14
2.25,2.2750000000000004,8.700000000000001,8.8,55
2.25,2.2750000000000004,8.8,8.9,82
2.25,2.2750000000000004,8.9,9.0,122
2.25,2.2750000000000004,9.0,9.100000000000001,154
2.25,2.2750000000000004,9.100000000000001,9.200000000000001,186
2.25,2.2750000000000004,9.200000000000001,9.3,176
2.25,2.2750000000000004,9.3,9.4,173
2.25,2.2750000000000004,9.4,9.5,136
2.25,2.2750000000000004,9.5,9.600000000000001,125
2.25,2.2750000000000004,9.600000000000001,9.700000000000001,68
2.25,2.2750000000000004,9.700000000000001,9.8,95
2.25,2.2750000000000004,9.8,9.9,54
2.25,2.2750000000000004,9.9,10.0,48
2.25,2.2750000000000004,10.0,10.100000000000001,45
2.25,2.2750000000000004,10.100000000000001,10.200000000000001,49
2.25,2.2750000000000004,10.200000000000001,10.3,28
2.25,2.2750000000000004,10.3,10.4,11
2.25,2.2750000000000004,10.4,10.5,8
2.25,2.2750000000000004,10.5,10.600000000000001,5
2.25,2.2750000000000004,10.600000000000001,10.700000000000001,8
2.25,2.2750000000000004,10.700000000000001,10.8,6
2.25,2.2750000000000004,10.8,10.9,3
2.25,2.2750000000000004,11.0,11.100000000000001,3
2.25,2.2750000000000004,11.3,11.400000000000002,1
2.25,2.2750000000000004,11.400000000000002,11.5,3
2.25,2.2750000000000004,11.5,11.600000000000001,2
2.25,2.2750000000000004,11.600000000000001,11.7,3
2.25,2.2750000000000004,11.7,11.8,2
2.25,2.2750000000000004,12.0,12.100000000000001,4
2.25,2.2750000000000004,12.100000000000001,12.2,3
2.25,2.2750000000000004,12.2,12.3,1
2.25,2.2750000000000004,13.100000000000001,13.2,1
2.2750000000000004,2.3000000000000003,7.0,7.100000000000001,1
2.2750000000000004,2.3000000000000003,7.4,7.5,1
2.2750000000000004,2.3000000000000003,7.700000000000001,7.800000000000001,1
2.2750000000000004,2.3000000000000003,8.100000000000001,8.200000000000001,3
2.2750000000000004,2.3000000000000003,8.200000000000001,8.3,1
2.2750000000000004,2.3000000000000003,8.3,8.4,8
2.2750000000000004,2.3000000000000003,8.4,8.5,3
2.2750000000000004,2.3000000000000003,8.5,8.600000000000001,4
2.2750000000000004,2.3000000000000003,8.600000000000001,8.700000000000001,14
2.2750000000000004,2.3000000000000003,8.700000000000001,8.8,32
2.2750000000000004,2.3000000000000003,8.8,8.9,69
2.2750000000000004,2.3000000000000003,8.9,9.0,100
2.2750000000000004,2.3000000000000003,9.0,9.100000000000001,137
2.2750000000000004,2.3000000000000003,9.100000000000001,9.200000000000001,189
2.2750000000000004,2.3000000000000003,9.200000000000001,9.3,189
2.2750000000000004,2.3000000000000003,9.3,9.4,184
2.2750000000000004,2.3000000000000003,9.4,9.5,161
2.2750000000000004,2.3000000000000003,9.5,9.600000000000001,133
2.2750000000000004,2.3000000000000003,9.600000000000001,9.700000000000001,132
2.2750000000000004,2.3000000000000003,9.700000000000001,9.8,93
2.2750000000000004,2.3000000000000003,9.8,9.9,96
2.2750000000000004,2.3000000000000003,9.9,10.0,64
2.2750000000000004,2.3000000000000003,10.0,10.100000000000001,69
2.2750000000000004,2.3000000000000003,10.100000000000001,10.200000000000001,47
2.2750000000000004,2.3000000000000003,10.200000000000001,10.3,39
2.2750000000000004,2.3000000000000003,10.3,10.4,15
2.2750000000000004,2.3000000000000003,10.4,10.5,8
2.2750000000000004,2.3000000000000003,10.5,10.600000000000001,8
2.2750000000000004,2.3000000000000003,10.600000000000001,10.700000000000001,3
2.2750000000000004,2.3000000000000003,10.700000000000001,10.8,2
2.2750000000000004,2.3000000000000003,10.8,10.9,5
2.2750000000000004,2.3000000000000003,10.9,11.0,4
2.2750000000000004,2.3000000000000003,11.0,11.100000000000001,3
2.2750000000000004,2.3000000000000003,11.100000000000001,11.2,4
2.2750000000000004,2.3000000000000003,11.2,11.3,2
2.2750000000000004,2.3000000000000003,11.400000000000002,11.5,1
2.2750000000000004,2.3000000000000003,11.5,11.600000000000001,2
2.2750000000000004,2.3000000000000003,11.600000000000001,11.7,2
2.2750000000000004,2.3000000000000003,11.8,11.900000000000002,2
2.2750000000000004,2.3000000000000003,11.900000000000002,12.0,2
2.2750000000000004,2.3000000000000003,12.2,12.3,1
2.2750000000000004,2.3000000000000003,12.400000000000002,12.5,1
2.2750000000000004,2.3000000000000003,12.7,12.8,1
2.2750000000000004,2.3000000000000003,13.5,13.600000000000001,1
2.3000000000000003,2.325,7.600000000000001,7.700000000000001,1
2.3000000000000003,2.325,8.0,8.100000000000001,1
2.3000000000000003,2.325,8.100000000000001,8.200000000000001,1
2.3000000000000003,2.325,8.200000000000001,8.3,1
2.3000000000000003,2.325,8.3,8.4,3
2.3000000000000003,2.325,8.4,8.5,4
2.3000000000000003,2.325,8.5,8.600000000000001,7
2.3000000000000003,2.325,8.600000000000001,8.700000000000001,4
2.3000000000000003,2.325,8.700000000000001,8.8,18
2.3000000000000003,2.325,8.8,8.9,38
2.3000000000000003,2.325,8.9,9.0,67
2.3000000000000003,2.325,9.0,9.100000000000001,97
2.3000000000000003,2.325,9.100000000000001,9.200000000000001,160
2.3000000000000003,2.325,9.200000000000001,9.3,223
2.3000000000000003,2.325,9.3,9.4,206
2.3000000000000003,2.325,9.4,9.5,168
2.3000000000000003,2.325,9.5,9.600000000000001,159
2.3000000000000003,2.325,9.600000000000001,9.700000000000001,159
2.3000000000000003,2.325,9.700000000000001,9.8,138
2.3000000000000003,2.325,9.8,9.9,92
2.3000000000000003,2.325,9.9,10.0,90
2.3000000000000003,2.325,10.0,10.100000000000001,59
2.3000000000000003,2.325,10.100000000000001,10.200000000000001,58
2.3000000000000003,2.325,10.200000000000001,10.3,49
2.3000000000000003,2.325,10.3,10.4,35
2.3000000000000003,2.325,10.4,10.5,27
2.3000000000000003,2.325,10.5,10.600000000000001,9
2.3000000000000003,2.325,10.600000000000001,10.700000000000001,14
2.3000000000000003,2.325,10.700000000000001,10.8,5
2.3000000000000003,2.325,10.8,10.9,2
2.3000000000000003,2.325,10.9,11.0,4
2.3000000000000003,2.325,11.0,11.100000000000001,5
2.3000000000000003,2.325,11.100000000000001,11.2,3
2.3000000000000003,2.325,11.2,11.3,2
2.3000000000000003,2.325,11.3,11.400000000000002,2
2.3000000000000003,2.325,11.400000000000002,11.5,3
2.3000000000000003,2.325,11.5,11.600000000000001,1
2.3000000000000003,2.325,11.600000000000001,11.7,1
2.3000000000000003,2.325,11.7,11.8,1
2.3000000000000003,2.325,11.8,11.900000000000002,1
2.3000000000000003,2.325,11.900000000000002,12.0,2
2.3000000000000003,2.325,12.0,12.100000000000001,1
2.3000000000000003,2.325,12.2,12.3,1
2.3000000000000003,2.325,12.3,12.400000000000002,1
2.3000000000000003,2.325,12.400000000000002,12.5,3
2.3000000000000003,2.325,12.7,12.8,1
2.3000000000000003,2.325,12.8,12.900000000000002,1
2.3000000000000003,2.325,13.0,13.100000000000001,1
2.3000000000000003,2.325,14.5,14.600000000000001,1
2.325,2.35,7.600000000000001,7.700000000000001,1
2.325,2.35,8.0,8.100000000000001,3
2.325,2.35,8.100000000000001,8.200000000000001,1
2.325,2.35,8.200000000000001,8.3,3
2.325,2.35,8.4,8.5,6
2.325,2.35,8.5,8.600000000000001,9
2.325,2.35,8.600000000000001,8.700000000000001,5
2.325,2.35,8.700000000000001,8.8,13
2.325,2.35,8.8,8.9,32
2.325,2.35,8.9,9.0,58
2.325,2.35,9.0,9.100000000000001,71
2.325,2.35,9.100000000000001,9.200000000000001,128
2.325,2.35,9.200000000000001,9.3,170
2.325,2.35,9.3,9.4,207
2.325,2.35,9.4,9.5,217
2.325,2.35,9.5,9.600000000000001,193
2.325,2.35,9.600000000000001,9.700000000000001,173
2.325,2.35,9.700000000000001,9.8,147
2.325,2.35,9.8,9.9,128
2.325,2.35,9.9,10.0,123
2.325,2.35,10.0,10.100000000000001,74
2.325,2.35,10.100000000000001,10.200000000000001,93
2.325,2.35,10.200000000000001,10.3,66
2.325,2.35,10.3,10.4,43
2.325,2.35,10.4,10.5,30
2.325,2.35,10.5,10.600000000000001,29
2.325,2.35,10.600000000000001,10.700000000000001,13
2.325,2.35,10.700000000000001,10.8,4
2.325,2.35,10.8,10.9,7
2.325,2.35,10.9,11.0,4
2.325,2.35,11.0,11.100000000000001,3
2.325,2.35,11.100000000000001,11.2,1
2.325,2.35,11.2,11.3,1
2.325,2.35,11.400000000000002,11.5,5
2.325,2.35,11.5,11.600000000000001,3
2.325,2.35,11.600000000000001,11.7,2
2.325,2.35,11.7,11.8,1
2.325,2.35,11.8,11.900000000000002,1
2.325,2.35,11.900000000000002,12.0,2
2.325,2.35,12.0,12.100000000000001,1
2.325,2.35,12.100000000000001,12.2,2
2.325,2.35,12.2,12.3,4
2.325,2.35,12.400000000000002,12.5,2
2.325,2.35,12.7,12.8,1
2.325,2.35,13.2,13.3,2
2.35,2.375,7.600000000000001,7.700000000000001,1
2.35,2.375,7.800000000000001,7.9,1
2.35,2.375,8.0,8.100000000000001,1
2.35,2.375,8.100000000000001,8.200000000000001,4
2.35,2.375,8.4,8.5,1
2.35,2.375,8.5,8.600000000000001,3
2.35,2.375,8.600000000000001,8.700000000000001,3
2.35,2.375,8.700000000000001,8.8,1
2.35,2.375,8.8,8.9,16
2.35,2.375,8.9,9.0,32
2.35,2.375,9.0,9.100000000000001,62
2.35,2.375,9.100000000000001,9.200000000000001,93
2.35,2.375,9.200000000000001,9.3,142
2.35,2.375,9.3,9.4,193
2.35,2.375,9.4,9.5,199
2.35,2.375,9.5,9.600000000000001,205
2.35,2.375,9.600000000000001,9.700000000000001,181
2.35,2.375,9.700000000000001,9.8,170
2.35,2.375,9.8,9.9,156
2.35,2.375,9.9,10.0,142
2.35,2.375,10.0,10.100000000000001,94
2.35,2.375,10.100000000000001,10.200000000000001,81
2.35,2.375,10.200000000000001,10.3,86
2.35,2.375,10.3,10.4,43
2.35,2.375,10.4,10.5,47
2.35,2.375,10.5,10.600000000000001,37
2.35,2.375,10.600000000000001,10.700000000000001,26
2.35,2.375,10.700000000000001,10.8,18
2.35,2.375,10.8,10.9,7
2.35,2.375,10.9,11.0,3
2.35,2.375,11.0,11.100000000000001,4
2.35,2.375,11.100000000000001,11.2,6
2.35,2.375,11.2,11.3,2
2.35,2.375,11.3,11.400000000000002,2
2.35,2.375,11.400000000000002,11.5,2
2.35,2.375,11.5,11.600000000000001,5
2.35,2.375,11.600000000000001,11.7,2
2.35,2.375,11.7,11.8,3
2.35,2.375,11.8,11.900000000000002,1
2.35,2.375,11.900000000000002,12.0,1
2.35,2.375,12.0,12.100000000000001,1
2.35,2.375,12.100000000000001,12.2,2
2.35,2.375,12.2,12.3,2
2.35,2.375,12.3,12.400000000000002,2
2.35,2.375,12.5,12.600000000000001,1
2.35,2.375,12.600000000000001,12.7,2
2.35,2.375,12.900000000000002,13.0,1
2.35,2.375,13.0,13.100000000000001,2
2.35,2.375,13.2,13.3,1
2.35,2.375,13.3,13.400000000000002,3
2.35,2.375,13.400000000000002,13.5,1
2.375,2.4000000000000004,8.200000000000001,8.3,1
2.375,2.4000000000000004,8.4,8.5,2
2.375,2.4000000000000004,8.5,8.600000000000001,1
2.375,2.4000000000000004,8.600000000000001,8.700000000000001,7
2.375,2.4000000000000004,8.700000000000001,8.8,7
2.375,2.4000000000000004,8.8,8.9,5
2.375,2.4000000000000004,8.9,9.0,21
2.375,2.4000000000000004,9.0,9.100000000000001,48
2.375,2.4000000000000004,9.100000000000001,9.200000000000001,80
2.375,2.4000000000000004,9.200000000000001,9.3,123
2.375,2.4000000000000004,9.3,9.4,178
2.375,2.4000000000000004,9.4,9.5,207
2.375,2.4000000000000004,9.5,9.600000000000001,235
2.375,2.4000000000000004,9.600000000000001,9.700000000000001,233
2.375,2.4000000000000004,9.700000000000001,9.8,188
2.375,2.4000000000000004,9.8,9.9,193
2.375,2.4000000000000004,9.9,10.0,172
2.375,2.4000000000000004,10.0,10.100000000000001,121
2.375,2.4000000000000004,10.100000000000001,10.200000000000001,115
2.375,2.4000000000000004,10.200000000000001,10.3,115
2.375,2.4000000000000004,10.3,10.4,81
2.375,2.4000000000000004,10.4,10.5,60
2.375,2.4000000000000004,10.5,10.600000000000001,45
2.375,2.4000000000000004,10.600000000000001,10.700000000000001,27
2.375,2.4000000000000004,10.700000000000001,10.8,17
2.375,2.4000000000000004,10.8,10.9,17
2.375,2.4000000000000004,10.9,11.0,10
2.375,2.4000000000000004,11.0,11.100000000000001,7
2.375,2.4000000000000004,11.100000000000001,11.2,4
2.375,2.4000000000000004,11.2,11.3,6
2.375,2.4000000000000004,11.3,11.400000000000002,1
2.375,2.4000000000000004,11.400000000000002,11.5,4
2.375,2.4000000000000004,11.5,11.600000000000001,3
2.375,2.4000000000000004,11.600000000000001,11.7,2
2.375,2.4000000000000004,11.7,11.8,1
2.375,2.4000000000000004,12.0,12.100000000000001,2
2.375,2.4000000000000004,12.2,12.3,2
2.375,2.4000000000000004,12.3,12.400000000000002,3
2.375,2.4000000000000004,12.8,12.900000000000002,1
2.375,2.4000000000000004,13.900000000000002,14.0,1
2.4000000000000004,2.4250000000000003,8.200000000000001,8.3,3
2.4000000000000004,2.4250000000000003,8.3,8.4,3
2.4000000000000004,2.4250000000000003,8.4,8.5,1
2.4000000000000004,2.4250000000000003,8.5,8.600000000000001,3
2.4000000000000004,2.4250000000000003,8.600000000000001,8.700000000000001,6
2.4000000000000004,2.4250000000000003,8.700000000000001,8.8,3
2.4000000000000004,2.4250000000000003,8.8,8.9,5
2.4000000000000004,2.4250000000000003,8.9,9.0,13
2.4000000000000004,2.4250000000000003,9.0,9.100000000000001,31
2.4000000000000004,2.4250000000000003,9.100000000000001,9.200000000000001,53
2.4000000000000004,2.4250000000000003,9.200000000000001,9.3,79
2.4000000000000004,2.4250000000000003,9.3,9.4,149
2.4000000000000004,2.4250000000000003,9.4,9.5,211
2.4000000000000004,2.4250000000000003,9.5,9.600000000000001,214
2.4000000000000004,2.4250000000000003,9.600000000000001,9.700000000000001,220
2.4000000000000004,2.4250000000000003,9.700000000000001,9.8,238
2.4000000000000004,2.4250000000000003,9.8,9.9,211
2.4000000000000004,2.4250000000000003,9.9,10.0,194
2.4000000000000004,2.4250000000000003,10.0,10.100000000000001,141
2.4000000000000004,2.4250000000000003,10.100000000000001,10.200000000000001,112
2.4000000000000004,2.4250000000000003,10.200000000000001,10.3,107
2.4000000000000004,2.4250000000000003,10.3,10.4,103
2.4000000000000004,2.4250000000000003,10.4,10.5,90
2.4000000000000004,2.4250000000000003,10.5,10.600000000000001,66
2.4000000000000004,2.4250000000000003,10.600000000000001,10.700000000000001,47
2.4000000000000004,2.4250000000000003,10.700000000000001,10.8,31
2.4000000000000004,2.4250000000000003,10.8,10.9,18
2.4000000000000004,2.4250000000000003,10.9,11.0,15
2.4000000000000004,2.4250000000000003,11.0,11.100000000000001,7
2.4000000000000004,2.4250000000000003,11.100000000000001,11.2,2
2.4000000000000004,2.4250000000000003,11.2,11.3,6
2.4000000000000004,2.4250000000000003,11.3,11.400000000000002,3
2.4000000000000004,2.4250000000000003,11.400000000000002,11.5,2
2.4000000000000004,2.4250000000000003,11.5,11.600000000000001,3
2.4000000000000004,2.4250000000000003,11.600000000000001,11.7,2
2.4000000000000004,2.4250000000000003,11.7,11.8,3
2.4000000000000004,2.4250000000000003,11.8,11.900000000000002,1
2.4000000000000004,2.4250000000000003,11.900000000000002,12.0,2
2.4000000000000004,2.4250000000000003,12.0,12.100000000000001,1
2.4000000000000004,2.4250000000000003,12.100000000000001,12.2,1
2.4000000000000004,2.4250000000000003,12.2,12.3,1
2.4000000000000004,2.4250000000000003,12.3,12.400000000000002,1
2.4000000000000004,2.4250000000000003,12.400000000000002,12.5,2
2.4000000000000004,2.4250000000000003,12.600000000000001,12.7,1
2.4000000000000004,2.4250000000000003,12.7,12.8,1
2.4000000000000004,2.4250000000000003,13.0,13.100000000000001,2
2.4000000000000004,2.4250000000000003,13.2,13.3,1
2.4000000000000004,2.4250000000000003,13.5,13.600000000000001,1
2.4250000000000003,2.45,7.9,8.0,1
2.4250000000000003,2.45,8.200000000000001,8.3,1
2.4250000000000003,2.45,8.5,8.600000000000001,2
2.4250000000000003,2.45,8.600000000000001,8.700000000000001,1
2.4250000000000003,2.45,8.700000000000001,8.8,10
2.4250000000000003,2.45,8.8,8.9,8
2.4250000000000003,2.45,8.9,9.0,9
2.4250000000000003,2.45,9.0,9.100000000000001,19
2.4250000000000003,2.45,9.100000000000001,9.200000000000001,41
2.4250000000000003,2.45,9.200000000000001,9.3,72
2.4250000000000003,2.45,9.3,9.4,109
2.4250000000000003,2.45,9.4,9.5,144
2.4250000000000003,2.45,9.5,9.600000000000001,233
2.4250000000000003,2.45,9.600000000000001,9.700000000000001,242
2.4250000000000003,2.45,9.700000000000001,9.8,242
2.4250000000000003,2.45,9.8,9.9,234
2.4250000000000003,2.45,9.9,10.0,232
2.4250000000000003,2.45,10.0,10.100000000000001,207
2.4250000000000003,2.45,10.100000000000001,10.200000000000001,150
2.4250000000000003,2.45,10.200000000000001,10.3,138
2.4250000000000003,2.45,10.3,10.4,110
2.4250000000000003,2.45,10.4,10.5,77
2.4250000000000003,2.45,10.5,10.600000000000001,85
2.4250000000000003,2.45,10.600000000000001,10.700000000000001,56
2.4250000000000003,2.45,10.700000000000001,10.8,52
2.4250000000000003,2.45,10.8,10.9,41
2.4250000000000003,2.45,10.9,11.0,13
2.4250000000000003,2.45,11.0,11.100000000000001,10
2.4250000000000003,2.45,11.100000000000001,11.2,7
2.4250000000000003,2.45,11.2,11.3,8
2.4250000000000003,2.45,11.3,11.400000000000002,4
2.4250000000000003,2.45,11.400000000000002,11.5,4
2.4250000000000003,2.45,11.5,11.600000000000001,1
2.4250000000000003,2.45,11.600000000000001,11.7,3
2.4250000000000003,2.45,11.7,11.8,1
2.4250000000000003,2.45,11.8,11.900000000000002,3
2.4250000000000003,2.45,11.900000000000002,12.0,3
2.4250000000000003,2.45,12.0,12.100000000000001,3
2.4250000000000003,2.45,12.100000000000001,12.2,4
2.4250000000000003,2.45,12.3,12.400000000000002,1
2.4250000000000003,2.45,12.400000000000002,12.5,3
2.4250000000000003,2.45,12.900000000000002,13.0,1
2.4250000000000003,2.45,13.100000000000001,13.2,1
2.45,2.475,8.3,8.4,3
2.45,2.475,8.5,8.600000000000001,3
2.45,2.475,8.600000000000001,8.700000000000001,2
2.45,2.475,8.700000000000001,8.8,3
2.45,2.475,8.8,8.9,6
2.45,2.475,8.9,9.0,11
2.45,2.475,9.0,9.100000000000001,11
2.45,2.475,9.100000000000001,9.200000000000001,27
2.45,2.475,9.200000000000001,9.3,51
2.45,2.475,9.3,9.4,82
2.45,2.475,9.4,9.5,142
2.45,2.475,9.5,9.600000000000001,164
2.45,2.475,9.600000000000001,9.700000000000001,218
2.45,2.475,9.700000000000001,9.8,237
2.45,2.475,9.8,9.9,252
2.45,2.475,9.9,10.0,229
2.45,2.475,10.0,10.100000000000001,246
2.45,2.475,10.100000000000001,10.200000000000001,153
2.45,2.475,10.200000000000001,10.3,166
2.45,2.475,10.3,10.4,168
2.45,2.475,10.4,10.5,114
2.45,2.475,10.5,10.600000000000001,87
2.45,2.475,10.600000000000001,10.700000000000001,69
2.45,2.475,10.700000000000001,10.8,71
2.45,2.475,10.8,10.9,60
2.45,2.475,10.9,11.0,40
2.45,2.475,11.0,11.100000000000001,21
2.45,2.475,11.100000000000001,11.2,18
2.45,2.475,11.2,11.3,5
2.45,2.475,11.3,11.400000000000002,4
2.45,2.475,11.400000000000002,11.5,3
2.45,2.475,11.5,11.600000000000001,4
2.45,2.475,11.600000000000001,11.7,2
2.45,2.475,11.7,11.8,3
2.45,2.475,11.8,11.900000000000002,3
2.45,2.475,11.900000000000002,12.0,1
2.45,2.475,12.0,12.100000000000001,2
2.45,2.475,12.100000000000001,12.2,2
2.45,2.475,12.2,12.3,4
2.45,2.475,12.5,12.600000000000001,3
2.45,2.475,12.600000000000001,12.7,1
2.45,2.475,12.8,12.900000000000002,1
2.45,2.475,12.900000000000002,13.0,2
2.45,2.475,13.7,13.8,1
2.475,2.5,8.3,8.4,4
2.475,2.5,8.4,8.5,2
2.475,2.5,8.5,8.600000000000001,5
2.475,2.5,8.600000000000001,8.700000000000001,1
2.475,2.5,8.700000000000001,8.8,4
2.475,2.5,8.8,8.9,6
2.475,2.5,8.9,9.0,7
2.475,2.5,9.0,9.100000000000001,8
2.475,2.5,9.100000000000001,9.200000000000001,12
2.475,2.5,9.200000000000001,9.3,34
2.475,2.5,9.3,9.4,58
2.475,2.5,9.4,9.5,87
2.475,2.5,9.5,9.600000000000001,140
2.475,2.5,9.600000000000001,9.700000000000001,169
2.475,2.5,9.700000000000001,9.8,252
2.475,2.5,9.8,9.9,252
2.475,2.5,9.9,10.0,260
2.475,2.5,10.0,10.100000000000001,268
2.475,2.5,10.100000000000001,10.200000000000001,197
2.475,2.5,10.200000000000001,10.3,167
2.475,2.5,10.3,10.4,206
2.475,2.5,10.4,10.5,167
2.475,2.5,10.5,10.600000000000001,133
2.475,2.5,10.600000000000001,10.700000000000001,97
2.475,2.5,10.700000000000001,10.8,82
2.475,2.5,10.8,10.9,77
2.475,2.5,10.9,11.0,39
2.475,2.5,11.0,11.100000000000001,32
2.475,2.5,11.100000000000001,11.2,19
2.475,2.5,11.2,11.3,14
2.475,2.5,11.3,11.400000000000002,6
2.475,2.5,11.400000000000002,11.5,4
2.475,2.5,11.5,11.600000000000001,2
2.475,2.5,11.600000000000001,11.7,6
2.475,2.5,11.7,11.8,2
2.475,2.5,11.8,11.900000000000002,2
2.475,2.5,11.900000000000002,12.0,2
2.475,2.5,12.0,12.100000000000001,1
2.475,2.5,12.100000000000001,12.2,1
2.475,2.5,12.2,12.3,3
2.475,2.5,12.3,12.400000000000002,1
2.475,2.5,12.7,12.8,1
2.475,2.5,12.8,12.900000000000002,1
2.475,2.5,13.100000000000001,13.2,1
2.5,2.5250000000000004,7.9,8.0,2
2.5,2.5250000000000004,8.0,8.100000000000001,1
2.5,2.5250000000000004,8.100000000000001,8.200000000000001,1
2.5,2.5250000000000004,8.200000000000001,8.3,2
2.5,2.5250000000000004,8.3,8.4,1
2.5,2.5250000000000004,8.5,8.600000000000001,1
2.5,2.5250000000000004,8.600000000000001,8.700000000000001,2
2.5,2.5250000000000004,8.700000000000001,8.8,6
2.5,2.5250000000000004,8.8,8.9,4
2.5,2.5250000000000004,8.9,9.0,3
2.5,2.5250000000000004,9.0,9.100000000000001,11
2.5,2.5250000000000004,9.100000000000001,9.200000000000001,10
2.5,2.5250000000000004,9.200000000000001,9.3,25
2.5,2.5250000000000004,9.3,9.4,36
2.5,2.5250000000000004,9.4,9.5,76
2.5,2.5250000000000004,9.5,9.600000000000001,106
2.5,2.5250000000000004,9.600000000000001,9.700000000000001,156
2.5,2.5250000000000004,9.700000000000001,9.8,188
2.5,2.5250000000000004,9.8,9.9,257
2.5,2.5250000000000004,9.9,10.0,275
2.5,2.5250000000000004,10.0,10.100000000000001,299
2.5,2.5250000000000004,10.100000000000001,10.200000000000001,233
2.5,2.5250000000000004,10.200000000000001,10.3,215
2.5,2.5250000000000004,10.3,10.4,193
2.5,2.5250000000000004,10.4,10.5,192
2.5,2.5250000000000004,10.5,10.600000000000001,179
2.5,2.5250000000000004,10.600000000000001,10.700000000000001,106
2.5,2.5250000000000004,10.700000000000001,10.8,81
2.5,2.5250000000000004,10.8,10.9,91
2.5,2.5250000000000004,10.9,11.0,49
2.5,2.5250000000000004,11.0,11.100000000000001,46
2.5,2.5250000000000004,11.100000000000001,11.2,29
2.5,2.5250000000000004,11.2,11.3,27
2.5,2.5250000000000004,11.3,11.400000000000002,8
2.5,2.5250000000000004,11.400000000000002,11.5,12
2.5,2.5250000000000004,11.5,11.600000000000001,4
2.5,2.5250000000000004,11.600000000000001,11.7,3
2.5,2.5250000000000004,11.7,11.8,2
2.5,2.5250000000000004,11.8,11.900000000000002,2
2.5,2.5250000000000004,11.900000000000002,12.0,2
2.5,2.5250000000000004,12.0,12.100000000000001,1
2.5,2.5250000000000004,12.100000000000001,12.2,3
2.5,2.5250000000000004,12.3,12.400000000000002,2
2.5,2.5250000000000004,12.400000000000002,12.5,1
2.5,2.5250000000000004,12.5,12.600000000000001,2
2.5,2.5250000000000004,12.900000000000002,13.0,1
2.5,2.5250000000000004,13.2,13.3,1
2.5250000000000004,2.5500000000000003,8.100000000000001,8.200000000000001,1
2.5250000000000004,2.5500000000000003,8.200000000000001,8.3,1
2.5250000000000004,2.5500000000000003,8.3,8.4,1
2.5250000000000004,2.5500000000000003,8.5,8.600000000000001,1
2.5250000000000004,2.5500000000000003,8.700000000000001,8.8,3
2.5250000000000004,2.5500000000000003,8.8,8.9,2
2.5250000000000004,2.5500000000000003,8.9,9.0,8
2.5250000000000004,2.5500000000000003,9.0,9.100000000000001,3
2.5250000000000004,2.5500000000000003,9.100000000000001,9.200000000000001,10
2.5250000000000004,2.5500000000000003,9.200000000000001,9.3,15
2.5250000000000004,2.5500000000000003,9.3,9.4,25
2.5250000000000004,2.5500000000000003,9.4,9.5,46
2.5250000000000004,2.5500000000000003,9.5,9.600000000000001,93
2.5250000000000004,2.5500000000000003,9.600000000000001,9.700000000000001,134
2.5250000000000004,2.5500000000000003,9.700000000000001,9.8,183
2.5250000000000004,2.5500000000000003,9.8,9.9,219
2.5250000000000004,2.5500000000000003,9.9,10.0,266
2.5250000000000004,2.5500000000000003,10.0,10.100000000000001,289
2.5250000000000004,2.5500000000000003,10.100000000000001,10.200000000000001,245
2.5250000000000004,2.5500000000000003,10.200000000000001,10.3,226
2.5250000000000004,2.5500000000000003,10.3,10.4,224
2.5250000000000004,2.5500000000000003,10.4,10.5,238
2.5250000000000004,2.5500000000000003,10.5,10.600000000000001,192
2.5250000000000004,2.5500000000000003,10.600000000000001,10.700000000000001,177
2.5250000000000004,2.5500000000000003,10.700000000000001,10.8,130
2.5250000000000004,2.5500000000000003,10.8,10.9,104
2.5250000000000004,2.5500000000000003,10.9,11.0,86
2.5250000000000004,2.5500000000000003,11.0,11.100000000000001,57
2.5250000000000004,2.5500000000000003,11.100000000000001,11.2,50
2.5250000000000004,2.5500000000000003,11.2,11.3,25
2.5250000000000004,2.5500000000000003,11.3,11.400000000000002,25
2.5250000000000004,2.5500000000000003,11.400000000000002,11.5,9
2.5250000000000004,2.5500000000000003,11.5,11.600000000000001,2
2.5250000000000004,2.5500000000000003,11.600000000000001,11.7,3
2.5250000000000004,2.5500000000000003,11.7,11.8,4
2.5250000000000004,2.5500000000000003,11.8,11.900000000000002,1
2.5250000000000004,2.5500000000000003,11.900000000000002,12.0,2
2.5250000000000004,2.5500000000000003,12.0,12.100000000000001,3
2.5250000000000004,2.5500000000000003,12.100000000000001,12.2,4
2.5250000000000004,2.5500000000000003,12.2,12.3,5
2.5250000000000004,2.5500000000000003,12.400000000000002,12.5,3
2.5250000000000004,2.5500000000000003,12.5,12.600000000000001,2
2.5250000000000004,2.5500000000000003,13.3,13.400000000000002,1
2.5250000000000004,2.5500000000000003,13.600000000000001,13.7,1
2.5250000000000004,2.5500000000000003,13.8,13.900000000000002,1
2.5250000000000004,2.5500000000000003,14.0,14.100000000000001,1
2.5500000000000003,2.575,8.100000000000001,8.200000000000001,1
2.5500000000000003,2.575,8.3,8.4,1
2.5500000000000003,2.575,8.5,8.600000000000001,1
2.5500000000000003,2.575,8.700000000000001,8.8,2
2.5500000000000003,2.575,8.8,8.9,3
2.5500000000000003,2.575,8.9,9.0,3
2.5500000000000003,2.575,9.0,9.100000000000001,5
2.5500000000000003,2.575,9.100000000000001,9.200000000000001,7
2.5500000000000003,2.575,9.200000000000001,9.3,9
2.5500000000000003,2.575,9.3,9.4,17
2.5500000000000003,2.575,9.4,9.5,34
2.5500000000000003,2.575,9.5,9.600000000000001,55
2.5500000000000003,2.575,9.600000000000001,9.700000000000001,99
2.5500000000000003,2.575,9.700000000000001,9.8,162
2.5500000000000003,2.575,9.8,9.9,175
2.5500000000000003,2.575,9.9,10.0,250
2.5500000000000003,2.575,10.0,10.100000000000001,274
2.5500000000000003,2.575,10.100000000000001,10.200000000000001,292
2.5500000000000003,2.575,10.200000000000001,10.3,250
2.5500000000000003,2.575,10.3,10.4,277
2.5500000000000003,2.575,10.4,10.5,262
2.5500000000000003,2.575,10.5,10.600000000000001,195
2.5500000000000003,2.575,10.600000000000001,10.700000000000001,203
2.5500000000000003,2.575,10.700000000000001,10.8,173
2.5500000000000003,2.575,10.8,10.9,131
2.5500000000000003,2.575,10.9,11.0,95
2.5500000000000003,2.575,11.0,11.100000000000001,81
2.5500000000000003,2.575,11.100000000000001,11.2,54
2.5500000000000003,2.575,11.2,11.3,42
2.5500000000000003,2.575,11.3,11.400000000000002,26
2.5500000000000003,2.575,11.400000000000002,11.5,14
2.5500000000000003,2.575,11.5,11.600000000000001,6
2.5500000000000003,2.575,11.600000000000001,11.7,1
2.5500000000000003,2.575,11.7,11.8,4
2.5500000000000003,2.575,11.8,11.900000000000002,6
2.5500000000000003,2.575,11.900000000000002,12.0,2
2.5500000000000003,2.575,12.0,12.100000000000001,1
2.5500000000000003,2.575,12.100000000000001,12.2,1
2.5500000000000003,2.575,12.2,12.3,2
2.5500000000000003,2.575,12.3,12.400000000000002,1
2.5500000000000003,2.575,12.5,12.600000000000001,1
2.5500000000000003,2.575,12.600000000000001,12.7,2
2.5500000000000003,2.575,12.7,12.8,2
2.5500000000000003,2.575,12.8,12.900000000000002,1
2.5500000000000003,2.575,13.100000000000001,13.2,1
2.5500000000000003,2.575,13.3,13.400000000000002,1
2.5500000000000003,2.575,13.400000000000002,13.5,1
2.5500000000000003,2.575,13.900000000000002,14.0,1
2.575,2.6,7.9,8.0,1
2.575,2.6,8.5,8.600000000000001,1
2.575,2.6,8.600000000000001,8.700000000000001,1
2.575,2.6,8.8,8.9,3
2.575,2.6,8.9,9.0,3
2.575,2.6,9.0,9.100000000000001,3
2.575,2.6,9.100000000000001,9.200000000000001,6
2.575,2.6,9.200000000000001,9.3,9
2.575,2.6,9.3,9.4,16
2.575,2.6,9.4,9.5,20
2.575,2.6,9.5,9.600000000000001,52
2.575,2.6,9.600000000000001,9.700000000000001,67
2.575,2.6,9.700000000000001,9.8,117
2.575,2.6,9.8,9.9,152
2.575,2.6,9.9,10.0,195
2.575,2.6,10.0,10.100000000000001,274
2.575,2.6,10.100000000000001,10.200000000000001,299
2.575,2.6,10.200000000000001,10.3,278
2.575,2.6,10.3,10.4,271
2.575,2.6,10.4,10.5,283
2.575,2.6,10.5,10.600000000000001,244
2.575,2.6,10.600000000000001,10.700000000000001,202
2.575,2.6,10.700000000000001,10.8,181
2.575,2.6,10.8,10.9,161
2.575,2.6,10.9,11.0,122
2.575,2.6,11.0,11.100000000000001,101
2.575,2.6,11.100000000000001,11.2,67
2.575,2.6,11.2,11.3,58
2.575,2.6,11.3,11.400000000000002,41
2.575,2.6,11.400000000000002,11.5,15
2.575,2.6,11.5,11.600000000000001,14
2.575,2.6,11.600000000000001,11.7,11
2.575,2.6,11.7,11.8,3
2.575,2.6,11.8,11.900000000000002,5
2.575,2.6,11.900000000000002,12.0,2
2.575,2.6,12.0,12.100000000000001,4
2.575,2.6,12.100000000000001,12.2,2
2.575,2.6,12.2,12.3,2
2.575,2.6,12.3,12.400000000000002,3
2.575,2.6,12.400000000000002,12.5,1
2.575,2.6,12.5,12.600000000000001,3
2.575,2.6,12.600000000000001,12.7,1
2.575,2.6,13.100000000000001,13.2,1
2.575,2.6,13.2,13.3,1
2.575,2.6,13.3,13.400000000000002,1
2.6,2.625,8.200000000000001,8.3,1
2.6,2.625,8.4,8.5,1
2.6,2.625,8.5,8.600000000000001,2
2.6,2.625,8.600000000000001,8.700000000000001,1
2.6,2.625,8.700000000000001,8.8,2
2.6,2.625,8.9,9.0,3
2.6,2.625,9.0,9.100000000000001,3
2.6,2.625,9.100000000000001,9.200000000000001,5
2.6,2.625,9.200000000000001,9.3,9
2.6,2.625,9.3,9.4,10
2.6,2.625,9.4,9.5,17
2.6,2.625,9.5,9.600000000000001,27
2.6,2.625,9.600000000000001,9.700000000000001,53
2.6,2.625,9.700000000000001,9.8,95
2.6,2.625,9.8,9.9,141
2.6,2.625,9.9,10.0,176
2.6,2.625,10.0,10.100000000000001,219
2.6,2.625,10.100000000000001,10.200000000000001,262
2.6,2.625,10.200000000000001,10.3,269
2.6,2.625,10.3,10.4,294
2.6,2.625,10.4,10.5,271
2.6,2.625,10.5,10.600000000000001,332
2.6,2.625,10.600000000000001,10.700000000000001,244
2.6,2.625,10.700000000000001,10.8,213
2.6,2.625,10.8,10.9,175
2.6,2.625,10.9,11.0,149
2.6,2.625,11.0,11.100000000000001,104
2.6,2.625,11.100000000000001,11.2,85
2.6,2.625,11.2,11.3,69
2.6,2.625,11.3,11.400000000000002,52
2.6,2.625,11.400000000000002,11.5,37
2.6,2.625,11.5,11.600000000000001,17
2.6,2.625,11.600000000000001,11.7,10
2.6,2.625,11.7,11.8,4
2.6,2.625,11.8,11.900000000000002,1
2.6,2.625,11.900000000000002,12.0,5
2.6,2.625,12.0,12.100000000000001,3
2.6,2.625,12.100000000000001,12.2,4
2.6,2.625,12.2,12.3,2
2.6,2.625,12.3,12.400000000000002,1
2.6,2.625,12.400000000000002,12.5,1
2.6,2.625,12.5,12.600000000000001,1
2.6,2.625,12.600000000000001,12.7,2
2.6,2.625,12.900000000000002,13.0,1
2.6,2.625,13.100000000000001,13.2,1
2.625,2.6500000000000004,8.3,8.4,2
2.625,2.6500000000000004,8.4,8.5,1
2.625,2.6500000000000004,8.5,8.600000000000001,1
2.625,2.6500000000000004,8.600000000000001,8.700000000000001,1
2.625,2.6500000000000004,8.700000000000001,8.8,2
2.625,2.6500000000000004,8.8,8.9,3
2.625,2.6500000000000004,8.9,9.0,1
2.625,2.6500000000000004,9.0,9.100000000000001,4
2.625,2.6500000000000004,9.100000000000001,9.200000000000001,6
2.625,2.6500000000000004,9.200000000000001,9.3,4
2.625,2.6500000000000004,9.3,9.4,8
2.625,2.6500000000000004,9.4,9.5,12
2.625,2.6500000000000004,9.5,9.600000000000001,15
2.625,2.6500000000000004,9.600000000000001,9.700000000000001,38
2.625,2.6500000000000004,9.700000000000001,9.8,57
2.625,2.6500000000000004,9.8,9.9,99
2.625,2.6500000000000004,9.9,10.0,144
2.625,2.6500000000000004,10.0,10.100000000000001,169
2.625,2.6500000000000004,10.100000000000001,10.200000000000001,228
2.625,2.6500000000000004,10.200000000000001,10.3,257
2.625,2.6500000000000004,10.3,10.4,288
2.625,2.6500000000000004,10.4,10.5,291
2.625,2.6500000000000004,10.5,10.600000000000001,281
2.625,2.6500000000000004,10.600000000000001,10.700000000000001,276
2.625,2.6500000000000004,10.700000000000001,10.8,249
2.625,2.6500000000000004,10.8,10.9,192
2.625,2.6500000000000004,10.9,11.0,183
2.625,2.6500000000000004,11.0,11.100000000000001,141
2.625,2.6500000000000004,11.100000000000001,11.2,107
2.625,2.6500000000000004,11.2,11.3,73
2.625,2.6500000000000004,11.3,11.400000000000002,65
2.625,2.6500000000000004,11.400000000000002,11.5,63
2.625,2.6500000000000004,11.5,11.600000000000001,25
2.625,2.6500000000000004,11.600000000000001,11.7,9
2.625,2.6500000000000004,11.7,11.8,5
2.625,2.6500000000000004,11.8,11.900000000000002,6
2.625,2.6500000000000004,11.900000000000002,12.0,4
2.625,2.6500000000000004,12.0,12.100000000000001,5
2.625,2.6500000000000004,12.100000000000001,12.2,1
2.625,2.6500000000000004,12.2,12.3,3
2.625,2.6500000000000004,12.3,12.400000000000002,4
2.625,2.6500000000000004,12.400000000000002,12.5,1
2.625,2.6500000000000004,12.5,12.600000000000001,1
2.625,2.6500000000000004,12.8,12.900000000000002,1
2.625,2.6500000000000004,12.900000000000002,13.0,1
2.625,2.6500000000000004,13.100000000000001,13.2,1
2.625,2.6500000000000004,13.3,13.400000000000002,2
2.625,2.6500000000000004,14.100000000000001,14.200000000000003,1
2.6500000000000004,2.6750000000000003,8.0,8.100000000000001,1
2.6500000000000004,2.6750000000000003,8.4,8.5,1
2.6500000000000004,2.6750000000000003,8.5,8.600000000000001,3
2.6500000000000004,2.6750000000000003,8.600000000000001,8.700000000000001,1
2.6500000000000004,2.6750000000000003,8.700000000000001,8.8,2
2.6500000000000004,2.6750000000000003,8.8,8.9,1
2.6500000000000004,2.6750000000000003,8.9,9.0,3
2.6500000000000004,2.6750000000000003,9.0,9.100000000000001,2
2.6500000000000004,2.6750000000000003,9.100000000000001,9.200000000000001,3
2.6500000000000004,2.6750000000000003,9.200000000000001,9.3,4
2.6500000000000004,2.6750000000000003,9.3,9.4,7
2.6500000000000004,2.6750000000000003,9.4,9.5,10
2.6500000000000004,2.6750000000000003,9.5,9.600000000000001,11
2.6500000000000004,2.6750000000000003,9.600000000000001,9.700000000000001,28
2.6500000000000004,2.6750000000000003,9.700000000000001,9.8,36
2.6500000000000004,2.6750000000000003,9.8,9.9,68
2.6500000000000004,2.6750000000000003,9.9,10.0,104
2.6500000000000004,2.6750000000000003,10.0,10.100000000000001,150
2.6500000000000004,2.6750000000000003,10.100000000000001,10.200000000000001,226
2.6500000000000004,2.6750000000000003,10.200000000000001,10.3,229
2.6500000000000004,2.6750000000000003,10.3,10.4,238
2.6500000000000004,2.6750000000000003,10.4,10.5,277
2.6500000000000004,2.6750000000000003,10.5,10.600000000000001,313
2.6500000000000004,2.6750000000000003,10.600000000000001,10.700000000000001,308
2.6500000000000004,2.6750000000000003,10.700000000000001,10.8,288
2.6500000000000004,2.6750000000000003,10.8,10.9,236
2.6500000000000004,2.6750000000000003,10.9,11.0,196
2.6500000000000004,2.6750000000000003,11.0,11.100000000000001,192
2.6500000000000004,2.6750000000000003,11.100000000000001,11.2,134
2.6500000000000004,2.6750000000000003,11.2,11.3,97
2.6500000000000004,2.6750000000000003,11.3,11.400000000000002,84
2.6500000000000004,2.6750000000000003,11.400000000000002,11.5,66
2.6500000000000004,2.6750000000000003,11.5,11.600000000000001,29
2.6500000000000004,2.6750000000000003,11.600000000000001,11.7,20
2.6500000000000004,2.6750000000000003,11.7,11.8,15
2.6500000000000004,2.6750000000000003,11.8,11.900000000000002,7
2.6500000000000004,2.6750000000000003,11.900000000000002,12.0,5
2.6500000000000004,2.6750000000000003,12.0,12.100000000000001,3
2.6500000000000004,2.6750000000000003,12.100000000000001,12.2,4
2.6500000000000004,2.6750000000000003,12.2,12.3,3
2.6500000000000004,2.6750000000000003,12.3,12.400000000000002,3
2.6500000000000004,2.6750000000000003,12.400000000000002,12.5,2
2.6500000000000004,2.6750000000000003,12.8,12.900000000000002,3
2.6500000000000004,2.6750000000000003,12.900000000000002,13.0,1
2.6500000000000004,2.6750000000000003,13.2,13.3,1
2.6500000000000004,2.6750000000000003,13.3,13.400000000000002,2
2.6500000000000004,2.6750000000000003,13.400000000000002,13.5,1
2.6500000000000004,2.6750000000000003,13.8,13.900000000000002,1
2.6750000000000003,2.7,8.3,8.4,1
2.6750000000000003,2.7,8.600000000000001,8.700000000000001,1
2.6750000000000003,2.7,8.700000000000001,8.8,2
2.6750000000000003,2.7,8.8,8.9,1
2.6750000000000003,2.7,8.9,9.0,1
2.6750000000000003,2.7,9.0,9.100000000000001,3
2.6750000000000003,2.7,9.100000000000001,9.200000000000001,3
2.6750000000000003,2.7,9.200000000000001,9.3,3
2.6750000000000003,2.7,9.3,9.4,7
2.6750000000000003,2.7,9.4,9.5,8
2.6750000000000003,2.7,9.5,9.600000000000001,12
2.6750000000000003,2.7,9.600000000000001,9.700000000000001,12
2.6750000000000003,2.7,9.700000000000001,9.8,30
2.6750000000000003,2.7,9.8,9.9,48
2.6750000000000003,2.7,9.9,10.0,81
2.6750000000000003,2.7,10.0,10.100000000000001,150
2.6750000000000003,2.7,10.100000000000001,10.200000000000001,180
2.6750000000000003,2.7,10.200000000000001,10.3,177
2.6750000000000003,2.7,10.3,10.4,250
2.6750000000000003,2.7,10.4,10.5,297
2.6750000000000003,2.7,10.5,10.600000000000001,292
2.6750000000000003,2.7,10.600000000000001,10.700000000000001,315
2.6750000000000003,2.7,10.700000000000001,10.8,296
2.6750000000000003,2.7,10.8,10.9,297
2.6750000000000003,2.7,10.9,11.0,219
2.6750000000000003,2.7,11.0,11.100000000000001,204
2.6750000000000003,2.7,11.100000000000001,11.2,150
2.6750000000000003,2.7,11.2,11.3,120
2.6750000000000003,2.7,11.3,11.400000000000002,110
2.6750000000000003,2.7,11.400000000000002,11.5,89
2.6750000000000003,2.7,11.5,11.600000000000001,56
2.6750000000000003,2.7,11.600000000000001,11.7,40
2.6750000000000003,2.7,11.7,11.8,10
2.6750000000000003,2.7,11.8,11.900000000000002,5
2.6750000000000003,2.7,11.900000000000002,12.0,5
2.6750000000000003,2.7,12.0,12.100000000000001,2
2.6750000000000003,2.7,12.100000000000001,12.2,2
2.6750000000000003,2.7,12.2,12.3,5
2.6750000000000003,2.7,12.3,12.400000000000002,2
2.6750000000000003,2.7,12.5,12.600000000000001,1
2.6750000000000003,2.7,12.600000000000001,12.7,1
2.6750000000000003,2.7,12.7,12.8,1
2.6750000000000003,2.7,12.8,12.900000000000002,2
2.6750000000000003,2.7,12.900000000000002,13.0,1
2.6750000000000003,2.7,13.0,13.100000000000001,1
2.6750000000000003,2.7,13.100000000000001,13.2,1
2.6750000000000003,2.7,13.2,13.3,1
2.6750000000000003,2.7,13.3,13.400000000000002,1
2.6750000000000003,2.7,13.5,13.600000000000001,1
2.6750000000000003,2.7,13.7,13.8,1
2.6750000000000003,2.7,14.400000000000002,14.5,1
2.7,2.725,8.4,8.5,1
2.7,2.725,8.600000000000001,8.700000000000001,4
2.7,2.725,8.700000000000001,8.8,1
2.7,2.725,8.8,8.9,1
2.7,2.725,9.0,9.100000000000001,3
2.7,2.725,9.100000000000001,9.200000000000001,5
2.7,2.725,9.200000000000001,9.3,7
2.7,2.725,9.3,9.4,9
2.7,2.725,9.4,9.5,4
2.7,2.725,9.5,9.600000000000001,7
2.7,2.725,9.600000000000001,9.700000000000001,22
2.7,2.725,9.700000000000001,9.8,19
2.7,2.725,9.8,9.9,27
2.7,2.725,9.9,10.0,53
2.7,2.725,10.0,10.100000000000001,92
2.7,2.725,10.100000000000001,10.200000000000001,153
2.7,2.725,10.200000000000001,10.3,185
2.7,2.725,10.3,10.4,177
2.7,2.725,10.4,10.5,228
2.7,2.725,10.5,10.600000000000001,280
2.7,2.725,10.600000000000001,10.700000000000001,303
2.7,2.725,10.700000000000001,10.8,332
2.7,2.725,10.8,10.9,336
2.7,2.725,10.9,11.0,264
2.7,2.725,11.0,11.100000000000001,221
2.7,2.725,11.100000000000001,11.2,184
2.7,2.725,11.2,11.3,138
2.7,2.725,11.3,11.400000000000002,120
2.7,2.725,11.400000000000002,11.5,107
2.7,2.725,11.5,11.600000000000001,72
2.7,2.725,11.600000000000001,11.7,42
2.7,2.725,11.7,11.8,22
2.7,2.725,11.8,11.900000000000002,17
2.7,2.725,11.900000000000002,12.0,12
2.7,2.725,12.0,12.100000000000001,3
2.7,2.725,12.100000000000001,12.2,5
2.7,2.725,12.2,12.3,5
2.7,2.725,12.3,12.400000000000002,2
2.7,2.725,12.400000000000002,12.5,1
2.7,2.725,12.7,12.8,1
2.7,2.725,12.8,12.900000000000002,1
2.7,2.725,12.900000000000002,13.0,2
2.7,2.725,13.100000000000001,13.2,1
2.725,2.75,8.0,8.100000000000001,1
2.725,2.75,8.5,8.600000000000001,1
2.725,2.75,8.600000000000001,8.700000000000001,1
2.725,2.75,8.700000000000001,8.8,2
2.725,2.75,8.8,8.9,2
2.725,2.75,8.9,9.0,1
2.725,2.75,9.0,9.100000000000001,2
2.725,2.75,9.100000000000001,9.200000000000001,3
2.725,2.75,9.200000000000001,9.3,2
2.725,2.75,9.3,9.4,12
2.725,2.75,9.4,9.5,9
2.725,2.75,9.5,9.600000000000001,9
2.725,2.75,9.600000000000001,9.700000000000001,8
2.725,2.75,9.700000000000001,9.8,14
2.725,2.75,9.8,9.9,18
2.725,2.75,9.9,10.0,35
2.725,2.75,10.0,10.100000000000001,59
2.725,2.75,10.100000000000001,10.200000000000001,95
2.725,2.75,10.200000000000001,10.3,135
2.725,2.75,10.3,10.4,167
2.725,2.75,10.4,10.5,192
2.725,2.75,10.5,10.600000000000001,238
2.725,2.75,10.600000000000001,10.700000000000001,267
2.725,2.75,10.700000000000001,10.8,341
2.725,2.75,10.8,10.9,367
2.725,2.75,10.9,11.0,288
2.725,2.75,11.0,11.100000000000001,243
2.725,2.75,11.100000000000001,11.2,219
2.725,2.75,11.2,11.3,169
2.725,2.75,11.3,11.400000000000002,141
2.725,2.75,11.400000000000002,11.5,124
2.725,2.75,11.5,11.600000000000001,69
2.725,2.75,11.600000000000001,11.7,66
2.725,2.75,11.7,11.8,43
2.725,2.75,11.8,11.900000000000002,16
2.725,2.75,11.900000000000002,12.0,14
2.725,2.75,12.0,12.100000000000001,3
2.725,2.75,12.100000000000001,12.2,5
2.725,2.75,12.2,12.3,4
2.725,2.75,12.3,12.400000000000002,5
2.725,2.75,12.400000000000002,12.5,6
2.725,2.75,12.7,12.8,2
2.725,2.75,12.900000000000002,13.0,1
2.725,2.75,13.100000000000001,13.2,2
2.725,2.75,13.2,13.3,1
2.725,2.75,13.5,13.600000000000001,1
2.725,2.75,13.600000000000001,13.7,1
2.75,2.7750000000000004,8.9,9.0,2
2.75,2.7750000000000004,9.0,9.100000000000001,2
2.75,2.7750000000000004,9.100000000000001,9.200000000000001,6
2.75,2.7750000000000004,9.200000000000001,9.3,3
2.75,2.7750000000000004,9.3,9.4,4
2.75,2.7750000000000004,9.4,9.5,5
2.75,2.7750000000000004,9.5,9.600000000000001,8
2.75,2.7750000000000004,9.600000000000001,9.700000000000001,8
2.75,2.7750000000000004,9.700000000000001,9.8,10
2.75,2.7750000000000004,9.8,9.9,12
2.75,2.7750000000000004,9.9,10.0,23
2.75,2.7750000000000004,10.0,10.100000000000001,40
2.75,2.7750000000000004,10.100000000000001,10.200000000000001,76
2.75,2.7750000000000004,10.200000000000001,10.3,114
2.75,2.7750000000000004,10.3,10.4,146
2.75,2.7750000000000004,10.4,10.5,199
2.75,2.7750000000000004,10.5,10.600000000000001,209
2.75,2.7750000000000004,10.600000000000001,10.700000000000001,230
2.75,2.7750000000000004,10.700000000000001,10.8,277
2.75,2.7750000000000004,10.8,10.9,327
2.75,2.7750000000000004,10.9,11.0,323
2.75,2.7750000000000004,11.0,11.100000000000001,276
2.75,2.7750000000000004,11.100000000000001,11.2,221
2.75,2.7750000000000004,11.2,11.3,224
2.75,2.7750000000000004,11.3,11.400000000000002,171
2.75,2.7750000000000004,11.400000000000002,11.5,126
2.75,2.7750000000000004,11.5,11.600000000000001,100
2.75,2.7750000000000004,11.600000000000001,11.7,79
2.75,2.7750000000000004,11.7,11.8,71
2.75,2.7750000000000004,11.8,11.900000000000002,47
2.75,2.7750000000000004,11.900000000000002,12.0,20
2.75,2.7750000000000004,12.0,12.100000000000001,12
2.75,2.7750000000000004,12.100000000000001,12.2,6
2.75,2.7750000000000004,12.2,12.3,6
2.75,2.7750000000000004,12.3,12.400000000000002,2
2.75,2.7750000000000004,12.5,12.600000000000001,1
2.75,2.7750000000000004,12.7,12.8,4
2.75,2.7750000000000004,12.8,12.900000000000002,2
2.75,2.7750000000000004,13.100000000000001,13.2,2
2.75,2.7750000000000004,13.600000000000001,13.7,1
2.7750000000000004,2.8000000000000003,8.700000000000001,8.8,1
2.7750000000000004,2.8000000000000003,8.8,8.9,1
2.7750000000000004,2.8000000000000003,8.9,9.0,2
2.7750000000000004,2.8000000000000003,9.100000000000001,9.200000000000001,2
2.7750000000000004,2.8000000000000003,9.200000000000001,9.3,6
2.7750000000000004,2.8000000000000003,9.3,9.4,1
2.7750000000000004,2.8000000000000003,9.4,9.5,4
2.7750000000000004,2.8000000000000003,9.5,9.600000000000001,8
2.7750000000000004,2.8000000000000003,9.600000000000001,9.700000000000001,9
2.7750000000000004,2.8000000000000003,9.700000000000001,9.8,7
2.7750000000000004,2.8000000000000003,9.8,9.9,13
2.7750000000000004,2.8000000000000003,9.9,10.0,8
2.7750000000000004,2.8000000000000003,10.0,10.100000000000001,19
2.7750000000000004,2.8000000000000003,10.100000000000001,10.200000000000001,52
2.7750000000000004,2.8000000000000003,10.200000000000001,10.3,81
2.7750000000000004,2.8000000000000003,10.3,10.4,101
2.7750000000000004,2.8000000000000003,10.4,10.5,156
2.7750000000000004,2.8000000000000003,10.5,10.600000000000001,194
2.7750000000000004,2.8000000000000003,10.600000000000001,10.700000000000001,218
2.7750000000000004,2.8000000000000003,10.700000000000001,10.8,220
2.7750000000000004,2.8000000000000003,10.8,10.9,286
2.7750000000000004,2.8000000000000003,10.9,11.0,318
2.7750000000000004,2.8000000000000003,11.0,11.100000000000001,331
2.7750000000000004,2.8000000000000003,11.100000000000001,11.2,310
2.7750000000000004,2.8000000000000003,11.2,11.3,219
2.7750000000000004,2.8000000000000003,11.3,11.400000000000002,200
2.7750000000000004,2.8000000000000003,11.400000000000002,11.5,162
2.7750000000000004,2.8000000000000003,11.5,11.600000000000001,133
2.7750000000000004,2.8000000000000003,11.600000000000001,11.7,83
2.7750000000000004,2.8000000000000003,11.7,11.8,75
2.7750000000000004,2.8000000000000003,11.8,11.900000000000002,48
2.7750000000000004,2.8000000000000003,11.900000000000002,12.0,22
2.7750000000000004,2.8000000000000003,12.0,12.100000000000001,24
2.7750000000000004,2.8000000000000003,12.100000000000001,12.2,12
2.7750000000000004,2.8000000000000003,12.2,12.3,3
2.7750000000000004,2.8000000000000003,12.3,12.400000000000002,2
2.7750000000000004,2.8000000000000003,12.400000000000002,12.5,2
2.7750000000000004,2.8000000000000003,12.5,12.600000000000001,4
2.7750000000000004,2.8000000000000003,12.600000000000001,12.7,2
2.7750000000000004,2.8000000000000003,12.7,12.8,2
2.7750000000000004,2.8000000000000003,12.900000000000002,13.0,1
2.7750000000000004,2.8000000000000003,13.0,13.100000000000001,1
2.7750000000000004,2.8000000000000003,13.100000000000001,13.2,3
2.7750000000000004,2.8000000000000003,13.7,13.8,1
2.8000000000000003,2.825,8.9,9.0,1
2.8000000000000003,2.825,9.100000000000001,9.200000000000001,3
2.8000000000000003,2.825,9.200000000000001,9.3,3
2.8000000000000003,2.825,9.4,9.5,4
2.8000000000000003,2.825,9.5,9.600000000000001,8
2.8000000000000003,2.825,9.600000000000001,9.700000000000001,4
2.8000000000000003,2.825,9.700000000000001,9.8,10
2.8000000000000003,2.825,9.8,9.9,12
2.8000000000000003,2.825,9.9,10.0,13
2.8000000000000003,2.825,10.0,10.100000000000001,19
2.8000000000000003,2.825,10.100000000000001,10.200000000000001,27
2.8000000000000003,2.825,10.200000000000001,10.3,60
2.8000000000000003,2.825,10.3,10.4,77
2.8000000000000003,2.825,10.4,10.5,125
2.8000000000000003,2.825,10.5,10.600000000000001,151
2.8000000000000003,2.825,10.600000000000001,10.700000000000001,160
2.8000000000000003,2.825,10.700000000000001,10.8,208
2.8000000000000003,2.825,10.8,10.9,291
2.8000000000000003,2.825,10.9,11.0,310
2.8000000000000003,2.825,11.0,11.100000000000001,343
2.8000000000000003,2.825,11.100000000000001,11.2,331
2.8000000000000003,2.825,11.2,11.3,267
2.8000000000000003,2.825,11.3,11.400000000000002,223
2.8000000000000003,2.825,11.400000000000002,11.5,193
2.8000000000000003,2.825,11.5,11.600000000000001,126
2.8000000000000003,2.825,11.600000000000001,11.7,111
2.8000000000000003,2.825,11.7,11.8,89
2.8000000000000003,2.825,11.8,11.900000000000002,66
2.8000000000000003,2.825,11.900000000000002,12.0,36
2.8000000000000003,2.825,12.0,12.100000000000001,24
2.8000000000000003,2.825,12.100000000000001,12.2,10
2.8000000000000003,2.825,12.2,12.3,7
2.8000000000000003,2.825,12.3,12.400000000000002,1
2.8000000000000003,2.825,12.400000000000002,12.5,1
2.8000000000000003,2.825,12.5,12.600000000000001,3
2.8000000000000003,2.825,12.600000000000001,12.7,4
2.8000000000000003,2.825,12.7,12.8,1
2.8000000000000003,2.825,12.8,12.900000000000002,1
2.8000000000000003,2.825,12.900000000000002,13.0,2
2.8000000000000003,2.825,13.100000000000001,13.2,1
2.8000000000000003,2.825,13.2,13.3,1
2.8000000000000003,2.825,13.3,13.400000000000002,1
2.8000000000000003,2.825,13.600000000000001,13.7,1
2.825,2.85,8.600000000000001,8.700000000000001,1
2.825,2.85,8.700000000000001,8.8,1
2.825,2.85,9.100000000000001,9.200000000000001,1
2.825,2.85,9.200000000000001,9.3,2
2.825,2.85,9.3,9.4,2
2.825,2.85,9.4,9.5,3
2.825,2.85,9.5,9.600000000000001,4
2.825,2.85,9.600000000000001,9.700000000000001,6
2.825,2.85,9.700000000000001,9.8,5
2.825,2.85,9.8,9.9,6
2.825,2.85,9.9,10.0,15
2.825,2.85,10.0,10.100000000000001,15
2.825,2.85,10.100000000000001,10.200000000000001,26
2.825,2.85,10.200000000000001,10.3,40
2.825,2.85,10.3,10.4,51
2.825,2.85,10.4,10.5,94
2.825,2.85,10.5,10.600000000000001,124
2.825,2.85,10.600000000000001,10.700000000000001,157
2.825,2.85,10.700000000000001,10.8,178
2.825,2.85,10.8,10.9,231
2.825,2.85,10.9,11.0,276
2.825,2.85,11.0,11.100000000000001,302
2.825,2.85,11.100000000000001,11.2,347
2.825,2.85,11.2,11.3,312
2.825,2.85,11.3,11.400000000000002,290
2.825,2.85,11.400000000000002,11.5,204
2.825,2.85,11.5,11.600000000000001,163
2.825,2.85,11.600000000000001,11.7,126
2.825,2.85,11.7,11.8,111
2.825,2.85,11.8,11.900000000000002,86
2.825,2.85,11.900000000000002,12.0,54
2.825,2.85,12.0,12.100000000000001,32
2.825,2.85,12.100000000000001,12.2,16
2.825,2.85,12.2,12.3,4
2.825,2.85,12.3,12.400000000000002,1
2.825,2.85,12.400000000000002,12.5,1
2.825,2.85,12.5,12.600000000000001,3
2.825,2.85,12.600000000000001,12.7,2
2.825,2.85,12.7,12.8,1
2.825,2.85,12.8,12.900000000000002,2
2.825,2.85,12.900000000000002,13.0,1
2.825,2.85,13.100000000000001,13.2,1
2.825,2.85,13.2,13.3,1
2.825,2.85,13.3,13.400000000000002,3
2.825,2.85,13.600000000000001,13.7,1
2.825,2.85,13.8,13.900000000000002,1
2.85,2.875,8.700000000000001,8.8,1
2.85,2.875,9.0,9.100000000000001,1
2.85,2.875,9.100000000000001,9.200000000000001,1
2.85,2.875,9.200000000000001,9.3,1
2.85,2.875,9.3,9.4,1
2.85,2.875,9.4,9.5,5
2.85,2.875,9.5,9.600000000000001,3
2.85,2.875,9.600000000000001,9.700000000000001,4
2.85,2.875,9.700000000000001,9.8,6
2.85,2.875,9.8,9.9,9
2.85,2.875,9.9,10.0,11
2.85,2.875,10.0,10.100000000000001,18
2.85,2.875,10.100000000000001,10.200000000000001,13
2.85,2.875,10.200000000000001,10.3,24
2.85,2.875,10.3,10.4,34
2.85,2.875,10.4,10.5,62
2.85,2.875,10.5,10.600000000000001,84
2.85,2.875,10.600000000000001,10.700000000000001,116
2.85,2.875,10.700000000000001,10.8,160
2.85,2.875,10.8,10.9,219
2.85,2.875,10.9,11.0,244
2.85,2.875,11.0,11.100000000000001,276
2.85,2.875,11.100000000000001,11.2,339
2.85,2.875,11.2,11.3,340
2.85,2.875,11.3,11.400000000000002,330
2.85,2.875,11.400000000000002,11.5,251
2.85,2.875,11.5,11.600000000000001,210
2.85,2.875,11.600000000000001,11.7,187
2.85,2.875,11.7,11.8,112
2.85,2.875,11.8,11.900000000000002,81
2.85,2.875,11.900000000000002,12.0,64
2.85,2.875,12.0,12.100000000000001,37
2.85,2.875,12.100000000000001,12.2,18
2.85,2.875,12.2,12.3,15
2.85,2.875,12.3,12.400000000000002,5
2.85,2.875,12.400000000000002,12.5,2
2.85,2.875,12.5,12.600000000000001,2
2.85,2.875,12.600000000000001,12.7,2
2.85,2.875,12.7,12.8,2
2.85,2.875,12.8,12.900000000000002,2
2.85,2.875,12.900000000000002,13.0,2
2.85,2.875,13.0,13.100000000000001,1
2.85,2.875,13.100000000000001,13.2,1
2.85,2.875,13.2,13.3,2
2.85,2.875,13.3,13.400000000000002,1
2.85,2.875,13.7,13.8,1
2.875,2.9000000000000004,8.5,8.600000000000001,1
2.875,2.9000000000000004,8.700000000000001,8.8,1
2.875,2.9000000000000004,8.8,8.9,1
2.875,2.9000000000000004,8.9,9.0,1
2.875,2.9000000000000004,9.0,9.100000000000001,1
2.875,2.9000000000000004,9.200000000000001,9.3,6
2.875,2.9000000000000004,9.3,9.4,1
2.875,2.9000000000000004,9.4,9.5,2
2.875,2.9000000000000004,9.5,9.600000000000001,1
2.875,2.9000000000000004,9.600000000000001,9.700000000000001,5
2.875,2.9000000000000004,9.700000000000001,9.8,7
2.875,2.9000000000000004,9.8,9.9,8
2.875,2.9000000000000004,9.9,10.0,9
2.875,2.9000000000000004,10.0,10.100000000000001,13
2.875,2.9000000000000004,10.100000000000001,10.200000000000001,20
2.875,2.9000000000000004,10.200000000000001,10.3,18
2.875,2.9000000000000004,10.3,10.4,25
2.875,2.9000000000000004,10.4,10.5,30
2.875,2.9000000000000004,10.5,10.600000000000001,62
2.875,2.9000000000000004,10.600000000000001,10.700000000000001,87
2.875,2.9000000000000004,10.700000000000001,10.8,129
2.875,2.9000000000000004,10.8,10.9,185
2.875,2.9000000000000004,10.9,11.0,220
2.875,2.9000000000000004,11.0,11.100000000000001,242
2.875,2.9000000000000004,11.100000000000001,11.2,283
2.875,2.9000000000000004,11.2,11.3,320
2.875,2.9000000000000004,11.3,11.400000000000002,313
2.875,2.9000000000000004,11.400000000000002,11.5,344
2.875,2.9000000000000004,11.5,11.600000000000001,281
2.875,2.9000000000000004,11.600000000000001,11.7,211
2.875,2.9000000000000004,11.7,11.8,153
2.875,2.9000000000000004,11.8,11.900000000000002,105
2.875,2.9000000000000004,11.900000000000002,12.0,89
2.875,2.9000000000000004,12.0,12.100000000000001,40
2.875,2.9000000000000004,12.100000000000001,12.2,27
2.875,2.9000000000000004,12.2,12.3,22
2.875,2.9000000000000004,12.3,12.400000000000002,6
2.875,2.9000000000000004,12.400000000000002,12.5,2
2.875,2.9000000000000004,12.5,12.600000000000001,5
2.875,2.9000000000000004,12.600000000000001,12.7,2
2.875,2.9000000000000004,12.7,12.8,5
2.875,2.9000000000000004,12.8,12.900000000000002,2
2.875,2.9000000000000004,12.900000000000002,13.0,2
2.875,2.9000000000000004,13.100000000000001,13.2,3
2.875,2.9000000000000004,13.400000000000002,13.5,1
2.875,2.9000000000000004,14.200000000000003,14.3,1
2.9000000000000004,2.9250000000000003,8.3,8.4,1
2.9000000000000004,2.9250000000000003,8.600000000000001,8.700000000000001,1
2.9000000000000004,2.9250000000000003,8.700000000000001,8.8,1
2.9000000000000004,2.9250000000000003,9.0,9.100000000000001,2
2.9000000000000004,2.9250000000000003,9.100000000000001,9.200000000000001,1
2.9000000000000004,2.9250000000000003,9.200000000000001,9.3,1
2.9000000000000004,2.9250000000000003,9.3,9.4,3
2.9000000000000004,2.9250000000000003,9.5,9.600000000000001,6
2.9000000000000004,2.9250000000000003,9.600000000000001,9.700000000000001,6
2.9000000000000004,2.9250000000000003,9.700000000000001,9.8,3
2.9000000000000004,2.9250000000000003,9.8,9.9,5
2.9000000000000004,2.9250000000000003,9.9,10.0,5
2.9000000000000004,2.9250000000000003,10.0,10.100000000000001,5
2.9000000000000004,2.9250000000000003,10.100000000000001,10.200000000000001,10
2.9000000000000004,2.9250000000000003,10.200000000000001,10.3,13
2.9000000000000004,2.9250000000000003,10.3,10.4,16
2.9000000000000004,2.9250000000000003,10.4,10.5,19
2.9000000000000004,2.9250000000000003,10.5,10.600000000000001,37
2.9000000000000004,2.9250000000000003,10.600000000000001,10.700000000000001,64
2.9000000000000004,2.9250000000000003,10.700000000000001,10.8,82
2.9000000000000004,2.9250000000000003,10.8,10.9,116
2.9000000000000004,2.9250000000000003,10.9,11.0,170
2.9000000000000004,2.9250000000000003,11.0,11.100000000000001,202
2.9000000000000004,2.9250000000000003,11.100000000000001,11.2,243
2.9000000000000004,2.9250000000000003,11.2,11.3,317
2.9000000000000004,2.9250000000000003,11.3,11.400000000000002,324
2.9000000000000004,2.9250000000000003,11.400000000000002,11.5,351
2.9000000000000004,2.9250000000000003,11.5,11.600000000000001,293
2.9000000000000004,2.9250000000000003,11.600000000000001,11.7,256
2.9000000000000004,2.9250000000000003,11.7,11.8,192
2.9000000000000004,2.9250000000000003,11.8,11.900000000000002,129
2.9000000000000004,2.9250000000000003,11.900000000000002,12.0,96
2.9000000000000004,2.9250000000000003,12.0,12.100000000000001,73
2.9000000000000004,2.9250000000000003,12.100000000000001,12.2,46
2.9000000000000004,2.9250000000000003,12.2,12.3,20
2.9000000000000004,2.9250000000000003,12.3,12.400000000000002,10
2.9000000000000004,2.9250000000000003,12.400000000000002,12.5,7
2.9000000000000004,2.9250000000000003,12.5,12.600000000000001,4
2.9000000000000004,2.9250000000000003,12.600000000000001,12.7,2
2.9000000000000004,2.9250000000000003,12.7,12.8,4
2.9000000000000004,2.9250000000000003,12.8,12.900000000000002,2
2.9000000000000004,2.9250000000000003,12.900000000000002,13.0,1
2.9000000000000004,2.9250000000000003,13.100000000000001,13.2,1
2.9000000000000004,2.9250000000000003,13.2,13.3,1
2.9000000000000004,2.9250000000000003,13.3,13.400000000000002,3
2.9000000000000004,2.9250000000000003,13.400000000000002,13.5,1
2.9000000000000004,2.9250000000000003,14.100000000000001,14.200000000000003,1
2.9250000000000003,2.95,8.600000000000001,8.700000000000001,1
2.9250000000000003,2.95,9.100000000000001,9.200000000000001,1
2.9250000000000003,2.95,9.200000000000001,9.3,1
2.9250000000000003,2.95,9.4,9.5,2
2.9250000000000003,2.95,9.5,9.600000000000001,4
2.9250000000000003,2.95,9.600000000000001,9.700000000000001,5
2.9250000000000003,2.95,9.700000000000001,9.8,3
2.9250000000000003,2.95,9.8,9.9,5
2.9250000000000003,2.95,9.9,10.0,4
2.9250000000000003,2.95,10.0,10.100000000000001,3
2.9250000000000003,2.95,10.100000000000001,10.200000000000001,10
2.9250000000000003,2.95,10.200000000000001,10.3,14
2.9250000000000003,2.95,10.3,10.4,14
2.9250000000000003,2.95,10.4,10.5,14
2.9250000000000003,2.95,10.5,10.600000000000001,17
2.9250000000000003,2.95,10.600000000000001,10.700000000000001,31
2.9250000000000003,2.95,10.700000000000001,10.8,56
2.9250000000000003,2.95,10.8,10.9,108
2.9250000000000003,2.95,10.9,11.0,122
2.9250000000000003,2.95,11.0,11.100000000000001,145
2.9250000000000003,2.95,11.100000000000001,11.2,243
2.9250000000000003,2.95,11.2,11.3,242
2.9250000000000003,2.95,11.3,11.400000000000002,284
2.9250000000000003,2.95,11.400000000000002,11.5,309
2.9250000000000003,2.95,11.5,11.600000000000001,338
2.9250000000000003,2.95,11.600000000000001,11.7,318
2.9250000000000003,2.95,11.7,11.8,227
2.9250000000000003,2.95,11.8,11.900000000000002,194
2.9250000000000003,2.95,11.900000000000002,12.0,121
2.9250000000000003,2.95,12.0,12.100000000000001,92
2.9250000000000003,2.95,12.100000000000001,12.2,53
2.9250000000000003,2.95,12.2,12.3,28
2.9250000000000003,2.95,12.3,12.400000000000002,17
2.9250000000000003,2.95,12.400000000000002,12.5,10
2.9250000000000003,2.95,12.5,12.600000000000001,3
2.9250000000000003,2.95,12.600000000000001,12.7,3
2.9250000000000003,2.95,12.7,12.8,2
2.9250000000000003,2.95,12.8,12.900000000000002,4
2.9250000000000003,2.95,13.0,13.100000000000001,1
2.9250000000000003,2.95,13.100000000000001,13.2,3
2.9250000000000003,2.95,13.2,13.3,3
2.9250000000000003,2.95,13.5,13.600000000000001,2
2.95,2.975,8.4,8.5,1
2.95,2.975,9.200000000000001,9.3,1
2.95,2.975,9.4,9.5,2
2.95,2.975,9.5,9.600000000000001,1
2.95,2.975,9.600000000000001,9.700000000000001,3
2.95,2.975,9.700000000000001,9.8,4
2.95,2.975,9.8,9.9,5
2.95,2.975,9.9,10.0,2
2.95,2.975,10.0,10.100000000000001,7
2.95,2.975,10.100000000000001,10.200000000000001,8
2.95,2.975,10.200000000000001,10.3,9
2.95,2.975,10.3,10.4,13
2.95,2.975,10.4,10.5,18
2.95,2.975,10.5,10.600000000000001,16
2.95,2.975,10.600000000000001,10.700000000000001,35
2.95,2.975,10.700000000000001,10.8,48
2.95,2.975,10.8,10.9,72
2.95,2.975,10.9,11.0,94
2.95,2.975,11.0,11.100000000000001,119
2.95,2.975,11.100000000000001,11.2,191
2.95,2.975,11.2,11.3,215
2.95,2.975,11.3,11.400000000000002,257
2.95,2.975,11.400000000000002,11.5,294
2.95,2.975,11.5,11.600000000000001,310
2.95,2.975,11.600000000000001,11.7,307
2.95,2.975,11.7,11.8,289
2.95,2.975,11.8,11.900000000000002,203
2.95,2.975,11.900000000000002,12.0,150
2.95,2.975,12.0,12.100000000000001,119
2.95,2.975,12.100000000000001,12.2,85
2.95,2.975,12.2,12.3,44
2.95,2.975,12.3,12.400000000000002,29
2.95,2.975,12.400000000000002,12.5,14
2.95,2.975,12.5,12.600000000000001,6
2.95,2.975,12.600000000000001,12.7,2
2.95,2.975,12.7,12.8,1
2.95,2.975,12.900000000000002,13.0,2
2.95,2.975,13.0,13.100000000000001,3
2.95,2.975,13.100000000000001,13.2,1
2.95,2.975,13.400000000000002,13.5,1
2.95,2.975,13.600000000000001,13.7,1
2.975,3.0,9.5,9.600000000000001,3
2.975,3.0,9.700000000000001,9.8,1
2.975,3.0,9.8,9.9,5
2.975,3.0,9.9,10.0,3
2.975,3.0,10.0,10.100000000000001,2
2.975,3.0,10.100000000000001,10.200000000000001,9
2.975,3.0,10.200000000000001,10.3,6
2.975,3.0,10.3,10.4,3
2.975,3.0,10.4,10.5,12
2.975,3.0,10.5,10.600000000000001,11
2.975,3.0,10.600000000000001,10.700000000000001,17
2.975,3.0,10.700000000000001,10.8,33
2.975,3.0,10.8,10.9,50
2.975,3.0,10.9,11.0,68
2.975,3.0,11.0,11.100000000000001,102
2.975,3.0,11.100000000000001,11.2,138
2.975,3.0,11.2,11.3,164
2.975,3.0,11.3,11.400000000000002,225
2.975,3.0,11.400000000000002,11.5,232
2.975,3.0,11.5,11.600000000000001,317
2.975,3.0,11.600000000000001,11.7,327
2.975,3.0,11.7,11.8,340
2.975,3.0,11.8,11.900000000000002,241
2.975,3.0,11.900000000000002,12.0,173
2.975,3.0,12.0,12.100000000000001,136
2.975,3.0,12.100000000000001,12.2,87
2.975,3.0,12.2,12.3,75
2.975,3.0,12.3,12.400000000000002,40
2.975,3.0,12.400000000000002,12.5,15
2.975,3.0,12.5,12.600000000000001,6
2.975,3.0,12.600000000000001,12.7,5
2.975,3.0,12.7,12.8,4
2.975,3.0,12.8,12.900000000000002,3
2.975,3.0,12.900000000000002,13.0,5
2.975,3.0,13.0,13.100000000000001,4
2.975,3.0,13.100000000000001,13.2,1
2.975,3.0,13.2,13.3,1
2.975,3.0,13.3,13.400000000000002,1
2.975,3.0,13.400000000000002,13.5,1
2.975,3.0,13.5,13.600000000000001,2
3.0,3.0250000000000004,9.3,9.4,1
3.0,3.0250000000000004,9.4,9.5,2
3.0,3.0250000000000004,9.5,9.600000000000001,1
3.0,3.0250000000000004,9.600000000000001,9.700000000000001,1
3.0,3.0250000000000004,9.700000000000001,9.8,2
3.0,3.0250000000000004,9.8,9.9,3
3.0,3.0250000000000004,10.0,10.100000000000001,9
3.0,3.0250000000000004,10.100000000000001,10.200000000000001,5
3.0,3.0250000000000004,10.200000000000001,10.3,6
3.0,3.0250000000000004,10.3,10.4,7
3.0,3.0250000000000004,10.4,10.5,7
3.0,3.0250000000000004,10.5,10.600000000000001,13
3.0,3.0250000000000004,10.600000000000001,10.700000000000001,9
3.0,3.0250000000000004,10.700000000000001,10.8,15
3.0,3.0250000000000004,10.8,10.9,31
3.0,3.0250000000000004,10.9,11.0,48
3.0,3.0250000000000004,11.0,11.100000000000001,72
3.0,3.0250000000000004,11.100000000000001,11.2,87
3.0,3.0250000000000004,11.2,11.3,153
3.0,3.0250000000000004,11.3,11.400000000000002,156
3.0,3.0250000000000004,11.400000000000002,11.5,227
3.0,3.0250000000000004,11.5,11.600000000000001,253
3.0,3.0250000000000004,11.600000000000001,11.7,323
3.0,3.0250000000000004,11.7,11.8,357
3.0,3.0250000000000004,11.8,11.900000000000002,333
3.0,3.0250000000000004,11.900000000000002,12.0,209
3.0,3.0250000000000004,12.0,12.100000000000001,166
3.0,3.0250000000000004,12.100000000000001,12.2,118
3.0,3.0250000000000004,12.2,12.3,71
3.0,3.0250000000000004,12.3,12.400000000000002,54
3.0,3.0250000000000004,12.400000000000002,12.5,35
3.0,3.0250000000000004,12.5,12.600000000000001,15
3.0,3.0250000000000004,12.600000000000001,12.7,6
3.0,3.0250000000000004,12.7,12.8,4
3.0,3.0250000000000004,12.8,12.900000000000002,1
3.0,3.0250000000000004,12.900000000000002,13.0,2
3.0,3.0250000000000004,13.0,13.100000000000001,1
3.0,3.0250000000000004,13.100000000000001,13.2,1
3.0,3.0250000000000004,13.2,13.3,2
3.0,3.0250000000000004,13.3,13.400000000000002,3
3.0,3.0250000000000004,13.5,13.600000000000001,1
3.0,3.0250000000000004,13.600000000000001,13.7,1
3.0250000000000004,3.05,8.600000000000001,8.700000000000001,1
3.0250000000000004,3.05,9.5,9.600000000000001,1
3.0250000000000004,3.05,9.600000000000001,9.700000000000001,2
3.0250000000000004,3.05,9.700000000000001,9.8,1
3.0250000000000004,3.05,9.8,9.9,5
3.0250000000000004,3.05,9.9,10.0,7
3.0250000000000004,3.05,10.0,10.100000000000001,4
3.0250000000000004,3.05,10.100000000000001,10.200000000000001,5
3.0250000000000004,3.05,10.200000000000001,10.3,4
3.0250000000000004,3.05,10.3,10.4,12
3.0250000000000004,3.05,10.4,10.5,7
3.0250000000000004,3.05,10.5,10.600000000000001,14
3.0250000000000004,3.05,10.600000000000001,10.700000000000001,10
3.0250000000000004,3.05,10.700000000000001,10.8,22
3.0250000000000004,3.05,10.8,10.9,22
3.0250000000000004,3.05,10.9,11.0,31
3.0250000000000004,3.05,11.0,11.100000000000001,47
3.0250000000000004,3.05,11.100000000000001,11.2,63
3.0250000000000004,3.05,11.2,11.3,83
3.0250000000000004,3.05,11.3,11.400000000000002,139
3.0250000000000004,3.05,11.400000000000002,11.5,194
3.0250000000000004,3.05,11.5,11.600000000000001,224
3.0250000000000004,3.05,11.600000000000001,11.7,297
3.0250000000000004,3.05,11.7,11.8,314
3.0250000000000004,3.05,11.8,11.900000000000002,328
3.0250000000000004,3.05,11.900000000000002,12.0,299
3.0250000000000004,3.05,12.0,12.100000000000001,204
3.0250000000000004,3.05,12.100000000000001,12.2,144
3.0250000000000004,3.05,12.2,12.3,107
3.0250000000000004,3.05,12.3,12.400000000000002,66
3.0250000000000004,3.05,12.400000000000002,12.5,28
3.0250000000000004,3.05,12.5,12.600000000000001,10
3.0250000000000004,3.05,12.600000000000001,12.7,11
3.0250000000000004,3.05,12.7,12.8,3
3.0250000000000004,3.05,12.8,12.900000000000002,3
3.0250000000000004,3.05,12.900000000000002,13.0,2
3.0250000000000004,3.05,13.0,13.100000000000001,4
3.0250000000000004,3.05,13.100000000000001,13.2,2
3.0250000000000004,3.05,13.2,13.3,1
3.0250000000000004,3.05,13.600000000000001,13.7,1
3.0250000000000004,3.05,14.0,14.100000000000001,1
3.0250000000000004,3.05,14.200000000000003,14.3,1
3.05,3.075,9.3,9.4,1
3.05,3.075,9.700000000000001,9.8,3
3.05,3.075,9.8,9.9,1
3.05,3.075,9.9,10.0,5
3.05,3.075,10.0,10.100000000000001,5
3.05,3.075,10.100000000000001,10.200000000000001,2
3.05,3.075,10.200000000000001,10.3,6
3.05,3.075,10.3,10.4,8
3.05,3.075,10.4,10.5,10
3.05,3.075,10.5,10.600000000000001,12
3.05,3.075,10.600000000000001,10.700000000000001,10
3.05,3.075,10.700000000000001,10.8,11
3.05,3.075,10.8,10.9,19
3.05,3.075,10.9,11.0,15
3.05,3.075,11.0,11.100000000000001,31
3.05,3.075,11.100000000000001,11.2,48
3.05,3.075,11.2,11.3,69
3.05,3.075,11.3,11.400000000000002,115
3.05,3.075,11.400000000000002,11.5,134
3.05,3.075,11.5,11.600000000000001,186
3.05,3.075,11.600000000000001,11.7,264
3.05,3.075,11.7,11.8,282
3.05,3.075,11.8,11.900000000000002,339
3.05,3.075,11.900000000000002,12.0,299
3.05,3.075,12.0,12.100000000000001,251
3.05,3.075,12.100000000000001,12.2,176
3.05,3.075,12.2,12.3,138
3.05,3.075,12.3,12.400000000000002,79
3.05,3.075,12.400000000000002,12.5,58
3.05,3.075,12.5,12.600000000000001,32
3.05,3.075,12.600000000000001,12.7,13
3.05,3.075,12.7,12.8,6
3.05,3.075,12.8,12.900000000000002,5
3.05,3.075,12.900000000000002,13.0,4
3.05,3.075,13.2,13.3,2
3.05,3.075,13.3,13.400000000000002,2
3.05,3.075,13.600000000000001,13.7,1
3.05,3.075,13.8,13.900000000000002,1
3.075,3.1000000000000005,9.5,9.600000000000001,1
3.075,3.1000000000000005,9.700000000000001,9.8,1
3.075,3.1000000000000005,9.8,9.9,3
3.075,3.1000000000000005,10.100000000000001,10.200000000000001,4
3.075,3.1000000000000005,10.200000000000001,10.3,6
3.075,3.1000000000000005,10.3,10.4,4
3.075,3.1000000000000005,10.4,10.5,6
3.075,3.1000000000000005,10.5,10.600000000000001,8
3.075,3.1000000000000005,10.600000000000001,10.700000000000001,12
3.075,3.1000000000000005,10.700000000000001,10.8,10
3.075,3.1000000000000005,10.8,10.9,17
3.075,3.1000000000000005,10.9,11.0,28
3.075,3.1000000000000005,11.0,11.100000000000001,35
3.075,3.1000000000000005,11.100000000000001,11.2,40
3.075,3.1000000000000005,11.2,11.3,44
3.075,3.1000000000000005,11.3,11.400000000000002,61
3.075,3.1000000000000005,11.400000000000002,11.5,92
3.075,3.1000000000000005,11.5,11.600000000000001,144
3.075,3.1000000000000005,11.600000000000001,11.7,185
3.075,3.1000000000000005,11.7,11.8,276
3.075,3.1000000000000005,11.8,11.900000000000002,282
3.075,3.1000000000000005,11.900000000000002,12.0,341
3.075,3.1000000000000005,12.0,12.100000000000001,338
3.075,3.1000000000000005,12.100000000000001,12.2,230
3.075,3.1000000000000005,12.2,12.3,158
3.075,3.1000000000000005,12.3,12.400000000000002,105
3.075,3.1000000000000005,12.400000000000002,12.5,70
3.075,3.1000000000000005,12.5,12.600000000000001,42
3.075,3.1000000000000005,12.600000000000001,12.7,18
3.075,3.1000000000000005,12.7,12.8,11
3.075,3.1000000000000005,12.8,12.900000000000002,4
3.075,3.1000000000000005,12.900000000000002,13.0,5
3.075,3.1000000000000005,13.0,13.100000000000001,1
3.075,3.1000000000000005,13.100000000000001,13.2,1
3.075,3.1000000000000005,13.3,13.400000000000002,1
3.075,3.1000000000000005,13.5,13.600000000000001,1
3.075,3.1000000000000005,14.100000000000001,14.200000000000003,2
3.075,3.1000000000000005,14.400000000000002,14.5,1
3.1000000000000005,3.125,9.8,9.9,2
3.1000000000000005,3.125,9.9,10.0,2
3.1000000000000005,3.125,10.100000000000001,10.200000000000001,5
3.1000000000000005,3.125,10.200000000000001,10.3,1
3.1000000000000005,3.125,10.3,10.4,6
3.1000000000000005,3.125,10.4,10.5,2
3.1000000000000005,3.125,10.5,10.600000000000001,2
3.1000000000000005,3.125,10.600000000000001,10.700000000000001,8
3.1000000000000005,3.125,10.700000000000001,10.8,9
3.1000000000000005,3.125,10.8,10.9,12
3.1000000000000005,3.125,10.9,11.0,8
3.1000000000000005,3.125,11.0,11.100000000000001,24
3.1000000000000005,3.125,11.100000000000001,11.2,22
3.1000000000000005,3.125,11.2,11.3,36
3.1000000000000005,3.125,11.3,11.400000000000002,30
3.1000000000000005,3.125,11.400000000000002,11.5,65
3.1000000000000005,3.125,11.5,11.600000000000001,101
3.1000000000000005,3.125,11.600000000000001,11.7,147
3.1000000000000005,3.125,11.7,11.8,216
3.1000000000000005,3.125,11.8,11.900000000000002,228
3.1000000000000005,3.125,11.900000000000002,12.0,297
3.1000000000000005,3.125,12.0,12.100000000000001,333
3.1000000000000005,3.125,12.100000000000001,12.2,284
3.1000000000000005,3.125,12.2,12.3,223
3.1000000000000005,3.125,12.3,12.400000000000002,140
3.1000000000000005,3.125,12.400000000000002,12.5,88
3.1000000000000005,3.125,12.5,12.600000000000001,55
3.1000000000000005,3.125,12.600000000000001,12.7,19
3.1000000000000005,3.125,12.7,12.8,8
3.1000000000000005,3.125,12.8,12.900000000000002,10
3.1000000000000005,3.125,12.900000000000002,13.0,3
3.1000000000000005,3.125,13.0,13.100000000000001,1
3.1000000000000005,3.125,13.100000000000001,13.2,3
3.1000000000000005,3.125,13.5,13.600000000000001,1
3.1000000000000005,3.125,13.7,13.8,1
3.1000000000000005,3.125,13.8,13.900000000000002,1
3.1000000000000005,3.125,14.0,14.100000000000001,1
3.1000000000000005,3.125,14.3,14.400000000000002,1
3.125,3.1500000000000004,9.700000000000001,9.8,3
3.125,3.1500000000000004,9.9,10.0,2
3.125,3.1500000000000004,10.0,10.100000000000001,1
3.125,3.1500000000000004,10.3,10.4,5
3.125,3.1500000000000004,10.4,10.5,1
3.125,3.1500000000000004,10.5,10.600000000000001,8
3.125,3.1500000000000004,10.600000000000001,10.700000000000001,5
3.125,3.1500000000000004,10.700000000000001,10.8,12
3.125,3.1500000000000004,10.8,10.9,11
3.125,3.1500000000000004,10.9,11.0,10
3.125,3.1500000000000004,11.0,11.100000000000001,15
3.125,3.1500000000000004,11.100000000000001,11.2,14
3.125,3.1500000000000004,11.2,11.3,33
3.125,3.1500000000000004,11.3,11.400000000000002,31
3.125,3.1500000000000004,11.400000000000002,11.5,38
3.125,3.1500000000000004,11.5,11.600000000000001,70
3.125,3.1500000000000004,11.600000000000001,11.7,101
3.125,3.1500000000000004,11.7,11.8,148
3.125,3.1500000000000004,11.8,11.900000000000002,222
3.125,3.1500000000000004,11.900000000000002,12.0,249
3.125,3.1500000000000004,12.0,12.100000000000001,298
3.125,3.1500000000000004,12.100000000000001,12.2,316
3.125,3.1500000000000004,12.2,12.3,262
3.125,3.1500000000000004,12.3,12.400000000000002,164
3.125,3.1500000000000004,12.400000000000002,12.5,101
3.125,3.1500000000000004,12.5,12.600000000000001,76
3.125,3.1500000000000004,12.600000000000001,12.7,29
3.125,3.1500000000000004,12.7,12.8,21
3.125,3.1500000000000004,12.8,12.900000000000002,8
3.125,3.1500000000000004,12.900000000000002,13.0,7
3.125,3.1500000000000004,13.0,13.100000000000001,6
3.125,3.1500000000000004,13.100000000000001,13.2,1
3.125,3.1500000000000004,13.2,13.3,1
3.125,3.1500000000000004,13.400000000000002,13.5,1
3.125,3.1500000000000004,13.5,13.600000000000001,1
3.125,3.1500000000000004,14.200000000000003,14.3,1
3.1500000000000004,3.175,9.4,9.5,1
3.1500000000000004,3.175,9.600000000000001,9.700000000000001,1
3.1500000000000004,3.175,9.700000000000001,9.8,1
3.1500000000000004,3.175,9.8,9.9,1
3.1500000000000004,3.175,9.9,10.0,1
3.1500000000000004,3.175,10.100000000000001,10.200000000000001,2
3.1500000000000004,3.175,10.3,10.4,2
3.1500000000000004,3.175,10.4,10.5,3
3.1500000000000004,3.175,10.5,10.600000000000001,2
3.1500000000000004,3.175,10.600000000000001,10.700000000000001,5
3.1500000000000004,3.175,10.700000000000001,10.8,3
3.1500000000000004,3.175,10.8,10.9,11
3.1500000000000004,3.175,10.9,11.0,4
3.1500000000000004,3.175,11.0,11.100000000000001,12
3.1500000000000004,3.175,11.100000000000001,11.2,18
3.1500000000000004,3.175,11.2,11.3,17
3.1500000000000004,3.175,11.3,11.400000000000002,21
3.1500000000000004,3.175,11.400000000000002,11.5,38
3.1500000000000004,3.175,11.5,11.600000000000001,38
3.1500000000000004,3.175,11.600000000000001,11.7,56
3.1500000000000004,3.175,11.7,11.8,93
3.1500000000000004,3.175,11.8,11.900000000000002,183
3.1500000000000004,3.175,11.900000000000002,12.0,219
3.1500000000000004,3.175,12.0,12.100000000000001,281
3.1500000000000004,3.175,12.100000000000001,12.2,306
3.1500000000000004,3.175,12.2,12.3,287
3.1500000000000004,3.175,12.3,12.400000000000002,221
3.1500000000000004,3.175,12.400000000000002,12.5,135
3.1500000000000004,3.175,12.5,12.600000000000001,91
3.1500000000000004,3.175,12.600000000000001,12.7,49
3.1500000000000004,3.175,12.7,12.8,29
3.1500000000000004,3.175,12.8,12.900000000000002,11
3.1500000000000004,3.175,12.900000000000002,13.0,3
3.1500000000000004,3.175,13.0,13.100000000000001,3
3.1500000000000004,3.175,13.3,13.400000000000002,1
3.1500000000000004,3.175,13.600000000000001,13.7,1
3.1500000000000004,3.175,14.0,14.100000000000001,1
3.1500000000000004,3.175,15.400000000000002,15.5,1
3.175,3.2,9.4,9.5,1
3.175,3.2,9.5,9.600000000000001,2
3.175,3.2,9.700000000000001,9.8,1
3.175,3.2,9.8,9.9,1
3.175,3.2,10.100000000000001,10.200000000000001,2
3.175,3.2,10.200000000000001,10.3,4
3.175,3.2,10.3,10.4,1
3.175,3.2,10.4,10.5,1
3.175,3.2,10.5,10.600000000000001,3
3.175,3.2,10.600000000000001,10.700000000000001,1
3.175,3.2,10.700000000000001,10.8,4
3.175,3.2,10.8,10.9,5
3.175,3.2,10.9,11.0,7
3.175,3.2,11.0,11.100000000000001,11
3.175,3.2,11.100000000000001,11.2,10
3.175,3.2,11.2,11.3,18
3.175,3.2,11.3,11.400000000000002,27
3.175,3.2,11.400000000000002,11.5,24
3.175,3.2,11.5,11.600000000000001,33
3.175,3.2,11.600000000000001,11.7,44
3.175,3.2,11.7,11.8,72
3.175,3.2,11.8,11.900000000000002,127
3.175,3.2,11.900000000000002,12.0,172
3.175,3.2,12.0,12.100000000000001,234
3.175,3.2,12.100000000000001,12.2,283
3.175,3.2,12.2,12.3,293
3.175,3.2,12.3,12.400000000000002,239
3.175,3.2,12.400000000000002,12.5,174
3.175,3.2,12.5,12.600000000000001,107
3.175,3.2,12.600000000000001,12.7,56
3.175,3.2,12.7,12.8,38
3.175,3.2,12.8,12.900000000000002,17
3.175,3.2,12.900000000000002,13.0,11
3.175,3.2,13.0,13.100000000000001,6
3.175,3.2,13.100000000000001,13.2,5
3.175,3.2,13.2,13.3,1
3.175,3.2,13.400000000000002,13.5,1
3.175,3.2,13.600000000000001,13.7,2
3.2,3.2250000000000005,9.5,9.600000000000001,1
3.2,3.2250000000000005,9.9,10.0,1
3.2,3.2250000000000005,10.0,10.100000000000001,2
3.2,3.2250000000000005,10.100000000000001,10.200000000000001,1
3.2,3.2250000000000005,10.200000000000001,10.3,1
3.2,3.2250000000000005,10.3,10.4,3
3.2,3.2250000000000005,10.4,10.5,1
3.2,3.2250000000000005,10.5,10.600000000000001,2
3.2,3.2250000000000005,10.600000000000001,10.700000000000001,6
3.2,3.2250000000000005,10.700000000000001,10.8,1
3.2,3.2250000000000005,10.8,10.9,7
3.2,3.2250000000000005,10.9,11.0,7
3.2,3.2250000000000005,11.0,11.100000000000001,7
3.2,3.2250000000000005,11.100000000000001,11.2,14
3.2,3.2250000000000005,11.2,11.3,8
3.2,3.2250000000000005,11.3,11.400000000000002,12
3.2,3.2250000000000005,11.400000000000002,11.5,23
3.2,3.2250000000000005,11.5,11.600000000000001,36
3.2,3.2250000000000005,11.600000000000001,11.7,39
3.2,3.2250000000000005,11.7,11.8,47
3.2,3.2250000000000005,11.8,11.900000000000002,67
3.2,3.2250000000000005,11.900000000000002,12.0,139
3.2,3.2250000000000005,12.0,12.100000000000001,189
3.2,3.2250000000000005,12.100000000000001,12.2,256
3.2,3.2250000000000005,12.2,12.3,295
3.2,3.2250000000000005,12.3,12.400000000000002,302
3.2,3.2250000000000005,12.400000000000002,12.5,207
3.2,3.2250000000000005,12.5,12.600000000000001,136
3.2,3.2250000000000005,12.600000000000001,12.7,96
3.2,3.2250000000000005,12.7,12.8,60
3.2,3.2250000000000005,12.8,12.900000000000002,19
3.2,3.2250000000000005,12.900000000000002,13.0,8
3.2,3.2250000000000005,13.0,13.100000000000001,4
3.2,3.2250000000000005,13.100000000000001,13.2,3
3.2,3.2250000000000005,13.2,13.3,2
3.2,3.2250000000000005,13.400000000000002,13.5,1
3.2250000000000005,3.25,10.0,10.100000000000001,1
3.2250000000000005,3.25,10.100000000000001,10.200000000000001,2
3.2250000000000005,3.25,10.3,10.4,1
3.2250000000000005,3.25,10.4,10.5,1
3.2250000000000005,3.25,10.5,10.600000000000001,2
3.2250000000000005,3.25,10.600000000000001,10.700000000000001,1
3.2250000000000005,3.25,10.700000000000001,10.8,1
3.2250000000000005,3.25,10.8,10.9,3
3.2250000000000005,3.25,10.9,11.0,9
3.2250000000000005,3.25,11.0,11.100000000000001,6
3.2250000000000005,3.25,11.100000000000001,11.2,11
3.2250000000000005,3.25,11.2,11.3,10
3.2250000000000005,3.25,11.3,11.400000000000002,11
3.2250000000000005,3.25,11.400000000000002,11.5,24
3.2250000000000005,3.25,11.5,11.600000000000001,22
3.2250000000000005,3.25,11.600000000000001,11.7,30
3.2250000000000005,3.25,11.7,11.8,45
3.2250000000000005,3.25,11.8,11.900000000000002,32
3.2250000000000005,3.25,11.900000000000002,12.0,73
3.2250000000000005,3.25,12.0,12.100000000000001,157
3.2250000000000005,3.25,12.100000000000001,12.2,188
3.2250000000000005,3.25,12.2,12.3,251
3.2250000000000005,3.25,12.3,12.400000000000002,292
3.2250000000000005,3.25,12.400000000000002,12.5,279
3.2250000000000005,3.25,12.5,12.600000000000001,179
3.2250000000000005,3.25,12.600000000000001,12.7,104
3.2250000000000005,3.25,12.7,12.8,49
3.2250000000000005,3.25,12.8,12.900000000000002,36
3.2250000000000005,3.25,12.900000000000002,13.0,16
3.2250000000000005,3.25,13.0,13.100000000000001,6
3.2250000000000005,3.25,13.100000000000001,13.2,2
3.2250000000000005,3.25,13.400000000000002,13.5,1
3.2250000000000005,3.25,13.5,13.600000000000001,2
3.2250000000000005,3.25,13.7,13.8,2
3.2250000000000005,3.25,14.900000000000002,15.0,1
3.25,3.2750000000000004,10.0,10.100000000000001,1
3.25,3.2750000000000004,10.100000000000001,10.200000000000001,1
3.25,3.2750000000000004,10.3,10.4,1
3.25,3.2750000000000004,10.4,10.5,1
3.25,3.2750000000000004,10.5,10.600000000000001,1
3.25,3.2750000000000004,10.600000000000001,10.700000000000001,1
3.25,3.2750000000000004,10.700000000000001,10.8,2
3.25,3.2750000000000004,10.9,11.0,1
3.25,3.2750000000000004,11.0,11.100000000000001,5
3.25,3.2750000000000004,11.100000000000001,11.2,5
3.25,3.2750000000000004,11.2,11.3,7
3.25,3.2750000000000004,11.3,11.400000000000002,7
3.25,3.2750000000000004,11.400000000000002,11.5,12
3.25,3.2750000000000004,11.5,11.600000000000001,23
3.25,3.2750000000000004,11.600000000000001,11.7,25
3.25,3.2750000000000004,11.7,11.8,29
3.25,3.2750000000000004,11.8,11.900000000000002,47
3.25,3.2750000000000004,11.900000000000002,12.0,45
3.25,3.2750000000000004,12.0,12.100000000000001,80
3.25,3.2750000000000004,12.100000000000001,12.2,170
3.25,3.2750000000000004,12.2,12.3,219
3.25,3.2750000000000004,12.3,12.400000000000002,263
3.25,3.2750000000000004,12.400000000000002,12.5,281
3.25,3.2750000000000004,12.5,12.600000000000001,211
3.25,3.2750000000000004,12.600000000000001,12.7,148
3.25,3.2750000000000004,12.7,12.8,80
3.25,3.2750000000000004,12.8,12.900000000000002,58
3.25,3.2750000000000004,12.900000000000002,13.0,18
3.25,3.2750000000000004,13.0,13.100000000000001,7
3.25,3.2750000000000004,13.100000000000001,13.2,3
3.25,3.2750000000000004,13.2,13.3,2
3.25,3.2750000000000004,13.3,13.400000000000002,1
3.2750000000000004,3.3,10.100000000000001,10.200000000000001,1
3.2750000000000004,3.3,10.200000000000001,10.3,1
3.2750000000000004,3.3,10.3,10.4,2
3.2750000000000004,3.3,10.4,10.5,1
3.2750000000000004,3.3,10.5,10.600000000000001,3
3.2750000000000004,3.3,10.600000000000001,10.700000000000001,2
3.2750000000000004,3.3,10.700000000000001,10.8,2
3.2750000000000004,3.3,10.8,10.9,2
3.2750000000000004,3.3,10.9,11.0,4
3.2750000000000004,3.3,11.0,11.100000000000001,1
3.2750000000000004,3.3,11.100000000000001,11.2,6
3.2750000000000004,3.3,11.2,11.3,7
3.2750000000000004,3.3,11.3,11.400000000000002,9
3.2750000000000004,3.3,11.400000000000002,11.5,9
3.2750000000000004,3.3,11.5,11.600000000000001,12
3.2750000000000004,3.3,11.600000000000001,11.7,25
3.2750000000000004,3.3,11.7,11.8,35
3.2750000000000004,3.3,11.8,11.900000000000002,36
3.2750000000000004,3.3,11.900000000000002,12.0,24
3.2750000000000004,3.3,12.0,12.100000000000001,59
3.2750000000000004,3.3,12.100000000000001,12.2,121
3.2750000000000004,3.3,12.2,12.3,155
3.2750000000000004,3.3,12.3,12.400000000000002,261
3.2750000000000004,3.3,12.400000000000002,12.5,267
3.2750000000000004,3.3,12.5,12.600000000000001,236
3.2750000000000004,3.3,12.600000000000001,12.7,190
3.2750000000000004,3.3,12.7,12.8,99
3.2750000000000004,3.3,12.8,12.900000000000002,70
3.2750000000000004,3.3,12.900000000000002,13.0,33
3.2750000000000004,3.3,13.0,13.100000000000001,11
3.2750000000000004,3.3,13.100000000000001,13.2,5
3.2750000000000004,3.3,13.2,13.3,3
3.2750000000000004,3.3,13.3,13.400000000000002,1
3.2750000000000004,3.3,13.5,13.600000000000001,1
3.2750000000000004,3.3,13.600000000000001,13.7,1
3.2750000000000004,3.3,13.7,13.8,1
3.2750000000000004,3.3,13.8,13.900000000000002,1
3.3,3.325,9.9,10.0,1
3.3,3.325,10.100000000000001,10.200000000000001,2
3.3,3.325,10.200000000000001,10.3,1
3.3,3.325,10.5,10.600000000000001,2
3.3,3.325,10.600000000000001,10.700000000000001,1
3.3,3.325,10.700000000000001,10.8,4
3.3,3.325,10.8,10.9,2
3.3,3.325,10.9,11.0,1
3.3,3.325,11.0,11.100000000000001,3
3.3,3.325,11.100000000000001,11.2,3
3.3,3.325,11.2,11.3,9
3.3,3.325,11.3,11.400000000000002,8
3.3,3.325,11.400000000000002,11.5,11
3.3,3.325,11.5,11.600000000000001,11
3.3,3.325,11.600000000000001,11.7,16
3.3,3.325,11.7,11.8,27
3.3,3.325,11.8,11.900000000000002,29
3.3,3.325,11.900000000000002,12.0,31
3.3,3.325,12.0,12.100000000000001,39
3.3,3.325,12.100000000000001,12.2,48
3.3,3.325,12.2,12.3,93
3.3,3.325,12.3,12.400000000000002,200
3.3,3.325,12.400000000000002,12.5,263
3.3,3.325,12.5,12.600000000000001,260
3.3,3.325,12.600000000000001,12.7,211
3.3,3.325,12.7,12.8,149
3.3,3.325,12.8,12.900000000000002,85
3.3,3.325,12.900000000000002,13.0,34
3.3,3.325,13.0,13.100000000000001,23
3.3,3.325,13.100000000000001,13.2,6
3.3,3.325,13.2,13.3,1
3.3,3.325,13.3,13.400000000000002,2
3.3,3.325,13.600000000000001,13.7,2
3.3,3.325,13.900000000000002,14.0,1
3.3,3.325,14.100000000000001,14.200000000000003,1
3.325,3.3500000000000005,10.4,10.5,2
3.325,3.3500000000000005,10.600000000000001,10.700000000000001,1
3.325,3.3500000000000005,10.700000000000001,10.8,2
3.325,3.3500000000000005,10.8,10.9,2
3.325,3.3500000000000005,11.0,11.100000000000001,2
3.325,3.3500000000000005,11.100000000000001,11.2,6
3.325,3.3500000000000005,11.2,11.3,4
3.325,3.3500000000000005,11.3,11.400000000000002,5
3.325,3.3500000000000005,11.400000000000002,11.5,4
3.325,3.3500000000000005,11.5,11.600000000000001,12
3.325,3.3500000000000005,11.600000000000001,11.7,11
3.325,3.3500000000000005,11.7,11.8,20
3.325,3.3500000000000005,11.8,11.900000000000002,32
3.325,3.3500000000000005,11.900000000000002,12.0,23
3.325,3.3500000000000005,12.0,12.100000000000001,27
3.325,3.3500000000000005,12.100000000000001,12.2,43
3.325,3.3500000000000005,12.2,12.3,89
3.325,3.3500000000000005,12.3,12.400000000000002,147
3.325,3.3500000000000005,12.400000000000002,12.5,205
3.325,3.3500000000000005,12.5,12.600000000000001,276
3.325,3.3500000000000005,12.600000000000001,12.7,259
3.325,3.3500000000000005,12.7,12.8,208
3.325,3.3500000000000005,12.8,12.900000000000002,130
3.325,3.3500000000000005,12.900000000000002,13.0,65
3.325,3.3500000000000005,13.0,13.100000000000001,28
3.325,3.3500000000000005,13.100000000000001,13.2,12
3.325,3.3500000000000005,13.2,13.3,5
3.325,3.3500000000000005,13.3,13.400000000000002,1
3.325,3.3500000000000005,14.600000000000001,14.700000000000003,1
3.3500000000000005,3.375,9.9,10.0,1
3.3500000000000005,3.375,10.100000000000001,10.200000000000001,4
3.3500000000000005,3.375,10.5,10.600000000000001,1
3.3500000000000005,3.375,10.700000000000001,10.8,2
3.3500000000000005,3.375,10.9,11.0,4
3.3500000000000005,3.375,11.100000000000001,11.2,2
3.3500000000000005,3.375,11.2,11.3,3
3.3500000000000005,3.375,11.3,11.400000000000002,4
3.3500000000000005,3.375,11.400000000000002,11.5,7
3.3500000000000005,3.375,11.5,11.600000000000001,7
3.3500000000000005,3.375,11.600000000000001,11.7,16
3.3500000000000005,3.375,11.7,11.8,18
3.3500000000000005,3.375,11.8,11.900000000000002,21
3.3500000000000005,3.375,11.900000000000002,12.0,22
3.3500000000000005,3.375,12.0,12.100000000000001,22
3.3500000000000005,3.375,12.100000000000001,12.2,34
3.3500000000000005,3.375,12.2,12.3,45
3.3500000000000005,3.375,12.3,12.400000000000002,92
3.3500000000000005,3.375,12.400000000000002,12.5,174
3.3500000000000005,3.375,12.5,12.600000000000001,239
3.3500000000000005,3.375,12.600000000000001,12.7,254
3.3500000000000005,3.375,12.7,12.8,203
3.3500000000000005,3.375,12.8,12.900000000000002,156
3.3500000000000005,3.375,12.900000000000002,13.0,75
3.3500000000000005,3.375,13.0,13.100000000000001,42
3.3500000000000005,3.375,13.100000000000001,13.2,15
3.3500000000000005,3.375,13.2,13.3,3
3.3500000000000005,3.375,13.3,13.400000000000002,4
3.3500000000000005,3.375,13.400000000000002,13.5,2
3.3500000000000005,3.375,13.5,13.600000000000001,1
3.3500000000000005,3.375,13.600000000000001,13.7,1
3.3500000000000005,3.375,14.0,14.100000000000001,1
3.3500000000000005,3.375,14.100000000000001,14.200000000000003,1
3.375,3.4000000000000004,9.700000000000001,9.8,1
3.375,3.4000000000000004,10.100000000000001,10.200000000000001,1
3.375,3.4000000000000004,10.4,10.5,1
3.375,3.4000000000000004,10.5,10.600000000000001,1
3.375,3.4000000000000004,10.600000000000001,10.700000000000001,1
3.375,3.4000000000000004,10.8,10.9,2
3.375,3.4000000000000004,10.9,11.0,3
3.375,3.4000000000000004,11.0,11.100000000000001,2
3.375,3.4000000000000004,11.2,11.3,4
3.375,3.4000000000000004,11.3,11.400000000000002,5
3.375,3.4000000000000004,11.400000000000002,11.5,2
3.375,3.4000000000000004,11.5,11.600000000000001,8
3.375,3.4000000000000004,11.600000000000001,11.7,3
3.375,3.4000000000000004,11.7,11.8,12
3.375,3.4000000000000004,11.8,11.900000000000002,15
3.375,3.4000000000000004,11.900000000000002,12.0,17
3.375,3.4000000000000004,12.0,12.100000000000001,21
3.375,3.4000000000000004,12.100000000000001,12.2,28
3.375,3.4000000000000004,12.2,12.3,40
3.375,3.4000000000000004,12.3,12.400000000000002,67
3.375,3.4000000000000004,12.400000000000002,12.5,142
3.375,3.4000000000000004,12.5,12.600000000000001,172
3.375,3.4000000000000004,12.600000000000001,12.7,263
3.375,3.4000000000000004,12.7,12.8,251
3.375,3.4000000000000004,12.8,12.900000000000002,177
3.375,3.4000000000000004,12.900000000000002,13.0,93
3.375,3.4000000000000004,13.0,13.100000000000001,52
3.375,3.4000000000000004,13.100000000000001,13.2,25
3.375,3.4000000000000004,13.2,13.3,6
3.375,3.4000000000000004,13.3,13.400000000000002,2
3.375,3.4000000000000004,13.400000000000002,13.5,2
3.375,3.4000000000000004,13.5,13.600000000000001,1
3.375,3.4000000000000004,13.600000000000001,13.7,1
3.375,3.4000000000000004,13.7,13.8,1
3.375,3.4000000000000004,13.8,13.900000000000002,1
3.375,3.4000000000000004,14.3,14.400000000000002,1
3.4000000000000004,3.425,10.100000000000001,10.200000000000001,1
3.4000000000000004,3.425,10.5,10.600000000000001,1
3.4000000000000004,3.425,10.600000000000001,10.700000000000001,4
3.4000000000000004,3.425,10.8,10.9,2
3.4000000000000004,3.425,10.9,11.0,2
3.4000000000000004,3.425,11.0,11.100000000000001,2
3.4000000000000004,3.425,11.100000000000001,11.2,2
3.4000000000000004,3.425,11.2,11.3,1
3.4000000000000004,3.425,11.3,11.400000000000002,3
3.4000000000000004,3.425,11.400000000000002,11.5,8
3.4000000000000004,3.425,11.5,11.600000000000001,5
3.4000000000000004,3.425,11.600000000000001,11.7,7
3.4000000000000004,3.425,11.7,11.8,10
3.4000000000000004,3.425,11.8,11.900000000000002,14
3.4000000000000004,3.425,11.900000000000002,12.0,15
3.4000000000000004,3.425,12.0,12.100000000000001,20
3.4000000000000004,3.425,12.100000000000001,12.2,23
3.4000000000000004,3.425,12.2,12.3,29
3.4000000000000004,3.425,12.3,12.400000000000002,40
3.4000000000000004,3.425,12.400000000000002,12.5,77
3.4000000000000004,3.425,12.5,12.600000000000001,159
3.4000000000000004,3.425,12.600000000000001,12.7,230
3.4000000000000004,3.425,12.7,12.8,267
3.4000000000000004,3.425,12.8,12.900000000000002,218
3.4000000000000004,3.425,12.900000000000002,13.0,157
3.4000000000000004,3.425,13.0,13.100000000000001,90
3.4000000000000004,3.425,13.100000000000001,13.2,30
3.4000000000000004,3.425,13.2,13.3,13
3.4000000000000004,3.425,13.3,13.400000000000002,7
3.4000000000000004,3.425,13.400000000000002,13.5,4
3.4000000000000004,3.425,13.600000000000001,13.7,1
3.425,3.45,10.100000000000001,10.200000000000001,1
3.425,3.45,10.8,10.9,2
3.425,3.45,11.0,11.100000000000001,1
3.425,3.45,11.100000000000001,11.2,2
3.425,3.45,11.3,11.400000000000002,6
3.425,3.45,11.400000000000002,11.5,2
3.425,3.45,11.5,11.600000000000001,1
3.425,3.45,11.600000000000001,11.7,3
3.425,3.45,11.7,11.8,13
3.425,3.45,11.8,11.900000000000002,9
3.425,3.45,11.900000000000002,12.0,26
3.425,3.45,12.0,12.100000000000001,23
3.425,3.45,12.100000000000001,12.2,30
3.425,3.45,12.2,12.3,20
3.425,3.45,12.3,12.400000000000002,23
3.425,3.45,12.400000000000002,12.5,62
3.425,3.45,12.5,12.600000000000001,109
3.425,3.45,12.600000000000001,12.7,168
3.425,3.45,12.7,12.8,217
3.425,3.45,12.8,12.900000000000002,224
3.425,3.45,12.900000000000002,13.0,187
3.425,3.45,13.0,13.100000000000001,83
3.425,3.45,13.100000000000001,13.2,53
3.425,3.45,13.2,13.3,17
3.425,3.45,13.3,13.400000000000002,3
3.425,3.45,13.400000000000002,13.5,3
3.425,3.45,13.5,13.600000000000001,1
3.425,3.45,13.7,13.8,1
3.425,3.45,13.900000000000002,14.0,1
3.45,3.4750000000000005,9.700000000000001,9.8,1
3.45,3.4750000000000005,10.0,10.100000000000001,1
3.45,3.4750000000000005,10.100000000000001,10.200000000000001,1
3.45,3.4750000000000005,11.0,11.100000000000001,3
3.45,3.4750000000000005,11.3,11.400000000000002,2
3.45,3.4750000000000005,11.5,11.600000000000001,3
3.45,3.4750000000000005,11.600000000000001,11.7,5
3.45,3.4750000000000005,11.7,11.8,5
3.45,3.4750000000000005,11.8,11.900000000000002,6
3.45,3.4750000000000005,11.900000000000002,12.0,10
3.45,3.4750000000000005,12.0,12.100000000000001,21
3.45,3.4750000000000005,12.100000000000001,12.2,22
3.45,3.4750000000000005,12.2,12.3,21
3.45,3.4750000000000005,12.3,12.400000000000002,21
3.45,3.4750000000000005,12.400000000000002,12.5,34
3.45,3.4750000000000005,12.5,12.600000000000001,66
3.45,3.4750000000000005,12.600000000000001,12.7,136
3.45,3.4750000000000005,12.7,12.8,218
3.45,3.4750000000000005,12.8,12.900000000000002,221
3.45,3.4750000000000005,12.900000000000002,13.0,242
3.45,3.4750000000000005,13.0,13.100000000000001,112
3.45,3.4750000000000005,13.100000000000001,13.2,61
3.45,3.4750000000000005,13.2,13.3,19
3.45,3.4750000000000005,13.3,13.400000000000002,8
3.45,3.4750000000000005,13.400000000000002,13.5,2
3.45,3.4750000000000005,13.5,13.600000000000001,1
3.45,3.4750000000000005,13.600000000000001,13.7,2
3.45,3.4750000000000005,13.8,13.900000000000002,1
3.45,3.4750000000000005,14.0,14.100000000000001,2
3.45,3.4750000000000005,15.3,15.400000000000002,1
3.4750000000000005,3.5,10.5,10.600000000000001,2
3.4750000000000005,3.5,10.600000000000001,10.700000000000001,2
3.4750000000000005,3.5,10.700000000000001,10.8,2
3.4750000000000005,3.5,10.8,10.9,1
3.4750000000000005,3.5,11.0,11.100000000000001,1
3.4750000000000005,3.5,11.100000000000001,11.2,1
3.4750000000000005,3.5,11.2,11.3,2
3.4750000000000005,3.5,11.400000000000002,11.5,1
3.4750000000000005,3.5,11.5,11.600000000000001,1
3.4750000000000005,3.5,11.600000000000001,11.7,3
3.4750000000000005,3.5,11.7,11.8,3
3.4750000000000005,3.5,11.8,11.900000000000002,6
3.4750000000000005,3.5,11.900000000000002,12.0,7
3.4750000000000005,3.5,12.0,12.100000000000001,22
3.4750000000000005,3.5,12.100000000000001,12.2,19
3.4750000000000005,3.5,12.2,12.3,22
3.4750000000000005,3.5,12.3,12.400000000000002,22
3.4750000000000005,3.5,12.400000000000002,12.5,16
3.4750000000000005,3.5,12.5,12.600000000000001,35
3.4750000000000005,3.5,12.600000000000001,12.7,91
3.4750000000000005,3.5,12.7,12.8,162
3.4750000000000005,3.5,12.8,12.900000000000002,232
3.4750000000000005,3.5,12.900000000000002,13.0,231
3.4750000000000005,3.5,13.0,13.100000000000001,147
3.4750000000000005,3.5,13.100000000000001,13.2,72
3.4750000000000005,3.5,13.2,13.3,36
3.4750000000000005,3.5,13.3,13.400000000000002,7
3.4750000000000005,3.5,13.400000000000002,13.5,2
3.4750000000000005,3.5,13.5,13.600000000000001,2
3.4750000000000005,3.5,13.600000000000001,13.7,1
3.4750000000000005,3.5,13.7,13.8,1
3.5,3.5250000000000004,10.700000000000001,10.8,1
3.5,3.5250000000000004,11.2,11.3,1
3.5,3.5250000000000004,11.400000000000002,11.5,1
3.5,3.5250000000000004,11.5,11.600000000000001,2
3.5,3.5250000000000004,11.600000000000001,11.7,5
3.5,3.5250000000000004,11.7,11.8,2
3.5,3.5250000000000004,11.8,11.900000000000002,4
3.5,3.5250000000000004,11.900000000000002,12.0,6
3.5,3.5250000000000004,12.0,12.100000000000001,11
3.5,3.5250000000000004,12.100000000000001,12.2,19
3.5,3.5250000000000004,12.2,12.3,24
3.5,3.5250000000000004,12.3,12.400000000000002,28
3.5,3.5250000000000004,12.400000000000002,12.5,13
3.5,3.5250000000000004,12.5,12.600000000000001,21
3.5,3.5250000000000004,12.600000000000001,12.7,54
3.5,3.5250000000000004,12.7,12.8,112
3.5,3.5250000000000004,12.8,12.900000000000002,191
3.5,3.5250000000000004,12.900000000000002,13.0,205
3.5,3.5250000000000004,13.0,13.100000000000001,200
3.5,3.5250000000000004,13.100000000000001,13.2,100
3.5,3.5250000000000004,13.2,13.3,44
3.5,3.5250000000000004,13.3,13.400000000000002,14
3.5,3.5250000000000004,13.400000000000002,13.5,8
3.5,3.5250000000000004,13.5,13.600000000000001,1
3.5,3.5250000000000004,13.600000000000001,13.7,1
3.5250000000000004,3.55,10.600000000000001,10.700000000000001,1
3.5250000000000004,3.55,10.700000000000001,10.8,1
3.5250000000000004,3.55,10.8,10.9,1
3.5250000000000004,3.55,11.100000000000001,11.2,1
3.5250000000000004,3.55,11.2,11.3,1
3.5250000000000004,3.55,11.3,11.400000000000002,1
3.5250000000000004,3.55,11.400000000000002,11.5,2
3.5250000000000004,3.55,11.5,11.600000000000001,2
3.5250000000000004,3.55,11.600000000000001,11.7,3
3.5250000000000004,3.55,11.7,11.8,2
3.5250000000000004,3.55,11.8,11.900000000000002,4
3.5250000000000004,3.55,11.900000000000002,12.0,5
3.5250000000000004,3.55,12.0,12.100000000000001,11
3.5250000000000004,3.55,12.100000000000001,12.2,19
3.5250000000000004,3.55,12.2,12.3,25
3.5250000000000004,3.55,12.3,12.400000000000002,19
3.5250000000000004,3.55,12.400000000000002,12.5,22
3.5250000000000004,3.55,12.5,12.600000000000001,25
3.5250000000000004,3.55,12.600000000000001,12.7,39
3.5250000000000004,3.55,12.7,12.8,75
3.5250000000000004,3.55,12.8,12.900000000000002,143
3.5250000000000004,3.55,12.900000000000002,13.0,204
3.5250000000000004,3.55,13.0,13.100000000000001,187
3.5250000000000004,3.55,13.100000000000001,13.2,139
3.5250000000000004,3.55,13.2,13.3,63
3.5250000000000004,3.55,13.3,13.400000000000002,23
3.5250000000000004,3.55,13.400000000000002,13.5,9
3.5250000000000004,3.55,13.5,13.600000000000001,4
3.5250000000000004,3.55,13.7,13.8,2
3.5250000000000004,3.55,13.8,13.900000000000002,1
3.5250000000000004,3.55,14.200000000000003,14.3,1
3.5250000000000004,3.55,14.3,14.400000000000002,1
3.55,3.575,11.2,11.3,1
3.55,3.575,11.400000000000002,11.5,1
3.55,3.575,11.600000000000001,11.7,2
3.55,3.575,11.7,11.8,2
3.55,3.575,11.8,11.900000000000002,2
3.55,3.575,11.900000000000002,12.0,2
3.55,3.575,12.0,12.100000000000001,4
3.55,3.575,12.100000000000001,12.2,18
3.55,3.575,12.2,12.3,21
3.55,3.575,12.3,12.400000000000002,22
3.55,3.575,12.400000000000002,12.5,20
3.55,3.575,12.5,12.600000000000001,13
3.55,3.575,12.600000000000001,12.7,19
3.55,3.575,12.7,12.8,55
3.55,3.575,12.8,12.900000000000002,93
3.55,3.575,12.900000000000002,13.0,154
3.55,3.575,13.0,13.100000000000001,219
3.55,3.575,13.100000000000001,13.2,134
3.55,3.575,13.2,13.3,65
3.55,3.575,13.3,13.400000000000002,30
3.55,3.575,13.400000000000002,13.5,12
3.55,3.575,13.5,13.600000000000001,8
3.55,3.575,13.600000000000001,13.7,1
3.55,3.575,13.7,13.8,2
3.55,3.575,13.8,13.900000000000002,1
3.55,3.575,14.0,14.100000000000001,1
3.575,3.6000000000000005,10.700000000000001,10.8,1
3.575,3.6000000000000005,10.8,10.9,1
3.575,3.6000000000000005,10.9,11.0,1
3.575,3.6000000000000005,11.2,11.3,1
3.575,3.6000000000000005,11.5,11.600000000000001,2
3.575,3.6000000000000005,11.600000000000001,11.7,2
3.575,3.6000000000000005,11.7,11.8,1
3.575,3.6000000000000005,11.8,11.900000000000002,3
3.575,3.6000000000000005,11.900000000000002,12.0,4
3.575,3.6000000000000005,12.0,12.100000000000001,3
3.575,3.6000000000000005,12.100000000000001,12.2,6
3.575,3.6000000000000005,12.2,12.3,12
3.575,3.6000000000000005,12.3,12.400000000000002,14
3.575,3.6000000000000005,12.400000000000002,12.5,24
3.575,3.6000000000000005,12.5,12.600000000000001,33
3.575,3.6000000000000005,12.600000000000001,12.7,17
3.575,3.6000000000000005,12.7,12.8,33
3.575,3.6000000000000005,12.8,12.900000000000002,61
3.575,3.6000000000000005,12.900000000000002,13.0,124
3.575,3.6000000000000005,13.0,13.100000000000001,182
3.575,3.6000000000000005,13.100000000000001,13.2,164
3.575,3.6000000000000005,13.2,13.3,102
3.575,3.6000000000000005,13.3,13.400000000000002,36
3.575,3.6000000000000005,13.400000000000002,13.5,23
3.575,3.6000000000000005,13.5,13.600000000000001,8
3.575,3.6000000000000005,13.600000000000001,13.7,3
3.575,3.6000000000000005,13.7,13.8,4
3.575,3.6000000000000005,13.8,13.900000000000002,2
3.575,3.6000000000000005,13.900000000000002,14.0,1
3.575,3.6000000000000005,14.3,14.400000000000002,1
3.575,3.6000000000000005,14.400000000000002,14.5,1
3.6000000000000005,3.625,10.0,10.100000000000001,1
3.6000000000000005,3.625,11.100000000000001,11.2,1
3.6000000000000005,3.625,11.3,11.400000000000002,2
3.6000000000000005,3.625,11.5,11.600000000000001,1
3.6000000000000005,3.625,11.600000000000001,11.7,1
3.6000000000000005,3.625,11.7,11.8,1
3.6000000000000005,3.625,11.8,11.900000000000002,2
3.6000000000000005,3.625,11.900000000000002,12.0,5
3.6000000000000005,3.625,12.0,12.100000000000001,3
3.6000000000000005,3.625,12.100000000000001,12.2,5
3.6000000000000005,3.625,12.2,12.3,10
3.6000000000000005,3.625,12.3,12.400000000000002,12
3.6000000000000005,3.625,12.400000000000002,12.5,14
3.6000000000000005,3.625,12.5,12.600000000000001,23
3.6000000000000005,3.625,12.600000000000001,12.7,14
3.6000000000000005,3.625,12.7,12.8,25
3.6000000000000005,3.625,12.8,12.900000000000002,42
3.6000000000000005,3.625,12.900000000000002,13.0,106
3.6000000000000005,3.625,13.0,13.100000000000001,129
3.6000000000000005,3.625,13.100000000000001,13.2,139
3.6000000000000005,3.625,13.2,13.3,120
3.6000000000000005,3.625,13.3,13.400000000000002,49
3.6000000000000005,3.625,13.400000000000002,13.5,26
3.6000000000000005,3.625,13.5,13.600000000000001,9
3.6000000000000005,3.625,13.600000000000001,13.7,4
3.6000000000000005,3.625,13.7,13.8,3
3.6000000000000005,3.625,13.8,13.900000000000002,2
3.6000000000000005,3.625,14.200000000000003,14.3,1
3.625,3.6500000000000004,10.700000000000001,10.8,1
3.625,3.6500000000000004,10.9,11.0,2
3.625,3.6500000000000004,11.100000000000001,11.2,1
3.625,3.6500000000000004,11.400000000000002,11.5,1
3.625,3.6500000000000004,11.7,11.8,4
3.625,3.6500000000000004,11.8,11.900000000000002,2
3.625,3.6500000000000004,11.900000000000002,12.0,2
3.625,3.6500000000000004,12.0,12.100000000000001,2
3.625,3.6500000000000004,12.100000000000001,12.2,7
3.625,3.6500000000000004,12.2,12.3,6
3.625,3.6500000000000004,12.3,12.400000000000002,18
3.625,3.6500000000000004,12.400000000000002,12.5,21
3.625,3.6500000000000004,12.5,12.600000000000001,22
3.625,3.6500000000000004,12.600000000000001,12.7,16
3.625,3.6500000000000004,12.7,12.8,18
3.625,3.6500000000000004,12.8,12.900000000000002,20
3.625,3.6500000000000004,12.900000000000002,13.0,76
3.625,3.6500000000000004,13.0,13.100000000000001,126
3.625,3.6500000000000004,13.100000000000001,13.2,151
3.625,3.6500000000000004,13.2,13.3,148
3.625,3.6500000000000004,13.3,13.400000000000002,68
3.625,3.6500000000000004,13.400000000000002,13.5,29
3.625,3.6500000000000004,13.5,13.600000000000001,13
3.625,3.6500000000000004,13.600000000000001,13.7,4
3.625,3.6500000000000004,14.100000000000001,14.200000000000003,2
3.6500000000000004,3.675,11.2,11.3,1
3.6500000000000004,3.675,11.600000000000001,11.7,1
3.6500000000000004,3.675,11.7,11.8,1
3.6500000000000004,3.675,11.900000000000002,12.0,1
3.6500000000000004,3.675,12.0,12.100000000000001,1
3.6500000000000004,3.675,12.2,12.3,6
3.6500000000000004,3.675,12.3,12.400000000000002,5
3.6500000000000004,3.675,12.400000000000002,12.5,14
3.6500000000000004,3.675,12.5,12.600000000000001,19
3.6500000000000004,3.675,12.600000000000001,12.7,22
3.6500000000000004,3.675,12.7,12.8,13
3.6500000000000004,3.675,12.8,12.900000000000002,17
3.6500000000000004,3.675,12.900000000000002,13.0,36
3.6500000000000004,3.675,13.0,13.100000000000001,97
3.6500000000000004,3.675,13.100000000000001,13.2,122
3.6500000000000004,3.675,13.2,13.3,149
3.6500000000000004,3.675,13.3,13.400000000000002,82
3.6500000000000004,3.675,13.400000000000002,13.5,50
3.6500000000000004,3.675,13.5,13.600000000000001,16
3.6500000000000004,3.675,13.600000000000001,13.7,7
3.6500000000000004,3.675,13.7,13.8,2
3.6500000000000004,3.675,13.8,13.900000000000002,1
3.6500000000000004,3.675,14.0,14.100000000000001,1
3.675,3.7,11.5,11.600000000000001,3
3.675,3.7,11.600000000000001,11.7,1
3.675,3.7,12.100000000000001,12.2,2
3.675,3.7,12.2,12.3,9
3.675,3.7,12.3,12.400000000000002,10
3.675,3.7,12.400000000000002,12.5,19
3.675,3.7,12.5,12.600000000000001,18
3.675,3.7,12.600000000000001,12.7,19
3.675,3.7,12.7,12.8,11
3.675,3.7,12.8,12.900000000000002,9
3.675,3.7,12.900000000000002,13.0,38
3.675,3.7,13.0,13.100000000000001,59
3.675,3.7,13.100000000000001,13.2,106
3.675,3.7,13.2,13.3,126
3.675,3.7,13.3,13.400000000000002,111
3.675,3.7,13.400000000000002,13.5,58
3.675,3.7,13.5,13.600000000000001,17
3.675,3.7,13.600000000000001,13.7,8
3.675,3.7,13.7,13.8,1
3.675,3.7,13.8,13.900000000000002,3
3.675,3.7,13.900000000000002,14.0,2
3.675,3.7,14.0,14.100000000000001,1
3.675,3.7,14.100000000000001,14.200000000000003,1
3.675,3.7,14.200000000000003,14.3,1
3.7,3.7250000000000005,11.100000000000001,11.2,1
3.7,3.7250000000000005,11.400000000000002,11.5,2
3.7,3.7250000000000005,11.5,11.600000000000001,1
3.7,3.7250000000000005,11.600000000000001,11.7,1
3.7,3.7250000000000005,11.7,11.8,1
3.7,3.7250000000000005,11.8,11.900000000000002,1
3.7,3.7250000000000005,11.900000000000002,12.0,1
3.7,3.7250000000000005,12.100000000000001,12.2,2
3.7,3.7250000000000005,12.2,12.3,2
3.7,3.7250000000000005,12.3,12.400000000000002,3
3.7,3.7250000000000005,12.400000000000002,12.5,4
3.7,3.7250000000000005,12.5,12.600000000000001,19
3.7,3.7250000000000005,12.600000000000001,12.7,22
3.7,3.7250000000000005,12.7,12.8,16
3.7,3.7250000000000005,12.8,12.900000000000002,12
3.7,3.7250000000000005,12.900000000000002,13.0,20
3.7,3.7250000000000005,13.0,13.100000000000001,43
3.7,3.7250000000000005,13.100000000000001,13.2,66
3.7,3.7250000000000005,13.2,13.3,119
3.7,3.7250000000000005,13.3,13.400000000000002,135
3.7,3.7250000000000005,13.400000000000002,13.5,62
3.7,3.7250000000000005,13.5,13.600000000000001,27
3.7,3.7250000000000005,13.600000000000001,13.7,13
3.7,3.7250000000000005,13.7,13.8,6
3.7,3.7250000000000005,13.900000000000002,14.0,1
3.7,3.7250000000000005,14.100000000000001,14.200000000000003,1
3.7,3.7250000000000005,14.200000000000003,14.3,1
3.7,3.7250000000000005,14.5,14.600000000000001,1
3.7,3.7250000000000005,14.600000000000001,14.700000000000003,1
3.7250000000000005,3.75,11.0,11.100000000000001,1
3.7250000000000005,3.75,11.3,11.400000000000002,1
3.7250000000000005,3.75,11.8,11.900000000000002,2
3.7250000000000005,3.75,11.900000000000002,12.0,1
3.7250000000000005,3.75,12.2,12.3,2
3.7250000000000005,3.75,12.3,12.400000000000002,2
3.7250000000000005,3.75,12.400000000000002,12.5,6
3.7250000000000005,3.75,12.5,12.600000000000001,12
3.7250000000000005,3.75,12.600000000000001,12.7,21
3.7250000000000005,3.75,12.7,12.8,16
3.7250000000000005,3.75,12.8,12.900000000000002,12
3.7250000000000005,3.75,12.900000000000002,13.0,10
3.7250000000000005,3.75,13.0,13.100000000000001,29
3.7250000000000005,3.75,13.100000000000001,13.2,37
3.7250000000000005,3.75,13.2,13.3,101
3.7250000000000005,3.75,13.3,13.400000000000002,132
3.7250000000000005,3.75,13.400000000000002,13.5,93
3.7250000000000005,3.75,13.5,13.600000000000001,28
3.7250000000000005,3.75,13.600000000000001,13.7,20
3.7250000000000005,3.75,13.7,13.8,4
3.7250000000000005,3.75,13.8,13.900000000000002,3
3.7250000000000005,3.75,13.900000000000002,14.0,1
3.7250000000000005,3.75,14.0,14.100000000000001,2
3.7250000000000005,3.75,14.100000000000001,14.200000000000003,1
3.7250000000000005,3.75,14.900000000000002,15.0,1
3.7250000000000005,3.75,16.400000000000002,16.5,1
3.75,3.7750000000000004,11.100000000000001,11.2,1
3.75,3.7750000000000004,11.3,11.400000000000002,1
3.75,3.7750000000000004,11.5,11.600000000000001,1
3.75,3.7750000000000004,11.600000000000001,11.7,1
3.75,3.7750000000000004,11.7,11.8,2
3.75,3.7750000000000004,11.8,11.900000000000002,2
3.75,3.7750000000000004,12.0,12.100000000000001,1
3.75,3.7750000000000004,12.100000000000001,12.2,3
3.75,3.7750000000000004,12.2,12.3,1
3.75,3.7750000000000004,12.3,12.400000000000002,3
3.75,3.7750000000000004,12.400000000000002,12.5,2
3.75,3.7750000000000004,12.5,12.600000000000001,9
3.75,3.7750000000000004,12.600000000000001,12.7,17
3.75,3.7750000000000004,12.7,12.8,14
3.75,3.7750000000000004,12.8,12.900000000000002,11
3.75,3.7750000000000004,12.900000000000002,13.0,10
3.75,3.7750000000000004,13.0,13.100000000000001,12
3.75,3.7750000000000004,13.100000000000001,13.2,29
3.75,3.7750000000000004,13.2,13.3,56
3.75,3.7750000000000004,13.3,13.400000000000002,97
3.75,3.7750000000000004,13.400000000000002,13.5,94
3.75,3.7750000000000004,13.5,13.600000000000001,52
3.75,3.7750000000000004,13.600000000000001,13.7,30
3.75,3.7750000000000004,13.7,13.8,6
3.75,3.7750000000000004,13.8,13.900000000000002,3
3.75,3.7750000000000004,13.900000000000002,14.0,2
3.75,3.7750000000000004,14.0,14.100000000000001,1
3.7750000000000004,3.8000000000000007,10.9,11.0,1
3.7750000000000004,3.8000000000000007,11.7,11.8,2
3.7750000000000004,3.8000000000000007,11.8,11.900000000000002,1
3.7750000000000004,3.8000000000000007,11.900000000000002,12.0,1
3.7750000000000004,3.8000000000000007,12.3,12.400000000000002,3
3.7750000000000004,3.8000000000000007,12.400000000000002,12.5,1
3.7750000000000004,3.8000000000000007,12.5,12.600000000000001,7
3.7750000000000004,3.8000000000000007,12.600000000000001,12.7,11
3.7750000000000004,3.8000000000000007,12.7,12.8,18
3.7750000000000004,3.8000000000000007,12.8,12.900000000000002,8
3.7750000000000004,3.8000000000000007,12.900000000000002,13.0,11
3.7750000000000004,3.8000000000000007,13.0,13.100000000000001,13
3.7750000000000004,3.8000000000000007,13.100000000000001,13.2,15
3.7750000000000004,3.8000000000000007,13.2,13.3,32
3.7750000000000004,3.8000000000000007,13.3,13.400000000000002,68
3.7750000000000004,3.8000000000000007,13.400000000000002,13.5,107
3.7750000000000004,3.8000000000000007,13.5,13.600000000000001,56
3.7750000000000004,3.8000000000000007,13.600000000000001,13.7,34
3.7750000000000004,3.8000000000000007,13.7,13.8,11
3.7750000000000004,3.8000000000000007,13.8,13.900000000000002,3
3.7750000000000004,3.8000000000000007,13.900000000000002,14.0,2
3.7750000000000004,3.8000000000000007,14.0,14.100000000000001,1
3.7750000000000004,3.8000000000000007,14.200000000000003,14.3,1
3.7750000000000004,3.8000000000000007,14.400000000000002,14.5,1
3.8000000000000007,3.825,11.900000000000002,12.0,2
3.8000000000000007,3.825,12.0,12.100000000000001,1
3.8000000000000007,3.825,12.100000000000001,12.2,1
3.8000000000000007,3.825,12.3,12.400000000000002,2
3.8000000000000007,3.825,12.400000000000002,12.5,1
3.8000000000000007,3.825,12.5,12.600000000000001,7
3.8000000000000007,3.825,12.600000000000001,12.7,7
3.8000000000000007,3.825,12.7,12.8,15
3.8000000000000007,3.825,12.8,12.900000000000002,10
3.8000000000000007,3.825,12.900000000000002,13.0,14
3.8000000000000007,3.825,13.0,13.100000000000001,11
3.8000000000000007,3.825,13.100000000000001,13.2,16
3.8000000000000007,3.825,13.2,13.3,30
3.8000000000000007,3.825,13.3,13.400000000000002,59
3.8000000000000007,3.825,13.400000000000002,13.5,93
3.8000000000000007,3.825,13.5,13.600000000000001,75
3.8000000000000007,3.825,13.600000000000001,13.7,41
3.8000000000000007,3.825,13.7,13.8,19
3.8000000000000007,3.825,13.8,13.900000000000002,6
3.8000000000000007,3.825,13.900000000000002,14.0,2
3.8000000000000007,3.825,14.0,14.100000000000001,1
3.825,3.8500000000000005,11.400000000000002,11.5,1
3.825,3.8500000000000005,11.900000000000002,12.0,1
3.825,3.8500000000000005,12.0,12.100000000000001,1
3.825,3.8500000000000005,12.3,12.400000000000002,2
3.825,3.8500000000000005,12.400000000000002,12.5,3
3.825,3.8500000000000005,12.5,12.600000000000001,7
3.825,3.8500000000000005,12.600000000000001,12.7,6
3.825,3.8500000000000005,12.7,12.8,14
3.825,3.8500000000000005,12.8,12.900000000000002,15
3.825,3.8500000000000005,12.900000000000002,13.0,14
3.825,3.8500000000000005,13.0,13.100000000000001,17
3.825,3.8500000000000005,13.100000000000001,13.2,6
3.825,3.8500000000000005,13.2,13.3,16
3.825,3.8500000000000005,13.3,13.400000000000002,35
3.825,3.8500000000000005,13.400000000000002,13.5,81
3.825,3.8500000000000005,13.5,13.600000000000001,63
3.825,3.8500000000000005,13.600000000000001,13.7,50
3.825,3.8500000000000005,13.7,13.8,18
3.825,3.8500000000000005,13.8,13.900000000000002,6
3.825,3.8500000000000005,13.900000000000002,14.0,5
3.825,3.8500000000000005,14.0,14.100000000000001,1
3.825,3.8500000000000005,14.400000000000002,14.5,1
3.8500000000000005,3.875,11.900000000000002,12.0,1
3.8500000000000005,3.875,12.2,12.3,3
3.8500000000000005,3.875,12.3,12.400000000000002,2
3.8500000000000005,3.875,12.400000000000002,12.5,4
3.8500000000000005,3.875,12.5,12.600000000000001,3
3.8500000000000005,3.875,12.600000000000001,12.7,2
3.8500000000000005,3.875,12.7,12.8,6
3.8500000000000005,3.875,12.8,12.900000000000002,21
3.8500000000000005,3.875,12.900000000000002,13.0,12
3.8500000000000005,3.875,13.0,13.100000000000001,7
3.8500000000000005,3.875,13.100000000000001,13.2,14
3.8500000000000005,3.875,13.2,13.3,11
3.8500000000000005,3.875,13.3,13.400000000000002,26
3.8500000000000005,3.875,13.400000000000002,13.5,52
3.8500000000000005,3.875,13.5,13.600000000000001,66
3.8500000000000005,3.875,13.600000000000001,13.7,59
3.8500000000000005,3.875,13.7,13.8,17
3.8500000000000005,3.875,13.8,13.900000000000002,11
3.8500000000000005,3.875,13.900000000000002,14.0,2
3.8500000000000005,3.875,14.0,14.100000000000001,2
3.8500000000000005,3.875,14.100000000000001,14.200000000000003,2
3.8500000000000005,3.875,14.200000000000003,14.3,1
3.8500000000000005,3.875,14.5,14.600000000000001,1
3.8500000000000005,3.875,14.900000000000002,15.0,1
3.875,3.9000000000000004,11.5,11.600000000000001,1
3.875,3.9000000000000004,11.900000000000002,12.0,1
3.875,3.9000000000000004,12.400000000000002,12.5,2
3.875,3.9000000000000004,12.5,12.600000000000001,4
3.875,3.9000000000000004,12.7,12.8,8
3.875,3.9000000000000004,12.8,12.900000000000002,12
3.875,3.9000000000000004,12.900000000000002,13.0,12
3.875,3.9000000000000004,13.0,13.100000000000001,7
3.875,3.9000000000000004,13.100000000000001,13.2,5
3.875,3.9000000000000004,13.2,13.3,8
3.875,3.9000000000000004,13.3,13.400000000000002,18
3.875,3.9000000000000004,13.400000000000002,13.5,39
3.875,3.9000000000000004,13.5,13.600000000000001,55
3.875,3.9000000000000004,13.600000000000001,13.7,57
3.875,3.9000000000000004,13.7,13.8,32
3.875,3.9000000000000004,13.8,13.900000000000002,11
3.875,3.9000000000000004,13.900000000000002,14.0,7
3.875,3.9000000000000004,14.0,14.100000000000001,3
3.875,3.9000000000000004,14.100000000000001,14.200000000000003,2
3.875,3.9000000000000004,14.200000000000003,14.3,2
3.9000000000000004,3.9250000000000007,11.8,11.900000000000002,2
3.9000000000000004,3.9250000000000007,11.900000000000002,12.0,1
3.9000000000000004,3.9250000000000007,12.0,12.100000000000001,1
3.9000000000000004,3.9250000000000007,12.3,12.400000000000002,2
3.9000000000000004,3.9250000000000007,12.600000000000001,12.7,1
3.9000000000000004,3.9250000000000007,12.7,12.8,3
3.9000000000000004,3.9250000000000007,12.8,12.900000000000002,18
3.9000000000000004,3.9250000000000007,12.900000000000002,13.0,12
3.9000000000000004,3.9250000000000007,13.0,13.100000000000001,8
3.9000000000000004,3.9250000000000007,13.100000000000001,13.2,2
3.9000000000000004,3.9250000000000007,13.2,13.3,7
3.9000000000000004,3.9250000000000007,13.3,13.400000000000002,18
3.9000000000000004,3.9250000000000007,13.400000000000002,13.5,17
3.9000000000000004,3.9250000000000007,13.5,13.600000000000001,47
3.9000000000000004,3.9250000000000007,13.600000000000001,13.7,56
3.9000000000000004,3.9250000000000007,13.7,13.8,51
3.9000000000000004,3.9250000000000007,13.8,13.900000000000002,18
3.9000000000000004,3.9250000000000007,13.900000000000002,14.0,9
3.9000000000000004,3.9250000000000007,14.0,14.100000000000001,1
3.9000000000000004,3.9250000000000007,14.100000000000001,14.200000000000003,1
3.9000000000000004,3.9250000000000007,14.5,14.600000000000001,1
3.9000000000000004,3.9250000000000007,15.5,15.600000000000001,1
3.9250000000000007,3.95,11.3,11.400000000000002,1
3.9250000000000007,3.95,12.0,12.100000000000001,1
3.9250000000000007,3.95,12.100000000000001,12.2,1
3.9250000000000007,3.95,12.3,12.400000000000002,2
3.9250000000000007,3.95,12.600000000000001,12.7,4
3.9250000000000007,3.95,12.8,12.900000000000002,8
3.9250000000000007,3.95,12.900000000000002,13.0,8
3.9250000000000007,3.95,13.0,13.100000000000001,11
3.9250000000000007,3.95,13.100000000000001,13.2,19
3.9250000000000007,3.95,13.2,13.3,6
3.9250000000000007,3.95,13.3,13.400000000000002,6
3.9250000000000007,3.95,13.400000000000002,13.5,17
3.9250000000000007,3.95,13.5,13.600000000000001,42
3.9250000000000007,3.95,13.600000000000001,13.7,44
3.9250000000000007,3.95,13.7,13.8,46
3.9250000000000007,3.95,13.8,13.900000000000002,25
3.9250000000000007,3.95,13.900000000000002,14.0,9
3.9250000000000007,3.95,14.0,14.100000000000001,6
3.9250000000000007,3.95,14.100000000000001,14.200000000000003,5
3.9250000000000007,3.95,14.200000000000003,14.3,1
3.9250000000000007,3.95,14.8,14.900000000000002,1
3.9250000000000007,3.95,15.0,15.100000000000001,1
3.95,3.9750000000000005,11.7,11.8,2
3.95,3.9750000000000005,12.0,12.100000000000001,1
3.95,3.9750000000000005,12.100000000000001,12.2,1
3.95,3.9750000000000005,12.400000000000002,12.5,1
3.95,3.9750000000000005,12.600000000000001,12.7,2
3.95,3.9750000000000005,12.7,12.8,4
3.95,3.9750000000000005,12.8,12.900000000000002,4
3.95,3.9750000000000005,12.900000000000002,13.0,10
3.95,3.9750000000000005,13.0,13.100000000000001,13
3.95,3.9750000000000005,13.100000000000001,13.2,7
3.95,3.9750000000000005,13.2,13.3,9
3.95,3.9750000000000005,13.3,13.400000000000002,4
3.95,3.9750000000000005,13.400000000000002,13.5,19
3.95,3.9750000000000005,13.5,13.600000000000001,22
3.95,3.9750000000000005,13.600000000000001,13.7,49
3.95,3.9750000000000005,13.7,13.8,51
3.95,3.9750000000000005,13.8,13.900000000000002,28
3.95,3.9750000000000005,13.900000000000002,14.0,14
3.95,3.9750000000000005,14.0,14.100000000000001,2
3.9750000000000005,4.0,12.0,12.100000000000001,1
3.9750000000000005,4.0,12.100000000000001,12.2,1
3.9750000000000005,4.0,12.5,12.600000000000001,1
3.9750000000000005,4.0,12.600000000000001,12.7,1
3.9750000000000005,4.0,12.7,12.8,1
3.9750000000000005,4.0,12.8,12.900000000000002,5
3.9750000000000005,4.0,12.900000000000002,13.0,12
3.9750000000000005,4.0,13.0,13.100000000000001,14
3.9750000000000005,4.0,13.100000000000001,13.2,9
3.9750000000000005,4.0,13.2,13.3,4
3.9750000000000005,4.0,13.3,13.400000000000002,4
3.9750000000000005,4.0,13.400000000000002,13.5,8
3.9750000000000005,4.0,13.5,13.600000000000001,19
3.9750000000000005,4.0,13.600000000000001,13.7,33
3.9750000000000005,4.0,13.7,13.8,54
3.9750000000000005,4.0,13.8,13.900000000000002,29
3.9750000000000005,4.0,13.900000000000002,14.0,16
3.9750000000000005,4.0,14.0,14.100000000000001,6
3.9750000000000005,4.0,14.100000000000001,14.200000000000003,6
3.9750000000000005,4.0,14.200000000000003,14.3,2
3.9750000000000005,4.0,14.600000000000001,14.700000000000003,1
4.0,4.025,11.7,11.8,1
4.0,4.025,12.400000000000002,12.5,1
4.0,4.025,12.600000000000001,12.7,1
4.0,4.025,12.900000000000002,13.0,7
4.0,4.025,13.0,13.100000000000001,8
4.0,4.025,13.100000000000001,13.2,7
4.0,4.025,13.2,13.3,6
4.0,4.025,13.3,13.400000000000002,8
4.0,4.025,13.400000000000002,13.5,5
4.0,4.025,13.5,13.600000000000001,13
4.0,4.025,13.600000000000001,13.7,26
4.0,4.025,13.7,13.8,35
4.0,4.025,13.8,13.900000000000002,38
4.0,4.025,13.900000000000002,14.0,24
4.0,4.025,14.0,14.100000000000001,14
4.0,4.025,14.100000000000001,14.200000000000003,7
4.0,4.025,14.200000000000003,14.3,4
4.0,4.025,14.3,14.400000000000002,1
4.025,4.050000000000001,11.2,11.3,1
4.025,4.050000000000001,12.2,12.3,1
4.025,4.050000000000001,12.600000000000001,12.7,2
4.025,4.050000000000001,12.7,12.8,1
4.025,4.050000000000001,12.900000000000002,13.0,4
4.025,4.050000000000001,13.0,13.100000000000001,7
4.025,4.050000000000001,13.100000000000001,13.2,8
4.025,4.050000000000001,13.2,13.3,6
4.025,4.050000000000001,13.3,13.400000000000002,4
4.025,4.050000000000001,13.400000000000002,13.5,5
4.025,4.050000000000001,13.5,13.600000000000001,4
4.025,4.050000000000001,13.600000000000001,13.7,18
4.025,4.050000000000001,13.7,13.8,30
4.025,4.050000000000001,13.8,13.900000000000002,42
4.025,4.050000000000001,13.900000000000002,14.0,33
4.025,4.050000000000001,14.0,14.100000000000001,16
4.025,4.050000000000001,14.100000000000001,14.200000000000003,3
4.025,4.050000000000001,14.200000000000003,14.3,3
4.025,4.050000000000001,14.3,14.400000000000002,2
4.025,4.050000000000001,14.400000000000002,14.5,1
4.025,4.050000000000001,14.5,14.600000000000001,1
4.025,4.050000000000001,14.600000000000001,14.700000000000003,3
4.025,4.050000000000001,15.0,15.100000000000001,1
4.025,4.050000000000001,15.8,15.900000000000002,1
4.050000000000001,4.075,11.5,11.600000000000001,1
4.050000000000001,4.075,12.5,12.600000000000001,2
4.050000000000001,4.075,12.600000000000001,12.7,1
4.050000000000001,4.075,12.7,12.8,1
4.050000000000001,4.075,12.8,12.900000000000002,3
4.050000000000001,4.075,12.900000000000002,13.0,4
4.050000000000001,4.075,13.0,13.100000000000001,10
4.050000000000001,4.075,13.100000000000001,13.2,10
4.050000000000001,4.075,13.2,13.3,5
4.050000000000001,4.075,13.3,13.400000000000002,6
4.050000000000001,4.075,13.400000000000002,13.5,5
4.050000000000001,4.075,13.5,13.600000000000001,4
4.050000000000001,4.075,13.600000000000001,13.7,12
4.050000000000001,4.075,13.7,13.8,26
4.050000000000001,4.075,13.8,13.900000000000002,41
4.050000000000001,4.075,13.900000000000002,14.0,30
4.050000000000001,4.075,14.0,14.100000000000001,18
4.050000000000001,4.075,14.100000000000001,14.200000000000003,10
4.050000000000001,4.075,14.200000000000003,14.3,3
4.050000000000001,4.075,14.3,14.400000000000002,1
4.050000000000001,4.075,14.5,14.600000000000001,1
4.050000000000001,4.075,15.200000000000003,15.3,1
4.075,4.1000000000000005,12.8,12.900000000000002,1
4.075,4.1000000000000005,12.900000000000002,13.0,2
4.075,4.1000000000000005,13.0,13.100000000000001,2
4.075,4.1000000000000005,13.100000000000001,13.2,10
4.075,4.1000000000000005,13.2,13.3,6
4.075,4.1000000000000005,13.3,13.400000000000002,4
4.075,4.1000000000000005,13.400000000000002,13.5,1
4.075,4.1000000000000005,13.5,13.600000000000001,3
4.075,4.1000000000000005,13.600000000000001,13.7,5
4.075,4.1000000000000005,13.7,13.8,17
4.075,4.1000000000000005,13.8,13.900000000000002,30
4.075,4.1000000000000005,13.900000000000002,14.0,38
4.075,4.1000000000000005,14.0,14.100000000000001,17
4.075,4.1000000000000005,14.100000000000001,14.200000000000003,13
4.075,4.1000000000000005,14.200000000000003,14.3,2
4.075,4.1000000000000005,14.3,14.400000000000002,3
4.075,4.1000000000000005,14.400000000000002,14.5,1
4.075,4.1000000000000005,14.600000000000001,14.700000000000003,1
4.075,4.1000000000000005,14.900000000000002,15.0,1
4.1000000000000005,4.125,11.7,11.8,1
4.1000000000000005,4.125,13.0,13.100000000000001,2
4.1000000000000005,4.125,13.100000000000001,13.2,3
4.1000000000000005,4.125,13.2,13.3,4
4.1000000000000005,4.125,13.3,13.400000000000002,8
4.1000000000000005,4.125,13.400000000000002,13.5,3
4.1000000000000005,4.125,13.5,13.600000000000001,2
4.1000000000000005,4.125,13.600000000000001,13.7,3
4.1000000000000005,4.125,13.7,13.8,9
4.1000000000000005,4.125,13.8,13.900000000000002,23
4.1000000000000005,4.125,13.900000000000002,14.0,28
4.1000000000000005,4.125,14.0,14.100000000000001,24
4.1000000000000005,4.125,14.100000000000001,14.200000000000003,9
4.1000000000000005,4.125,14.200000000000003,14.3,7
4.1000000000000005,4.125,14.3,14.400000000000002,4
4.1000000000000005,4.125,14.400000000000002,14.5,1
4.125,4.15,12.100000000000001,12.2,1
4.125,4.15,12.600000000000001,12.7,1
4.125,4.15,12.7,12.8,2
4.125,4.15,13.0,13.100000000000001,1
4.125,4.15,13.100000000000001,13.2,3
4.125,4.15,13.2,13.3,3
4.125,4.15,13.3,13.400000000000002,6
4.125,4.15,13.400000000000002,13.5,2
4.125,4.15,13.5,13.600000000000001,2
4.125,4.15,13.600000000000001,13.7,7
4.125,4.15,13.7,13.8,2
4.125,4.15,13.8,13.900000000000002,22
4.125,4.15,13.900000000000002,14.0,28
4.125,4.15,14.0,14.100000000000001,21
4.125,4.15,14.100000000000001,14.200000000000003,12
4.125,4.15,14.200000000000003,14.3,9
4.125,4.15,14.3,14.400000000000002,1
4.125,4.15,14.400000000000002,14.5,1
4.125,4.15,14.5,14.600000000000001,1
4.125,4.15,14.600000000000001,14.700000000000003,2
4.15,4.175000000000001,12.7,12.8,2
4.15,4.175000000000001,12.900000000000002,13.0,1
4.15,4.175000000000001,13.0,13.100000000000001,1
4.15,4.175000000000001,13.100000000000001,13.2,3
4.15,4.175000000000001,13.2,13.3,3
4.15,4.175000000000001,13.3,13.400000000000002,1
4.15,4.175000000000001,13.400000000000002,13.5,6
4.15,4.175000000000001,13.5,13.600000000000001,4
4.15,4.175000000000001,13.600000000000001,13.7,5
4.15,4.175000000000001,13.7,13.8,2
4.15,4.175000000000001,13.8,13.900000000000002,13
4.15,4.175000000000001,13.900000000000002,14.0,29
4.15,4.175000000000001,14.0,14.100000000000001,27
4.15,4.175000000000001,14.100000000000001,14.200000000000003,18
4.15,4.175000000000001,14.200000000000003,14.3,11
4.15,4.175000000000001,14.3,14.400000000000002,6
4.15,4.175000000000001,14.400000000000002,14.5,2
4.15,4.175000000000001,14.5,14.600000000000001,2
4.175000000000001,4.2,12.7,12.8,1
4.175000000000001,4.2,13.0,13.100000000000001,1
4.175000000000001,4.2,13.2,13.3,6
4.175000000000001,4.2,13.3,13.400000000000002,4
4.175000000000001,4.2,13.400000000000002,13.5,4
4.175000000000001,4.2,13.5,13.600000000000001,2
4.175000000000001,4.2,13.600000000000001,13.7,3
4.175000000000001,4.2,13.7,13.8,2
4.175000000000001,4.2,13.8,13.900000000000002,10
4.175000000000001,4.2,13.900000000000002,14.0,20
4.175000000000001,4.2,14.0,14.100000000000001,23
4.175000000000001,4.2,14.100000000000001,14.200000000000003,20
4.175000000000001,4.2,14.200000000000003,14.3,9
4.175000000000001,4.2,14.3,14.400000000000002,3
4.175000000000001,4.2,14.400000000000002,14.5,3
4.175000000000001,4.2,14.5,14.600000000000001,1
4.175000000000001,4.2,14.600000000000001,14.700000000000003,1
4.175000000000001,4.2,14.8,14.900000000000002,1
4.2,4.2250000000000005,12.0,12.100000000000001,1
4.2,4.2250000000000005,12.7,12.8,1
4.2,4.2250000000000005,13.0,13.100000000000001,2
4.2,4.2250000000000005,13.100000000000001,13.2,3
4.2,4.2250000000000005,13.2,13.3,3
4.2,4.2250000000000005,13.3,13.400000000000002,3
4.2,4.2250000000000005,13.400000000000002,13.5,10
4.2,4.2250000000000005,13.5,13.600000000000001,5
4.2,4.2250000000000005,13.600000000000001,13.7,3
4.2,4.2250000000000005,13.7,13.8,3
4.2,4.2250000000000005,13.8,13.900000000000002,6
4.2,4.2250000000000005,13.900000000000002,14.0,12
4.2,4.2250000000000005,14.0,14.100000000000001,27
4.2,4.2250000000000005,14.100000000000001,14.200000000000003,10
4.2,4.2250000000000005,14.200000000000003,14.3,9
4.2,4.2250000000000005,14.3,14.400000000000002,2
4.2,4.2250000000000005,14.400000000000002,14.5,4
4.2,4.2250000000000005,14.5,14.600000000000001,1
4.2,4.2250000000000005,14.700000000000003,14.8,1
4.2250000000000005,4.25,12.600000000000001,12.7,1
4.2250000000000005,4.25,12.7,12.8,1
4.2250000000000005,4.25,12.8,12.900000000000002,1
4.2250000000000005,4.25,13.0,13.100000000000001,1
4.2250000000000005,4.25,13.2,13.3,1
4.2250000000000005,4.25,13.400000000000002,13.5,1
4.2250000000000005,4.25,13.5,13.600000000000001,3
4.2250000000000005,4.25,13.600000000000001,13.7,2
4.2250000000000005,4.25,13.7,13.8,2
4.2250000000000005,4.25,13.8,13.900000000000002,2
4.2250000000000005,4.25,13.900000000000002,14.0,10
4.2250000000000005,4.25,14.0,14.100000000000001,15
4.2250000000000005,4.25,14.100000000000001,14.200000000000003,17
4.2250000000000005,4.25,14.200000000000003,14.3,13
4.2250000000000005,4.25,14.3,14.400000000000002,6
4.2250000000000005,4.25,14.400000000000002,14.5,5
4.2250000000000005,4.25,14.5,14.600000000000001,3
4.2250000000000005,4.25,14.600000000000001,14.700000000000003,2
4.2250000000000005,4.25,14.700000000000003,14.8,4
4.2250000000000005,4.25,14.8,14.900000000000002,1
4.2250000000000005,4.25,14.900000000000002,15.0,1
4.25,4.275,11.400000000000002,11.5,1
4.25,4.275,12.400000000000002,12.5,1
4.25,4.275,12.600000000000001,12.7,1
4.25,4.275,13.0,13.100000000000001,1
4.25,4.275,13.100000000000001,13.2,1
4.25,4.275,13.2,13.3,2
4.25,4.275,13.3,13.400000000000002,2
4.25,4.275,13.400000000000002,13.5,2
4.25,4.275,13.5,13.600000000000001,5
4.25,4.275,13.600000000000001,13.7,1
4.25,4.275,13.7,13.8,1
4.25,4.275,13.8,13.900000000000002,3
4.25,4.275,13.900000000000002,14.0,5
4.25,4.275,14.0,14.100000000000001,11
4.25,4.275,14.100000000000001,14.200000000000003,10
4.25,4.275,14.200000000000003,14.3,15
4.25,4.275,14.3,14.400000000000002,12
4.25,4.275,14.400000000000002,14.5,2
4.25,4.275,14.5,14.600000000000001,2
4.25,4.275,15.0,15.100000000000001,1
4.25,4.275,15.5,15.600000000000001,1
4.275,4.300000000000001,12.8,12.900000000000002,1
4.275,4.300000000000001,13.0,13.100000000000001,1
4.275,4.300000000000001,13.100000000000001,13.2,2
4.275,4.300000000000001,13.2,13.3,2
4.275,4.300000000000001,13.3,13.400000000000002,2
4.275,4.300000000000001,13.400000000000002,13.5,5
4.275,4.300000000000001,13.5,13.600000000000001,2
4.275,4.300000000000001,13.8,13.900000000000002,1
4.275,4.300000000000001,13.900000000000002,14.0,6
4.275,4.300000000000001,14.0,14.100000000000001,12
4.275,4.300000000000001,14.100000000000001,14.200000000000003,14
4.275,4.300000000000001,14.200000000000003,14.3,24
4.275,4.300000000000001,14.3,14.400000000000002,11
4.275,4.300000000000001,14.400000000000002,14.5,8
4.275,4.300000000000001,14.5,14.600000000000001,3
4.275,4.300000000000001,14.600000000000001,14.700000000000003,1
4.300000000000001,4.325,12.900000000000002,13.0,1
4.300000000000001,4.325,13.100000000000001,13.2,1
4.300000000000001,4.325,13.2,13.3,1
4.300000000000001,4.325,13.3,13.400000000000002,1
4.300000000000001,4.325,13.400000000000002,13.5,2
4.300000000000001,4.325,13.5,13.600000000000001,2
4.300000000000001,4.325,13.600000000000001,13.7,2
4.300000000000001,4.325,13.7,13.8,1
4.300000000000001,4.325,13.8,13.900000000000002,2
4.300000000000001,4.325,13.900000000000002,14.0,1
4.300000000000001,4.325,14.0,14.100000000000001,14
4.300000000000001,4.325,14.100000000000001,14.200000000000003,6
4.300000000000001,4.325,14.200000000000003,14.3,16
4.300000000000001,4.325,14.3,14.400000000000002,6
4.300000000000001,4.325,14.400000000000002,14.5,9
4.300000000000001,4.325,14.5,14.600000000000001,2
4.300000000000001,4.325,14.600000000000001,14.700000000000003,4
4.300000000000001,4.325,14.700000000000003,14.8,1
4.300000000000001,4.325,15.700000000000003,15.8,1
4.300000000000001,4.325,16.0,16.1,1
4.325,4.3500000000000005,12.8,12.900000000000002,1
4.325,4.3500000000000005,12.900000000000002,13.0,1
4.325,4.3500000000000005,13.5,13.600000000000001,2
4.325,4.3500000000000005,13.600000000000001,13.7,4
4.325,4.3500000000000005,13.8,13.900000000000002,1
4.325,4.3500000000000005,13.900000000000002,14.0,1
4.325,4.3500000000000005,14.0,14.100000000000001,2
4.325,4.3500000000000005,14.100000000000001,14.200000000000003,7
4.325,4.3500000000000005,14.200000000000003,14.3,11
4.325,4.3500000000000005,14.3,14.400000000000002,10
4.325,4.3500000000000005,14.400000000000002,14.5,5
4.325,4.3500000000000005,14.5,14.600000000000001,4
4.325,4.3500000000000005,14.600000000000001,14.700000000000003,3
4.325,4.3500000000000005,14.700000000000003,14.8,1
4.325,4.3500000000000005,14.8,14.900000000000002,1
4.325,4.3500000000000005,14.900000000000002,15.0,1
4.3500000000000005,4.375,12.900000000000002,13.0,1
4.3500000000000005,4.375,13.3,13.400000000000002,1
4.3500000000000005,4.375,13.400000000000002,13.5,4
4.3500000000000005,4.375,13.5,13.600000000000001,2
4.3500000000000005,4.375,13.600000000000001,13.7,1
4.3500000000000005,4.375,13.7,13.8,2
4.3500000000000005,4.375,13.900000000000002,14.0,5
4.3500000000000005,4.375,14.0,14.100000000000001,1
4.3500000000000005,4.375,14.100000000000001,14.200000000000003,13
4.3500000000000005,4.375,14.200000000000003,14.3,11
4.3500000000000005,4.375,14.3,14.400000000000002,10
4.3500000000000005,4.375,14.400000000000002,14.5,9
4.3500000000000005,4.375,14.5,14.600000000000001,3
4.3500000000000005,4.375,14.600000000000001,14.700000000000003,3
4.3500000000000005,4.375,14.700000000000003,14.8,1
4.3500000000000005,4.375,14.900000000000002,15.0,1
4.3500000000000005,4.375,16.8,16.900000000000002,1
4.375,4.4,13.2,13.3,1
4.375,4.4,13.3,13.400000000000002,1
4.375,4.4,13.5,13.600000000000001,2
4.375,4.4,13.600000000000001,13.7,4
4.375,4.4,13.7,13.8,4
4.375,4.4,13.8,13.900000000000002,1
4.375,4.4,13.900000000000002,14.0,1
4.375,4.4,14.0,14.100000000000001,3
4.375,4.4,14.100000000000001,14.200000000000003,8
4.375,4.4,14.200000000000003,14.3,13
4.375,4.4,14.3,14.400000000000002,8
4.375,4.4,14.400000000000002,14.5,13
4.375,4.4,14.5,14.600000000000001,6
4.375,4.4,14.600000000000001,14.700000000000003,2
4.375,4.4,14.700000000000003,14.8,1
4.375,4.4,14.8,14.900000000000002,2
4.375,4.4,15.100000000000001,15.200000000000003,2
4.375,4.4,15.5,15.600000000000001,1
4.4,4.425000000000001,13.3,13.400000000000002,1
4.4,4.425000000000001,13.400000000000002,13.5,1
4.4,4.425000000000001,13.600000000000001,13.7,2
4.4,4.425000000000001,13.7,13.8,1
4.4,4.425000000000001,13.8,13.900000000000002,1
4.4,4.425000000000001,13.900000000000002,14.0,2
4.4,4.425000000000001,14.0,14.100000000000001,3
4.4,4.425000000000001,14.100000000000001,14.200000000000003,5
4.4,4.425000000000001,14.200000000000003,14.3,4
4.4,4.425000000000001,14.3,14.400000000000002,7
4.4,4.425000000000001,14.400000000000002,14.5,8
4.4,4.425000000000001,14.5,14.600000000000001,7
4.4,4.425000000000001,14.600000000000001,14.700000000000003,2
4.4,4.425000000000001,14.700000000000003,14.8,3
4.4,4.425000000000001,15.200000000000003,15.3,1
4.4,4.425000000000001,15.8,15.900000000000002,1
4.425000000000001,4.45,12.5,12.600000000000001,1
4.425000000000001,4.45,13.400000000000002,13.5,1
4.425000000000001,4.45,13.5,13.600000000000001,1
4.425000000000001,4.45,13.600000000000001,13.7,3
4.425000000000001,4.45,13.7,13.8,1
4.425000000000001,4.45,13.8,13.900000000000002,1
4.425000000000001,4.45,13.900000000000002,14.0,2
4.425000000000001,4.45,14.100000000000001,14.200000000000003,3
4.425000000000001,4.45,14.200000000000003,14.3,6
4.425000000000001,4.45,14.3,14.400000000000002,10
4.425000000000001,4.45,14.400000000000002,14.5,10
4.425000000000001,4.45,14.5,14.600000000000001,8
4.425000000000001,4.45,14.600000000000001,14.700000000000003,4
4.425000000000001,4.45,14.700000000000003,14.8,2
4.425000000000001,4.45,14.8,14.900000000000002,2
4.425000000000001,4.45,14.900000000000002,15.0,1
4.425000000000001,4.45,15.3,15.400000000000002,1
4.45,4.4750000000000005,12.7,12.8,1
4.45,4.4750000000000005,13.600000000000001,13.7,1
4.45,4.4750000000000005,13.8,13.900000000000002,1
4.45,4.4750000000000005,13.900000000000002,14.0,2
4.45,4.4750000000000005,14.0,14.100000000000001,1
4.45,4.4750000000000005,14.100000000000001,14.200000000000003,2
4.45,4.4750000000000005,14.200000000000003,14.3,4
4.45,4.4750000000000005,14.3,14.400000000000002,10
4.45,4.4750000000000005,14.400000000000002,14.5,9
4.45,4.4750000000000005,14.5,14.600000000000001,6
4.45,4.4750000000000005,14.600000000000001,14.700000000000003,3
4.45,4.4750000000000005,14.700000000000003,14.8,3
4.45,4.4750000000000005,14.8,14.900000000000002,2
4.45,4.4750000000000005,14.900000000000002,15.0,1
4.45,4.4750000000000005,15.0,15.100000000000001,2
4.45,4.4750000000000005,15.100000000000001,15.200000000000003,3
4.45,4.4750000000000005,15.200000000000003,15.3,1
4.45,4.4750000000000005,15.3,15.400000000000002,1
4.45,4.4750000000000005,15.8,15.900000000000002,1
4.45,4.4750000000000005,16.1,16.200000000000003,1
4.45,4.4750000000000005,16.3,16.400000000000002,1
4.45,4.4750000000000005,16.400000000000002,16.5,1
4.4750000000000005,4.5,12.5,12.600000000000001,1
4.4750000000000005,4.5,13.400000000000002,13.5,1
4.4750000000000005,4.5,13.600000000000001,13.7,1
4.4750000000000005,4.5,13.8,13.900000000000002,1
4.4750000000000005,4.5,13.900000000000002,14.0,2
4.4750000000000005,4.5,14.0,14.100000000000001,2
4.4750000000000005,4.5,14.100000000000001,14.200000000000003,4
4.4750000000000005,4.5,14.200000000000003,14.3,3
4.4750000000000005,4.5,14.3,14.400000000000002,2
4.4750000000000005,4.5,14.400000000000002,14.5,8
4.4750000000000005,4.5,14.5,14.600000000000001,4
4.4750000000000005,4.5,14.600000000000001,14.700000000000003,4
4.4750000000000005,4.5,14.700000000000003,14.8,2
4.4750000000000005,4.5,14.8,14.900000000000002,2
4.4750000000000005,4.5,14.900000000000002,15.0,1
4.4750000000000005,4.5,15.3,15.400000000000002,1
4.4750000000000005,4.5,15.5,15.600000000000001,1
4.4750000000000005,4.5,15.600000000000001,15.700000000000003,1
4.4750000000000005,4.5,15.900000000000002,16.0,2
4.4750000000000005,4.5,16.0,16.1,1
