file,row,field,reason
rawdog_gaia_counterparts.csv,22,supplemental_note,Local evidence artifact not distributed; reference keys and printed scientific claims preserved
rawdog_gaia_counterparts.csv,25,supplemental_note,Local evidence artifact not distributed; reference keys and printed scientific claims preserved
rawdog_gaia_counterparts.csv,35,supplemental_note,Local evidence artifact not distributed; reference keys and printed scientific claims preserved
rawdog_gaia_counterparts.csv,53,supplemental_note,Local evidence artifact not distributed; reference keys and printed scientific claims preserved
rawdog_measurements.csv,3517,location,Local evidence artifact not distributed; reference keys and printed scientific claims preserved
rawdog_measurements.csv,4018,location,Local evidence artifact not distributed; reference keys and printed scientific claims preserved
rawdog_measurements.csv,4029,location,Local evidence artifact not distributed; reference keys and printed scientific claims preserved
rawdog_measurements.csv,4030,location,Local evidence artifact not distributed; reference keys and printed scientific claims preserved
rawdog_measurements.csv,4052,location,Local evidence artifact not distributed; reference keys and printed scientific claims preserved
rawdog_measurements.csv,4526,location,Local evidence artifact not distributed; reference keys and printed scientific claims preserved
rawdog_measurements.csv,5691,location,Local evidence artifact not distributed; reference keys and printed scientific claims preserved
rawdog_measurements.csv,5693,location,Local evidence artifact not distributed; reference keys and printed scientific claims preserved
rawdog_measurements.csv,5698,location,Local evidence artifact not distributed; reference keys and printed scientific claims preserved
rawdog_measurements.csv,5699,location,Local evidence artifact not distributed; reference keys and printed scientific claims preserved
rawdog_measurements.csv,5700,location,Local evidence artifact not distributed; reference keys and printed scientific claims preserved
rawdog_measurements.csv,5701,location,Local evidence artifact not distributed; reference keys and printed scientific claims preserved
rawdog_measurements.csv,5711,location,Local evidence artifact not distributed; reference keys and printed scientific claims preserved
rawdog_measurements.csv,5712,location,Local evidence artifact not distributed; reference keys and printed scientific claims preserved
rawdog_measurements.csv,5713,location,Local evidence artifact not distributed; reference keys and printed scientific claims preserved
rawdog_measurements.csv,5714,location,Local evidence artifact not distributed; reference keys and printed scientific claims preserved
rawdog_measurements.csv,5715,location,Local evidence artifact not distributed; reference keys and printed scientific claims preserved
rawdog_measurements.csv,5716,location,Local evidence artifact not distributed; reference keys and printed scientific claims preserved
rawdog_measurements.csv,5717,location,Local evidence artifact not distributed; reference keys and printed scientific claims preserved
rawdog_measurements.csv,5718,location,Local evidence artifact not distributed; reference keys and printed scientific claims preserved
rawdog_measurements.csv,5719,location,Local evidence artifact not distributed; reference keys and printed scientific claims preserved
rawdog_measurements.csv,5720,location,Local evidence artifact not distributed; reference keys and printed scientific claims preserved
rawdog_measurements.csv,5721,location,Local evidence artifact not distributed; reference keys and printed scientific claims preserved
rawdog_measurements.csv,5722,location,Local evidence artifact not distributed; reference keys and printed scientific claims preserved
rawdog_measurements.csv,5723,location,Local evidence artifact not distributed; reference keys and printed scientific claims preserved
rawdog_measurements.csv,5724,location,Local evidence artifact not distributed; reference keys and printed scientific claims preserved
rawdog_measurements.csv,5725,location,Local evidence artifact not distributed; reference keys and printed scientific claims preserved
rawdog_measurements.csv,5726,location,Local evidence artifact not distributed; reference keys and printed scientific claims preserved
rawdog_measurements.csv,5732,location,Local evidence artifact not distributed; reference keys and printed scientific claims preserved
rawdog_measurements.csv,5820,location,Local evidence artifact not distributed; reference keys and printed scientific claims preserved
rawdog_measurements.csv,5821,location,Local evidence artifact not distributed; reference keys and printed scientific claims preserved
rawdog_measurements.csv,5841,location,Local evidence artifact not distributed; reference keys and printed scientific claims preserved
rawdog_measurements.csv,6057,location,Local evidence artifact not distributed; reference keys and printed scientific claims preserved
rawdog_measurements.csv,6058,location,Local evidence artifact not distributed; reference keys and printed scientific claims preserved
rawdog_measurements.csv,6059,location,Local evidence artifact not distributed; reference keys and printed scientific claims preserved
rawdog_measurements.csv,6060,location,Local evidence artifact not distributed; reference keys and printed scientific claims preserved
rawdog_measurements.csv,6061,location,Local evidence artifact not distributed; reference keys and printed scientific claims preserved
rawdog_measurements.csv,6062,location,Local evidence artifact not distributed; reference keys and printed scientific claims preserved
rawdog_measurements.csv,6063,location,Local evidence artifact not distributed; reference keys and printed scientific claims preserved
rawdog_measurements.csv,6064,location,Local evidence artifact not distributed; reference keys and printed scientific claims preserved
rawdog_measurements.csv,6065,location,Local evidence artifact not distributed; reference keys and printed scientific claims preserved
rawdog_measurements.csv,6066,location,Local evidence artifact not distributed; reference keys and printed scientific claims preserved
rawdog_measurements.csv,6067,location,Local evidence artifact not distributed; reference keys and printed scientific claims preserved
rawdog_measurements.csv,6068,location,Local evidence artifact not distributed; reference keys and printed scientific claims preserved
rawdog_measurements.csv,6069,location,Local evidence artifact not distributed; reference keys and printed scientific claims preserved
rawdog_measurements.csv,6083,location,Local evidence artifact not distributed; reference keys and printed scientific claims preserved
rawdog_measurements.csv,6084,location,Local evidence artifact not distributed; reference keys and printed scientific claims preserved
rawdog_measurements.csv,6120,location,Local evidence artifact not distributed; reference keys and printed scientific claims preserved
rawdog_measurements.csv,6121,location,Local evidence artifact not distributed; reference keys and printed scientific claims preserved
rawdog_measurements.csv,6122,location,Local evidence artifact not distributed; reference keys and printed scientific claims preserved
rawdog_measurements.csv,6123,location,Local evidence artifact not distributed; reference keys and printed scientific claims preserved
rawdog_measurements.csv,6127,location,Local evidence artifact not distributed; reference keys and printed scientific claims preserved
rawdog_measurements.csv,6128,location,Local evidence artifact not distributed; reference keys and printed scientific claims preserved
rawdog_measurements.csv,6129,location,Local evidence artifact not distributed; reference keys and printed scientific claims preserved
rawdog_measurements.csv,6130,location,Local evidence artifact not distributed; reference keys and printed scientific claims preserved
rawdog_measurements.csv,6131,location,Local evidence artifact not distributed; reference keys and printed scientific claims preserved
rawdog_measurements.csv,6136,location,Local evidence artifact not distributed; reference keys and printed scientific claims preserved
rawdog_measurements.csv,6138,location,Local evidence artifact not distributed; reference keys and printed scientific claims preserved
rawdog_measurements.csv,6139,location,Local evidence artifact not distributed; reference keys and printed scientific claims preserved
rawdog_physical_properties.csv,27,physical_properties_notes,Local evidence artifact not distributed; reference keys and printed scientific claims preserved
rawdog_physical_properties.csv,32,human_check_notes,Local evidence artifact not distributed; reference keys and printed scientific claims preserved
rawdog_physical_properties.csv,34,gaia_source_url,Local evidence artifact not distributed; reference keys and printed scientific claims preserved
rawdog_physical_properties.csv,34,human_check_notes,Local evidence artifact not distributed; reference keys and printed scientific claims preserved
rawdog_physical_properties.csv,38,human_check_notes,Local evidence artifact not distributed; reference keys and printed scientific claims preserved
rawdog_physical_properties.csv,40,physical_properties_notes,Local evidence artifact not distributed; reference keys and printed scientific claims preserved
rawdog_physical_properties.csv,40,human_check_notes,Local evidence artifact not distributed; reference keys and printed scientific claims preserved
rawdog_physical_properties.csv,42,gaia_source_url,Local evidence artifact not distributed; reference keys and printed scientific claims preserved
rawdog_physical_properties.csv,42,human_check_notes,Local evidence artifact not distributed; reference keys and printed scientific claims preserved
rawdog_physical_properties.csv,43,physical_properties_notes,Local evidence artifact not distributed; reference keys and printed scientific claims preserved
rawdog_physical_properties.csv,44,gaia_source_url,Local evidence artifact not distributed; reference keys and printed scientific claims preserved
rawdog_physical_properties.csv,44,physical_properties_notes,Local evidence artifact not distributed; reference keys and printed scientific claims preserved
rawdog_physical_properties.csv,45,physical_properties_notes,Local evidence artifact not distributed; reference keys and printed scientific claims preserved
rawdog_physical_properties.csv,46,physical_properties_notes,Local evidence artifact not distributed; reference keys and printed scientific claims preserved
rawdog_physical_properties.csv,49,human_check_notes,Local evidence artifact not distributed; reference keys and printed scientific claims preserved
rawdog_physical_properties.csv,51,physical_properties_notes,Local evidence artifact not distributed; reference keys and printed scientific claims preserved
rawdog_physical_properties.csv,52,human_check_notes,Local evidence artifact not distributed; reference keys and printed scientific claims preserved
rawdog_physical_properties.csv,55,physical_properties_notes,Local evidence artifact not distributed; reference keys and printed scientific claims preserved
rawdog_radio_observations.csv,79,epoch_band_state_and_other_notes,Local evidence artifact not distributed; reference keys and printed scientific claims preserved
rawdog_references.csv,1,filename,Local evidence artifact not distributed; reference keys and printed scientific claims preserved
rawdog_references.csv,1,local_path,Local evidence artifact not distributed; reference keys and printed scientific claims preserved
rawdog_references.csv,1,original_local_path,Local evidence artifact not distributed; reference keys and printed scientific claims preserved
rawdog_references.csv,2,filename,Local evidence artifact not distributed; reference keys and printed scientific claims preserved
rawdog_references.csv,2,local_path,Local evidence artifact not distributed; reference keys and printed scientific claims preserved
rawdog_references.csv,2,original_local_path,Local evidence artifact not distributed; reference keys and printed scientific claims preserved
rawdog_references.csv,3,filename,Local evidence artifact not distributed; reference keys and printed scientific claims preserved
rawdog_references.csv,3,local_path,Local evidence artifact not distributed; reference keys and printed scientific claims preserved
rawdog_references.csv,3,original_local_path,Local evidence artifact not distributed; reference keys and printed scientific claims preserved
rawdog_references.csv,4,filename,Local evidence artifact not distributed; reference keys and printed scientific claims preserved
rawdog_references.csv,4,local_path,Local evidence artifact not distributed; reference keys and printed scientific claims preserved
rawdog_references.csv,4,original_local_path,Local evidence artifact not distributed; reference keys and printed scientific claims preserved
rawdog_references.csv,5,filename,Local evidence artifact not distributed; reference keys and printed scientific claims preserved
rawdog_references.csv,5,local_path,Local evidence artifact not distributed; reference keys and printed scientific claims preserved
rawdog_references.csv,5,original_local_path,Local evidence artifact not distributed; reference keys and printed scientific claims preserved
rawdog_references.csv,6,filename,Local evidence artifact not distributed; reference keys and printed scientific claims preserved
rawdog_references.csv,6,local_path,Local evidence artifact not distributed; reference keys and printed scientific claims preserved
rawdog_references.csv,6,original_local_path,Local evidence artifact not distributed; reference keys and printed scientific claims preserved
rawdog_references.csv,7,filename,Local evidence artifact not distributed; reference keys and printed scientific claims preserved
rawdog_references.csv,7,local_path,Local evidence artifact not distributed; reference keys and printed scientific claims preserved
rawdog_references.csv,7,original_local_path,Local evidence artifact not distributed; reference keys and printed scientific claims preserved
rawdog_references.csv,8,filename,Local evidence artifact not distributed; reference keys and printed scientific claims preserved
rawdog_references.csv,8,local_path,Local evidence artifact not distributed; reference keys and printed scientific claims preserved
rawdog_references.csv,8,original_local_path,Local evidence artifact not distributed; reference keys and printed scientific claims preserved
rawdog_references.csv,9,filename,Local evidence artifact not distributed; reference keys and printed scientific claims preserved
rawdog_references.csv,9,local_path,Local evidence artifact not distributed; reference keys and printed scientific claims preserved
rawdog_references.csv,9,note,Local evidence artifact not distributed; reference keys and printed scientific claims preserved
rawdog_references.csv,9,original_local_path,Local evidence artifact not distributed; reference keys and printed scientific claims preserved
rawdog_references.csv,10,filename,Local evidence artifact not distributed; reference keys and printed scientific claims preserved
rawdog_references.csv,10,local_path,Local evidence artifact not distributed; reference keys and printed scientific claims preserved
rawdog_references.csv,10,original_local_path,Local evidence artifact not distributed; reference keys and printed scientific claims preserved
rawdog_references.csv,11,filename,Local evidence artifact not distributed; reference keys and printed scientific claims preserved
rawdog_references.csv,11,local_path,Local evidence artifact not distributed; reference keys and printed scientific claims preserved
rawdog_references.csv,11,original_local_path,Local evidence artifact not distributed; reference keys and printed scientific claims preserved
rawdog_references.csv,12,filename,Local evidence artifact not distributed; reference keys and printed scientific claims preserved
rawdog_references.csv,12,local_path,Local evidence artifact not distributed; reference keys and printed scientific claims preserved
rawdog_references.csv,12,original_local_path,Local evidence artifact not distributed; reference keys and printed scientific claims preserved
rawdog_references.csv,13,filename,Local evidence artifact not distributed; reference keys and printed scientific claims preserved
rawdog_references.csv,13,local_path,Local evidence artifact not distributed; reference keys and printed scientific claims preserved
rawdog_references.csv,13,original_local_path,Local evidence artifact not distributed; reference keys and printed scientific claims preserved
rawdog_references.csv,14,filename,Local evidence artifact not distributed; reference keys and printed scientific claims preserved
rawdog_references.csv,14,local_path,Local evidence artifact not distributed; reference keys and printed scientific claims preserved
rawdog_references.csv,14,original_local_path,Local evidence artifact not distributed; reference keys and printed scientific claims preserved
rawdog_references.csv,15,filename,Local evidence artifact not distributed; reference keys and printed scientific claims preserved
rawdog_references.csv,15,local_path,Local evidence artifact not distributed; reference keys and printed scientific claims preserved
rawdog_references.csv,15,original_local_path,Local evidence artifact not distributed; reference keys and printed scientific claims preserved
rawdog_references.csv,16,filename,Local evidence artifact not distributed; reference keys and printed scientific claims preserved
rawdog_references.csv,16,local_path,Local evidence artifact not distributed; reference keys and printed scientific claims preserved
rawdog_references.csv,16,original_local_path,Local evidence artifact not distributed; reference keys and printed scientific claims preserved
rawdog_references.csv,17,filename,Local evidence artifact not distributed; reference keys and printed scientific claims preserved
rawdog_references.csv,17,local_path,Local evidence artifact not distributed; reference keys and printed scientific claims preserved
rawdog_references.csv,17,original_local_path,Local evidence artifact not distributed; reference keys and printed scientific claims preserved
rawdog_references.csv,18,filename,Local evidence artifact not distributed; reference keys and printed scientific claims preserved
rawdog_references.csv,18,local_path,Local evidence artifact not distributed; reference keys and printed scientific claims preserved
rawdog_references.csv,18,original_local_path,Local evidence artifact not distributed; reference keys and printed scientific claims preserved
rawdog_references.csv,19,filename,Local evidence artifact not distributed; reference keys and printed scientific claims preserved
rawdog_references.csv,19,local_path,Local evidence artifact not distributed; reference keys and printed scientific claims preserved
rawdog_references.csv,19,original_local_path,Local evidence artifact not distributed; reference keys and printed scientific claims preserved
rawdog_references.csv,20,filename,Local evidence artifact not distributed; reference keys and printed scientific claims preserved
rawdog_references.csv,20,local_path,Local evidence artifact not distributed; reference keys and printed scientific claims preserved
rawdog_references.csv,20,original_local_path,Local evidence artifact not distributed; reference keys and printed scientific claims preserved
rawdog_references.csv,21,filename,Local evidence artifact not distributed; reference keys and printed scientific claims preserved
rawdog_references.csv,21,local_path,Local evidence artifact not distributed; reference keys and printed scientific claims preserved
rawdog_references.csv,21,original_local_path,Local evidence artifact not distributed; reference keys and printed scientific claims preserved
rawdog_references.csv,22,filename,Local evidence artifact not distributed; reference keys and printed scientific claims preserved
rawdog_references.csv,22,local_path,Local evidence artifact not distributed; reference keys and printed scientific claims preserved
rawdog_references.csv,22,original_local_path,Local evidence artifact not distributed; reference keys and printed scientific claims preserved
rawdog_references.csv,23,filename,Local evidence artifact not distributed; reference keys and printed scientific claims preserved
rawdog_references.csv,23,local_path,Local evidence artifact not distributed; reference keys and printed scientific claims preserved
rawdog_references.csv,23,original_local_path,Local evidence artifact not distributed; reference keys and printed scientific claims preserved
rawdog_references.csv,24,filename,Local evidence artifact not distributed; reference keys and printed scientific claims preserved
rawdog_references.csv,24,local_path,Local evidence artifact not distributed; reference keys and printed scientific claims preserved
rawdog_references.csv,24,original_local_path,Local evidence artifact not distributed; reference keys and printed scientific claims preserved
rawdog_references.csv,25,filename,Local evidence artifact not distributed; reference keys and printed scientific claims preserved
rawdog_references.csv,25,local_path,Local evidence artifact not distributed; reference keys and printed scientific claims preserved
rawdog_references.csv,25,original_local_path,Local evidence artifact not distributed; reference keys and printed scientific claims preserved
rawdog_references.csv,26,filename,Local evidence artifact not distributed; reference keys and printed scientific claims preserved
rawdog_references.csv,26,local_path,Local evidence artifact not distributed; reference keys and printed scientific claims preserved
rawdog_references.csv,26,original_local_path,Local evidence artifact not distributed; reference keys and printed scientific claims preserved
rawdog_references.csv,27,filename,Local evidence artifact not distributed; reference keys and printed scientific claims preserved
rawdog_references.csv,27,local_path,Local evidence artifact not distributed; reference keys and printed scientific claims preserved
rawdog_references.csv,27,original_local_path,Local evidence artifact not distributed; reference keys and printed scientific claims preserved
rawdog_references.csv,28,filename,Local evidence artifact not distributed; reference keys and printed scientific claims preserved
rawdog_references.csv,28,local_path,Local evidence artifact not distributed; reference keys and printed scientific claims preserved
rawdog_references.csv,28,original_local_path,Local evidence artifact not distributed; reference keys and printed scientific claims preserved
rawdog_references.csv,29,filename,Local evidence artifact not distributed; reference keys and printed scientific claims preserved
rawdog_references.csv,29,local_path,Local evidence artifact not distributed; reference keys and printed scientific claims preserved
rawdog_references.csv,29,original_local_path,Local evidence artifact not distributed; reference keys and printed scientific claims preserved
rawdog_references.csv,30,filename,Local evidence artifact not distributed; reference keys and printed scientific claims preserved
rawdog_references.csv,30,local_path,Local evidence artifact not distributed; reference keys and printed scientific claims preserved
rawdog_references.csv,30,original_local_path,Local evidence artifact not distributed; reference keys and printed scientific claims preserved
rawdog_references.csv,31,filename,Local evidence artifact not distributed; reference keys and printed scientific claims preserved
rawdog_references.csv,31,local_path,Local evidence artifact not distributed; reference keys and printed scientific claims preserved
rawdog_references.csv,31,original_local_path,Local evidence artifact not distributed; reference keys and printed scientific claims preserved
rawdog_references.csv,32,filename,Local evidence artifact not distributed; reference keys and printed scientific claims preserved
rawdog_references.csv,32,local_path,Local evidence artifact not distributed; reference keys and printed scientific claims preserved
rawdog_references.csv,32,original_local_path,Local evidence artifact not distributed; reference keys and printed scientific claims preserved
rawdog_references.csv,33,filename,Local evidence artifact not distributed; reference keys and printed scientific claims preserved
rawdog_references.csv,33,local_path,Local evidence artifact not distributed; reference keys and printed scientific claims preserved
rawdog_references.csv,33,original_local_path,Local evidence artifact not distributed; reference keys and printed scientific claims preserved
rawdog_references.csv,34,filename,Local evidence artifact not distributed; reference keys and printed scientific claims preserved
rawdog_references.csv,34,local_path,Local evidence artifact not distributed; reference keys and printed scientific claims preserved
rawdog_references.csv,34,original_local_path,Local evidence artifact not distributed; reference keys and printed scientific claims preserved
rawdog_references.csv,35,filename,Local evidence artifact not distributed; reference keys and printed scientific claims preserved
rawdog_references.csv,35,local_path,Local evidence artifact not distributed; reference keys and printed scientific claims preserved
rawdog_references.csv,35,original_local_path,Local evidence artifact not distributed; reference keys and printed scientific claims preserved
rawdog_references.csv,36,filename,Local evidence artifact not distributed; reference keys and printed scientific claims preserved
rawdog_references.csv,36,local_path,Local evidence artifact not distributed; reference keys and printed scientific claims preserved
rawdog_references.csv,36,original_local_path,Local evidence artifact not distributed; reference keys and printed scientific claims preserved
rawdog_references.csv,37,filename,Local evidence artifact not distributed; reference keys and printed scientific claims preserved
rawdog_references.csv,38,filename,Local evidence artifact not distributed; reference keys and printed scientific claims preserved
rawdog_references.csv,38,local_path,Local evidence artifact not distributed; reference keys and printed scientific claims preserved
rawdog_references.csv,38,original_local_path,Local evidence artifact not distributed; reference keys and printed scientific claims preserved
rawdog_references.csv,39,filename,Local evidence artifact not distributed; reference keys and printed scientific claims preserved
rawdog_references.csv,39,local_path,Local evidence artifact not distributed; reference keys and printed scientific claims preserved
rawdog_references.csv,39,original_local_path,Local evidence artifact not distributed; reference keys and printed scientific claims preserved
rawdog_references.csv,40,filename,Local evidence artifact not distributed; reference keys and printed scientific claims preserved
rawdog_references.csv,41,filename,Local evidence artifact not distributed; reference keys and printed scientific claims preserved
rawdog_references.csv,41,local_path,Local evidence artifact not distributed; reference keys and printed scientific claims preserved
rawdog_references.csv,41,original_local_path,Local evidence artifact not distributed; reference keys and printed scientific claims preserved
rawdog_references.csv,42,filename,Local evidence artifact not distributed; reference keys and printed scientific claims preserved
rawdog_references.csv,42,local_path,Local evidence artifact not distributed; reference keys and printed scientific claims preserved
rawdog_references.csv,42,original_local_path,Local evidence artifact not distributed; reference keys and printed scientific claims preserved
rawdog_references.csv,43,filename,Local evidence artifact not distributed; reference keys and printed scientific claims preserved
rawdog_references.csv,43,local_path,Local evidence artifact not distributed; reference keys and printed scientific claims preserved
rawdog_references.csv,43,original_local_path,Local evidence artifact not distributed; reference keys and printed scientific claims preserved
rawdog_references.csv,44,filename,Local evidence artifact not distributed; reference keys and printed scientific claims preserved
rawdog_references.csv,44,local_path,Local evidence artifact not distributed; reference keys and printed scientific claims preserved
rawdog_references.csv,44,original_local_path,Local evidence artifact not distributed; reference keys and printed scientific claims preserved
rawdog_references.csv,45,filename,Local evidence artifact not distributed; reference keys and printed scientific claims preserved
rawdog_references.csv,45,local_path,Local evidence artifact not distributed; reference keys and printed scientific claims preserved
rawdog_references.csv,45,original_local_path,Local evidence artifact not distributed; reference keys and printed scientific claims preserved
rawdog_references.csv,46,filename,Local evidence artifact not distributed; reference keys and printed scientific claims preserved
rawdog_references.csv,46,local_path,Local evidence artifact not distributed; reference keys and printed scientific claims preserved
rawdog_references.csv,46,original_local_path,Local evidence artifact not distributed; reference keys and printed scientific claims preserved
rawdog_references.csv,47,filename,Local evidence artifact not distributed; reference keys and printed scientific claims preserved
rawdog_references.csv,48,filename,Local evidence artifact not distributed; reference keys and printed scientific claims preserved
rawdog_references.csv,48,local_path,Local evidence artifact not distributed; reference keys and printed scientific claims preserved
rawdog_references.csv,48,original_local_path,Local evidence artifact not distributed; reference keys and printed scientific claims preserved
rawdog_references.csv,49,filename,Local evidence artifact not distributed; reference keys and printed scientific claims preserved
rawdog_references.csv,49,local_path,Local evidence artifact not distributed; reference keys and printed scientific claims preserved
rawdog_references.csv,49,original_local_path,Local evidence artifact not distributed; reference keys and printed scientific claims preserved
rawdog_references.csv,50,filename,Local evidence artifact not distributed; reference keys and printed scientific claims preserved
rawdog_references.csv,50,local_path,Local evidence artifact not distributed; reference keys and printed scientific claims preserved
rawdog_references.csv,50,original_local_path,Local evidence artifact not distributed; reference keys and printed scientific claims preserved
rawdog_references.csv,51,filename,Local evidence artifact not distributed; reference keys and printed scientific claims preserved
rawdog_references.csv,51,local_path,Local evidence artifact not distributed; reference keys and printed scientific claims preserved
rawdog_references.csv,51,original_local_path,Local evidence artifact not distributed; reference keys and printed scientific claims preserved
rawdog_references.csv,52,filename,Local evidence artifact not distributed; reference keys and printed scientific claims preserved
rawdog_references.csv,52,local_path,Local evidence artifact not distributed; reference keys and printed scientific claims preserved
rawdog_references.csv,52,original_local_path,Local evidence artifact not distributed; reference keys and printed scientific claims preserved
rawdog_references.csv,53,filename,Local evidence artifact not distributed; reference keys and printed scientific claims preserved
rawdog_references.csv,53,local_path,Local evidence artifact not distributed; reference keys and printed scientific claims preserved
rawdog_references.csv,53,original_local_path,Local evidence artifact not distributed; reference keys and printed scientific claims preserved
rawdog_references.csv,54,filename,Local evidence artifact not distributed; reference keys and printed scientific claims preserved
rawdog_references.csv,54,local_path,Local evidence artifact not distributed; reference keys and printed scientific claims preserved
rawdog_references.csv,54,original_local_path,Local evidence artifact not distributed; reference keys and printed scientific claims preserved
rawdog_references.csv,55,filename,Local evidence artifact not distributed; reference keys and printed scientific claims preserved
rawdog_references.csv,55,local_path,Local evidence artifact not distributed; reference keys and printed scientific claims preserved
rawdog_references.csv,55,original_local_path,Local evidence artifact not distributed; reference keys and printed scientific claims preserved
rawdog_references.csv,56,filename,Local evidence artifact not distributed; reference keys and printed scientific claims preserved
rawdog_references.csv,56,local_path,Local evidence artifact not distributed; reference keys and printed scientific claims preserved
rawdog_references.csv,56,original_local_path,Local evidence artifact not distributed; reference keys and printed scientific claims preserved
rawdog_references.csv,57,filename,Local evidence artifact not distributed; reference keys and printed scientific claims preserved
rawdog_references.csv,57,local_path,Local evidence artifact not distributed; reference keys and printed scientific claims preserved
rawdog_references.csv,57,original_local_path,Local evidence artifact not distributed; reference keys and printed scientific claims preserved
rawdog_references.csv,58,filename,Local evidence artifact not distributed; reference keys and printed scientific claims preserved
rawdog_references.csv,58,local_path,Local evidence artifact not distributed; reference keys and printed scientific claims preserved
rawdog_references.csv,58,original_local_path,Local evidence artifact not distributed; reference keys and printed scientific claims preserved
rawdog_references.csv,59,filename,Local evidence artifact not distributed; reference keys and printed scientific claims preserved
rawdog_references.csv,59,local_path,Local evidence artifact not distributed; reference keys and printed scientific claims preserved
rawdog_references.csv,59,original_local_path,Local evidence artifact not distributed; reference keys and printed scientific claims preserved
rawdog_references.csv,60,filename,Local evidence artifact not distributed; reference keys and printed scientific claims preserved
rawdog_references.csv,60,local_path,Local evidence artifact not distributed; reference keys and printed scientific claims preserved
rawdog_references.csv,60,original_local_path,Local evidence artifact not distributed; reference keys and printed scientific claims preserved
rawdog_references.csv,61,filename,Local evidence artifact not distributed; reference keys and printed scientific claims preserved
rawdog_references.csv,62,filename,Local evidence artifact not distributed; reference keys and printed scientific claims preserved
rawdog_references.csv,62,local_path,Local evidence artifact not distributed; reference keys and printed scientific claims preserved
rawdog_references.csv,62,note,Local evidence artifact not distributed; reference keys and printed scientific claims preserved
rawdog_references.csv,62,original_local_path,Local evidence artifact not distributed; reference keys and printed scientific claims preserved
rawdog_references.csv,63,filename,Local evidence artifact not distributed; reference keys and printed scientific claims preserved
rawdog_references.csv,63,local_path,Local evidence artifact not distributed; reference keys and printed scientific claims preserved
rawdog_references.csv,63,original_local_path,Local evidence artifact not distributed; reference keys and printed scientific claims preserved
rawdog_references.csv,64,filename,Local evidence artifact not distributed; reference keys and printed scientific claims preserved
rawdog_references.csv,64,local_path,Local evidence artifact not distributed; reference keys and printed scientific claims preserved
rawdog_references.csv,64,original_local_path,Local evidence artifact not distributed; reference keys and printed scientific claims preserved
rawdog_references.csv,65,filename,Local evidence artifact not distributed; reference keys and printed scientific claims preserved
rawdog_references.csv,65,local_path,Local evidence artifact not distributed; reference keys and printed scientific claims preserved
rawdog_references.csv,65,original_local_path,Local evidence artifact not distributed; reference keys and printed scientific claims preserved
rawdog_references.csv,66,filename,Local evidence artifact not distributed; reference keys and printed scientific claims preserved
rawdog_references.csv,66,local_path,Local evidence artifact not distributed; reference keys and printed scientific claims preserved
rawdog_references.csv,66,original_local_path,Local evidence artifact not distributed; reference keys and printed scientific claims preserved
rawdog_references.csv,67,filename,Local evidence artifact not distributed; reference keys and printed scientific claims preserved
rawdog_references.csv,67,local_path,Local evidence artifact not distributed; reference keys and printed scientific claims preserved
rawdog_references.csv,67,original_local_path,Local evidence artifact not distributed; reference keys and printed scientific claims preserved
rawdog_references.csv,68,filename,Local evidence artifact not distributed; reference keys and printed scientific claims preserved
rawdog_references.csv,68,local_path,Local evidence artifact not distributed; reference keys and printed scientific claims preserved
rawdog_references.csv,68,original_local_path,Local evidence artifact not distributed; reference keys and printed scientific claims preserved
rawdog_references.csv,69,filename,Local evidence artifact not distributed; reference keys and printed scientific claims preserved
rawdog_references.csv,69,local_path,Local evidence artifact not distributed; reference keys and printed scientific claims preserved
rawdog_references.csv,69,original_local_path,Local evidence artifact not distributed; reference keys and printed scientific claims preserved
rawdog_references.csv,70,filename,Local evidence artifact not distributed; reference keys and printed scientific claims preserved
rawdog_references.csv,71,filename,Local evidence artifact not distributed; reference keys and printed scientific claims preserved
rawdog_references.csv,71,local_path,Local evidence artifact not distributed; reference keys and printed scientific claims preserved
rawdog_references.csv,71,original_local_path,Local evidence artifact not distributed; reference keys and printed scientific claims preserved
rawdog_references.csv,72,filename,Local evidence artifact not distributed; reference keys and printed scientific claims preserved
rawdog_references.csv,73,filename,Local evidence artifact not distributed; reference keys and printed scientific claims preserved
rawdog_references.csv,73,local_path,Local evidence artifact not distributed; reference keys and printed scientific claims preserved
rawdog_references.csv,73,original_local_path,Local evidence artifact not distributed; reference keys and printed scientific claims preserved
rawdog_references.csv,74,filename,Local evidence artifact not distributed; reference keys and printed scientific claims preserved
rawdog_references.csv,75,filename,Local evidence artifact not distributed; reference keys and printed scientific claims preserved
rawdog_references.csv,76,filename,Local evidence artifact not distributed; reference keys and printed scientific claims preserved
rawdog_references.csv,76,local_path,Local evidence artifact not distributed; reference keys and printed scientific claims preserved
rawdog_references.csv,76,original_local_path,Local evidence artifact not distributed; reference keys and printed scientific claims preserved
rawdog_references.csv,77,filename,Local evidence artifact not distributed; reference keys and printed scientific claims preserved
rawdog_references.csv,78,filename,Local evidence artifact not distributed; reference keys and printed scientific claims preserved
rawdog_references.csv,78,local_path,Local evidence artifact not distributed; reference keys and printed scientific claims preserved
rawdog_references.csv,78,original_local_path,Local evidence artifact not distributed; reference keys and printed scientific claims preserved
rawdog_references.csv,79,filename,Local evidence artifact not distributed; reference keys and printed scientific claims preserved
rawdog_references.csv,79,local_path,Local evidence artifact not distributed; reference keys and printed scientific claims preserved
rawdog_references.csv,79,original_local_path,Local evidence artifact not distributed; reference keys and printed scientific claims preserved
rawdog_references.csv,80,filename,Local evidence artifact not distributed; reference keys and printed scientific claims preserved
rawdog_references.csv,80,local_path,Local evidence artifact not distributed; reference keys and printed scientific claims preserved
rawdog_references.csv,80,original_local_path,Local evidence artifact not distributed; reference keys and printed scientific claims preserved
rawdog_references.csv,81,filename,Local evidence artifact not distributed; reference keys and printed scientific claims preserved
rawdog_references.csv,81,local_path,Local evidence artifact not distributed; reference keys and printed scientific claims preserved
rawdog_references.csv,81,original_local_path,Local evidence artifact not distributed; reference keys and printed scientific claims preserved
rawdog_references.csv,82,filename,Local evidence artifact not distributed; reference keys and printed scientific claims preserved
rawdog_references.csv,82,local_path,Local evidence artifact not distributed; reference keys and printed scientific claims preserved
rawdog_references.csv,82,original_local_path,Local evidence artifact not distributed; reference keys and printed scientific claims preserved
rawdog_references.csv,83,filename,Local evidence artifact not distributed; reference keys and printed scientific claims preserved
rawdog_references.csv,83,local_path,Local evidence artifact not distributed; reference keys and printed scientific claims preserved
rawdog_references.csv,83,original_local_path,Local evidence artifact not distributed; reference keys and printed scientific claims preserved
rawdog_references.csv,84,filename,Local evidence artifact not distributed; reference keys and printed scientific claims preserved
rawdog_references.csv,85,filename,Local evidence artifact not distributed; reference keys and printed scientific claims preserved
rawdog_references.csv,85,local_path,Local evidence artifact not distributed; reference keys and printed scientific claims preserved
rawdog_references.csv,85,original_local_path,Local evidence artifact not distributed; reference keys and printed scientific claims preserved
rawdog_references.csv,86,filename,Local evidence artifact not distributed; reference keys and printed scientific claims preserved
rawdog_references.csv,87,filename,Local evidence artifact not distributed; reference keys and printed scientific claims preserved
rawdog_references.csv,87,local_path,Local evidence artifact not distributed; reference keys and printed scientific claims preserved
rawdog_references.csv,87,original_local_path,Local evidence artifact not distributed; reference keys and printed scientific claims preserved
rawdog_references.csv,88,filename,Local evidence artifact not distributed; reference keys and printed scientific claims preserved
rawdog_references.csv,88,local_path,Local evidence artifact not distributed; reference keys and printed scientific claims preserved
rawdog_references.csv,88,original_local_path,Local evidence artifact not distributed; reference keys and printed scientific claims preserved
rawdog_references.csv,89,filename,Local evidence artifact not distributed; reference keys and printed scientific claims preserved
rawdog_references.csv,89,local_path,Local evidence artifact not distributed; reference keys and printed scientific claims preserved
rawdog_references.csv,89,original_local_path,Local evidence artifact not distributed; reference keys and printed scientific claims preserved
rawdog_references.csv,90,filename,Local evidence artifact not distributed; reference keys and printed scientific claims preserved
rawdog_references.csv,90,local_path,Local evidence artifact not distributed; reference keys and printed scientific claims preserved
rawdog_references.csv,90,original_local_path,Local evidence artifact not distributed; reference keys and printed scientific claims preserved
rawdog_references.csv,91,filename,Local evidence artifact not distributed; reference keys and printed scientific claims preserved
rawdog_references.csv,91,local_path,Local evidence artifact not distributed; reference keys and printed scientific claims preserved
rawdog_references.csv,91,original_local_path,Local evidence artifact not distributed; reference keys and printed scientific claims preserved
rawdog_references.csv,92,filename,Local evidence artifact not distributed; reference keys and printed scientific claims preserved
rawdog_references.csv,92,local_path,Local evidence artifact not distributed; reference keys and printed scientific claims preserved
rawdog_references.csv,92,original_local_path,Local evidence artifact not distributed; reference keys and printed scientific claims preserved
rawdog_references.csv,93,filename,Local evidence artifact not distributed; reference keys and printed scientific claims preserved
rawdog_references.csv,93,local_path,Local evidence artifact not distributed; reference keys and printed scientific claims preserved
rawdog_references.csv,93,original_local_path,Local evidence artifact not distributed; reference keys and printed scientific claims preserved
rawdog_references.csv,94,filename,Local evidence artifact not distributed; reference keys and printed scientific claims preserved
rawdog_references.csv,94,local_path,Local evidence artifact not distributed; reference keys and printed scientific claims preserved
rawdog_references.csv,94,original_local_path,Local evidence artifact not distributed; reference keys and printed scientific claims preserved
rawdog_references.csv,95,filename,Local evidence artifact not distributed; reference keys and printed scientific claims preserved
rawdog_references.csv,95,local_path,Local evidence artifact not distributed; reference keys and printed scientific claims preserved
rawdog_references.csv,95,original_local_path,Local evidence artifact not distributed; reference keys and printed scientific claims preserved
rawdog_references.csv,96,filename,Local evidence artifact not distributed; reference keys and printed scientific claims preserved
rawdog_references.csv,96,local_path,Local evidence artifact not distributed; reference keys and printed scientific claims preserved
rawdog_references.csv,96,original_local_path,Local evidence artifact not distributed; reference keys and printed scientific claims preserved
rawdog_references.csv,97,filename,Local evidence artifact not distributed; reference keys and printed scientific claims preserved
rawdog_references.csv,97,local_path,Local evidence artifact not distributed; reference keys and printed scientific claims preserved
rawdog_references.csv,97,original_local_path,Local evidence artifact not distributed; reference keys and printed scientific claims preserved
rawdog_references.csv,98,filename,Local evidence artifact not distributed; reference keys and printed scientific claims preserved
rawdog_references.csv,98,local_path,Local evidence artifact not distributed; reference keys and printed scientific claims preserved
rawdog_references.csv,98,original_local_path,Local evidence artifact not distributed; reference keys and printed scientific claims preserved
rawdog_references.csv,99,filename,Local evidence artifact not distributed; reference keys and printed scientific claims preserved
rawdog_references.csv,99,local_path,Local evidence artifact not distributed; reference keys and printed scientific claims preserved
rawdog_references.csv,99,original_local_path,Local evidence artifact not distributed; reference keys and printed scientific claims preserved
rawdog_references.csv,100,filename,Local evidence artifact not distributed; reference keys and printed scientific claims preserved
rawdog_references.csv,100,local_path,Local evidence artifact not distributed; reference keys and printed scientific claims preserved
rawdog_references.csv,100,original_local_path,Local evidence artifact not distributed; reference keys and printed scientific claims preserved
rawdog_references.csv,101,filename,Local evidence artifact not distributed; reference keys and printed scientific claims preserved
rawdog_references.csv,101,local_path,Local evidence artifact not distributed; reference keys and printed scientific claims preserved
rawdog_references.csv,101,original_local_path,Local evidence artifact not distributed; reference keys and printed scientific claims preserved
rawdog_references.csv,102,filename,Local evidence artifact not distributed; reference keys and printed scientific claims preserved
rawdog_references.csv,102,local_path,Local evidence artifact not distributed; reference keys and printed scientific claims preserved
rawdog_references.csv,102,original_local_path,Local evidence artifact not distributed; reference keys and printed scientific claims preserved
rawdog_references.csv,103,filename,Local evidence artifact not distributed; reference keys and printed scientific claims preserved
rawdog_references.csv,104,filename,Local evidence artifact not distributed; reference keys and printed scientific claims preserved
rawdog_references.csv,104,local_path,Local evidence artifact not distributed; reference keys and printed scientific claims preserved
rawdog_references.csv,104,original_local_path,Local evidence artifact not distributed; reference keys and printed scientific claims preserved
rawdog_references.csv,105,filename,Local evidence artifact not distributed; reference keys and printed scientific claims preserved
rawdog_references.csv,105,local_path,Local evidence artifact not distributed; reference keys and printed scientific claims preserved
rawdog_references.csv,105,original_local_path,Local evidence artifact not distributed; reference keys and printed scientific claims preserved
rawdog_references.csv,106,filename,Local evidence artifact not distributed; reference keys and printed scientific claims preserved
rawdog_references.csv,106,local_path,Local evidence artifact not distributed; reference keys and printed scientific claims preserved
rawdog_references.csv,106,note,Local evidence artifact not distributed; reference keys and printed scientific claims preserved
rawdog_references.csv,106,original_local_path,Local evidence artifact not distributed; reference keys and printed scientific claims preserved
rawdog_references.csv,107,filename,Local evidence artifact not distributed; reference keys and printed scientific claims preserved
rawdog_references.csv,107,note,Local evidence artifact not distributed; reference keys and printed scientific claims preserved
rawdog_references.csv,108,filename,Local evidence artifact not distributed; reference keys and printed scientific claims preserved
rawdog_references.csv,108,local_path,Local evidence artifact not distributed; reference keys and printed scientific claims preserved
rawdog_references.csv,108,original_local_path,Local evidence artifact not distributed; reference keys and printed scientific claims preserved
rawdog_references.csv,109,filename,Local evidence artifact not distributed; reference keys and printed scientific claims preserved
rawdog_references.csv,109,note,Local evidence artifact not distributed; reference keys and printed scientific claims preserved
rawdog_references.csv,110,filename,Local evidence artifact not distributed; reference keys and printed scientific claims preserved
rawdog_references.csv,110,local_path,Local evidence artifact not distributed; reference keys and printed scientific claims preserved
rawdog_references.csv,110,original_local_path,Local evidence artifact not distributed; reference keys and printed scientific claims preserved
rawdog_references.csv,111,filename,Local evidence artifact not distributed; reference keys and printed scientific claims preserved
rawdog_references.csv,111,local_path,Local evidence artifact not distributed; reference keys and printed scientific claims preserved
rawdog_references.csv,111,original_local_path,Local evidence artifact not distributed; reference keys and printed scientific claims preserved
rawdog_references.csv,112,filename,Local evidence artifact not distributed; reference keys and printed scientific claims preserved
rawdog_references.csv,112,local_path,Local evidence artifact not distributed; reference keys and printed scientific claims preserved
rawdog_references.csv,112,original_local_path,Local evidence artifact not distributed; reference keys and printed scientific claims preserved
rawdog_references.csv,113,filename,Local evidence artifact not distributed; reference keys and printed scientific claims preserved
rawdog_references.csv,113,local_path,Local evidence artifact not distributed; reference keys and printed scientific claims preserved
rawdog_references.csv,113,original_local_path,Local evidence artifact not distributed; reference keys and printed scientific claims preserved
rawdog_references.csv,114,filename,Local evidence artifact not distributed; reference keys and printed scientific claims preserved
rawdog_references.csv,114,local_path,Local evidence artifact not distributed; reference keys and printed scientific claims preserved
rawdog_references.csv,114,original_local_path,Local evidence artifact not distributed; reference keys and printed scientific claims preserved
rawdog_references.csv,115,filename,Local evidence artifact not distributed; reference keys and printed scientific claims preserved
rawdog_references.csv,116,filename,Local evidence artifact not distributed; reference keys and printed scientific claims preserved
rawdog_references.csv,116,local_path,Local evidence artifact not distributed; reference keys and printed scientific claims preserved
rawdog_references.csv,116,original_local_path,Local evidence artifact not distributed; reference keys and printed scientific claims preserved
rawdog_references.csv,117,filename,Local evidence artifact not distributed; reference keys and printed scientific claims preserved
rawdog_references.csv,117,local_path,Local evidence artifact not distributed; reference keys and printed scientific claims preserved
rawdog_references.csv,117,original_local_path,Local evidence artifact not distributed; reference keys and printed scientific claims preserved
rawdog_references.csv,118,filename,Local evidence artifact not distributed; reference keys and printed scientific claims preserved
rawdog_references.csv,119,filename,Local evidence artifact not distributed; reference keys and printed scientific claims preserved
rawdog_references.csv,119,local_path,Local evidence artifact not distributed; reference keys and printed scientific claims preserved
rawdog_references.csv,119,original_local_path,Local evidence artifact not distributed; reference keys and printed scientific claims preserved
rawdog_references.csv,120,filename,Local evidence artifact not distributed; reference keys and printed scientific claims preserved
rawdog_references.csv,120,local_path,Local evidence artifact not distributed; reference keys and printed scientific claims preserved
rawdog_references.csv,120,original_local_path,Local evidence artifact not distributed; reference keys and printed scientific claims preserved
rawdog_references.csv,121,filename,Local evidence artifact not distributed; reference keys and printed scientific claims preserved
rawdog_references.csv,121,local_path,Local evidence artifact not distributed; reference keys and printed scientific claims preserved
rawdog_references.csv,121,original_local_path,Local evidence artifact not distributed; reference keys and printed scientific claims preserved
rawdog_references.csv,122,filename,Local evidence artifact not distributed; reference keys and printed scientific claims preserved
rawdog_references.csv,122,local_path,Local evidence artifact not distributed; reference keys and printed scientific claims preserved
rawdog_references.csv,122,original_local_path,Local evidence artifact not distributed; reference keys and printed scientific claims preserved
rawdog_references.csv,123,filename,Local evidence artifact not distributed; reference keys and printed scientific claims preserved
rawdog_references.csv,123,local_path,Local evidence artifact not distributed; reference keys and printed scientific claims preserved
rawdog_references.csv,123,original_local_path,Local evidence artifact not distributed; reference keys and printed scientific claims preserved
rawdog_references.csv,124,filename,Local evidence artifact not distributed; reference keys and printed scientific claims preserved
rawdog_references.csv,124,local_path,Local evidence artifact not distributed; reference keys and printed scientific claims preserved
rawdog_references.csv,124,original_local_path,Local evidence artifact not distributed; reference keys and printed scientific claims preserved
rawdog_references.csv,125,filename,Local evidence artifact not distributed; reference keys and printed scientific claims preserved
rawdog_references.csv,125,local_path,Local evidence artifact not distributed; reference keys and printed scientific claims preserved
rawdog_references.csv,125,original_local_path,Local evidence artifact not distributed; reference keys and printed scientific claims preserved
rawdog_references.csv,126,filename,Local evidence artifact not distributed; reference keys and printed scientific claims preserved
rawdog_references.csv,126,local_path,Local evidence artifact not distributed; reference keys and printed scientific claims preserved
rawdog_references.csv,126,original_local_path,Local evidence artifact not distributed; reference keys and printed scientific claims preserved
rawdog_references.csv,127,filename,Local evidence artifact not distributed; reference keys and printed scientific claims preserved
rawdog_references.csv,127,local_path,Local evidence artifact not distributed; reference keys and printed scientific claims preserved
rawdog_references.csv,127,original_local_path,Local evidence artifact not distributed; reference keys and printed scientific claims preserved
rawdog_references.csv,128,filename,Local evidence artifact not distributed; reference keys and printed scientific claims preserved
rawdog_references.csv,128,local_path,Local evidence artifact not distributed; reference keys and printed scientific claims preserved
rawdog_references.csv,128,original_local_path,Local evidence artifact not distributed; reference keys and printed scientific claims preserved
rawdog_references.csv,129,filename,Local evidence artifact not distributed; reference keys and printed scientific claims preserved
rawdog_references.csv,130,filename,Local evidence artifact not distributed; reference keys and printed scientific claims preserved
rawdog_references.csv,130,local_path,Local evidence artifact not distributed; reference keys and printed scientific claims preserved
rawdog_references.csv,130,original_local_path,Local evidence artifact not distributed; reference keys and printed scientific claims preserved
rawdog_references.csv,131,filename,Local evidence artifact not distributed; reference keys and printed scientific claims preserved
rawdog_references.csv,131,local_path,Local evidence artifact not distributed; reference keys and printed scientific claims preserved
rawdog_references.csv,131,original_local_path,Local evidence artifact not distributed; reference keys and printed scientific claims preserved
rawdog_references.csv,132,filename,Local evidence artifact not distributed; reference keys and printed scientific claims preserved
rawdog_references.csv,132,local_path,Local evidence artifact not distributed; reference keys and printed scientific claims preserved
rawdog_references.csv,132,original_local_path,Local evidence artifact not distributed; reference keys and printed scientific claims preserved
rawdog_references.csv,133,filename,Local evidence artifact not distributed; reference keys and printed scientific claims preserved
rawdog_references.csv,133,local_path,Local evidence artifact not distributed; reference keys and printed scientific claims preserved
rawdog_references.csv,133,original_local_path,Local evidence artifact not distributed; reference keys and printed scientific claims preserved
rawdog_references.csv,134,filename,Local evidence artifact not distributed; reference keys and printed scientific claims preserved
rawdog_references.csv,134,local_path,Local evidence artifact not distributed; reference keys and printed scientific claims preserved
rawdog_references.csv,134,original_local_path,Local evidence artifact not distributed; reference keys and printed scientific claims preserved
rawdog_references.csv,135,filename,Local evidence artifact not distributed; reference keys and printed scientific claims preserved
rawdog_references.csv,135,local_path,Local evidence artifact not distributed; reference keys and printed scientific claims preserved
rawdog_references.csv,135,original_local_path,Local evidence artifact not distributed; reference keys and printed scientific claims preserved
rawdog_references.csv,136,filename,Local evidence artifact not distributed; reference keys and printed scientific claims preserved
rawdog_references.csv,136,local_path,Local evidence artifact not distributed; reference keys and printed scientific claims preserved
rawdog_references.csv,136,original_local_path,Local evidence artifact not distributed; reference keys and printed scientific claims preserved
rawdog_references.csv,137,filename,Local evidence artifact not distributed; reference keys and printed scientific claims preserved
rawdog_references.csv,138,filename,Local evidence artifact not distributed; reference keys and printed scientific claims preserved
rawdog_references.csv,138,local_path,Local evidence artifact not distributed; reference keys and printed scientific claims preserved
rawdog_references.csv,138,original_local_path,Local evidence artifact not distributed; reference keys and printed scientific claims preserved
rawdog_references.csv,139,filename,Local evidence artifact not distributed; reference keys and printed scientific claims preserved
rawdog_references.csv,139,local_path,Local evidence artifact not distributed; reference keys and printed scientific claims preserved
rawdog_references.csv,139,original_local_path,Local evidence artifact not distributed; reference keys and printed scientific claims preserved
rawdog_references.csv,140,filename,Local evidence artifact not distributed; reference keys and printed scientific claims preserved
rawdog_references.csv,140,local_path,Local evidence artifact not distributed; reference keys and printed scientific claims preserved
rawdog_references.csv,140,original_local_path,Local evidence artifact not distributed; reference keys and printed scientific claims preserved
rawdog_references.csv,141,filename,Local evidence artifact not distributed; reference keys and printed scientific claims preserved
rawdog_references.csv,142,filename,Local evidence artifact not distributed; reference keys and printed scientific claims preserved
rawdog_references.csv,142,local_path,Local evidence artifact not distributed; reference keys and printed scientific claims preserved
rawdog_references.csv,142,original_local_path,Local evidence artifact not distributed; reference keys and printed scientific claims preserved
rawdog_references.csv,143,filename,Local evidence artifact not distributed; reference keys and printed scientific claims preserved
rawdog_references.csv,144,filename,Local evidence artifact not distributed; reference keys and printed scientific claims preserved
rawdog_references.csv,144,local_path,Local evidence artifact not distributed; reference keys and printed scientific claims preserved
rawdog_references.csv,144,original_local_path,Local evidence artifact not distributed; reference keys and printed scientific claims preserved
rawdog_references.csv,145,filename,Local evidence artifact not distributed; reference keys and printed scientific claims preserved
rawdog_references.csv,145,local_path,Local evidence artifact not distributed; reference keys and printed scientific claims preserved
rawdog_references.csv,145,original_local_path,Local evidence artifact not distributed; reference keys and printed scientific claims preserved
rawdog_references.csv,146,filename,Local evidence artifact not distributed; reference keys and printed scientific claims preserved
rawdog_references.csv,146,local_path,Local evidence artifact not distributed; reference keys and printed scientific claims preserved
rawdog_references.csv,146,original_local_path,Local evidence artifact not distributed; reference keys and printed scientific claims preserved
rawdog_references.csv,147,filename,Local evidence artifact not distributed; reference keys and printed scientific claims preserved
rawdog_references.csv,147,local_path,Local evidence artifact not distributed; reference keys and printed scientific claims preserved
rawdog_references.csv,147,original_local_path,Local evidence artifact not distributed; reference keys and printed scientific claims preserved
rawdog_references.csv,148,filename,Local evidence artifact not distributed; reference keys and printed scientific claims preserved
rawdog_references.csv,149,filename,Local evidence artifact not distributed; reference keys and printed scientific claims preserved
rawdog_references.csv,149,local_path,Local evidence artifact not distributed; reference keys and printed scientific claims preserved
rawdog_references.csv,149,original_local_path,Local evidence artifact not distributed; reference keys and printed scientific claims preserved
rawdog_references.csv,150,filename,Local evidence artifact not distributed; reference keys and printed scientific claims preserved
rawdog_references.csv,150,local_path,Local evidence artifact not distributed; reference keys and printed scientific claims preserved
rawdog_references.csv,150,original_local_path,Local evidence artifact not distributed; reference keys and printed scientific claims preserved
rawdog_references.csv,151,filename,Local evidence artifact not distributed; reference keys and printed scientific claims preserved
rawdog_references.csv,152,filename,Local evidence artifact not distributed; reference keys and printed scientific claims preserved
rawdog_references.csv,152,local_path,Local evidence artifact not distributed; reference keys and printed scientific claims preserved
rawdog_references.csv,152,original_local_path,Local evidence artifact not distributed; reference keys and printed scientific claims preserved
rawdog_references.csv,153,filename,Local evidence artifact not distributed; reference keys and printed scientific claims preserved
rawdog_references.csv,154,filename,Local evidence artifact not distributed; reference keys and printed scientific claims preserved
rawdog_references.csv,154,local_path,Local evidence artifact not distributed; reference keys and printed scientific claims preserved
rawdog_references.csv,154,note,Local evidence artifact not distributed; reference keys and printed scientific claims preserved
rawdog_references.csv,154,original_local_path,Local evidence artifact not distributed; reference keys and printed scientific claims preserved
rawdog_references.csv,155,filename,Local evidence artifact not distributed; reference keys and printed scientific claims preserved
rawdog_references.csv,155,local_path,Local evidence artifact not distributed; reference keys and printed scientific claims preserved
rawdog_references.csv,155,original_local_path,Local evidence artifact not distributed; reference keys and printed scientific claims preserved
rawdog_references.csv,156,filename,Local evidence artifact not distributed; reference keys and printed scientific claims preserved
rawdog_references.csv,156,local_path,Local evidence artifact not distributed; reference keys and printed scientific claims preserved
rawdog_references.csv,156,original_local_path,Local evidence artifact not distributed; reference keys and printed scientific claims preserved
rawdog_references.csv,157,filename,Local evidence artifact not distributed; reference keys and printed scientific claims preserved
rawdog_references.csv,157,local_path,Local evidence artifact not distributed; reference keys and printed scientific claims preserved
rawdog_references.csv,157,original_local_path,Local evidence artifact not distributed; reference keys and printed scientific claims preserved
rawdog_references.csv,158,filename,Local evidence artifact not distributed; reference keys and printed scientific claims preserved
rawdog_references.csv,158,local_path,Local evidence artifact not distributed; reference keys and printed scientific claims preserved
rawdog_references.csv,158,original_local_path,Local evidence artifact not distributed; reference keys and printed scientific claims preserved
rawdog_references.csv,159,filename,Local evidence artifact not distributed; reference keys and printed scientific claims preserved
rawdog_references.csv,160,filename,Local evidence artifact not distributed; reference keys and printed scientific claims preserved
rawdog_references.csv,160,local_path,Local evidence artifact not distributed; reference keys and printed scientific claims preserved
rawdog_references.csv,160,original_local_path,Local evidence artifact not distributed; reference keys and printed scientific claims preserved
rawdog_references.csv,161,filename,Local evidence artifact not distributed; reference keys and printed scientific claims preserved
rawdog_references.csv,161,local_path,Local evidence artifact not distributed; reference keys and printed scientific claims preserved
rawdog_references.csv,161,original_local_path,Local evidence artifact not distributed; reference keys and printed scientific claims preserved
rawdog_references.csv,162,filename,Local evidence artifact not distributed; reference keys and printed scientific claims preserved
rawdog_references.csv,163,filename,Local evidence artifact not distributed; reference keys and printed scientific claims preserved
rawdog_references.csv,163,local_path,Local evidence artifact not distributed; reference keys and printed scientific claims preserved
rawdog_references.csv,163,original_local_path,Local evidence artifact not distributed; reference keys and printed scientific claims preserved
rawdog_references.csv,164,filename,Local evidence artifact not distributed; reference keys and printed scientific claims preserved
rawdog_references.csv,164,local_path,Local evidence artifact not distributed; reference keys and printed scientific claims preserved
rawdog_references.csv,164,original_local_path,Local evidence artifact not distributed; reference keys and printed scientific claims preserved
rawdog_references.csv,165,filename,Local evidence artifact not distributed; reference keys and printed scientific claims preserved
rawdog_references.csv,165,local_path,Local evidence artifact not distributed; reference keys and printed scientific claims preserved
rawdog_references.csv,165,original_local_path,Local evidence artifact not distributed; reference keys and printed scientific claims preserved
rawdog_references.csv,167,filename,Local evidence artifact not distributed; reference keys and printed scientific claims preserved
rawdog_references.csv,167,local_path,Local evidence artifact not distributed; reference keys and printed scientific claims preserved
rawdog_references.csv,167,original_local_path,Local evidence artifact not distributed; reference keys and printed scientific claims preserved
rawdog_references.csv,168,filename,Local evidence artifact not distributed; reference keys and printed scientific claims preserved
rawdog_references.csv,168,local_path,Local evidence artifact not distributed; reference keys and printed scientific claims preserved
rawdog_references.csv,168,original_local_path,Local evidence artifact not distributed; reference keys and printed scientific claims preserved
rawdog_references.csv,169,filename,Local evidence artifact not distributed; reference keys and printed scientific claims preserved
rawdog_references.csv,170,filename,Local evidence artifact not distributed; reference keys and printed scientific claims preserved
rawdog_references.csv,170,local_path,Local evidence artifact not distributed; reference keys and printed scientific claims preserved
rawdog_references.csv,170,original_local_path,Local evidence artifact not distributed; reference keys and printed scientific claims preserved
rawdog_references.csv,171,filename,Local evidence artifact not distributed; reference keys and printed scientific claims preserved
rawdog_references.csv,171,local_path,Local evidence artifact not distributed; reference keys and printed scientific claims preserved
rawdog_references.csv,171,original_local_path,Local evidence artifact not distributed; reference keys and printed scientific claims preserved
rawdog_references.csv,172,filename,Local evidence artifact not distributed; reference keys and printed scientific claims preserved
rawdog_references.csv,172,local_path,Local evidence artifact not distributed; reference keys and printed scientific claims preserved
rawdog_references.csv,172,original_local_path,Local evidence artifact not distributed; reference keys and printed scientific claims preserved
rawdog_references.csv,173,filename,Local evidence artifact not distributed; reference keys and printed scientific claims preserved
rawdog_references.csv,173,local_path,Local evidence artifact not distributed; reference keys and printed scientific claims preserved
rawdog_references.csv,173,note,Local evidence artifact not distributed; reference keys and printed scientific claims preserved
rawdog_references.csv,173,original_local_path,Local evidence artifact not distributed; reference keys and printed scientific claims preserved
rawdog_references.csv,174,filename,Local evidence artifact not distributed; reference keys and printed scientific claims preserved
rawdog_references.csv,174,local_path,Local evidence artifact not distributed; reference keys and printed scientific claims preserved
rawdog_references.csv,174,original_local_path,Local evidence artifact not distributed; reference keys and printed scientific claims preserved
rawdog_references.csv,175,filename,Local evidence artifact not distributed; reference keys and printed scientific claims preserved
rawdog_references.csv,176,filename,Local evidence artifact not distributed; reference keys and printed scientific claims preserved
rawdog_references.csv,176,local_path,Local evidence artifact not distributed; reference keys and printed scientific claims preserved
rawdog_references.csv,176,original_local_path,Local evidence artifact not distributed; reference keys and printed scientific claims preserved
rawdog_references.csv,177,filename,Local evidence artifact not distributed; reference keys and printed scientific claims preserved
rawdog_references.csv,177,local_path,Local evidence artifact not distributed; reference keys and printed scientific claims preserved
rawdog_references.csv,177,original_local_path,Local evidence artifact not distributed; reference keys and printed scientific claims preserved
rawdog_references.csv,178,filename,Local evidence artifact not distributed; reference keys and printed scientific claims preserved
rawdog_references.csv,178,local_path,Local evidence artifact not distributed; reference keys and printed scientific claims preserved
rawdog_references.csv,178,original_local_path,Local evidence artifact not distributed; reference keys and printed scientific claims preserved
rawdog_references.csv,179,filename,Local evidence artifact not distributed; reference keys and printed scientific claims preserved
rawdog_references.csv,179,local_path,Local evidence artifact not distributed; reference keys and printed scientific claims preserved
rawdog_references.csv,179,original_local_path,Local evidence artifact not distributed; reference keys and printed scientific claims preserved
rawdog_references.csv,180,filename,Local evidence artifact not distributed; reference keys and printed scientific claims preserved
rawdog_references.csv,181,filename,Local evidence artifact not distributed; reference keys and printed scientific claims preserved
rawdog_references.csv,181,local_path,Local evidence artifact not distributed; reference keys and printed scientific claims preserved
rawdog_references.csv,181,original_local_path,Local evidence artifact not distributed; reference keys and printed scientific claims preserved
rawdog_references.csv,182,filename,Local evidence artifact not distributed; reference keys and printed scientific claims preserved
rawdog_references.csv,182,local_path,Local evidence artifact not distributed; reference keys and printed scientific claims preserved
rawdog_references.csv,182,original_local_path,Local evidence artifact not distributed; reference keys and printed scientific claims preserved
rawdog_references.csv,183,filename,Local evidence artifact not distributed; reference keys and printed scientific claims preserved
rawdog_references.csv,184,filename,Local evidence artifact not distributed; reference keys and printed scientific claims preserved
rawdog_references.csv,184,local_path,Local evidence artifact not distributed; reference keys and printed scientific claims preserved
rawdog_references.csv,184,original_local_path,Local evidence artifact not distributed; reference keys and printed scientific claims preserved
rawdog_references.csv,185,filename,Local evidence artifact not distributed; reference keys and printed scientific claims preserved
rawdog_references.csv,185,local_path,Local evidence artifact not distributed; reference keys and printed scientific claims preserved
rawdog_references.csv,185,original_local_path,Local evidence artifact not distributed; reference keys and printed scientific claims preserved
rawdog_references.csv,186,filename,Local evidence artifact not distributed; reference keys and printed scientific claims preserved
rawdog_references.csv,186,local_path,Local evidence artifact not distributed; reference keys and printed scientific claims preserved
rawdog_references.csv,186,original_local_path,Local evidence artifact not distributed; reference keys and printed scientific claims preserved
rawdog_references.csv,187,filename,Local evidence artifact not distributed; reference keys and printed scientific claims preserved
rawdog_references.csv,187,local_path,Local evidence artifact not distributed; reference keys and printed scientific claims preserved
rawdog_references.csv,187,original_local_path,Local evidence artifact not distributed; reference keys and printed scientific claims preserved
rawdog_references.csv,188,filename,Local evidence artifact not distributed; reference keys and printed scientific claims preserved
rawdog_references.csv,188,local_path,Local evidence artifact not distributed; reference keys and printed scientific claims preserved
rawdog_references.csv,188,original_local_path,Local evidence artifact not distributed; reference keys and printed scientific claims preserved
rawdog_references.csv,189,filename,Local evidence artifact not distributed; reference keys and printed scientific claims preserved
rawdog_references.csv,189,local_path,Local evidence artifact not distributed; reference keys and printed scientific claims preserved
rawdog_references.csv,189,original_local_path,Local evidence artifact not distributed; reference keys and printed scientific claims preserved
rawdog_references.csv,190,filename,Local evidence artifact not distributed; reference keys and printed scientific claims preserved
rawdog_references.csv,191,filename,Local evidence artifact not distributed; reference keys and printed scientific claims preserved
rawdog_references.csv,191,local_path,Local evidence artifact not distributed; reference keys and printed scientific claims preserved
rawdog_references.csv,191,original_local_path,Local evidence artifact not distributed; reference keys and printed scientific claims preserved
rawdog_references.csv,192,filename,Local evidence artifact not distributed; reference keys and printed scientific claims preserved
rawdog_references.csv,192,local_path,Local evidence artifact not distributed; reference keys and printed scientific claims preserved
rawdog_references.csv,192,original_local_path,Local evidence artifact not distributed; reference keys and printed scientific claims preserved
rawdog_references.csv,193,filename,Local evidence artifact not distributed; reference keys and printed scientific claims preserved
rawdog_references.csv,193,local_path,Local evidence artifact not distributed; reference keys and printed scientific claims preserved
rawdog_references.csv,193,original_local_path,Local evidence artifact not distributed; reference keys and printed scientific claims preserved
rawdog_references.csv,194,filename,Local evidence artifact not distributed; reference keys and printed scientific claims preserved
rawdog_references.csv,194,local_path,Local evidence artifact not distributed; reference keys and printed scientific claims preserved
rawdog_references.csv,194,original_local_path,Local evidence artifact not distributed; reference keys and printed scientific claims preserved
rawdog_references.csv,195,filename,Local evidence artifact not distributed; reference keys and printed scientific claims preserved
rawdog_references.csv,195,local_path,Local evidence artifact not distributed; reference keys and printed scientific claims preserved
rawdog_references.csv,195,original_local_path,Local evidence artifact not distributed; reference keys and printed scientific claims preserved
rawdog_references.csv,196,filename,Local evidence artifact not distributed; reference keys and printed scientific claims preserved
rawdog_references.csv,196,local_path,Local evidence artifact not distributed; reference keys and printed scientific claims preserved
rawdog_references.csv,196,original_local_path,Local evidence artifact not distributed; reference keys and printed scientific claims preserved
rawdog_references.csv,197,filename,Local evidence artifact not distributed; reference keys and printed scientific claims preserved
rawdog_references.csv,197,local_path,Local evidence artifact not distributed; reference keys and printed scientific claims preserved
rawdog_references.csv,197,original_local_path,Local evidence artifact not distributed; reference keys and printed scientific claims preserved
rawdog_references.csv,198,filename,Local evidence artifact not distributed; reference keys and printed scientific claims preserved
rawdog_references.csv,198,local_path,Local evidence artifact not distributed; reference keys and printed scientific claims preserved
rawdog_references.csv,198,original_local_path,Local evidence artifact not distributed; reference keys and printed scientific claims preserved
rawdog_references.csv,199,filename,Local evidence artifact not distributed; reference keys and printed scientific claims preserved
rawdog_references.csv,199,original_local_path,Local evidence artifact not distributed; reference keys and printed scientific claims preserved
rawdog_references.csv,200,filename,Local evidence artifact not distributed; reference keys and printed scientific claims preserved
rawdog_references.csv,200,local_path,Local evidence artifact not distributed; reference keys and printed scientific claims preserved
rawdog_references.csv,200,original_local_path,Local evidence artifact not distributed; reference keys and printed scientific claims preserved
rawdog_references.csv,201,filename,Local evidence artifact not distributed; reference keys and printed scientific claims preserved
rawdog_references.csv,201,local_path,Local evidence artifact not distributed; reference keys and printed scientific claims preserved
rawdog_references.csv,201,original_local_path,Local evidence artifact not distributed; reference keys and printed scientific claims preserved
rawdog_references.csv,202,filename,Local evidence artifact not distributed; reference keys and printed scientific claims preserved
rawdog_references.csv,202,local_path,Local evidence artifact not distributed; reference keys and printed scientific claims preserved
rawdog_references.csv,202,original_local_path,Local evidence artifact not distributed; reference keys and printed scientific claims preserved
rawdog_references.csv,203,filename,Local evidence artifact not distributed; reference keys and printed scientific claims preserved
rawdog_references.csv,203,local_path,Local evidence artifact not distributed; reference keys and printed scientific claims preserved
rawdog_references.csv,203,note,Local evidence artifact not distributed; reference keys and printed scientific claims preserved
rawdog_references.csv,203,original_local_path,Local evidence artifact not distributed; reference keys and printed scientific claims preserved
rawdog_references.csv,204,filename,Local evidence artifact not distributed; reference keys and printed scientific claims preserved
rawdog_references.csv,205,filename,Local evidence artifact not distributed; reference keys and printed scientific claims preserved
rawdog_references.csv,205,local_path,Local evidence artifact not distributed; reference keys and printed scientific claims preserved
rawdog_references.csv,205,original_local_path,Local evidence artifact not distributed; reference keys and printed scientific claims preserved
rawdog_references.csv,209,local_path,Local evidence artifact not distributed; reference keys and printed scientific claims preserved
rawdog_references.csv,209,note,Local evidence artifact not distributed; reference keys and printed scientific claims preserved
rawdog_references.csv,209,original_local_path,Local evidence artifact not distributed; reference keys and printed scientific claims preserved
rawdog_references.csv,212,filename,Local evidence artifact not distributed; reference keys and printed scientific claims preserved
rawdog_references.csv,212,local_path,Local evidence artifact not distributed; reference keys and printed scientific claims preserved
rawdog_references.csv,212,original_local_path,Local evidence artifact not distributed; reference keys and printed scientific claims preserved
rawdog_references.csv,214,filename,Local evidence artifact not distributed; reference keys and printed scientific claims preserved
rawdog_references.csv,214,local_path,Local evidence artifact not distributed; reference keys and printed scientific claims preserved
rawdog_references.csv,214,original_local_path,Local evidence artifact not distributed; reference keys and printed scientific claims preserved
rawdog_references.csv,231,filename,Local evidence artifact not distributed; reference keys and printed scientific claims preserved
rawdog_references.csv,231,local_path,Local evidence artifact not distributed; reference keys and printed scientific claims preserved
rawdog_references.csv,231,original_local_path,Local evidence artifact not distributed; reference keys and printed scientific claims preserved
rawdog_references.csv,232,filename,Local evidence artifact not distributed; reference keys and printed scientific claims preserved
rawdog_references.csv,232,local_path,Local evidence artifact not distributed; reference keys and printed scientific claims preserved
rawdog_references.csv,232,original_local_path,Local evidence artifact not distributed; reference keys and printed scientific claims preserved
rawdog_references.csv,233,filename,Local evidence artifact not distributed; reference keys and printed scientific claims preserved
rawdog_references.csv,233,local_path,Local evidence artifact not distributed; reference keys and printed scientific claims preserved
rawdog_references.csv,233,original_local_path,Local evidence artifact not distributed; reference keys and printed scientific claims preserved
rawdog_references.csv,234,filename,Local evidence artifact not distributed; reference keys and printed scientific claims preserved
rawdog_references.csv,234,local_path,Local evidence artifact not distributed; reference keys and printed scientific claims preserved
rawdog_references.csv,234,original_local_path,Local evidence artifact not distributed; reference keys and printed scientific claims preserved
rawdog_references.csv,235,filename,Local evidence artifact not distributed; reference keys and printed scientific claims preserved
rawdog_references.csv,235,local_path,Local evidence artifact not distributed; reference keys and printed scientific claims preserved
rawdog_references.csv,235,original_local_path,Local evidence artifact not distributed; reference keys and printed scientific claims preserved
rawdog_references.csv,236,filename,Local evidence artifact not distributed; reference keys and printed scientific claims preserved
rawdog_references.csv,236,local_path,Local evidence artifact not distributed; reference keys and printed scientific claims preserved
rawdog_references.csv,236,original_local_path,Local evidence artifact not distributed; reference keys and printed scientific claims preserved
rawdog_references.csv,240,filename,Local evidence artifact not distributed; reference keys and printed scientific claims preserved
rawdog_references.csv,240,local_path,Local evidence artifact not distributed; reference keys and printed scientific claims preserved
rawdog_references.csv,240,original_local_path,Local evidence artifact not distributed; reference keys and printed scientific claims preserved
rawdog_references.csv,242,filename,Local evidence artifact not distributed; reference keys and printed scientific claims preserved
rawdog_references.csv,242,local_path,Local evidence artifact not distributed; reference keys and printed scientific claims preserved
rawdog_references.csv,242,original_local_path,Local evidence artifact not distributed; reference keys and printed scientific claims preserved
rawdog_references.csv,243,filename,Local evidence artifact not distributed; reference keys and printed scientific claims preserved
rawdog_references.csv,243,local_path,Local evidence artifact not distributed; reference keys and printed scientific claims preserved
rawdog_references.csv,243,original_local_path,Local evidence artifact not distributed; reference keys and printed scientific claims preserved
rawdog_references.csv,246,filename,Local evidence artifact not distributed; reference keys and printed scientific claims preserved
rawdog_references.csv,246,local_path,Local evidence artifact not distributed; reference keys and printed scientific claims preserved
rawdog_references.csv,246,original_local_path,Local evidence artifact not distributed; reference keys and printed scientific claims preserved
rawdog_references.csv,247,filename,Local evidence artifact not distributed; reference keys and printed scientific claims preserved
rawdog_references.csv,247,local_path,Local evidence artifact not distributed; reference keys and printed scientific claims preserved
rawdog_references.csv,247,original_local_path,Local evidence artifact not distributed; reference keys and printed scientific claims preserved
rawdog_references.csv,248,filename,Local evidence artifact not distributed; reference keys and printed scientific claims preserved
rawdog_references.csv,248,local_path,Local evidence artifact not distributed; reference keys and printed scientific claims preserved
rawdog_references.csv,248,original_local_path,Local evidence artifact not distributed; reference keys and printed scientific claims preserved
rawdog_references.csv,249,filename,Local evidence artifact not distributed; reference keys and printed scientific claims preserved
rawdog_references.csv,249,local_path,Local evidence artifact not distributed; reference keys and printed scientific claims preserved
rawdog_references.csv,249,original_local_path,Local evidence artifact not distributed; reference keys and printed scientific claims preserved
rawdog_references.csv,257,filename,Local evidence artifact not distributed; reference keys and printed scientific claims preserved
rawdog_references.csv,257,local_path,Local evidence artifact not distributed; reference keys and printed scientific claims preserved
rawdog_references.csv,257,original_local_path,Local evidence artifact not distributed; reference keys and printed scientific claims preserved
rawdog_references.csv,263,filename,Local evidence artifact not distributed; reference keys and printed scientific claims preserved
rawdog_references.csv,263,local_path,Local evidence artifact not distributed; reference keys and printed scientific claims preserved
rawdog_references.csv,263,original_local_path,Local evidence artifact not distributed; reference keys and printed scientific claims preserved
rawdog_references.csv,264,filename,Local evidence artifact not distributed; reference keys and printed scientific claims preserved
rawdog_references.csv,264,local_path,Local evidence artifact not distributed; reference keys and printed scientific claims preserved
rawdog_references.csv,264,original_local_path,Local evidence artifact not distributed; reference keys and printed scientific claims preserved
rawdog_references.csv,265,filename,Local evidence artifact not distributed; reference keys and printed scientific claims preserved
rawdog_references.csv,265,local_path,Local evidence artifact not distributed; reference keys and printed scientific claims preserved
rawdog_references.csv,265,original_local_path,Local evidence artifact not distributed; reference keys and printed scientific claims preserved
rawdog_references.csv,266,local_path,Local evidence artifact not distributed; reference keys and printed scientific claims preserved
rawdog_references.csv,266,original_local_path,Local evidence artifact not distributed; reference keys and printed scientific claims preserved
rawdog_references.csv,267,local_path,Local evidence artifact not distributed; reference keys and printed scientific claims preserved
rawdog_references.csv,267,original_local_path,Local evidence artifact not distributed; reference keys and printed scientific claims preserved
rawdog_references.csv,268,local_path,Local evidence artifact not distributed; reference keys and printed scientific claims preserved
rawdog_references.csv,268,original_local_path,Local evidence artifact not distributed; reference keys and printed scientific claims preserved
rawdog_references.csv,269,local_path,Local evidence artifact not distributed; reference keys and printed scientific claims preserved
rawdog_references.csv,269,original_local_path,Local evidence artifact not distributed; reference keys and printed scientific claims preserved
rawdog_references.csv,270,local_path,Local evidence artifact not distributed; reference keys and printed scientific claims preserved
rawdog_references.csv,270,original_local_path,Local evidence artifact not distributed; reference keys and printed scientific claims preserved
rawdog_references.csv,272,local_path,Local evidence artifact not distributed; reference keys and printed scientific claims preserved
rawdog_references.csv,272,original_local_path,Local evidence artifact not distributed; reference keys and printed scientific claims preserved
rawdog_references.csv,273,local_path,Local evidence artifact not distributed; reference keys and printed scientific claims preserved
rawdog_references.csv,273,original_local_path,Local evidence artifact not distributed; reference keys and printed scientific claims preserved
rawdog_references.csv,274,local_path,Local evidence artifact not distributed; reference keys and printed scientific claims preserved
rawdog_references.csv,274,original_local_path,Local evidence artifact not distributed; reference keys and printed scientific claims preserved
rawdog_references.csv,279,local_path,Local evidence artifact not distributed; reference keys and printed scientific claims preserved
rawdog_references.csv,279,original_local_path,Local evidence artifact not distributed; reference keys and printed scientific claims preserved
rawdog_references.csv,280,local_path,Local evidence artifact not distributed; reference keys and printed scientific claims preserved
rawdog_references.csv,280,original_local_path,Local evidence artifact not distributed; reference keys and printed scientific claims preserved
rawdog_references.csv,281,local_path,Local evidence artifact not distributed; reference keys and printed scientific claims preserved
rawdog_references.csv,281,original_local_path,Local evidence artifact not distributed; reference keys and printed scientific claims preserved
rawdog_references.csv,282,local_path,Local evidence artifact not distributed; reference keys and printed scientific claims preserved
rawdog_references.csv,282,original_local_path,Local evidence artifact not distributed; reference keys and printed scientific claims preserved
rawdog_references.csv,283,local_path,Local evidence artifact not distributed; reference keys and printed scientific claims preserved
rawdog_references.csv,283,original_local_path,Local evidence artifact not distributed; reference keys and printed scientific claims preserved
rawdog_references.csv,284,local_path,Local evidence artifact not distributed; reference keys and printed scientific claims preserved
rawdog_references.csv,284,original_local_path,Local evidence artifact not distributed; reference keys and printed scientific claims preserved
rawdog_references.csv,285,local_path,Local evidence artifact not distributed; reference keys and printed scientific claims preserved
rawdog_references.csv,285,original_local_path,Local evidence artifact not distributed; reference keys and printed scientific claims preserved
rawdog_references.csv,286,local_path,Local evidence artifact not distributed; reference keys and printed scientific claims preserved
rawdog_references.csv,286,original_local_path,Local evidence artifact not distributed; reference keys and printed scientific claims preserved
rawdog_references.csv,290,filename,Local evidence artifact not distributed; reference keys and printed scientific claims preserved
rawdog_references.csv,290,local_path,Local evidence artifact not distributed; reference keys and printed scientific claims preserved
rawdog_references.csv,290,original_local_path,Local evidence artifact not distributed; reference keys and printed scientific claims preserved
rawdog_references.csv,303,filename,Local evidence artifact not distributed; reference keys and printed scientific claims preserved
rawdog_references.csv,303,local_path,Local evidence artifact not distributed; reference keys and printed scientific claims preserved
rawdog_references.csv,303,original_local_path,Local evidence artifact not distributed; reference keys and printed scientific claims preserved
rawdog_references.csv,304,filename,Local evidence artifact not distributed; reference keys and printed scientific claims preserved
rawdog_references.csv,304,local_path,Local evidence artifact not distributed; reference keys and printed scientific claims preserved
rawdog_references.csv,304,original_local_path,Local evidence artifact not distributed; reference keys and printed scientific claims preserved
rawdog_references.csv,312,filename,Local evidence artifact not distributed; reference keys and printed scientific claims preserved
rawdog_references.csv,312,local_path,Local evidence artifact not distributed; reference keys and printed scientific claims preserved
rawdog_references.csv,312,original_local_path,Local evidence artifact not distributed; reference keys and printed scientific claims preserved
rawdog_references.csv,313,filename,Local evidence artifact not distributed; reference keys and printed scientific claims preserved
rawdog_references.csv,313,local_path,Local evidence artifact not distributed; reference keys and printed scientific claims preserved
rawdog_references.csv,313,original_local_path,Local evidence artifact not distributed; reference keys and printed scientific claims preserved
rawdog_references.csv,314,filename,Local evidence artifact not distributed; reference keys and printed scientific claims preserved
rawdog_references.csv,314,local_path,Local evidence artifact not distributed; reference keys and printed scientific claims preserved
rawdog_references.csv,314,original_local_path,Local evidence artifact not distributed; reference keys and printed scientific claims preserved
rawdog_references.csv,315,filename,Local evidence artifact not distributed; reference keys and printed scientific claims preserved
rawdog_references.csv,315,local_path,Local evidence artifact not distributed; reference keys and printed scientific claims preserved
rawdog_references.csv,315,original_local_path,Local evidence artifact not distributed; reference keys and printed scientific claims preserved
rawdog_references.csv,316,filename,Local evidence artifact not distributed; reference keys and printed scientific claims preserved
rawdog_references.csv,316,local_path,Local evidence artifact not distributed; reference keys and printed scientific claims preserved
rawdog_references.csv,316,original_local_path,Local evidence artifact not distributed; reference keys and printed scientific claims preserved
rawdog_references.csv,326,filename,Local evidence artifact not distributed; reference keys and printed scientific claims preserved
rawdog_references.csv,326,local_path,Local evidence artifact not distributed; reference keys and printed scientific claims preserved
rawdog_references.csv,326,original_local_path,Local evidence artifact not distributed; reference keys and printed scientific claims preserved
rawdog_references.csv,328,local_path,Local evidence artifact not distributed; reference keys and printed scientific claims preserved
rawdog_references.csv,328,original_local_path,Local evidence artifact not distributed; reference keys and printed scientific claims preserved
rawdog_references.csv,329,local_path,Local evidence artifact not distributed; reference keys and printed scientific claims preserved
rawdog_references.csv,329,original_local_path,Local evidence artifact not distributed; reference keys and printed scientific claims preserved
rawdog_references.csv,330,local_path,Local evidence artifact not distributed; reference keys and printed scientific claims preserved
rawdog_references.csv,330,original_local_path,Local evidence artifact not distributed; reference keys and printed scientific claims preserved
rawdog_references.csv,331,filename,Local evidence artifact not distributed; reference keys and printed scientific claims preserved
rawdog_references.csv,331,local_path,Local evidence artifact not distributed; reference keys and printed scientific claims preserved
rawdog_references.csv,331,original_local_path,Local evidence artifact not distributed; reference keys and printed scientific claims preserved
rawdog_references.csv,332,filename,Local evidence artifact not distributed; reference keys and printed scientific claims preserved
rawdog_references.csv,332,local_path,Local evidence artifact not distributed; reference keys and printed scientific claims preserved
rawdog_references.csv,332,original_local_path,Local evidence artifact not distributed; reference keys and printed scientific claims preserved
rawdog_references.csv,333,local_path,Local evidence artifact not distributed; reference keys and printed scientific claims preserved
rawdog_references.csv,333,original_local_path,Local evidence artifact not distributed; reference keys and printed scientific claims preserved
rawdog_references.csv,334,local_path,Local evidence artifact not distributed; reference keys and printed scientific claims preserved
rawdog_references.csv,334,original_local_path,Local evidence artifact not distributed; reference keys and printed scientific claims preserved
rawdog_references.csv,335,local_path,Local evidence artifact not distributed; reference keys and printed scientific claims preserved
rawdog_references.csv,335,original_local_path,Local evidence artifact not distributed; reference keys and printed scientific claims preserved
rawdog_references.csv,336,filename,Local evidence artifact not distributed; reference keys and printed scientific claims preserved
rawdog_references.csv,336,local_path,Local evidence artifact not distributed; reference keys and printed scientific claims preserved
rawdog_references.csv,336,original_local_path,Local evidence artifact not distributed; reference keys and printed scientific claims preserved
rawdog_references.csv,337,local_path,Local evidence artifact not distributed; reference keys and printed scientific claims preserved
rawdog_references.csv,337,original_local_path,Local evidence artifact not distributed; reference keys and printed scientific claims preserved
rawdog_references.csv,339,filename,Local evidence artifact not distributed; reference keys and printed scientific claims preserved
rawdog_references.csv,339,local_path,Local evidence artifact not distributed; reference keys and printed scientific claims preserved
rawdog_references.csv,339,original_local_path,Local evidence artifact not distributed; reference keys and printed scientific claims preserved
rawdog_references.csv,340,filename,Local evidence artifact not distributed; reference keys and printed scientific claims preserved
rawdog_references.csv,340,local_path,Local evidence artifact not distributed; reference keys and printed scientific claims preserved
rawdog_references.csv,340,original_local_path,Local evidence artifact not distributed; reference keys and printed scientific claims preserved
rawdog_references.csv,341,filename,Local evidence artifact not distributed; reference keys and printed scientific claims preserved
rawdog_references.csv,341,local_path,Local evidence artifact not distributed; reference keys and printed scientific claims preserved
rawdog_references.csv,341,original_local_path,Local evidence artifact not distributed; reference keys and printed scientific claims preserved
rawdog_references.csv,342,filename,Local evidence artifact not distributed; reference keys and printed scientific claims preserved
rawdog_references.csv,342,local_path,Local evidence artifact not distributed; reference keys and printed scientific claims preserved
rawdog_references.csv,342,original_local_path,Local evidence artifact not distributed; reference keys and printed scientific claims preserved
rawdog_references.csv,343,filename,Local evidence artifact not distributed; reference keys and printed scientific claims preserved
rawdog_references.csv,343,local_path,Local evidence artifact not distributed; reference keys and printed scientific claims preserved
rawdog_references.csv,343,original_local_path,Local evidence artifact not distributed; reference keys and printed scientific claims preserved
rawdog_references.csv,344,filename,Local evidence artifact not distributed; reference keys and printed scientific claims preserved
rawdog_references.csv,344,local_path,Local evidence artifact not distributed; reference keys and printed scientific claims preserved
rawdog_references.csv,344,original_local_path,Local evidence artifact not distributed; reference keys and printed scientific claims preserved
rawdog_references.csv,345,filename,Local evidence artifact not distributed; reference keys and printed scientific claims preserved
rawdog_references.csv,345,local_path,Local evidence artifact not distributed; reference keys and printed scientific claims preserved
rawdog_references.csv,345,original_local_path,Local evidence artifact not distributed; reference keys and printed scientific claims preserved
rawdog_references.csv,346,local_path,Local evidence artifact not distributed; reference keys and printed scientific claims preserved
rawdog_references.csv,346,original_local_path,Local evidence artifact not distributed; reference keys and printed scientific claims preserved
rawdog_references.csv,347,local_path,Local evidence artifact not distributed; reference keys and printed scientific claims preserved
rawdog_references.csv,347,original_local_path,Local evidence artifact not distributed; reference keys and printed scientific claims preserved
rawdog_references.csv,348,local_path,Local evidence artifact not distributed; reference keys and printed scientific claims preserved
rawdog_references.csv,348,original_local_path,Local evidence artifact not distributed; reference keys and printed scientific claims preserved
rawdog_references.csv,349,filename,Local evidence artifact not distributed; reference keys and printed scientific claims preserved
rawdog_references.csv,349,local_path,Local evidence artifact not distributed; reference keys and printed scientific claims preserved
rawdog_references.csv,349,original_local_path,Local evidence artifact not distributed; reference keys and printed scientific claims preserved
rawdog_references.csv,350,filename,Local evidence artifact not distributed; reference keys and printed scientific claims preserved
rawdog_references.csv,350,local_path,Local evidence artifact not distributed; reference keys and printed scientific claims preserved
rawdog_references.csv,350,original_local_path,Local evidence artifact not distributed; reference keys and printed scientific claims preserved
rawdog_references.csv,351,filename,Local evidence artifact not distributed; reference keys and printed scientific claims preserved
rawdog_references.csv,351,local_path,Local evidence artifact not distributed; reference keys and printed scientific claims preserved
rawdog_references.csv,351,original_local_path,Local evidence artifact not distributed; reference keys and printed scientific claims preserved
rawdog_references.csv,352,filename,Local evidence artifact not distributed; reference keys and printed scientific claims preserved
rawdog_references.csv,352,local_path,Local evidence artifact not distributed; reference keys and printed scientific claims preserved
rawdog_references.csv,352,original_local_path,Local evidence artifact not distributed; reference keys and printed scientific claims preserved
rawdog_references.csv,353,filename,Local evidence artifact not distributed; reference keys and printed scientific claims preserved
rawdog_references.csv,353,local_path,Local evidence artifact not distributed; reference keys and printed scientific claims preserved
rawdog_references.csv,353,original_local_path,Local evidence artifact not distributed; reference keys and printed scientific claims preserved
rawdog_references.csv,354,filename,Local evidence artifact not distributed; reference keys and printed scientific claims preserved
rawdog_references.csv,354,local_path,Local evidence artifact not distributed; reference keys and printed scientific claims preserved
rawdog_references.csv,354,original_local_path,Local evidence artifact not distributed; reference keys and printed scientific claims preserved
rawdog_references.csv,355,filename,Local evidence artifact not distributed; reference keys and printed scientific claims preserved
rawdog_references.csv,355,local_path,Local evidence artifact not distributed; reference keys and printed scientific claims preserved
rawdog_references.csv,355,original_local_path,Local evidence artifact not distributed; reference keys and printed scientific claims preserved
rawdog_references.csv,356,filename,Local evidence artifact not distributed; reference keys and printed scientific claims preserved
rawdog_references.csv,356,local_path,Local evidence artifact not distributed; reference keys and printed scientific claims preserved
rawdog_references.csv,356,original_local_path,Local evidence artifact not distributed; reference keys and printed scientific claims preserved
rawdog_references.csv,357,filename,Local evidence artifact not distributed; reference keys and printed scientific claims preserved
rawdog_references.csv,357,local_path,Local evidence artifact not distributed; reference keys and printed scientific claims preserved
rawdog_references.csv,357,original_local_path,Local evidence artifact not distributed; reference keys and printed scientific claims preserved
rawdog_references.csv,358,filename,Local evidence artifact not distributed; reference keys and printed scientific claims preserved
rawdog_references.csv,358,local_path,Local evidence artifact not distributed; reference keys and printed scientific claims preserved
rawdog_references.csv,358,original_local_path,Local evidence artifact not distributed; reference keys and printed scientific claims preserved
rawdog_references.csv,359,filename,Local evidence artifact not distributed; reference keys and printed scientific claims preserved
rawdog_references.csv,359,local_path,Local evidence artifact not distributed; reference keys and printed scientific claims preserved
rawdog_references.csv,359,original_local_path,Local evidence artifact not distributed; reference keys and printed scientific claims preserved
rawdog_references.csv,360,filename,Local evidence artifact not distributed; reference keys and printed scientific claims preserved
rawdog_references.csv,360,local_path,Local evidence artifact not distributed; reference keys and printed scientific claims preserved
rawdog_references.csv,360,original_local_path,Local evidence artifact not distributed; reference keys and printed scientific claims preserved
rawdog_references.csv,361,filename,Local evidence artifact not distributed; reference keys and printed scientific claims preserved
rawdog_references.csv,361,local_path,Local evidence artifact not distributed; reference keys and printed scientific claims preserved
rawdog_references.csv,361,original_local_path,Local evidence artifact not distributed; reference keys and printed scientific claims preserved
rawdog_references.csv,362,filename,Local evidence artifact not distributed; reference keys and printed scientific claims preserved
rawdog_references.csv,362,local_path,Local evidence artifact not distributed; reference keys and printed scientific claims preserved
rawdog_references.csv,362,original_local_path,Local evidence artifact not distributed; reference keys and printed scientific claims preserved
rawdog_references.csv,363,filename,Local evidence artifact not distributed; reference keys and printed scientific claims preserved
rawdog_references.csv,364,filename,Local evidence artifact not distributed; reference keys and printed scientific claims preserved
rawdog_references.csv,364,local_path,Local evidence artifact not distributed; reference keys and printed scientific claims preserved
rawdog_references.csv,364,original_local_path,Local evidence artifact not distributed; reference keys and printed scientific claims preserved
rawdog_references.csv,365,filename,Local evidence artifact not distributed; reference keys and printed scientific claims preserved
rawdog_references.csv,365,local_path,Local evidence artifact not distributed; reference keys and printed scientific claims preserved
rawdog_references.csv,365,original_local_path,Local evidence artifact not distributed; reference keys and printed scientific claims preserved
rawdog_references.csv,366,filename,Local evidence artifact not distributed; reference keys and printed scientific claims preserved
rawdog_references.csv,366,local_path,Local evidence artifact not distributed; reference keys and printed scientific claims preserved
rawdog_references.csv,366,original_local_path,Local evidence artifact not distributed; reference keys and printed scientific claims preserved
rawdog_references.csv,367,filename,Local evidence artifact not distributed; reference keys and printed scientific claims preserved
rawdog_references.csv,367,local_path,Local evidence artifact not distributed; reference keys and printed scientific claims preserved
rawdog_references.csv,367,note,Local evidence artifact not distributed; reference keys and printed scientific claims preserved
rawdog_references.csv,367,original_local_path,Local evidence artifact not distributed; reference keys and printed scientific claims preserved
rawdog_references.csv,368,filename,Local evidence artifact not distributed; reference keys and printed scientific claims preserved
rawdog_references.csv,368,local_path,Local evidence artifact not distributed; reference keys and printed scientific claims preserved
rawdog_references.csv,368,note,Local evidence artifact not distributed; reference keys and printed scientific claims preserved
rawdog_references.csv,368,original_local_path,Local evidence artifact not distributed; reference keys and printed scientific claims preserved
rawdog_references.csv,369,filename,Local evidence artifact not distributed; reference keys and printed scientific claims preserved
rawdog_references.csv,369,local_path,Local evidence artifact not distributed; reference keys and printed scientific claims preserved
rawdog_references.csv,369,note,Local evidence artifact not distributed; reference keys and printed scientific claims preserved
rawdog_references.csv,369,original_local_path,Local evidence artifact not distributed; reference keys and printed scientific claims preserved
rawdog_references.csv,370,filename,Local evidence artifact not distributed; reference keys and printed scientific claims preserved
rawdog_references.csv,370,local_path,Local evidence artifact not distributed; reference keys and printed scientific claims preserved
rawdog_references.csv,370,note,Local evidence artifact not distributed; reference keys and printed scientific claims preserved
rawdog_references.csv,370,original_local_path,Local evidence artifact not distributed; reference keys and printed scientific claims preserved
rawdog_references.csv,371,filename,Local evidence artifact not distributed; reference keys and printed scientific claims preserved
rawdog_references.csv,371,local_path,Local evidence artifact not distributed; reference keys and printed scientific claims preserved
rawdog_references.csv,371,original_local_path,Local evidence artifact not distributed; reference keys and printed scientific claims preserved
rawdog_references.csv,372,filename,Local evidence artifact not distributed; reference keys and printed scientific claims preserved
rawdog_references.csv,372,local_path,Local evidence artifact not distributed; reference keys and printed scientific claims preserved
rawdog_references.csv,372,original_local_path,Local evidence artifact not distributed; reference keys and printed scientific claims preserved
rawdog_references.csv,373,filename,Local evidence artifact not distributed; reference keys and printed scientific claims preserved
rawdog_references.csv,373,local_path,Local evidence artifact not distributed; reference keys and printed scientific claims preserved
rawdog_references.csv,373,original_local_path,Local evidence artifact not distributed; reference keys and printed scientific claims preserved
rawdog_references.csv,374,filename,Local evidence artifact not distributed; reference keys and printed scientific claims preserved
rawdog_references.csv,374,local_path,Local evidence artifact not distributed; reference keys and printed scientific claims preserved
rawdog_references.csv,374,original_local_path,Local evidence artifact not distributed; reference keys and printed scientific claims preserved
rawdog_references.csv,375,filename,Local evidence artifact not distributed; reference keys and printed scientific claims preserved
rawdog_references.csv,375,local_path,Local evidence artifact not distributed; reference keys and printed scientific claims preserved
rawdog_references.csv,375,original_local_path,Local evidence artifact not distributed; reference keys and printed scientific claims preserved
rawdog_references.csv,376,filename,Local evidence artifact not distributed; reference keys and printed scientific claims preserved
rawdog_references.csv,376,local_path,Local evidence artifact not distributed; reference keys and printed scientific claims preserved
rawdog_references.csv,376,original_local_path,Local evidence artifact not distributed; reference keys and printed scientific claims preserved
rawdog_references.csv,377,filename,Local evidence artifact not distributed; reference keys and printed scientific claims preserved
rawdog_references.csv,378,filename,Local evidence artifact not distributed; reference keys and printed scientific claims preserved
rawdog_references.csv,379,filename,Local evidence artifact not distributed; reference keys and printed scientific claims preserved
rawdog_references.csv,379,local_path,Local evidence artifact not distributed; reference keys and printed scientific claims preserved
rawdog_references.csv,379,original_local_path,Local evidence artifact not distributed; reference keys and printed scientific claims preserved
rawdog_references.csv,380,filename,Local evidence artifact not distributed; reference keys and printed scientific claims preserved
rawdog_references.csv,380,local_path,Local evidence artifact not distributed; reference keys and printed scientific claims preserved
rawdog_references.csv,380,original_local_path,Local evidence artifact not distributed; reference keys and printed scientific claims preserved
rawdog_references.csv,381,filename,Local evidence artifact not distributed; reference keys and printed scientific claims preserved
rawdog_references.csv,381,local_path,Local evidence artifact not distributed; reference keys and printed scientific claims preserved
rawdog_references.csv,381,original_local_path,Local evidence artifact not distributed; reference keys and printed scientific claims preserved
rawdog_references.csv,382,filename,Local evidence artifact not distributed; reference keys and printed scientific claims preserved
rawdog_references.csv,382,local_path,Local evidence artifact not distributed; reference keys and printed scientific claims preserved
rawdog_references.csv,382,original_local_path,Local evidence artifact not distributed; reference keys and printed scientific claims preserved
rawdog_references.csv,383,filename,Local evidence artifact not distributed; reference keys and printed scientific claims preserved
rawdog_references.csv,384,filename,Local evidence artifact not distributed; reference keys and printed scientific claims preserved
rawdog_references.csv,384,local_path,Local evidence artifact not distributed; reference keys and printed scientific claims preserved
rawdog_references.csv,384,original_local_path,Local evidence artifact not distributed; reference keys and printed scientific claims preserved
rawdog_references.csv,385,filename,Local evidence artifact not distributed; reference keys and printed scientific claims preserved
rawdog_references.csv,386,filename,Local evidence artifact not distributed; reference keys and printed scientific claims preserved
rawdog_references.csv,387,filename,Local evidence artifact not distributed; reference keys and printed scientific claims preserved
rawdog_references.csv,388,filename,Local evidence artifact not distributed; reference keys and printed scientific claims preserved
rawdog_references.csv,388,local_path,Local evidence artifact not distributed; reference keys and printed scientific claims preserved
rawdog_references.csv,388,original_local_path,Local evidence artifact not distributed; reference keys and printed scientific claims preserved
rawdog_references.csv,389,filename,Local evidence artifact not distributed; reference keys and printed scientific claims preserved
rawdog_references.csv,389,local_path,Local evidence artifact not distributed; reference keys and printed scientific claims preserved
rawdog_references.csv,389,original_local_path,Local evidence artifact not distributed; reference keys and printed scientific claims preserved
rawdog_references.csv,390,filename,Local evidence artifact not distributed; reference keys and printed scientific claims preserved
rawdog_references.csv,390,local_path,Local evidence artifact not distributed; reference keys and printed scientific claims preserved
rawdog_references.csv,390,original_local_path,Local evidence artifact not distributed; reference keys and printed scientific claims preserved
rawdog_references.csv,391,filename,Local evidence artifact not distributed; reference keys and printed scientific claims preserved
rawdog_references.csv,391,local_path,Local evidence artifact not distributed; reference keys and printed scientific claims preserved
rawdog_references.csv,391,original_local_path,Local evidence artifact not distributed; reference keys and printed scientific claims preserved
rawdog_references.csv,392,filename,Local evidence artifact not distributed; reference keys and printed scientific claims preserved
rawdog_references.csv,392,local_path,Local evidence artifact not distributed; reference keys and printed scientific claims preserved
rawdog_references.csv,392,original_local_path,Local evidence artifact not distributed; reference keys and printed scientific claims preserved
rawdog_references.csv,393,filename,Local evidence artifact not distributed; reference keys and printed scientific claims preserved
rawdog_references.csv,393,local_path,Local evidence artifact not distributed; reference keys and printed scientific claims preserved
rawdog_references.csv,393,original_local_path,Local evidence artifact not distributed; reference keys and printed scientific claims preserved
rawdog_references.csv,394,filename,Local evidence artifact not distributed; reference keys and printed scientific claims preserved
rawdog_references.csv,395,filename,Local evidence artifact not distributed; reference keys and printed scientific claims preserved
rawdog_references.csv,396,filename,Local evidence artifact not distributed; reference keys and printed scientific claims preserved
rawdog_references.csv,396,local_path,Local evidence artifact not distributed; reference keys and printed scientific claims preserved
rawdog_references.csv,396,note,Local evidence artifact not distributed; reference keys and printed scientific claims preserved
rawdog_references.csv,396,original_local_path,Local evidence artifact not distributed; reference keys and printed scientific claims preserved
rawdog_references.csv,397,filename,Local evidence artifact not distributed; reference keys and printed scientific claims preserved
rawdog_references.csv,397,local_path,Local evidence artifact not distributed; reference keys and printed scientific claims preserved
rawdog_references.csv,397,note,Local evidence artifact not distributed; reference keys and printed scientific claims preserved
rawdog_references.csv,397,original_local_path,Local evidence artifact not distributed; reference keys and printed scientific claims preserved
rawdog_references.csv,398,note,Local evidence artifact not distributed; reference keys and printed scientific claims preserved
rawdog_references.csv,400,filename,Local evidence artifact not distributed; reference keys and printed scientific claims preserved
rawdog_references.csv,400,local_path,Local evidence artifact not distributed; reference keys and printed scientific claims preserved
rawdog_references.csv,400,original_local_path,Local evidence artifact not distributed; reference keys and printed scientific claims preserved
rawdog_references.csv,401,filename,Local evidence artifact not distributed; reference keys and printed scientific claims preserved
rawdog_references.csv,401,local_path,Local evidence artifact not distributed; reference keys and printed scientific claims preserved
rawdog_references.csv,401,original_local_path,Local evidence artifact not distributed; reference keys and printed scientific claims preserved
rawdog_references.csv,405,filename,Local evidence artifact not distributed; reference keys and printed scientific claims preserved
rawdog_references.csv,405,local_path,Local evidence artifact not distributed; reference keys and printed scientific claims preserved
rawdog_references.csv,405,original_local_path,Local evidence artifact not distributed; reference keys and printed scientific claims preserved
rawdog_references.csv,406,filename,Local evidence artifact not distributed; reference keys and printed scientific claims preserved
rawdog_references.csv,406,local_path,Local evidence artifact not distributed; reference keys and printed scientific claims preserved
rawdog_references.csv,406,original_local_path,Local evidence artifact not distributed; reference keys and printed scientific claims preserved
rawdog_references.csv,407,filename,Local evidence artifact not distributed; reference keys and printed scientific claims preserved
rawdog_references.csv,407,local_path,Local evidence artifact not distributed; reference keys and printed scientific claims preserved
rawdog_references.csv,407,original_local_path,Local evidence artifact not distributed; reference keys and printed scientific claims preserved
rawdog_references.csv,409,local_path,Local evidence artifact not distributed; reference keys and printed scientific claims preserved
rawdog_references.csv,409,original_local_path,Local evidence artifact not distributed; reference keys and printed scientific claims preserved
rawdog_references.csv,410,local_path,Local evidence artifact not distributed; reference keys and printed scientific claims preserved
rawdog_references.csv,410,original_local_path,Local evidence artifact not distributed; reference keys and printed scientific claims preserved
rawdog_references.csv,412,filename,Local evidence artifact not distributed; reference keys and printed scientific claims preserved
rawdog_references.csv,412,local_path,Local evidence artifact not distributed; reference keys and printed scientific claims preserved
rawdog_references.csv,412,original_local_path,Local evidence artifact not distributed; reference keys and printed scientific claims preserved
rawdog_references.csv,413,local_path,Local evidence artifact not distributed; reference keys and printed scientific claims preserved
rawdog_references.csv,413,original_local_path,Local evidence artifact not distributed; reference keys and printed scientific claims preserved
rawdog_references.csv,414,local_path,Local evidence artifact not distributed; reference keys and printed scientific claims preserved
rawdog_references.csv,414,original_local_path,Local evidence artifact not distributed; reference keys and printed scientific claims preserved
rawdog_references.csv,415,local_path,Local evidence artifact not distributed; reference keys and printed scientific claims preserved
rawdog_references.csv,415,original_local_path,Local evidence artifact not distributed; reference keys and printed scientific claims preserved
rawdog_references.csv,416,local_path,Local evidence artifact not distributed; reference keys and printed scientific claims preserved
rawdog_references.csv,416,original_local_path,Local evidence artifact not distributed; reference keys and printed scientific claims preserved
rawdog_references.csv,417,filename,Local evidence artifact not distributed; reference keys and printed scientific claims preserved
rawdog_references.csv,417,local_path,Local evidence artifact not distributed; reference keys and printed scientific claims preserved
rawdog_references.csv,417,original_local_path,Local evidence artifact not distributed; reference keys and printed scientific claims preserved
rawdog_references.csv,418,local_path,Local evidence artifact not distributed; reference keys and printed scientific claims preserved
rawdog_references.csv,418,original_local_path,Local evidence artifact not distributed; reference keys and printed scientific claims preserved
rawdog_references.csv,420,filename,Local evidence artifact not distributed; reference keys and printed scientific claims preserved
rawdog_references.csv,420,local_path,Local evidence artifact not distributed; reference keys and printed scientific claims preserved
rawdog_references.csv,420,original_local_path,Local evidence artifact not distributed; reference keys and printed scientific claims preserved
rawdog_references.csv,421,filename,Local evidence artifact not distributed; reference keys and printed scientific claims preserved
rawdog_references.csv,421,local_path,Local evidence artifact not distributed; reference keys and printed scientific claims preserved
rawdog_references.csv,421,original_local_path,Local evidence artifact not distributed; reference keys and printed scientific claims preserved
rawdog_references.csv,422,filename,Local evidence artifact not distributed; reference keys and printed scientific claims preserved
rawdog_references.csv,422,local_path,Local evidence artifact not distributed; reference keys and printed scientific claims preserved
rawdog_references.csv,422,original_local_path,Local evidence artifact not distributed; reference keys and printed scientific claims preserved
rawdog_references.csv,423,filename,Local evidence artifact not distributed; reference keys and printed scientific claims preserved
rawdog_references.csv,423,local_path,Local evidence artifact not distributed; reference keys and printed scientific claims preserved
rawdog_references.csv,423,original_local_path,Local evidence artifact not distributed; reference keys and printed scientific claims preserved
rawdog_references.csv,424,filename,Local evidence artifact not distributed; reference keys and printed scientific claims preserved
rawdog_references.csv,424,local_path,Local evidence artifact not distributed; reference keys and printed scientific claims preserved
rawdog_references.csv,424,original_local_path,Local evidence artifact not distributed; reference keys and printed scientific claims preserved
rawdog_references.csv,425,filename,Local evidence artifact not distributed; reference keys and printed scientific claims preserved
rawdog_references.csv,425,local_path,Local evidence artifact not distributed; reference keys and printed scientific claims preserved
rawdog_references.csv,425,original_local_path,Local evidence artifact not distributed; reference keys and printed scientific claims preserved
rawdog_references.csv,426,local_path,Local evidence artifact not distributed; reference keys and printed scientific claims preserved
rawdog_references.csv,426,original_local_path,Local evidence artifact not distributed; reference keys and printed scientific claims preserved
rawdog_references.csv,427,local_path,Local evidence artifact not distributed; reference keys and printed scientific claims preserved
rawdog_references.csv,427,original_local_path,Local evidence artifact not distributed; reference keys and printed scientific claims preserved
rawdog_references.csv,428,local_path,Local evidence artifact not distributed; reference keys and printed scientific claims preserved
rawdog_references.csv,428,original_local_path,Local evidence artifact not distributed; reference keys and printed scientific claims preserved
rawdog_references.csv,429,local_path,Local evidence artifact not distributed; reference keys and printed scientific claims preserved
rawdog_references.csv,429,original_local_path,Local evidence artifact not distributed; reference keys and printed scientific claims preserved
rawdog_references.csv,430,local_path,Local evidence artifact not distributed; reference keys and printed scientific claims preserved
rawdog_references.csv,430,original_local_path,Local evidence artifact not distributed; reference keys and printed scientific claims preserved
rawdog_references.csv,431,local_path,Local evidence artifact not distributed; reference keys and printed scientific claims preserved
rawdog_references.csv,431,original_local_path,Local evidence artifact not distributed; reference keys and printed scientific claims preserved
rawdog_references.csv,432,local_path,Local evidence artifact not distributed; reference keys and printed scientific claims preserved
rawdog_references.csv,432,original_local_path,Local evidence artifact not distributed; reference keys and printed scientific claims preserved
rawdog_references.csv,433,local_path,Local evidence artifact not distributed; reference keys and printed scientific claims preserved
rawdog_references.csv,433,original_local_path,Local evidence artifact not distributed; reference keys and printed scientific claims preserved
rawdog_references.csv,434,local_path,Local evidence artifact not distributed; reference keys and printed scientific claims preserved
rawdog_references.csv,434,original_local_path,Local evidence artifact not distributed; reference keys and printed scientific claims preserved
rawdog_references.csv,435,local_path,Local evidence artifact not distributed; reference keys and printed scientific claims preserved
rawdog_references.csv,435,original_local_path,Local evidence artifact not distributed; reference keys and printed scientific claims preserved
rawdog_references.csv,436,filename,Local evidence artifact not distributed; reference keys and printed scientific claims preserved
rawdog_references.csv,436,local_path,Local evidence artifact not distributed; reference keys and printed scientific claims preserved
rawdog_references.csv,436,original_local_path,Local evidence artifact not distributed; reference keys and printed scientific claims preserved
rawdog_references.csv,437,filename,Local evidence artifact not distributed; reference keys and printed scientific claims preserved
rawdog_references.csv,437,local_path,Local evidence artifact not distributed; reference keys and printed scientific claims preserved
rawdog_references.csv,437,original_local_path,Local evidence artifact not distributed; reference keys and printed scientific claims preserved
rawdog_references.csv,438,filename,Local evidence artifact not distributed; reference keys and printed scientific claims preserved
rawdog_references.csv,438,local_path,Local evidence artifact not distributed; reference keys and printed scientific claims preserved
rawdog_references.csv,438,original_local_path,Local evidence artifact not distributed; reference keys and printed scientific claims preserved
rawdog_references.csv,439,filename,Local evidence artifact not distributed; reference keys and printed scientific claims preserved
rawdog_references.csv,439,local_path,Local evidence artifact not distributed; reference keys and printed scientific claims preserved
rawdog_references.csv,439,original_local_path,Local evidence artifact not distributed; reference keys and printed scientific claims preserved
rawdog_references.csv,441,filename,Local evidence artifact not distributed; reference keys and printed scientific claims preserved
rawdog_references.csv,441,local_path,Local evidence artifact not distributed; reference keys and printed scientific claims preserved
rawdog_references.csv,441,original_local_path,Local evidence artifact not distributed; reference keys and printed scientific claims preserved
rawdog_references.csv,442,filename,Local evidence artifact not distributed; reference keys and printed scientific claims preserved
rawdog_references.csv,442,local_path,Local evidence artifact not distributed; reference keys and printed scientific claims preserved
rawdog_references.csv,442,original_local_path,Local evidence artifact not distributed; reference keys and printed scientific claims preserved
rawdog_references.csv,443,filename,Local evidence artifact not distributed; reference keys and printed scientific claims preserved
rawdog_references.csv,443,local_path,Local evidence artifact not distributed; reference keys and printed scientific claims preserved
rawdog_references.csv,443,original_local_path,Local evidence artifact not distributed; reference keys and printed scientific claims preserved
rawdog_references.csv,444,filename,Local evidence artifact not distributed; reference keys and printed scientific claims preserved
rawdog_references.csv,444,local_path,Local evidence artifact not distributed; reference keys and printed scientific claims preserved
rawdog_references.csv,444,original_local_path,Local evidence artifact not distributed; reference keys and printed scientific claims preserved
rawdog_references.csv,445,local_path,Local evidence artifact not distributed; reference keys and printed scientific claims preserved
rawdog_references.csv,445,original_local_path,Local evidence artifact not distributed; reference keys and printed scientific claims preserved
rawdog_references.csv,446,local_path,Local evidence artifact not distributed; reference keys and printed scientific claims preserved
rawdog_references.csv,446,original_local_path,Local evidence artifact not distributed; reference keys and printed scientific claims preserved
rawdog_references.csv,447,local_path,Local evidence artifact not distributed; reference keys and printed scientific claims preserved
rawdog_references.csv,447,original_local_path,Local evidence artifact not distributed; reference keys and printed scientific claims preserved
rawdog_references.csv,448,local_path,Local evidence artifact not distributed; reference keys and printed scientific claims preserved
rawdog_references.csv,448,original_local_path,Local evidence artifact not distributed; reference keys and printed scientific claims preserved
rawdog_references.csv,449,local_path,Local evidence artifact not distributed; reference keys and printed scientific claims preserved
rawdog_references.csv,449,original_local_path,Local evidence artifact not distributed; reference keys and printed scientific claims preserved
rawdog_references.csv,450,local_path,Local evidence artifact not distributed; reference keys and printed scientific claims preserved
rawdog_references.csv,450,original_local_path,Local evidence artifact not distributed; reference keys and printed scientific claims preserved
rawdog_references.csv,451,local_path,Local evidence artifact not distributed; reference keys and printed scientific claims preserved
rawdog_references.csv,451,original_local_path,Local evidence artifact not distributed; reference keys and printed scientific claims preserved
rawdog_references.csv,457,local_path,Local evidence artifact not distributed; reference keys and printed scientific claims preserved
rawdog_references.csv,457,original_local_path,Local evidence artifact not distributed; reference keys and printed scientific claims preserved
rawdog_references.csv,458,local_path,Local evidence artifact not distributed; reference keys and printed scientific claims preserved
rawdog_references.csv,458,original_local_path,Local evidence artifact not distributed; reference keys and printed scientific claims preserved
rawdog_references.csv,459,local_path,Local evidence artifact not distributed; reference keys and printed scientific claims preserved
rawdog_references.csv,459,original_local_path,Local evidence artifact not distributed; reference keys and printed scientific claims preserved
rawdog_references.csv,460,local_path,Local evidence artifact not distributed; reference keys and printed scientific claims preserved
rawdog_references.csv,460,original_local_path,Local evidence artifact not distributed; reference keys and printed scientific claims preserved
rawdog_references.csv,461,local_path,Local evidence artifact not distributed; reference keys and printed scientific claims preserved
rawdog_references.csv,461,original_local_path,Local evidence artifact not distributed; reference keys and printed scientific claims preserved
rawdog_references.csv,462,local_path,Local evidence artifact not distributed; reference keys and printed scientific claims preserved
rawdog_references.csv,462,original_local_path,Local evidence artifact not distributed; reference keys and printed scientific claims preserved
rawdog_references.csv,463,local_path,Local evidence artifact not distributed; reference keys and printed scientific claims preserved
rawdog_references.csv,463,original_local_path,Local evidence artifact not distributed; reference keys and printed scientific claims preserved
rawdog_references.csv,464,local_path,Local evidence artifact not distributed; reference keys and printed scientific claims preserved
rawdog_references.csv,464,original_local_path,Local evidence artifact not distributed; reference keys and printed scientific claims preserved
rawdog_references.csv,465,local_path,Local evidence artifact not distributed; reference keys and printed scientific claims preserved
rawdog_references.csv,465,original_local_path,Local evidence artifact not distributed; reference keys and printed scientific claims preserved
rawdog_references.csv,466,local_path,Local evidence artifact not distributed; reference keys and printed scientific claims preserved
rawdog_references.csv,466,original_local_path,Local evidence artifact not distributed; reference keys and printed scientific claims preserved
rawdog_references.csv,467,local_path,Local evidence artifact not distributed; reference keys and printed scientific claims preserved
rawdog_references.csv,467,original_local_path,Local evidence artifact not distributed; reference keys and printed scientific claims preserved
rawdog_references.csv,468,local_path,Local evidence artifact not distributed; reference keys and printed scientific claims preserved
rawdog_references.csv,468,original_local_path,Local evidence artifact not distributed; reference keys and printed scientific claims preserved
rawdog_references.csv,469,local_path,Local evidence artifact not distributed; reference keys and printed scientific claims preserved
rawdog_references.csv,469,original_local_path,Local evidence artifact not distributed; reference keys and printed scientific claims preserved
rawdog_references.csv,470,local_path,Local evidence artifact not distributed; reference keys and printed scientific claims preserved
rawdog_references.csv,470,original_local_path,Local evidence artifact not distributed; reference keys and printed scientific claims preserved
rawdog_references.csv,471,filename,Local evidence artifact not distributed; reference keys and printed scientific claims preserved
rawdog_references.csv,471,local_path,Local evidence artifact not distributed; reference keys and printed scientific claims preserved
rawdog_references.csv,471,original_local_path,Local evidence artifact not distributed; reference keys and printed scientific claims preserved
rawdog_references.csv,472,filename,Local evidence artifact not distributed; reference keys and printed scientific claims preserved
rawdog_references.csv,472,local_path,Local evidence artifact not distributed; reference keys and printed scientific claims preserved
rawdog_references.csv,472,original_local_path,Local evidence artifact not distributed; reference keys and printed scientific claims preserved
rawdog_references.csv,473,filename,Local evidence artifact not distributed; reference keys and printed scientific claims preserved
rawdog_references.csv,473,local_path,Local evidence artifact not distributed; reference keys and printed scientific claims preserved
rawdog_references.csv,473,original_local_path,Local evidence artifact not distributed; reference keys and printed scientific claims preserved
rawdog_references.csv,474,filename,Local evidence artifact not distributed; reference keys and printed scientific claims preserved
rawdog_references.csv,474,local_path,Local evidence artifact not distributed; reference keys and printed scientific claims preserved
rawdog_references.csv,474,original_local_path,Local evidence artifact not distributed; reference keys and printed scientific claims preserved
rawdog_references.csv,475,filename,Local evidence artifact not distributed; reference keys and printed scientific claims preserved
rawdog_references.csv,475,local_path,Local evidence artifact not distributed; reference keys and printed scientific claims preserved
rawdog_references.csv,475,original_local_path,Local evidence artifact not distributed; reference keys and printed scientific claims preserved
rawdog_references.csv,476,filename,Local evidence artifact not distributed; reference keys and printed scientific claims preserved
rawdog_references.csv,476,local_path,Local evidence artifact not distributed; reference keys and printed scientific claims preserved
rawdog_references.csv,476,original_local_path,Local evidence artifact not distributed; reference keys and printed scientific claims preserved
rawdog_references.csv,477,filename,Local evidence artifact not distributed; reference keys and printed scientific claims preserved
rawdog_references.csv,477,local_path,Local evidence artifact not distributed; reference keys and printed scientific claims preserved
rawdog_references.csv,477,original_local_path,Local evidence artifact not distributed; reference keys and printed scientific claims preserved
rawdog_references.csv,478,filename,Local evidence artifact not distributed; reference keys and printed scientific claims preserved
rawdog_references.csv,478,local_path,Local evidence artifact not distributed; reference keys and printed scientific claims preserved
rawdog_references.csv,478,original_local_path,Local evidence artifact not distributed; reference keys and printed scientific claims preserved
rawdog_references.csv,479,filename,Local evidence artifact not distributed; reference keys and printed scientific claims preserved
rawdog_references.csv,479,local_path,Local evidence artifact not distributed; reference keys and printed scientific claims preserved
rawdog_references.csv,479,original_local_path,Local evidence artifact not distributed; reference keys and printed scientific claims preserved
rawdog_references.csv,480,filename,Local evidence artifact not distributed; reference keys and printed scientific claims preserved
rawdog_references.csv,480,local_path,Local evidence artifact not distributed; reference keys and printed scientific claims preserved
rawdog_references.csv,480,original_local_path,Local evidence artifact not distributed; reference keys and printed scientific claims preserved
rawdog_references.csv,481,filename,Local evidence artifact not distributed; reference keys and printed scientific claims preserved
rawdog_references.csv,481,local_path,Local evidence artifact not distributed; reference keys and printed scientific claims preserved
rawdog_references.csv,481,original_local_path,Local evidence artifact not distributed; reference keys and printed scientific claims preserved
rawdog_references.csv,483,filename,Local evidence artifact not distributed; reference keys and printed scientific claims preserved
rawdog_references.csv,483,local_path,Local evidence artifact not distributed; reference keys and printed scientific claims preserved
rawdog_references.csv,483,original_local_path,Local evidence artifact not distributed; reference keys and printed scientific claims preserved
rawdog_references.csv,484,filename,Local evidence artifact not distributed; reference keys and printed scientific claims preserved
rawdog_references.csv,484,local_path,Local evidence artifact not distributed; reference keys and printed scientific claims preserved
rawdog_references.csv,484,original_local_path,Local evidence artifact not distributed; reference keys and printed scientific claims preserved
rawdog_references.csv,485,filename,Local evidence artifact not distributed; reference keys and printed scientific claims preserved
rawdog_references.csv,485,local_path,Local evidence artifact not distributed; reference keys and printed scientific claims preserved
rawdog_references.csv,485,note,Local evidence artifact not distributed; reference keys and printed scientific claims preserved
rawdog_references.csv,485,original_local_path,Local evidence artifact not distributed; reference keys and printed scientific claims preserved
rawdog_references.csv,486,filename,Local evidence artifact not distributed; reference keys and printed scientific claims preserved
rawdog_references.csv,486,local_path,Local evidence artifact not distributed; reference keys and printed scientific claims preserved
rawdog_references.csv,486,original_local_path,Local evidence artifact not distributed; reference keys and printed scientific claims preserved
rawdog_references.csv,487,filename,Local evidence artifact not distributed; reference keys and printed scientific claims preserved
rawdog_references.csv,487,local_path,Local evidence artifact not distributed; reference keys and printed scientific claims preserved
rawdog_references.csv,487,note,Local evidence artifact not distributed; reference keys and printed scientific claims preserved
rawdog_references.csv,487,original_local_path,Local evidence artifact not distributed; reference keys and printed scientific claims preserved
rawdog_references.csv,488,filename,Local evidence artifact not distributed; reference keys and printed scientific claims preserved
rawdog_references.csv,488,local_path,Local evidence artifact not distributed; reference keys and printed scientific claims preserved
rawdog_references.csv,488,note,Local evidence artifact not distributed; reference keys and printed scientific claims preserved
rawdog_references.csv,488,original_local_path,Local evidence artifact not distributed; reference keys and printed scientific claims preserved
rawdog_references.csv,489,filename,Local evidence artifact not distributed; reference keys and printed scientific claims preserved
rawdog_references.csv,489,original_local_path,Local evidence artifact not distributed; reference keys and printed scientific claims preserved
rawdog_references.csv,490,filename,Local evidence artifact not distributed; reference keys and printed scientific claims preserved
rawdog_references.csv,491,filename,Local evidence artifact not distributed; reference keys and printed scientific claims preserved
rawdog_references.csv,491,local_path,Local evidence artifact not distributed; reference keys and printed scientific claims preserved
rawdog_references.csv,491,original_local_path,Local evidence artifact not distributed; reference keys and printed scientific claims preserved
rawdog_references.csv,492,filename,Local evidence artifact not distributed; reference keys and printed scientific claims preserved
rawdog_references.csv,493,filename,Local evidence artifact not distributed; reference keys and printed scientific claims preserved
rawdog_references.csv,497,original_stable_link,Local evidence artifact not distributed; reference keys and printed scientific claims preserved
rawdog_references.csv,498,note,Local evidence artifact not distributed; reference keys and printed scientific claims preserved
rawdog_references.csv,500,filename,Local evidence artifact not distributed; reference keys and printed scientific claims preserved
rawdog_references.csv,500,local_path,Local evidence artifact not distributed; reference keys and printed scientific claims preserved
rawdog_references.csv,500,original_local_path,Local evidence artifact not distributed; reference keys and printed scientific claims preserved
rawdog_references.csv,501,filename,Local evidence artifact not distributed; reference keys and printed scientific claims preserved
rawdog_references.csv,501,local_path,Local evidence artifact not distributed; reference keys and printed scientific claims preserved
rawdog_references.csv,501,original_local_path,Local evidence artifact not distributed; reference keys and printed scientific claims preserved
rawdog_references.csv,502,filename,Local evidence artifact not distributed; reference keys and printed scientific claims preserved
rawdog_references.csv,503,filename,Local evidence artifact not distributed; reference keys and printed scientific claims preserved
rawdog_references.csv,503,local_path,Local evidence artifact not distributed; reference keys and printed scientific claims preserved
rawdog_references.csv,503,original_local_path,Local evidence artifact not distributed; reference keys and printed scientific claims preserved
rawdog_references.csv,504,filename,Local evidence artifact not distributed; reference keys and printed scientific claims preserved
rawdog_references.csv,504,local_path,Local evidence artifact not distributed; reference keys and printed scientific claims preserved
rawdog_references.csv,504,original_local_path,Local evidence artifact not distributed; reference keys and printed scientific claims preserved
rawdog_references.csv,505,filename,Local evidence artifact not distributed; reference keys and printed scientific claims preserved
rawdog_references.csv,506,filename,Local evidence artifact not distributed; reference keys and printed scientific claims preserved
rawdog_references.csv,506,local_path,Local evidence artifact not distributed; reference keys and printed scientific claims preserved
rawdog_references.csv,506,original_local_path,Local evidence artifact not distributed; reference keys and printed scientific claims preserved
rawdog_references.csv,507,filename,Local evidence artifact not distributed; reference keys and printed scientific claims preserved
rawdog_references.csv,507,local_path,Local evidence artifact not distributed; reference keys and printed scientific claims preserved
rawdog_references.csv,507,original_local_path,Local evidence artifact not distributed; reference keys and printed scientific claims preserved
rawdog_references.csv,508,filename,Local evidence artifact not distributed; reference keys and printed scientific claims preserved
rawdog_references.csv,508,local_path,Local evidence artifact not distributed; reference keys and printed scientific claims preserved
rawdog_references.csv,508,original_local_path,Local evidence artifact not distributed; reference keys and printed scientific claims preserved
rawdog_references.csv,509,filename,Local evidence artifact not distributed; reference keys and printed scientific claims preserved
rawdog_references.csv,509,local_path,Local evidence artifact not distributed; reference keys and printed scientific claims preserved
rawdog_references.csv,509,original_local_path,Local evidence artifact not distributed; reference keys and printed scientific claims preserved
rawdog_references.csv,511,filename,Local evidence artifact not distributed; reference keys and printed scientific claims preserved
rawdog_references.csv,511,local_path,Local evidence artifact not distributed; reference keys and printed scientific claims preserved
rawdog_references.csv,511,original_local_path,Local evidence artifact not distributed; reference keys and printed scientific claims preserved
rawdog_references.csv,512,filename,Local evidence artifact not distributed; reference keys and printed scientific claims preserved
rawdog_references.csv,512,local_path,Local evidence artifact not distributed; reference keys and printed scientific claims preserved
rawdog_references.csv,512,original_local_path,Local evidence artifact not distributed; reference keys and printed scientific claims preserved
rawdog_references.csv,513,filename,Local evidence artifact not distributed; reference keys and printed scientific claims preserved
rawdog_references.csv,513,local_path,Local evidence artifact not distributed; reference keys and printed scientific claims preserved
rawdog_references.csv,513,original_local_path,Local evidence artifact not distributed; reference keys and printed scientific claims preserved
rawdog_references.csv,514,filename,Local evidence artifact not distributed; reference keys and printed scientific claims preserved
rawdog_references.csv,514,local_path,Local evidence artifact not distributed; reference keys and printed scientific claims preserved
rawdog_references.csv,514,original_local_path,Local evidence artifact not distributed; reference keys and printed scientific claims preserved
rawdog_references.csv,515,filename,Local evidence artifact not distributed; reference keys and printed scientific claims preserved
rawdog_references.csv,515,local_path,Local evidence artifact not distributed; reference keys and printed scientific claims preserved
rawdog_references.csv,515,original_local_path,Local evidence artifact not distributed; reference keys and printed scientific claims preserved
rawdog_references.csv,516,filename,Local evidence artifact not distributed; reference keys and printed scientific claims preserved
rawdog_references.csv,516,local_path,Local evidence artifact not distributed; reference keys and printed scientific claims preserved
rawdog_references.csv,516,original_local_path,Local evidence artifact not distributed; reference keys and printed scientific claims preserved
rawdog_references.csv,517,filename,Local evidence artifact not distributed; reference keys and printed scientific claims preserved
rawdog_references.csv,517,local_path,Local evidence artifact not distributed; reference keys and printed scientific claims preserved
rawdog_references.csv,517,original_local_path,Local evidence artifact not distributed; reference keys and printed scientific claims preserved
rawdog_references.csv,518,filename,Local evidence artifact not distributed; reference keys and printed scientific claims preserved
rawdog_references.csv,518,local_path,Local evidence artifact not distributed; reference keys and printed scientific claims preserved
rawdog_references.csv,518,original_local_path,Local evidence artifact not distributed; reference keys and printed scientific claims preserved
rawdog_references.csv,519,filename,Local evidence artifact not distributed; reference keys and printed scientific claims preserved
rawdog_references.csv,519,local_path,Local evidence artifact not distributed; reference keys and printed scientific claims preserved
rawdog_references.csv,519,original_local_path,Local evidence artifact not distributed; reference keys and printed scientific claims preserved
rawdog_references.csv,520,filename,Local evidence artifact not distributed; reference keys and printed scientific claims preserved
rawdog_references.csv,520,local_path,Local evidence artifact not distributed; reference keys and printed scientific claims preserved
rawdog_references.csv,520,original_local_path,Local evidence artifact not distributed; reference keys and printed scientific claims preserved
rawdog_references.csv,521,filename,Local evidence artifact not distributed; reference keys and printed scientific claims preserved
rawdog_references.csv,521,local_path,Local evidence artifact not distributed; reference keys and printed scientific claims preserved
rawdog_references.csv,521,original_local_path,Local evidence artifact not distributed; reference keys and printed scientific claims preserved
rawdog_references.csv,523,filename,Local evidence artifact not distributed; reference keys and printed scientific claims preserved
rawdog_references.csv,523,local_path,Local evidence artifact not distributed; reference keys and printed scientific claims preserved
rawdog_references.csv,523,original_local_path,Local evidence artifact not distributed; reference keys and printed scientific claims preserved
rawdog_references.csv,524,filename,Local evidence artifact not distributed; reference keys and printed scientific claims preserved
rawdog_references.csv,524,local_path,Local evidence artifact not distributed; reference keys and printed scientific claims preserved
rawdog_references.csv,524,original_local_path,Local evidence artifact not distributed; reference keys and printed scientific claims preserved
rawdog_references.csv,525,filename,Local evidence artifact not distributed; reference keys and printed scientific claims preserved
rawdog_references.csv,525,local_path,Local evidence artifact not distributed; reference keys and printed scientific claims preserved
rawdog_references.csv,525,original_local_path,Local evidence artifact not distributed; reference keys and printed scientific claims preserved
rawdog_references.csv,526,filename,Local evidence artifact not distributed; reference keys and printed scientific claims preserved
rawdog_references.csv,526,local_path,Local evidence artifact not distributed; reference keys and printed scientific claims preserved
rawdog_references.csv,526,original_local_path,Local evidence artifact not distributed; reference keys and printed scientific claims preserved
rawdog_references.csv,527,filename,Local evidence artifact not distributed; reference keys and printed scientific claims preserved
rawdog_references.csv,527,local_path,Local evidence artifact not distributed; reference keys and printed scientific claims preserved
rawdog_references.csv,527,original_local_path,Local evidence artifact not distributed; reference keys and printed scientific claims preserved
rawdog_references.csv,528,filename,Local evidence artifact not distributed; reference keys and printed scientific claims preserved
rawdog_references.csv,528,local_path,Local evidence artifact not distributed; reference keys and printed scientific claims preserved
rawdog_references.csv,528,original_local_path,Local evidence artifact not distributed; reference keys and printed scientific claims preserved
rawdog_references.csv,529,filename,Local evidence artifact not distributed; reference keys and printed scientific claims preserved
rawdog_references.csv,529,local_path,Local evidence artifact not distributed; reference keys and printed scientific claims preserved
rawdog_references.csv,529,original_local_path,Local evidence artifact not distributed; reference keys and printed scientific claims preserved
rawdog_references.csv,530,filename,Local evidence artifact not distributed; reference keys and printed scientific claims preserved
rawdog_references.csv,530,local_path,Local evidence artifact not distributed; reference keys and printed scientific claims preserved
rawdog_references.csv,530,original_local_path,Local evidence artifact not distributed; reference keys and printed scientific claims preserved
rawdog_references.csv,531,filename,Local evidence artifact not distributed; reference keys and printed scientific claims preserved
rawdog_references.csv,531,local_path,Local evidence artifact not distributed; reference keys and printed scientific claims preserved
rawdog_references.csv,531,original_local_path,Local evidence artifact not distributed; reference keys and printed scientific claims preserved
rawdog_references.csv,532,filename,Local evidence artifact not distributed; reference keys and printed scientific claims preserved
rawdog_references.csv,532,local_path,Local evidence artifact not distributed; reference keys and printed scientific claims preserved
rawdog_references.csv,532,original_local_path,Local evidence artifact not distributed; reference keys and printed scientific claims preserved
rawdog_references.csv,533,filename,Local evidence artifact not distributed; reference keys and printed scientific claims preserved
rawdog_references.csv,533,local_path,Local evidence artifact not distributed; reference keys and printed scientific claims preserved
rawdog_references.csv,533,original_local_path,Local evidence artifact not distributed; reference keys and printed scientific claims preserved
rawdog_references.csv,534,filename,Local evidence artifact not distributed; reference keys and printed scientific claims preserved
rawdog_references.csv,534,local_path,Local evidence artifact not distributed; reference keys and printed scientific claims preserved
rawdog_references.csv,534,original_local_path,Local evidence artifact not distributed; reference keys and printed scientific claims preserved
rawdog_references.csv,535,filename,Local evidence artifact not distributed; reference keys and printed scientific claims preserved
rawdog_references.csv,535,local_path,Local evidence artifact not distributed; reference keys and printed scientific claims preserved
rawdog_references.csv,535,original_local_path,Local evidence artifact not distributed; reference keys and printed scientific claims preserved
rawdog_references.csv,536,filename,Local evidence artifact not distributed; reference keys and printed scientific claims preserved
rawdog_references.csv,536,local_path,Local evidence artifact not distributed; reference keys and printed scientific claims preserved
rawdog_references.csv,536,original_local_path,Local evidence artifact not distributed; reference keys and printed scientific claims preserved
rawdog_references.csv,537,filename,Local evidence artifact not distributed; reference keys and printed scientific claims preserved
rawdog_references.csv,537,local_path,Local evidence artifact not distributed; reference keys and printed scientific claims preserved
rawdog_references.csv,537,original_local_path,Local evidence artifact not distributed; reference keys and printed scientific claims preserved
rawdog_references.csv,538,filename,Local evidence artifact not distributed; reference keys and printed scientific claims preserved
rawdog_references.csv,538,local_path,Local evidence artifact not distributed; reference keys and printed scientific claims preserved
rawdog_references.csv,538,original_local_path,Local evidence artifact not distributed; reference keys and printed scientific claims preserved
rawdog_references.csv,539,filename,Local evidence artifact not distributed; reference keys and printed scientific claims preserved
rawdog_references.csv,539,local_path,Local evidence artifact not distributed; reference keys and printed scientific claims preserved
rawdog_references.csv,539,original_local_path,Local evidence artifact not distributed; reference keys and printed scientific claims preserved
rawdog_references.csv,540,local_path,Local evidence artifact not distributed; reference keys and printed scientific claims preserved
rawdog_references.csv,540,original_local_path,Local evidence artifact not distributed; reference keys and printed scientific claims preserved
rawdog_references.csv,541,local_path,Local evidence artifact not distributed; reference keys and printed scientific claims preserved
rawdog_references.csv,541,original_local_path,Local evidence artifact not distributed; reference keys and printed scientific claims preserved
rawdog_references.csv,542,local_path,Local evidence artifact not distributed; reference keys and printed scientific claims preserved
rawdog_references.csv,542,original_local_path,Local evidence artifact not distributed; reference keys and printed scientific claims preserved
rawdog_references.csv,543,local_path,Local evidence artifact not distributed; reference keys and printed scientific claims preserved
rawdog_references.csv,543,original_local_path,Local evidence artifact not distributed; reference keys and printed scientific claims preserved
rawdog_references.csv,544,local_path,Local evidence artifact not distributed; reference keys and printed scientific claims preserved
rawdog_references.csv,544,original_local_path,Local evidence artifact not distributed; reference keys and printed scientific claims preserved
rawdog_references.csv,545,local_path,Local evidence artifact not distributed; reference keys and printed scientific claims preserved
rawdog_references.csv,545,original_local_path,Local evidence artifact not distributed; reference keys and printed scientific claims preserved
rawdog_references.csv,546,local_path,Local evidence artifact not distributed; reference keys and printed scientific claims preserved
rawdog_references.csv,546,original_local_path,Local evidence artifact not distributed; reference keys and printed scientific claims preserved
rawdog_references.csv,547,filename,Local evidence artifact not distributed; reference keys and printed scientific claims preserved
rawdog_references.csv,547,local_path,Local evidence artifact not distributed; reference keys and printed scientific claims preserved
rawdog_references.csv,547,original_local_path,Local evidence artifact not distributed; reference keys and printed scientific claims preserved
rawdog_references.csv,548,filename,Local evidence artifact not distributed; reference keys and printed scientific claims preserved
rawdog_references.csv,548,local_path,Local evidence artifact not distributed; reference keys and printed scientific claims preserved
rawdog_references.csv,548,original_local_path,Local evidence artifact not distributed; reference keys and printed scientific claims preserved
rawdog_references.csv,550,local_path,Local evidence artifact not distributed; reference keys and printed scientific claims preserved
rawdog_references.csv,550,original_local_path,Local evidence artifact not distributed; reference keys and printed scientific claims preserved
rawdog_references.csv,551,local_path,Local evidence artifact not distributed; reference keys and printed scientific claims preserved
rawdog_references.csv,551,original_local_path,Local evidence artifact not distributed; reference keys and printed scientific claims preserved
rawdog_references.csv,552,local_path,Local evidence artifact not distributed; reference keys and printed scientific claims preserved
rawdog_references.csv,552,original_local_path,Local evidence artifact not distributed; reference keys and printed scientific claims preserved
rawdog_references.csv,553,local_path,Local evidence artifact not distributed; reference keys and printed scientific claims preserved
rawdog_references.csv,553,original_local_path,Local evidence artifact not distributed; reference keys and printed scientific claims preserved
rawdog_references.csv,554,local_path,Local evidence artifact not distributed; reference keys and printed scientific claims preserved
rawdog_references.csv,554,original_local_path,Local evidence artifact not distributed; reference keys and printed scientific claims preserved
rawdog_references.csv,555,local_path,Local evidence artifact not distributed; reference keys and printed scientific claims preserved
rawdog_references.csv,555,original_local_path,Local evidence artifact not distributed; reference keys and printed scientific claims preserved
rawdog_references.csv,556,local_path,Local evidence artifact not distributed; reference keys and printed scientific claims preserved
rawdog_references.csv,556,original_local_path,Local evidence artifact not distributed; reference keys and printed scientific claims preserved
rawdog_references.csv,557,local_path,Local evidence artifact not distributed; reference keys and printed scientific claims preserved
rawdog_references.csv,557,original_local_path,Local evidence artifact not distributed; reference keys and printed scientific claims preserved
rawdog_references.csv,558,filename,Local evidence artifact not distributed; reference keys and printed scientific claims preserved
rawdog_references.csv,558,local_path,Local evidence artifact not distributed; reference keys and printed scientific claims preserved
rawdog_references.csv,558,original_local_path,Local evidence artifact not distributed; reference keys and printed scientific claims preserved
rawdog_references.csv,559,filename,Local evidence artifact not distributed; reference keys and printed scientific claims preserved
rawdog_references.csv,559,local_path,Local evidence artifact not distributed; reference keys and printed scientific claims preserved
rawdog_references.csv,559,original_local_path,Local evidence artifact not distributed; reference keys and printed scientific claims preserved
rawdog_references.csv,560,local_path,Local evidence artifact not distributed; reference keys and printed scientific claims preserved
rawdog_references.csv,560,original_local_path,Local evidence artifact not distributed; reference keys and printed scientific claims preserved
rawdog_references.csv,561,filename,Local evidence artifact not distributed; reference keys and printed scientific claims preserved
rawdog_references.csv,561,local_path,Local evidence artifact not distributed; reference keys and printed scientific claims preserved
rawdog_references.csv,561,original_local_path,Local evidence artifact not distributed; reference keys and printed scientific claims preserved
rawdog_references.csv,562,local_path,Local evidence artifact not distributed; reference keys and printed scientific claims preserved
rawdog_references.csv,562,original_local_path,Local evidence artifact not distributed; reference keys and printed scientific claims preserved
rawdog_references.csv,563,local_path,Local evidence artifact not distributed; reference keys and printed scientific claims preserved
rawdog_references.csv,563,original_local_path,Local evidence artifact not distributed; reference keys and printed scientific claims preserved
rawdog_references.csv,564,local_path,Local evidence artifact not distributed; reference keys and printed scientific claims preserved
rawdog_references.csv,564,original_local_path,Local evidence artifact not distributed; reference keys and printed scientific claims preserved
rawdog_references.csv,565,local_path,Local evidence artifact not distributed; reference keys and printed scientific claims preserved
rawdog_references.csv,565,original_local_path,Local evidence artifact not distributed; reference keys and printed scientific claims preserved
rawdog_references.csv,566,local_path,Local evidence artifact not distributed; reference keys and printed scientific claims preserved
rawdog_references.csv,566,original_local_path,Local evidence artifact not distributed; reference keys and printed scientific claims preserved
rawdog_references.csv,567,local_path,Local evidence artifact not distributed; reference keys and printed scientific claims preserved
rawdog_references.csv,567,original_local_path,Local evidence artifact not distributed; reference keys and printed scientific claims preserved
rawdog_references.csv,571,local_path,Local evidence artifact not distributed; reference keys and printed scientific claims preserved
rawdog_references.csv,571,original_local_path,Local evidence artifact not distributed; reference keys and printed scientific claims preserved
rawdog_references.csv,572,local_path,Local evidence artifact not distributed; reference keys and printed scientific claims preserved
rawdog_references.csv,572,original_local_path,Local evidence artifact not distributed; reference keys and printed scientific claims preserved
rawdog_references.csv,573,local_path,Local evidence artifact not distributed; reference keys and printed scientific claims preserved
rawdog_references.csv,573,original_local_path,Local evidence artifact not distributed; reference keys and printed scientific claims preserved
rawdog_references.csv,574,filename,Local evidence artifact not distributed; reference keys and printed scientific claims preserved
rawdog_references.csv,574,local_path,Local evidence artifact not distributed; reference keys and printed scientific claims preserved
rawdog_references.csv,574,original_local_path,Local evidence artifact not distributed; reference keys and printed scientific claims preserved
rawdog_references.csv,575,filename,Local evidence artifact not distributed; reference keys and printed scientific claims preserved
rawdog_references.csv,575,local_path,Local evidence artifact not distributed; reference keys and printed scientific claims preserved
rawdog_references.csv,575,original_local_path,Local evidence artifact not distributed; reference keys and printed scientific claims preserved
rawdog_references.csv,576,note,Local evidence artifact not distributed; reference keys and printed scientific claims preserved
rawdog_references.csv,577,filename,Local evidence artifact not distributed; reference keys and printed scientific claims preserved
rawdog_references.csv,577,local_path,Local evidence artifact not distributed; reference keys and printed scientific claims preserved
rawdog_references.csv,577,original_local_path,Local evidence artifact not distributed; reference keys and printed scientific claims preserved
rawdog_references.csv,578,filename,Local evidence artifact not distributed; reference keys and printed scientific claims preserved
rawdog_references.csv,578,local_path,Local evidence artifact not distributed; reference keys and printed scientific claims preserved
rawdog_references.csv,578,original_local_path,Local evidence artifact not distributed; reference keys and printed scientific claims preserved
rawdog_references.csv,579,filename,Local evidence artifact not distributed; reference keys and printed scientific claims preserved
rawdog_references.csv,579,local_path,Local evidence artifact not distributed; reference keys and printed scientific claims preserved
rawdog_references.csv,579,original_local_path,Local evidence artifact not distributed; reference keys and printed scientific claims preserved
rawdog_references.csv,580,filename,Local evidence artifact not distributed; reference keys and printed scientific claims preserved
rawdog_references.csv,580,local_path,Local evidence artifact not distributed; reference keys and printed scientific claims preserved
rawdog_references.csv,580,original_local_path,Local evidence artifact not distributed; reference keys and printed scientific claims preserved
rawdog_references.csv,581,filename,Local evidence artifact not distributed; reference keys and printed scientific claims preserved
rawdog_references.csv,581,local_path,Local evidence artifact not distributed; reference keys and printed scientific claims preserved
rawdog_references.csv,581,original_local_path,Local evidence artifact not distributed; reference keys and printed scientific claims preserved
rawdog_references.csv,582,filename,Local evidence artifact not distributed; reference keys and printed scientific claims preserved
rawdog_references.csv,582,local_path,Local evidence artifact not distributed; reference keys and printed scientific claims preserved
rawdog_references.csv,582,original_local_path,Local evidence artifact not distributed; reference keys and printed scientific claims preserved
rawdog_references.csv,583,filename,Local evidence artifact not distributed; reference keys and printed scientific claims preserved
rawdog_references.csv,583,local_path,Local evidence artifact not distributed; reference keys and printed scientific claims preserved
rawdog_references.csv,583,original_local_path,Local evidence artifact not distributed; reference keys and printed scientific claims preserved
rawdog_references.csv,584,filename,Local evidence artifact not distributed; reference keys and printed scientific claims preserved
rawdog_references.csv,584,local_path,Local evidence artifact not distributed; reference keys and printed scientific claims preserved
rawdog_references.csv,584,original_local_path,Local evidence artifact not distributed; reference keys and printed scientific claims preserved
rawdog_references.csv,587,filename,Local evidence artifact not distributed; reference keys and printed scientific claims preserved
rawdog_references.csv,587,local_path,Local evidence artifact not distributed; reference keys and printed scientific claims preserved
rawdog_references.csv,587,original_local_path,Local evidence artifact not distributed; reference keys and printed scientific claims preserved
rawdog_references.csv,589,filename,Local evidence artifact not distributed; reference keys and printed scientific claims preserved
rawdog_references.csv,589,local_path,Local evidence artifact not distributed; reference keys and printed scientific claims preserved
rawdog_references.csv,589,original_local_path,Local evidence artifact not distributed; reference keys and printed scientific claims preserved
rawdog_references.csv,592,filename,Local evidence artifact not distributed; reference keys and printed scientific claims preserved
rawdog_references.csv,592,local_path,Local evidence artifact not distributed; reference keys and printed scientific claims preserved
rawdog_references.csv,592,original_local_path,Local evidence artifact not distributed; reference keys and printed scientific claims preserved
rawdog_references.csv,593,filename,Local evidence artifact not distributed; reference keys and printed scientific claims preserved
rawdog_references.csv,593,local_path,Local evidence artifact not distributed; reference keys and printed scientific claims preserved
rawdog_references.csv,593,original_local_path,Local evidence artifact not distributed; reference keys and printed scientific claims preserved
rawdog_references.csv,595,local_path,Local evidence artifact not distributed; reference keys and printed scientific claims preserved
rawdog_references.csv,595,original_local_path,Local evidence artifact not distributed; reference keys and printed scientific claims preserved
rawdog_references.csv,596,local_path,Local evidence artifact not distributed; reference keys and printed scientific claims preserved
rawdog_references.csv,596,original_local_path,Local evidence artifact not distributed; reference keys and printed scientific claims preserved
rawdog_references.csv,596,original_download_url,Local evidence artifact not distributed; reference keys and printed scientific claims preserved
rawdog_references.csv,597,local_path,Local evidence artifact not distributed; reference keys and printed scientific claims preserved
rawdog_references.csv,597,original_local_path,Local evidence artifact not distributed; reference keys and printed scientific claims preserved
rawdog_references.csv,598,local_path,Local evidence artifact not distributed; reference keys and printed scientific claims preserved
rawdog_references.csv,598,original_local_path,Local evidence artifact not distributed; reference keys and printed scientific claims preserved
rawdog_references.csv,599,local_path,Local evidence artifact not distributed; reference keys and printed scientific claims preserved
rawdog_references.csv,599,original_local_path,Local evidence artifact not distributed; reference keys and printed scientific claims preserved
rawdog_references.csv,602,local_path,Local evidence artifact not distributed; reference keys and printed scientific claims preserved
rawdog_references.csv,602,original_local_path,Local evidence artifact not distributed; reference keys and printed scientific claims preserved
rawdog_references.csv,603,local_path,Local evidence artifact not distributed; reference keys and printed scientific claims preserved
rawdog_references.csv,603,original_local_path,Local evidence artifact not distributed; reference keys and printed scientific claims preserved
rawdog_references.csv,604,local_path,Local evidence artifact not distributed; reference keys and printed scientific claims preserved
rawdog_references.csv,604,original_local_path,Local evidence artifact not distributed; reference keys and printed scientific claims preserved
rawdog_references.csv,605,local_path,Local evidence artifact not distributed; reference keys and printed scientific claims preserved
rawdog_references.csv,605,original_local_path,Local evidence artifact not distributed; reference keys and printed scientific claims preserved
rawdog_references.csv,606,local_path,Local evidence artifact not distributed; reference keys and printed scientific claims preserved
rawdog_references.csv,606,original_local_path,Local evidence artifact not distributed; reference keys and printed scientific claims preserved
rawdog_references.csv,607,original_local_path,Local evidence artifact not distributed; reference keys and printed scientific claims preserved
rawdog_references.csv,608,original_local_path,Local evidence artifact not distributed; reference keys and printed scientific claims preserved
rawdog_references.csv,609,local_path,Local evidence artifact not distributed; reference keys and printed scientific claims preserved
rawdog_references.csv,609,original_local_path,Local evidence artifact not distributed; reference keys and printed scientific claims preserved
rawdog_references.csv,610,local_path,Local evidence artifact not distributed; reference keys and printed scientific claims preserved
rawdog_references.csv,610,original_local_path,Local evidence artifact not distributed; reference keys and printed scientific claims preserved
rawdog_references.csv,611,local_path,Local evidence artifact not distributed; reference keys and printed scientific claims preserved
rawdog_references.csv,611,original_local_path,Local evidence artifact not distributed; reference keys and printed scientific claims preserved
rawdog_references.csv,612,original_local_path,Local evidence artifact not distributed; reference keys and printed scientific claims preserved
rawdog_references.csv,613,filename,Local evidence artifact not distributed; reference keys and printed scientific claims preserved
rawdog_references.csv,613,local_path,Local evidence artifact not distributed; reference keys and printed scientific claims preserved
rawdog_references.csv,613,original_local_path,Local evidence artifact not distributed; reference keys and printed scientific claims preserved
rawdog_references.csv,614,filename,Local evidence artifact not distributed; reference keys and printed scientific claims preserved
rawdog_references.csv,614,local_path,Local evidence artifact not distributed; reference keys and printed scientific claims preserved
rawdog_references.csv,614,original_local_path,Local evidence artifact not distributed; reference keys and printed scientific claims preserved
rawdog_references.csv,615,filename,Local evidence artifact not distributed; reference keys and printed scientific claims preserved
rawdog_references.csv,615,local_path,Local evidence artifact not distributed; reference keys and printed scientific claims preserved
rawdog_references.csv,615,original_local_path,Local evidence artifact not distributed; reference keys and printed scientific claims preserved
rawdog_references.csv,616,filename,Local evidence artifact not distributed; reference keys and printed scientific claims preserved
rawdog_references.csv,616,local_path,Local evidence artifact not distributed; reference keys and printed scientific claims preserved
rawdog_references.csv,616,original_local_path,Local evidence artifact not distributed; reference keys and printed scientific claims preserved
rawdog_references.csv,617,filename,Local evidence artifact not distributed; reference keys and printed scientific claims preserved
rawdog_references.csv,617,local_path,Local evidence artifact not distributed; reference keys and printed scientific claims preserved
rawdog_references.csv,617,original_local_path,Local evidence artifact not distributed; reference keys and printed scientific claims preserved
rawdog_references.csv,618,filename,Local evidence artifact not distributed; reference keys and printed scientific claims preserved
rawdog_references.csv,618,local_path,Local evidence artifact not distributed; reference keys and printed scientific claims preserved
rawdog_references.csv,618,original_local_path,Local evidence artifact not distributed; reference keys and printed scientific claims preserved
rawdog_references.csv,619,filename,Local evidence artifact not distributed; reference keys and printed scientific claims preserved
rawdog_references.csv,619,local_path,Local evidence artifact not distributed; reference keys and printed scientific claims preserved
rawdog_references.csv,619,original_local_path,Local evidence artifact not distributed; reference keys and printed scientific claims preserved
rawdog_references.csv,620,filename,Local evidence artifact not distributed; reference keys and printed scientific claims preserved
rawdog_references.csv,620,local_path,Local evidence artifact not distributed; reference keys and printed scientific claims preserved
rawdog_references.csv,620,original_local_path,Local evidence artifact not distributed; reference keys and printed scientific claims preserved
rawdog_references.csv,621,filename,Local evidence artifact not distributed; reference keys and printed scientific claims preserved
rawdog_references.csv,621,local_path,Local evidence artifact not distributed; reference keys and printed scientific claims preserved
rawdog_references.csv,621,original_local_path,Local evidence artifact not distributed; reference keys and printed scientific claims preserved
rawdog_references.csv,622,filename,Local evidence artifact not distributed; reference keys and printed scientific claims preserved
rawdog_references.csv,622,local_path,Local evidence artifact not distributed; reference keys and printed scientific claims preserved
rawdog_references.csv,622,original_local_path,Local evidence artifact not distributed; reference keys and printed scientific claims preserved
rawdog_references.csv,624,filename,Local evidence artifact not distributed; reference keys and printed scientific claims preserved
rawdog_references.csv,624,local_path,Local evidence artifact not distributed; reference keys and printed scientific claims preserved
rawdog_references.csv,624,original_local_path,Local evidence artifact not distributed; reference keys and printed scientific claims preserved
rawdog_references.csv,625,filename,Local evidence artifact not distributed; reference keys and printed scientific claims preserved
rawdog_references.csv,625,local_path,Local evidence artifact not distributed; reference keys and printed scientific claims preserved
rawdog_references.csv,625,original_local_path,Local evidence artifact not distributed; reference keys and printed scientific claims preserved
rawdog_references.csv,626,filename,Local evidence artifact not distributed; reference keys and printed scientific claims preserved
rawdog_references.csv,626,local_path,Local evidence artifact not distributed; reference keys and printed scientific claims preserved
rawdog_references.csv,626,original_local_path,Local evidence artifact not distributed; reference keys and printed scientific claims preserved
rawdog_references.csv,627,filename,Local evidence artifact not distributed; reference keys and printed scientific claims preserved
rawdog_references.csv,627,local_path,Local evidence artifact not distributed; reference keys and printed scientific claims preserved
rawdog_references.csv,627,original_local_path,Local evidence artifact not distributed; reference keys and printed scientific claims preserved
rawdog_references.csv,637,filename,Local evidence artifact not distributed; reference keys and printed scientific claims preserved
rawdog_references.csv,637,local_path,Local evidence artifact not distributed; reference keys and printed scientific claims preserved
rawdog_references.csv,637,original_local_path,Local evidence artifact not distributed; reference keys and printed scientific claims preserved
rawdog_references.csv,638,filename,Local evidence artifact not distributed; reference keys and printed scientific claims preserved
rawdog_references.csv,638,local_path,Local evidence artifact not distributed; reference keys and printed scientific claims preserved
rawdog_references.csv,638,original_local_path,Local evidence artifact not distributed; reference keys and printed scientific claims preserved
rawdog_references.csv,639,filename,Local evidence artifact not distributed; reference keys and printed scientific claims preserved
rawdog_references.csv,639,local_path,Local evidence artifact not distributed; reference keys and printed scientific claims preserved
rawdog_references.csv,639,original_local_path,Local evidence artifact not distributed; reference keys and printed scientific claims preserved
rawdog_references.csv,640,filename,Local evidence artifact not distributed; reference keys and printed scientific claims preserved
rawdog_references.csv,640,local_path,Local evidence artifact not distributed; reference keys and printed scientific claims preserved
rawdog_references.csv,640,original_local_path,Local evidence artifact not distributed; reference keys and printed scientific claims preserved
rawdog_references.csv,641,filename,Local evidence artifact not distributed; reference keys and printed scientific claims preserved
rawdog_references.csv,641,local_path,Local evidence artifact not distributed; reference keys and printed scientific claims preserved
rawdog_references.csv,641,original_local_path,Local evidence artifact not distributed; reference keys and printed scientific claims preserved
rawdog_references.csv,642,filename,Local evidence artifact not distributed; reference keys and printed scientific claims preserved
rawdog_references.csv,642,local_path,Local evidence artifact not distributed; reference keys and printed scientific claims preserved
rawdog_references.csv,642,original_local_path,Local evidence artifact not distributed; reference keys and printed scientific claims preserved
rawdog_references.csv,643,filename,Local evidence artifact not distributed; reference keys and printed scientific claims preserved
rawdog_references.csv,643,local_path,Local evidence artifact not distributed; reference keys and printed scientific claims preserved
rawdog_references.csv,643,original_local_path,Local evidence artifact not distributed; reference keys and printed scientific claims preserved
rawdog_references.csv,644,filename,Local evidence artifact not distributed; reference keys and printed scientific claims preserved
rawdog_references.csv,644,local_path,Local evidence artifact not distributed; reference keys and printed scientific claims preserved
rawdog_references.csv,644,original_local_path,Local evidence artifact not distributed; reference keys and printed scientific claims preserved
rawdog_references.csv,645,filename,Local evidence artifact not distributed; reference keys and printed scientific claims preserved
rawdog_references.csv,645,local_path,Local evidence artifact not distributed; reference keys and printed scientific claims preserved
rawdog_references.csv,645,original_local_path,Local evidence artifact not distributed; reference keys and printed scientific claims preserved
rawdog_references.csv,647,filename,Local evidence artifact not distributed; reference keys and printed scientific claims preserved
rawdog_references.csv,647,local_path,Local evidence artifact not distributed; reference keys and printed scientific claims preserved
rawdog_references.csv,647,original_local_path,Local evidence artifact not distributed; reference keys and printed scientific claims preserved
rawdog_references.csv,648,filename,Local evidence artifact not distributed; reference keys and printed scientific claims preserved
rawdog_references.csv,648,local_path,Local evidence artifact not distributed; reference keys and printed scientific claims preserved
rawdog_references.csv,648,original_local_path,Local evidence artifact not distributed; reference keys and printed scientific claims preserved
rawdog_references.csv,649,filename,Local evidence artifact not distributed; reference keys and printed scientific claims preserved
rawdog_references.csv,649,local_path,Local evidence artifact not distributed; reference keys and printed scientific claims preserved
rawdog_references.csv,649,original_local_path,Local evidence artifact not distributed; reference keys and printed scientific claims preserved
rawdog_references.csv,650,filename,Local evidence artifact not distributed; reference keys and printed scientific claims preserved
rawdog_references.csv,650,local_path,Local evidence artifact not distributed; reference keys and printed scientific claims preserved
rawdog_references.csv,650,original_local_path,Local evidence artifact not distributed; reference keys and printed scientific claims preserved
rawdog_references.csv,651,filename,Local evidence artifact not distributed; reference keys and printed scientific claims preserved
rawdog_references.csv,651,local_path,Local evidence artifact not distributed; reference keys and printed scientific claims preserved
rawdog_references.csv,651,original_local_path,Local evidence artifact not distributed; reference keys and printed scientific claims preserved
rawdog_references.csv,652,local_path,Local evidence artifact not distributed; reference keys and printed scientific claims preserved
rawdog_references.csv,652,original_local_path,Local evidence artifact not distributed; reference keys and printed scientific claims preserved
rawdog_references.csv,653,local_path,Local evidence artifact not distributed; reference keys and printed scientific claims preserved
rawdog_references.csv,653,original_local_path,Local evidence artifact not distributed; reference keys and printed scientific claims preserved
rawdog_references.csv,654,local_path,Local evidence artifact not distributed; reference keys and printed scientific claims preserved
rawdog_references.csv,654,original_local_path,Local evidence artifact not distributed; reference keys and printed scientific claims preserved
rawdog_references.csv,655,local_path,Local evidence artifact not distributed; reference keys and printed scientific claims preserved
rawdog_references.csv,655,original_local_path,Local evidence artifact not distributed; reference keys and printed scientific claims preserved
rawdog_references.csv,656,local_path,Local evidence artifact not distributed; reference keys and printed scientific claims preserved
rawdog_references.csv,656,original_local_path,Local evidence artifact not distributed; reference keys and printed scientific claims preserved
rawdog_references.csv,657,local_path,Local evidence artifact not distributed; reference keys and printed scientific claims preserved
rawdog_references.csv,657,original_local_path,Local evidence artifact not distributed; reference keys and printed scientific claims preserved
rawdog_references.csv,658,local_path,Local evidence artifact not distributed; reference keys and printed scientific claims preserved
rawdog_references.csv,658,original_local_path,Local evidence artifact not distributed; reference keys and printed scientific claims preserved
rawdog_references.csv,659,local_path,Local evidence artifact not distributed; reference keys and printed scientific claims preserved
rawdog_references.csv,659,original_local_path,Local evidence artifact not distributed; reference keys and printed scientific claims preserved
rawdog_references.csv,660,local_path,Local evidence artifact not distributed; reference keys and printed scientific claims preserved
rawdog_references.csv,660,original_local_path,Local evidence artifact not distributed; reference keys and printed scientific claims preserved
rawdog_references.csv,661,local_path,Local evidence artifact not distributed; reference keys and printed scientific claims preserved
rawdog_references.csv,661,original_local_path,Local evidence artifact not distributed; reference keys and printed scientific claims preserved
rawdog_references.csv,662,local_path,Local evidence artifact not distributed; reference keys and printed scientific claims preserved
rawdog_references.csv,662,original_local_path,Local evidence artifact not distributed; reference keys and printed scientific claims preserved
rawdog_references.csv,663,filename,Local evidence artifact not distributed; reference keys and printed scientific claims preserved
rawdog_references.csv,663,local_path,Local evidence artifact not distributed; reference keys and printed scientific claims preserved
rawdog_references.csv,663,original_local_path,Local evidence artifact not distributed; reference keys and printed scientific claims preserved
rawdog_references.csv,664,filename,Local evidence artifact not distributed; reference keys and printed scientific claims preserved
rawdog_references.csv,664,local_path,Local evidence artifact not distributed; reference keys and printed scientific claims preserved
rawdog_references.csv,664,original_local_path,Local evidence artifact not distributed; reference keys and printed scientific claims preserved
rawdog_references.csv,665,filename,Local evidence artifact not distributed; reference keys and printed scientific claims preserved
rawdog_references.csv,665,local_path,Local evidence artifact not distributed; reference keys and printed scientific claims preserved
rawdog_references.csv,665,original_local_path,Local evidence artifact not distributed; reference keys and printed scientific claims preserved
rawdog_references.csv,666,filename,Local evidence artifact not distributed; reference keys and printed scientific claims preserved
rawdog_references.csv,666,local_path,Local evidence artifact not distributed; reference keys and printed scientific claims preserved
rawdog_references.csv,666,original_local_path,Local evidence artifact not distributed; reference keys and printed scientific claims preserved
rawdog_references.csv,667,filename,Local evidence artifact not distributed; reference keys and printed scientific claims preserved
rawdog_references.csv,667,local_path,Local evidence artifact not distributed; reference keys and printed scientific claims preserved
rawdog_references.csv,667,original_local_path,Local evidence artifact not distributed; reference keys and printed scientific claims preserved
