source_id,source_name,wd_class,subclass,gaia_dr3_id,review_status,match_status,match_method,simbad_main_id,ra_j2000_deg,dec_j2000_deg,ra_icrs_deg,dec_icrs_deg,gal_l_deg,gal_b_deg,parallax_mas,parallax_err_mas,pmra_mas_yr,pmra_err_mas_yr,pmdec_mas_yr,pmdec_err_mas_yr,g_mag,g_mag_err,bp_mag,bp_mag_err,rp_mag,rp_mag_err,bp_rp_mag,abs_g_mag_no_extinction,ruwe,gaia_teff_k,gaia_teff_lower_k,gaia_teff_upper_k,gaia_dist_pc,gaia_dist_lower_pc,gaia_dist_upper_pc,gaia_ag_mag,gaia_ebp_rp_mag,gaia_query_status,gaia_source_url,catalog_p_orb_h_values,catalog_distance_pc_values,radio_ref_keys,xray_ref_keys,origin_papers,radio_inferred_b_gauss,radio_inferred_b_note,orbital_period_h,orbital_period_ref_keys,wd_spin_period_s,wd_spin_ref_keys,ip_beat_period_s,ip_beat_period_ref_keys,wd_teff_k,wd_teff_ref_keys,wd_mass_msun,wd_mass_ref_keys,wd_magnetic_field_mg,wd_magnetic_field_ref_keys,wd_magnetic_moment_g_cm3,wd_magnetic_moment_ref_keys,wd_b_mean_photospheric_mg,wd_b_pole_mg,wd_b_accretion_region_mg,wd_b_notes,companion_spectral_type,companion_mass_msun,companion_teff_k,companion_ref_keys,physical_properties_notes,human_check_notes,ra_icrs_err_mas,dec_icrs_err_mas,gaia_bp_rp_mag_err,gaia_phot_variable_flag,gaia_duplicated_source,gaia_astrometric_excess_noise_mas,gaia_astrometric_excess_noise_sig,gaia_bp_rp_excess_factor,gaia_visibility_periods_used,gaia_n_good_obs_al
gaia-dr3:5041907811522399488,EQ Cet,magnetic_cv,AM,5041907811522399488,audited_with_unresolved_issues,ok,simbad_name_gaia_dr3,V* EQ Cet,22.218936,-23.662211,22.21913,-23.662367,192.702086,-80.865592,3.5063,0.0876,40.059,0.089,-35.179,0.083,17.56686,0.02839,17.6935,0.11075,16.97476,0.07773,0.71874,10.2911,1.033,,,,,,,,,ok,https://vizier.cds.unistra.fr/viz-bin/VizieR-5?-source=I/355/gaiadr3&Source=5041907811522399488,1.5469,283 (+5/-6),Barrett+20,Evans+20,Schwope+99; Barrett+20; Ridder+23,7530 +/- 365,"Barrett+20 Table 2 estimate for radio-emission region: assumes fundamental (n=1) ECM from the donor-star lower corona and B=nu/(2.8 MHz/G). The +/-365 G reflects half the 20.060-22.108 GHz bandpass, not a statistical uncertainty. Not a WD surface field.",1.5469167 h derived from 92.815 +/- 0.003 min; likely Porb because a polarimetric WD spin period and compatible H-alpha velocity period support synchronism; not an independent orbital clock,Schwope+99; Schwope+02_RBS; Barrett+20; Ridder+23,5568.90 +/- 0.18 (92.815 +/- 0.003 min),Schwope+02_RBS,,,"10000 at 130 pc or about 20000 at >240 pc, model-dependent non-magnetic WD-atmosphere scaling; not a secure photospheric Teff",Schwope+99,0.6 assumed normal WD for atmosphere/cyclotron/accretion estimates; not measured,Schwope+99,36 +/- 1 mean photospheric; 55-60 inferred polar; >=40 pole lower limit,Schwope+99; Schwope+02_RBS; Campbell+08_EQCet,,,36 +/- 1,55-60 model-dependent; >=40 lower limit,"45 +/- 1 MG (low-state hump, Schwope+99); 32 MG (high-state spot 2, Schwope+02_RBS); 33.7 MG alternative low-temperature model (Schwope+02_RBS); 34.0 MG (Campbell+08_EQCet abstract only)","36 +/- 1 MG is mean photospheric field from Zeeman absorption (Schwope+99). 55-60 MG polar field is inferred for dipole/homogeneous-temperature geometry; high-field wings imply pole >=40 MG. Accretion-region values are separate cyclotron-model results: 45 +/-1 MG for the persistent 8000-A low-state hump; high-state moving humps fit 32 MG at kT=10 keV, while the 8000-A hump also admits a 33.7 MG, kT=2 keV alternative. Campbell+08 abstract reports a distinct 34 MG phase-resolved IR model; full article unavailable. These are not averaged.",No obvious secondary detected; M6/Gl406 template assumed for distance lower limit at Porb~90 min,"not measured/found; Schwope+99 only assume Roche-lobe geometry for a 90 min donor, giving log(R2/Rsun)=-0.86","not measured/found; M6 template is an assumption, not a source-specific Teff measurement",Schwope+99,"EQ Cet = 1RXS J012851.9-233931 / RBS0206 is a low-accretion-rate polar. Schwope+99 identify the optical counterpart and report likely orbital periods around 90 min (0.0625 d) or 146 min (0.1 d), with the shorter period favored but not conclusive from the short photometric baseline; the catalog value 1.5469 h is close to the ~90 min solution. Their low-state spectrum is dominated by the magnetic WD, with no obvious mass-donating-secondary feature. The absence of an M-star feature gives d>240 pc if an M6/Gl406 Roche-lobe-filling donor at Porb~90 min contributes at most 80 percent near 9000 A; this is a distance/donor assumption, not a measured donor spectral type, mass, or temperature. WD-atmosphere scaling assumes Mwd=0.6 Msun and Rwd=8e8 cm: a 10000 K WD fits the blue flux at 130 pc but has too steep a slope, while a 20000 K WD is required at 240 pc and gives a worse continuum fit, so phase-resolved data were requested. Zeeman absorption gives a mean photospheric field B=36 +/-1 MG; under dipole/homogeneous-temperature assumptions the polar field is likely 55-60 MG with a lower limit around 40 MG. The single cyclotron hump gives accretion-region B=45 +/-1 MG and plasma temperature kT<2 keV. Barrett+20 radio-inferred 7530 +/-365 G is an emission-region estimate and should not be mixed with the MG WD/accretion-field measurements. Follow-up Schwope+02_RBS resolves the earlier 90/146-min ambiguity for the stable polarimetric modulation: P=92.815 +/- 0.003 min is the WD spin period and is likely the orbit; high-state H-alpha gives 96 +/- 4 min with K=125 km/s, but the authors attribute much of the line emission to the channeled stream, so this is not a donor dynamical mass constraint. Source was high-state in Dec. 2000 and has documented low state (1998) / high-state variability; Breedt+12 explicitly removes it from the pre-polar category. Schwope+02_RBS high-state cyclotron spectra are a two-component/two-spot modeling problem (32 MG, kT=10 keV spot 2 and persistent low-state 45 MG component), with a 33.7 MG alternate low-temperature fit to the 8000-A hump; no firm accretion geometry. Campbell+08 abstract adds a phase-resolved IR fit (34 MG, kT=3.5 keV, log Lambda=4.1), but the full article/table was inaccessible. Gaia DR3 phot_variable_flag=VARIABLE; its BP/RP/G measurements are unresolved system photometry and must not be read as component magnitudes or WD Teff. No source-specific extinction estimate was retained. The exact Gaia DR3/Bailer-Jones identity and quality data are in rawdog_measurements.csv; BJ geometric distance is 283.3246 pc (16th/84th percentiles 277.7885/288.2362 pc), rounded in Ridder+23 Table 3 to 283 +5/-6 pc.","Open issue EQCET-001: obtain Campbell et al. (2008) full text/tables to verify the phase/state, fit degeneracies and parameter bounds for its B=34.0 MG, kT=3.5 keV, log Lambda=4.1 abstract model. It remains a separate abstract-only estimate. No measured WD mass/radius/cooling age, donor type/mass/Teff, mass ratio, Mdot derivative, or reliable extinction estimate was located in the searched sources; 0.6 Msun and 8e8 cm WD inputs and the M6 donor are assumptions. Gaia DR3 teff is intentionally blank.",,,,,,,,,,
gaia-dr3:558935743846455296,Cas 1,magnetic_cv,IP candidate; magnetic classification disputed,558935743846455296,audited_with_unresolved_issues,ok,simbad_name_gaia_dr3,RX J0153.3+7446,28.3375441411,74.7727827283,28.3375483590,74.7727861725,127.047357,12.397897,0.7198677442,0.0503123700,0.2492573,0.05379043,0.77495732,0.06516408,16.878340,0.030693,17.040613,0.091693,16.310654,0.089737,0.729959,6.16460,1.013682,,,,1367.02637,1279.76685,1474.37500,,,ok,https://vizier.cds.unistra.fr/viz-bin/VizieR-5?-source=I/355/gaiadr3&Source=558935743846455296,3.9396 (Barrett+20 catalog value; Norton+06 cites Downes+01 0.16415 d / 3.9396 h),1367.026 pc geometric Gaia EDR3/Bailer-Jones posterior median (16th/84th=1279.767/1474.375 pc); photogeometric 1361.499 pc (1288.114/1447.167); Barrett+20 older 1608 pc from Gaia DR2. Keep methods and posterior bounds distinct.,Barrett+20;Ridder+23,HaberlMotch+95_Cas1;Norton+06;Butters+11_Cas1,LiuHu+00_Cas1;HaberlMotch+95_Cas1;Norton+06;Butters+11_Cas1;Bruch+25_Cas1;Thorstensen+17_Cas1;Barrett+20;Ridder+23,1960 +/- 365,Barrett+20 assumes fundamental ECM from a presumed donor-star corona; ±365 G is half-bandwidth-derived. Not a WD surface/accretion field and association/detection is marginal; Ridder+23 excludes source below 3 sigma.,3.9396 +/- 0.00024 (spectroscopic emission-line radial velocities; 0.16415(1) d),Thorstensen+17_Cas1;Norton+06,"1974 +/- 30 s, candidate WD-spin alias from sparse ROSAT reanalysis; not confirmed by RXTE/TESS",Norton+06;Butters+11_Cas1;Bruch+25_Cas1,"2333 +/- 5 s, optical modulation; beat/sideband interpretation conditional on IP clock assignment",Norton+06;Bruch+25_Cas1,not found in the source-specific literature searched,Norton+06;Bruch+25_Cas1,not found in the source-specific literature searched,Norton+06;Bruch+25_Cas1,No direct WD photospheric/polar/accretion-region field found. 1960±365 G radio estimate is ECM emission-region value; do not convert to WD MG field.,HaberlMotch+95_Cas1;Norton+06;Barrett+20;Ridder+23;Rao+26_ARIES_Cas1,"~6e33 G cm3, spin-equilibrium model inference only",Norton+06;NortonWynnSomerscales+04,,,,No direct field measurement for the WD was found. Norton+06 magnetic moment is model-inferred. Barrett+20 1960±365 G is conditional radio-region ECM estimate from a presumed donor corona. ARIES 2026 abstract disputes magnetic classification; its underlying evidence remains unavailable.,"not found; a presumed donor corona enters the conditional radio ECM field interpretation, not a spectral classification",not found in the source-specific literature searched,not found in the source-specific literature searched,HaberlMotch+95_Cas1;Norton+06;Barrett+20;Rao+26_ARIES_Cas1,"Cas 1 = RX J0153.3+7446 = 1RXS J015317.9+744641 = Gaia DR3 558935743846455296. SIMBAD exact alias lookup, original optical identification, and Gaia source-ID query support the counterpart. CV identification is secure from the emission-line spectrum; whether it is magnetic/IP remains disputed. Haberl & Motch (1995) proposed an IP but explicitly said its 1414 s ROSAT modulation was less evident and required confirmation. Norton et al. (2006) favored 1974 +/- 30 s as WD spin and 2333 +/- 5 s as an optical beat/sideband, but RXTE data did not confirm coherent periods. Bruch (2025) says IP status is not established beyond doubt and reports only a separate 3486.09(68) s TESS signal of unknown origin. An ARIES seminar abstract (2026-05-12) calls Cas 1 definitively non-magnetic from optical spectra, but underlying paper/spectra were not available. Therefore inherited broad class magnetic_cv is retained for compatibility while subclass is marked disputed; do not use it as a confirmed magnetic CV in population comparisons.

Gaia DR3 astrometry is ICRS at J2016.0; J2000 coordinates are propagated ICRS, not FK5/J2000. The exact source has RUWE=1.014, 21 visibility periods, astrometric_params_solved=31, phot_variable_flag=VARIABLE, and BP/RP excess 1.3346. Gaia colors/magnitudes are unresolved system photometry. The Bailer-Jones geometric distance is 1367.0 pc with 16th/84th percentiles 1279.8/1474.4 pc; the photogeometric estimate is 1361.5 pc (+85.7/-73.4 pc). Barrett et al. (2020) list 1608 pc from Gaia DR2; retain it as an older competing estimate. No source-specific extinction estimate was found, so no intrinsic color is adopted. Absolute G values in the ledger are derived unresolved-system values without extinction correction.

Thorstensen et al. (2017) Table 1 provides the spectroscopic orbital period 0.16415(1) d = 3.9396(24) h from emission-line radial velocities. Haberl & Motch (1995) Fig. 1 reports a 1414 s ROSAT modulation. Norton et al. (2006) reanalyzed the sparse 1992 ROSAT photons: 1974 +/-30 s is their preferred, still candidate WD-spin alias; they report optical 2333 +/-5 s, interpreted conditionally as a beat/sideband. Butters et al. (2011) found no significant RXTE periodicity at either period; Bruch (2025) did not recover earlier periods in four noisy TESS light curves. Bruch's single 3486.09(68) s signal has unidentified origin. A local consistency calculation using 1974 s and the spectroscopic orbit predicts beat period 2293.2 +/-40.5 s (independent 1-sigma propagation), compatible with 2333 +/-5 s only within the broad spin-alias uncertainty; this does not resolve the clock identification.

Haberl & Motch Table 2 fixes a bremsstrahlung temperature at 10 keV and gives 0.1-2.4 keV flux 3.4e-13 erg cm-2 s-1; the table does not specify whether this flux is absorbed or unabsorbed. Fitted NH=32(+30/-19)e20 cm-2 with 90% confidence for two parameters; reduced chi-square 2.7. Do not propagate this flux into broader X-ray catalog bands. Norton et al. estimate magnetic moment ~6e33 G cm3 under spin-equilibrium assumptions; this is not a measured field. Barrett et al. report C-band Stokes I=21 +/-10 uJy with circular polarization -100 +/-39%; Ridder et al. later exclude it from their luminosity plot because it is below 3 sigma. The reported 1960 +/-365 G is inferred under fundamental electron-cyclotron-maser emission from a presumed donor corona; it is neither a WD surface field nor a secure detection. Exact C-band edges are 4.464-6.512 GHz; observing epoch/state is not specified in the paper. No WD Teff, mass, radius, log g, cooling age, direct WD field, donor spectral type/mass/temperature/radius, mass ratio, inclination, period derivative, accretion rate/state, or Roche-filling measurement was found in the searched source-specific literature.",Review CAS1-001: request/find the underlying Rao 2026 thesis/paper and optical spectra; maintain disputed subclass until methods/evidence checked. CAS1-002: period/clock assignment remains open. CAS1-003: re-evaluate marginal Barrett+20 radio counterpart and Stokes-I significance. Preserve broad legacy wd_class only for compatibility.,,,,,,,,,,
gaia-dr3:2507796391561705728,FL Cet,magnetic_cv,AM Her polar; eclipsing; synchronized,2507796391561705728,audited_with_unresolved_issues,ok,simbad_name_gaia_dr3,V* FL Cet,28.930847984869,0.468654819697,28.931127978860,0.468712189740,154.792534,-58.369212,3.1546,0.1592,62.997,0.203,12.908,0.226,18.648739,0.068597,18.840696,0.187285,17.846853,0.210716,0.993843,11.14346,1.057,,,,317.594147,305.387543,330.809906,,,exact Gaia DR3 source-ID query; BP/RP excess factor 1.489; phot_variable_flag VARIABLE; astrometric_params_solved 95; visibility_periods_used 13; parallax_over_error 19.8153; Gaia A0/E(BP/RP) astrophysical fields unavailable,https://vizier.cds.unistra.fr/viz-bin/VizieR-4?-source=I/355/gaiadr3&Source=2507796391561705728,"1.45239195 h adopted (O’Donoghue+06); 1.452389 h (Schmidt+05); 1.45239167±0.00000333 h (Wiehahn+04); 1.45217±0.00033 h (Woudt+04 photometry); 1.4667±0.0333 h (earlier spectroscopy, Woudt+04)",317.594147 pc geometric Bailer-Jones posterior adopted; 321.494598 pc photogeometric alternative; legacy 319 pc; Schmidt+05 model/template distance ~290 pc with >=25% uncertainty,Barrett+20; Ridder+23,Schmidt+05_FLCet,Woudt+04_FLCet; Wiehahn+04_FLCet; Schmidt+05_FLCet; ODonoghue+06; Inight+25_FLCet; Barrett+20; Ridder+23,3563 +/- 730,"Barrett+20 X-band center-frequency estimate for fundamental electron-cyclotron-maser emission, assigned to a radio-emission region; not a WD surface field. Bandwidth-based range is model-dependent.",1.45239195,ODonoghue+06; Schmidt+05_FLCet; Wiehahn+04_FLCet; Woudt+04_FLCet,"Synchronous polar interpretation; 5228.611 s is only Porb converted from O’Donoghue+06, not an independent WD-spin measurement",Schmidt+05_FLCet; Wiehahn+04_FLCet; ODonoghue+06,,,"Not found as a global WD photospheric Teff in searched sources. Schmidt+05 kTbb=20–40 eV describes a soft accretion/reprocessed X-ray component, not the WD Teff.",Schmidt+05_FLCet; Inight+25_FLCet,No dynamical mass. Conditional model ranges: 0.5–0.7 if M2≈0.07; 0.5–0.8 if M2≈0.10; O’Donoghue illustrative M1=0.60 only.,ODonoghue+06; Schmidt+05_FLCet,"Distinct results: Inight+25 low-state Zeeman offset-dipole model Bpole=50–58 MG (Hα sigma components imply B≥33 MG); cyclotron-emitting spots: ~23 MG high state (Inight+25), 29 MG low state (Schmidt+05); tentative ~48 MG high-state second spot (Schmidt+05), not definitive.",Inight+25_FLCet; Schmidt+05_FLCet,,,Not reported as a global mean; Inight+25 fit a donor-subtracted low-state Zeeman spectrum with an offset dipole.,50–58 (model-dependent offset-dipole polar field; lower bound B>=33 MG from Hα sigma components),~23 high-state cyclotron humps (Inight+25); 29 low-state cyclotron spot (Schmidt+05); tentative ~48 high-state second spot (Schmidt+05),"Inight+25 Sect. 5.1/Fig. 6: low-state photospheric Hα–Hδ Zeeman splitting; donor-subtracted normalized spectrum fit by a slightly offset dipole (offsets x=.03,z=.05 WD radii) with Bpole=50–58 MG and sightline 75° to magnetic axis. Authors explored the field parameter space only cursorily, used Planck spectra at optical-depth unity rather than full radiative transfer, and note alternate configurations can fit; Hα sigma components require B>=33 MG. The same paper reports high-state 2020/21 cyclotron humps at ~23 MG. Schmidt+05 low-state cyclotron harmonics give 29 MG and kT sin²(theta)=15 keV; possible high-state second-pole ~48 MG fit is explicitly non-definitive. Cyclotron-region values are not photospheric field measurements. Barrett+20 radio ECM estimate ~3.56 kG is a distinct possible donor-corona/emission-region field.","Low-state spectrum matches an M7 dwarf template (Inight+25; template match, not a direct subtype/temperature measurement). Schmidt+05 M5.5 is a main-sequence/Roche-lobe donor assumption.",No dynamical donor mass. O’Donoghue+06 period-mass relation estimate M2≈0.070 Msun; older relation/Schmidt+05 main-sequence assumption ≈0.10–0.11 Msun.,"Not found as a source-specific measurement; M7 is a comparison template, not a measured donor Teff.",Inight+25_FLCet; ODonoghue+06; Schmidt+05_FLCet,"Confirmed eclipsing AM Her polar; WD interpretation is secure from the Zeeman-split low-state photospheric Balmer spectrum (Inight+25). Gaia DR3 source 2507796391561705728 is independently resolved by exact SIMBAD alias/name and Gaia-ID queries. Gaia ICRS coordinates are at J2016.0; J2000 values are Gaia positions propagated in ICRS using proper motion, not FK5/J2000 coordinates. Bailer-Jones geometric distance is adopted; photogeometric, legacy 319 pc, and Schmidt+05 model/template distances remain separately recorded. Gaia photometry is unresolved and variable; BP−RP is observed. Phot_bp_rp_excess_factor=1.489 is a Gaia quality quantity, not reddening; no extinction estimate was found and Gaia A0/E(BP/RP) fields were unavailable. Absolute G is derived without extinction. Orbital periods from four eclipse/photometric sources are retained separately because Schmidt+05 and O’Donoghue+06 formal periods differ by ~0.0105 s per cycle (~3.0 combined formal sigma), even though O’Donoghue et al. describe their ephemeris as consistent with previous results; Wiehahn+04 independently agrees with O’Donoghue within its larger error. The polar is synchronous by class interpretation; 5228.611 s is not an independent spin measurement. O’Donoghue+06 component masses, q, i, radii and geometry are illustrative/conditional, not dynamical measurements. Schmidt+05 XMM high-state spectral blackbodies kTbb=20–40 eV refer to accretion/reprocessed emission, not global WD Teff. Inight+25 introduces a model-dependent photospheric Zeeman offset-dipole field, distinct from the 23/29/possible-48 MG cyclotron-region values. Donor M7 is a template match; older M5.5/M2 estimates are assumptions or period-mass predictions. Barrett+20 X-band radio I=11±5 uJy is marginal (I/error=2.2); table custom S/N=6.6 is not conventional flux significance, and Ridder+23 excludes the point below 3 sigma. X-ray component fits remain in the original source bands and are not copied into incompatible catalog flux bands.","Review FLCET-001: preserve photospheric Zeeman and cyclotron/accretion-region magnetic-field results as distinct; Inight+25 offset-dipole fit is not a unique field solution. Review FLCET-002: assess eclipse-timing period discrepancy/possible period change using updated timings before choosing a unique ephemeris. Review FLCET-003: Barrett+20 radio point is 2.2 sigma in Stokes I and excluded by Ridder+23 below 3 sigma; retain as a reported marginal signal, not a secure detection or upper limit. Do not equate template/model donor types or masses with measurements.",,,,,,,,,,
gaia-dr3:107522105369340800,BS Tri,magnetic_cv,AM,107522105369340800,audited_with_unresolved_issues,ok,simbad_name_gaia_dr3,V* BS Tri,32.374209,28.541433,32.374234,28.541329,143.011434,-31.268733,3.6192,0.1068,4.995,0.135,-23.372,0.14,17.87115,0.01818,18.09392,0.04333,17.34585,0.04514,0.74807,10.65784,0.966,,,,277.117035,269.724396,285.355988,,,ok_exact_source_id_query,https://vizier.cds.unistra.fr/viz-bin/VizieR-5?-source=I/355/gaiadr3&Source=107522105369340800,1.6045 (Barrett+20 compilation); 1.6051450176 (Borisov+15 as quoted by Kolbin+22),"277 (+8/-7) (Ridder+23 geometric posterior, rounded)",Barrett+20;Ridder+23,Voges+99;Ridder+23,Wu+01_BSTri;Denisenko+06_BSTri;Borisov+15_BSTri;Kolbin+22;Kolbin+20_BSTri;HernandezDiaz+25_BSTri;Barrett+20;Ridder+23,3210 +/- 365,Conditional frequency-to-field estimate assuming fundamental ECM in radio-emitting plasma; Barrett+20 associate it with donor-coronal emission. Not a WD surface/accretion-pole MG field.,"1.6051450176 +/- 0.0000000048 h (Borisov+15 as quoted by Kolbin+22); TESS candidate 1.6050433 +/- 0.0000400 h, flagged uncertain at Tmag=17.591; Denisenko+06 gives 1.6044 +/- 0.00048 h.",Borisov+15_BSTri;Kolbin+22;Denisenko+06_BSTri;HernandezDiaz+25_BSTri,"5778.522063 +/- 0.000017 s only if synchronized; derived from Porb, not separately measured",Kolbin+22,,,not found; cyclotron/accretion plasma temperature is not WD photospheric Teff,Kolbin+22;Kolbin+20_BSTri,Kolbin+22 model: 0.60 +/- 0.04; Borisov+15 abstract: 0.75 +/- 0.02; unresolved method-dependent solutions,Kolbin+22;Borisov+15_BSTri,22.2 +/- 0.5 (2011 conference spot fit); 22.7 +/- 0.4 (Kolbin+22 spot fit); 21.5 +/- 1 Halpha Zeeman feature in cool halo near spot,Kolbin+20_BSTri;Kolbin+22,,,,,"22.2 +/- 0.5 MG (earlier cyclotron spot fit); 22.7 +/- 0.4 MG (later spot fit); 21.5 +/- 1 MG (nearby cool-halo Zeeman feature, not WD photosphere)","Cyclotron values describe local accretion spot and differ between analyses of the same 2011 spectra. Halpha Zeeman B=21.5 +/-1 MG is attributed to a cool halo around the spot, not the WD atmosphere. No global mean/polar surface field is entered.","Roche-lobe-filling main-sequence/evolutionary donor is a model interpretation; no measured subtype. Denisenko+06 M6V is assumed from mass/radius, not spectroscopy.",Kolbin+22 model approx. 0.116 (no formal error); Borisov+15 abstract 0.16 +/- 0.01; unresolved,"3250 K assumed for irradiated-atmosphere correction, not measured donor Teff",Kolbin+22;Borisov+15_BSTri;Denisenko+06_BSTri,"Confirmed eclipsing AM Her polar. Secure identity: V* BS Tri = 1RXS J020929.0+283243 / RX J0209.4+2832 = Gaia DR3 107522105369340800. Gaia DR3 geometric distance 277.117 pc (16th–84th percentiles 269.724–285.356 pc); observed Gaia BP−RP=0.7481, M_G(no extinction)=10.6578 derived from G and that distance. Orbital period scalar retains 1.6051450176 h (Borisov+15 as quoted by Kolbin+22); Denisenko+06 gives 96.264±0.0288 min and TESS a faint-source candidate 96.30260±0.00240 min, retained separately. Tmag=17.591 lies in TESS paper uncertain range; paper counts BS Tri among periods consistent with literature under its sample criterion. Synchronization is interpreted, not a separate WD spin measurement. Mass solutions conflict: Borisov+15 abstract M1=.75±.02, M2=.16±.01 Msun, q=.21±.02 (q convention needs full article); Kolbin+22 model Q=M1/M2=5.12±.35, i=85±.5 deg, M1=.60±.04, M2≈.116 Msun, R2=.155 Rsun, R1=.0125±.0005 Rsun, a=.62±.01; stream fit instead gives Q≈6.5. No solution selected automatically. Cyclotron spot values 22.2±.5 and 22.7±.4 MG from same 2011 spectra; Halpha Zeeman 21.5±1 MG is a cool halo near spot, not global WD photosphere. Teff=3250 K is a model input; no WD Teff/donor subtype measured. Radio: VLA 7.964–10.012 GHz, I=57±9 μJy, CP +100±45%, semester 2015A. Barrett 3210±365 G is conditional radio-plasma ECM estimate, not WD field. Ridder+23 ROSAT-derived unabsorbed X-ray fluxes are model conversions, non-contemporaneous with radio.","Full text checked for Wu+01, Denisenko+06, Kolbin+22, Kolbin+20 proceedings, Barrett+20 and Ridder+23; exact Gaia/Bailer-Jones/SIMBAD queries and TESS article/Table A.1 checked. Borisov+15 primary abstract checked; full article inaccessible. Review items BSTRI-001 (mass/Q model conflict) and BSTRI-002 (faint TESS period). No WD Teff, global field, magnetic moment, cooling age, or measured donor subtype found.",,,,,,,,,,
gaia-dr3:5099482805904892288,EF Eri,magnetic_cv,AM,5099482805904892288,audited_with_unresolved_issues,ok,simbad_name_gaia_dr3,V* EF Eri,48.555219,-22.59525,48.555884,-22.595499,212.938856,-57.404694,6.2327,0.1417,137.993,0.153,-55.971,0.16,18.16056,0.00472,18.2121,0.01489,18.12848,0.02386,0.08362,12.1365,1.061,,,,160.257217,156.739136,164.106888,,,ok,https://vizier.cds.unistra.fr/viz-bin/VizieR-5?-source=I/355/gaiadr3&Source=5099482805904892288,1.35038064 (Bailey+82); legacy rounded 1.3503,"160.257 (+3.850/-3.518) Gaia geometric posterior; historical Thorstensen+03 163(+66/-50), prior alternative 113(+19/-16)",Barrett+20;Ridder+26_Broadband,Schwope+07;Ridder+23;Filor+25_EFEri,Bailey+82_EFEri;Thorstensen+03_EFEri;Beuermann+00;HowellCiardi+01;Howell+06;Schwope+07;Hoard+07;Szkody+10;Beuermann+07_EFEri;SchwopeChristensen+10;Barrett+20;Ridder+23;Filor+25_EFEri;Khangale+25_EFEri;HernandezDiaz+25_EFEri;Ridder+26_Broadband,3210 +/- 365,"Barrett+20 radio-emission-region/coronal field estimate conditional on fundamental cyclotron interpretation; G, not WD surface field.","1.35038064 h from Bailey+82 P=0.05626586(8) d; Howell+06 quotes (80), factor-ten uncertainty discrepancy.",Bailey+82_EFEri;Howell+06;Khangale+25_EFEri;HernandezDiaz+25_EFEri,4861.370304 s implied by polar synchronism and P_orb; not separate spin measurement; uncertainty inherits unresolved P_orb convention.,Bailey+82_EFEri;Howell+06;Khangale+25_EFEri,,,9500 +/-500 K low-state photospheric fit (Beuermann+00); Schwope+07 alternate SED fits ~9750 K and 10500 +/-1000 K; 15000/18500 K hot spots are separate components.,Beuermann+00;Schwope+07;Szkody+10,No unique value selected: Filor+25 MCVSPEC 0.55–0.63 Msun (arXiv v2 body; journal abstract 0.55–0.58); SchwopeChristensen+10 conditional >0.65 Msun at 3sigma; older 0.82–1.00 X-ray estimates.,Filor+25_EFEri;SchwopeChristensen+10;Schwope+07,"Component/model values separate: Howell+06 photospheric Zeeman 13.8±1 MG; Beuermann+07 tomography probable surface 12–13 MG, broad surface maps and 44 MG offset-dipole parameter; Szkody+10 local ~100 MG UV alternative.",Howell+06;Beuermann+07_EFEri;Hoard+07;Szkody+10,,,13.8 +/-1 from Halpha Zeeman absorption (Howell+06); distinct from tomography distribution parameters.,"No unique measured polar field; Beuermann+07 offset-dipole Bdip=44 MG is a model parameter, not measured pole value.",Optical/IR cyclotron constraints ~10–21 MG; Hoard+07 adopts ~13 MG; Szkody+10 alternate UV local cyclotron component ~100 MG.,"Howell+06: 13.8±1 MG from low-state WD Zeeman-split Balmer absorption. Beuermann+07: complex Zeeman tomography; offset dipole Bprob=12 MG, surface range 10–110 MG; lmax=5 multipole Bprob=13 MG, range 4–111 MG; Bdip=44 MG is a model parameter, not a unique mean or pole. Hoard+07 adopts ~13 MG cyclotron SED component. Szkody+10 UV permits ~100 MG localized cyclotron component in one fit, not global field. Barrett+20 3210±365 G is radio-emitting plasma under fundamental-frequency assumption, not WD surface B.","Optical limit later than M9; K-band water index M6 or L4–5, with L4–5/L5 favored after Roche geometry; template/model classification.",Model scenarios only: HowellCiardi+01 ~0.04–0.055; Howell+06 0.055 for assumed Mwd=0.60 or 0.087 for 0.95; SchwopeChristensen+10 model-dependent <0.06.,~1650 K L4–5 template estimate; lower constraint ~1300 K from no methane; not direct bolometric fit.,Beuermann+00;HowellCiardi+01;Howell+06;Hoard+07;SchwopeChristensen+10;Khangale+25_EFEri,"Secure AM Her polar/magnetic CV; WD identity supported by Zeeman absorption. Gaia DR3 5099482805904892288 match secure: ICRS J2016.0 (48.55588355472, −22.59549878489), propagated ICRS J2000 (48.55521926450, −22.59525002158), matching legacy position; present-epoch 2.38″ offset is proper motion. Gaia parallax 6.2327±0.1417 mas; RUWE 1.061; phot_variable_flag=VARIABLE; G=18.16056±0.00472, BP=18.21210±0.01489, RP=18.12848±0.02386. Bailer-Jones geometric d=160.257 pc (156.739–164.107, 16th–84th); photogeometric 162.689 pc retained separately. M_G(no extinction)=12.1365 derived from G and geometric d; covariance/systematics ignored. No source-specific extinction found; Gaia GSP-Phot Teff/extinction blank. Bailey+82 P_orb=0.05626586(8) d =1.35038064 h; Howell+06 quote (80), queued. Polar synchronism is interpretation; no independent spin/beat period adopted. TESS gives 81.01000±0.02200 min at Tmag 18.194; faint-period caveat applies. Detailed source measurements, methods, assumptions, states and references are in rawdog_measurements.csv and source audit notes.",Open EFERI-001–005: NuSTAR mass ranges differ by source version and conflict with conditional X-Shooter lower bound; donor/evolution classification remains model based; magnetic diagnostics refer to different field components/topologies; Ridder+23 1–10 keV flux derivation/uncertainty unresolved; Bailey+82 period uncertainty (8) versus Howell+06 (80) discrepancy.,,,,,,,,,,
gaia-dr3:5084805635638179584,UZ For,magnetic_cv,AM,5084805635638179584,literature_audited_primary_web_verified,ok,simbad_name_gaia_dr3,V* UZ For,53.869383,-25.73938,53.869471,-25.739386,220.312053,-53.414612,4.1785,0.0575,17.867,0.03,-1.265,0.048,16.63771,0.01725,16.79984,0.05632,16.13957,0.05121,0.66027,9.7428,1.129,,,,238.103577,235.061096,240.750778,,,ok,https://vizier.cds.unistra.fr/viz-bin/VizieR-5?-source=I/355/gaiadr3&Source=5084805635638179584,Beuermann+88 0.08786539(1) d; Ferrario+89 0.087865393(7) d; Dai+10 0.0878654654(23) d; Potter+11 representative model 0.087865425(2) d; Khangale+19 Table 2 reproduces Potter+11 0.087865421(1) d; compatibility scalar retains Kube+00 126.526229 min,"Bailer-Jones geometric 238.103577 pc (235.061096–240.750778, 16th–84th); photogeometric 237.535629 pc (234.057266–241.046005); historical donor-template estimates 240±50 and ≈250±60 pc are separate",Barrett+17_UZFor;Barrett+20;Khangale+20;Ridder+23,Ridder+23;Still+01,Beuermann+88_UZFor;Ferrario+89_UZFor;Schwope+90_UZFor;Rousseau+96_UZFor;Schwope+97_UZFor;BaileyCropper+91;Kube+00;Dai+10_UZFor;Potter+11_UZFor;Khangale+19_UZFor;Khangale+20;Barrett+17_UZFor;Barrett+20;Ridder+23;Still+01,1960 +/- 365,Barrett+20 Table 2: radio-emission-region estimate conditional on fundamental ECM from donor corona; not WD surface field.,2.10877048 h (Kube+00 compatibility scalar; Table 3 adopted 126.526229 min). Separate eclipse ephemerides in measurement ledger; do not average or infer a period derivative.,Beuermann+88_UZFor;Ferrario+89_UZFor;Dai+10_UZFor;Potter+11_UZFor;Khangale+19_UZFor;Kube+00;Barrett+20;Ridder+23,"7591.573728 s implied by Porb under polar synchronization; derived, not an independent spin measurement.",Kube+00;Beuermann+88_UZFor,,,No secure source-specific photospheric Teff found. Bailey & Cropper+91 brightness temperature 11000±1000 K is model-derived and not equivalent to a WD atmospheric fit.,BaileyCropper+91;Kube+00;Khangale+20,"Unresolved literature alternatives: Bailey & Cropper+91 eclipse model 0.61–0.79; Beuermann+88 radial-velocity inference >0.93 Msun (90%); Schwope+97 Na I model 0.44±0.15 (1σ), conditional Hα correction ≈0.95, joint ≈2σ solution 0.75; Kube+00 adopted-geometry value 0.708 derived from Q=5 and Mtot=0.85.",BaileyCropper+91;Beuermann+88_UZFor;Schwope+97_UZFor;Kube+00;Schwope+90_UZFor,"Component-dependent cyclotron models: main region ≈53–57 MG in low/high state; early main-region 55±3 MG; second-region alternatives ≈28, 48, 51, 57 or 74–75.5 MG under different epochs/harmonic IDs. No mean photospheric Zeeman field or unique WD pole field.",Beuermann+88_UZFor;Ferrario+89_UZFor;Schwope+90_UZFor;Rousseau+96_UZFor;Nogami+02_UZFor;Khangale+20,,,,No unique direct WD polar surface-field measurement; do not promote cyclotron/accretion-region values to surface-pole values.,"Main region: 55±3 MG Beuermann+88; ≈53 MG Schwope+90 low-state model; ≈56 MG Ferrario+89 high-state model; ≈57 MG Khangale+20 SALT model. Additional region: ≈75.5 or 57 MG (Schwope+90 harmonic alternatives), ≈28 MG (Ferrario+89), ≈48 MG (Rousseau+96 abstract-only model), 51/74 MG (Nogami+02 conference abstract). All cyclotron/accretion plasma fields.","All MG values are accretion-region cyclotron model fields, not mean photospheric Zeeman or securely measured WD polar field. Beuermann+88: main region 55±3. Schwope+90 low state: main 53 MG, |ΔB|<1 MG within homogeneous-plasma fit; 4740 Å faint-phase hump interpreted as second pole at 75.5 MG (3rd harmonic) or 57 MG (4th harmonic), unresolved. Ferrario+89 high state: main 56 MG, second emission region near 28 MG under two-region model. Rousseau+96 reanalysis abstract: 53/48 MG two spots; full text inaccessible. Nogami+02 ASP abstract: UV HST/STIS fields 51/74 MG; full proceedings text inaccessible. Khangale+20 SALT model B=57 MG, viewed near 70 deg, one field does not fit all humps and authors allow second spot/pole. Barrett+20 1960±365 G is conditional radio-emitting plasma/donor-corona estimate, not WD surface B.",dM4.5 from low-state optical template comparison; G3-33/Gl 83.1 template temperature is not adopted as UZ For donor Teff.,Model-dependent alternatives: ≈0.16±0.03 Msun (Beuermann+88 Roche/main-sequence relation); ≈0.142 Msun derived from Kube+00 Q=5 and Mtot=0.85; B&C+91 q=M2/M1=0.15–0.30 grid corresponds to ≈0.09–0.24 Msun; Schwope+97 joint Q=4.4/M1=.75 implies ≈.17 Msun.,Not found as a source-specific measured donor temperature; dM4.5 template/subtype is not a binary donor Teff.,Beuermann+88_UZFor;Ferrario+89_UZFor;Schwope+97_UZFor;BaileyCropper+91;Kube+00;Khangale+20,"Secure eclipsing AM Her polar; Gaia DR3 5084805635638179584 is confirmed through SIMBAD ID/aliases, published counterpart and proper-motion-aware epoch coordinates. Gaia ICRS J2016=(53.869470961, −25.739385831) deg; propagated ICRS J2000=(53.869382806, −25.739380210), not FK5/J2000. Parallax=4.178528±0.057460 mas; μαcosδ=17.866812±0.029577 and μδ=−1.264698±0.047689 mas/yr; RUWE=1.1295; G=16.63771, BP=16.79984, RP=16.13957; BP−RP=0.66027 observed unresolved-system color; variable flag=VARIABLE. Gaia GSP-Phot Teff/extinction fields are blank. Bailer-Jones geometric d=238.103577 pc (235.061096–240.750778, 16th–84th); photogeometric d=237.535629 pc retained separately. Existing M_G(no extinction)=9.74283 uses G−10+5log10(parallax_mas), first-order σ=0.03449 assuming independence; geometric-distance alternative M_G=9.75388 (+0.03282/−0.02956), no extinction. No source-specific reddening found. Periods remain separate: early eclipse values, Dai+10 positive Pdot and possible long cycle conflict with Potter+11; Khangale+19 adds timings but tabled ephemeris is copied from Potter, and its two-planet solution requires unstable high eccentricities. Do not claim confirmed circumbinary planets. Polar synchronism implies 7591.573728 s from the compatibility orbital period but is not an independent spin detection. Mass models conflict: B&C+91 eclipse range 0.61–0.79; Beuermann+88 >0.93 at 90%; Schwope+97 Na I 0.44±0.15 and conditional Hα ≈0.95, joint ≈0.75; Kube+00 .708 is derived from adopted Q and Mtot. WD/donor Teff, WD cooling age/log g/magnetic moment and direct photospheric field are not established. B-field values describe distinct cyclotron poles/states and models; no unique surface field. Barrett+17 Table3 visually gives May 2015 C flux 252±24 μJy, while VizieR reports 315 and Khangale+20 quotes 315±101/13±19%; June 2015 has C<66 μJy. Barrett+20 later reports 78±9 μJy, RR=0±25, LL=85±26, CP=−100±42% without exact observing date. MeerKAT 2018-11-06 gives 30.7±5.4 μJy/beam at 1.28 GHz. Ridder+23 Table3 X-ray fluxes are model-converted unabsorbed estimates tied by ref to the Still+01 1.1 ks burst in a deep low state, not persistent emission.",Open UZFOR-001–005: conflicting WD masses; eclipse-period/Pdot/timing model and putative companions; VLA May detection/VizieR/later quote discrepancy plus epoch-specific radio variability; component-specific cyclotron field/harmonic models and abstract-only Rousseau/Nogami full text; Ridder+23 unabsorbed X-ray flux conversion and state provenance.,,,,,,,,,,
gaia-dr3:3393408546234335488,RXJ0502.8+1624 (Tau 4),magnetic_cv,AM,3393408546234335488,source_audited_with_unresolved_issues_2026-09-23,ok,simbad_name_gaia_dr3,RX J0502.8+1624,75.712288,16.406067,75.712466,16.405947,185.084908,-15.115003,4.6294,0.2524,38.344,0.274,-26.902,0.195,18.84737,0.00495,19.10197,0.04512,18.37998,0.03954,0.72199,12.1750,0.994,,,,217.081940,206.802017,230.276077,,,ok,https://vizier.cds.unistra.fr/viz-bin/VizieR-5?-source=I/355/gaiadr3&Source=3393408546234335488,1.50?,217 (+13/-10),Barrett+20,Ridder+23;Boller+16,Motch+96_Tau4;Littlefair+05;Littlefield+20;Harrison+18;Barrett+20;Boller+16;Ridder+23;Duffy+22_Tau4,3210 +/- 365,"From combined_mcv_sources.csv b_gauss; retained as a radio/emission-region estimate, not WD surface B.",1.59277896 +/- 0.00000552,Littlefield+20,"5734.0043 +/-0.0199 (synchronized polar; derived from Porb, not a separately measured spin period)",Littlefield+20,,,7000-7750; best-fit 7250 (log g=8.5 non-magnetic WD model),Littlefield+20,0.61 example non-unique CYCLOPS model; not a measured mass,Littlefield+20,15 +/- 2 surface-averaged photospheric; 12 +/- 1 local Zeeman-emission region; 15.4-17.5 CYCLOPS emitting-region example,Littlefield+20; Harrison+18,,,15 +/- 2,,12 +/- 1 Zeeman emission near WD surface; 15.4-17.5 CYCLOPS example; Harrison+18 cyclotron 12.3 quoted by Littlefield+20,"Littlefield+20 measured 15 +/- 2 MG from WD photospheric Zeeman absorption and 12 +/- 1 MG from H-alpha Zeeman emission very close to the WD, interpreted as a localized temperature inversion in/near the accretion region. CYCLOPS light-curve modeling is non-unique; an example solution gives Mwd=0.61 Msun and B=15.4-17.5 MG in the emitting region. Harrison+18 is now bibliographically verified as the original RNAAS note, but its publisher/PDF full text was blocked in this pass; B=12.3 MG and kT=14 keV remain secondary-traced from Littlefield+20.",M9 +/- 1 donor; earlier L-type/brown-dwarf color interpretation rejected as cyclotron contamination,not measured/found in inspected accessible sources,not measured/found in inspected accessible sources,Littlefield+20; Littlefair+05,"Littlefield+20 K2 ephemeris gives Porb=0.06636579(23) d = 1.59277896 +/- 0.00000552 h; Na I absorption traces the donor and sets T0. Because Tau 4 is a polar, the WD spin is expected to be synchronized; the listed spin period is therefore derived from the orbital period rather than independently measured. Spectral decomposition during self-eclipse favors a 7250 K WD and M9 donor, with M8/L0 nearly as good, so they adopt M9 +/- 1 and WD Teff 7000-7750 K. Tau 4 was in a low-accretion/bombardment regime in the 2019 spectra, with weak/absent He II and magnetically confined flow threaded near L1. Littlefair+05 found no secure donor absorption in K band and showed the unusual IR colors are cyclotron-dominated, not evidence for an L-type/substellar donor. Harrison+18 primary metadata is now verified for the original RX J0502.8+1624 note (DOI 10.3847/2515-5172/aabd39); the quantitative B=12.3 MG, kT=14 keV, and candidate 1.55/3.11 h periods remain secondary-traced from Littlefield+20 because the publisher/PDF full text was inaccessible here. Gaia DR3 exact-source association is secure. DR3 geometric EDR3 posterior 217.081940 pc (16th–84th: 206.802017–230.276077) fills the Gaia distance fields; photogeometric 212.871704 pc and DR2 geometric 211.108681 pc remain separate alternatives in the ledger. Observed unresolved BP−RP=0.721990; no extinction, intrinsic color or component Gaia Teff is adopted. M_G(no extinction)=12.174998 is derived from G/parallax and is not a component-only CMD value. K2 Porb=1.59277896±0.00000552 h supersedes 1.50? h; synchronized spin is expected and derived, not measured. WD Teff 7000–7750 K uses a non-magnetic log g=8.5 atmosphere. WD mass 0.61 M_sun/Mdot 1e−12 M_sun yr−1 are non-unique model examples, not measurements. B=15±2 MG is photospheric Zeeman mean; 12±1 MG is local Zeeman-emission field; 15.4–17.5 MG is modeled; Barrett+20 3210±365 G assumes fundamental ECM in radio plasma and is not a WD field. Donor M9±1 is a template fit (M8/L0 similar); Littlefair+05 found K-band cyclotron dominance and no secure donor absorption. Ridder+23 X-ray fluxes are unabsorbed model-converted RASS estimates; raw 2RXS counts are below Boller+16 fit threshold. See source ledger and TAU4-001–005.",Open items TAU4-001–005: model-only WD mass/geometry; Harrison+18 primary access for quoted cyclotron field/temperature/historical periods; donor M9±1 template and unproven substellar status; conditional ECM radio-plasma field; model-converted low-count ROSAT fluxes. Gaia counterpart itself is secure.,,,,,,,,,,
gaia-dr3:1099223590090176896,LW Cam,magnetic_cv,AM,1099223590090176896,audited_with_unresolved_issues,ok,simbad_name_gaia_dr3,V* LW Cam,106.041784,62.057762,106.041853,62.057771,154.071356,25.212498,1.8148,0.0624,7.333,0.075,2.084,0.074,17.72105,0.07037,17.54823,0.19531,16.90679,0.15645,0.64145,9.0152,1.183,,,,548.551392,530.029602,567.381592,,,ok,https://vizier.cds.unistra.fr/viz-bin/VizieR-5?-source=I/355/gaiadr3&Source=1099223590090176896,1.6211,549 +/- 19,Barrett+20;Barrett+17_LWCam,Voges+99;Tovmassian+01_LWCam;Ridder+23,Barrett+20;Ridder+23;Tovmassian+01_LWCam;Ferrario+15;Barrett+17_LWCam;HernandezDiaz+25_LWCam;Duffy+22_LWCam;GaiaDR3+22_LWCam;BailerJones+21_LWCam;BailerJones+18_LWCam,3563 +/- 730,"From combined_mcv_sources.csv b_gauss; retained as a radio/emission-region estimate, not WD surface B.",1.621118 +/-0.000120 (97.2671 +/-0.0072 min),Tovmassian+01_LWCam;Barrett+20;Ridder+23;Ferrario+15;HernandezDiaz+25_LWCam,5836.03 +/-0.43 (synchronized polar; photometric and spectroscopic periods coincide),Tovmassian+01_LWCam,,,"not measured/found as a WD photospheric Teff. Tovmassian+01_LWCam fit ROSAT soft X-ray blackbody components kTbb~19 +/-15 eV or fixed 25 eV, but these are accretion/reprocessed components, not the global WD Teff",Tovmassian+01_LWCam; Barrett+20; Ferrario+15,0.65 assumed in Barrett+20 accretion-column estimate and 0.7 assumed in Tovmassian+01_LWCam Doppler-map sketch; not measured,Barrett+20; Tovmassian+01_LWCam,20-24 cyclotron/accretion-region estimate from Tovmassian+01_LWCam; Ferrario+15 table lists Bcyc=20,Tovmassian+01_LWCam; Ferrario+15; Barrett+20,,,,20-24 cyclotron/accretion-pole estimate; no photospheric Zeeman field found,20-24 from cyclotron humps/harmonic assignment,"Tovmassian+01_LWCam identify continuum humps near 7450, 6600, and 5950 A as cyclotron harmonics. Assigning them to n=8,7,6 with kT=20 keV gives B~20 MG; an alternative n=9,8,7 assignment with kT=10 keV gives B~24 MG. Ferrario+15 lists LW Cam/RX J0704.2+6203 with Bcyc=20 MG, no Teff or mass. Barrett+20 repeats/adopts Bwd~20 MG for accretion-column plausibility calculations. No photospheric Zeeman mean field found in inspected sources; Barrett+20 radio-inferred 3563 +/-730 G is an emission-region estimate.",not measured/found; Tovmassian+01_LWCam find no traces of secondary-star lines and no secondary irradiation signature in Doppler maps,"not measured. Barrett+20 assume M2=0.2 Msun; Tovmassian+01_LWCam illustrate Doppler maps with M1=0.7 and q=0.25 (~0.175 Msun), but these are assumed geometry values",not measured/found; no source-specific donor Teff or spectral subtype in inspected sources,Tovmassian+01_LWCam; Barrett+20,"LW Cam = RX J0704.2+6203 = 1RXS J070409.2+620330 / Gaia DR3 1099223590090176896 is an AM Her polar discovered from ROSAT follow-up. Tovmassian+01_LWCam give RASS count rate 0.13 c/s, HR1=-0.00 +/-0.15, and ROSAT spectral fits with kTbb~19 +/-15 eV or fixed 25 eV plus a 20 keV bremsstrahlung component; these X-ray blackbody temperatures are accretion/reprocessed components, not WD photospheric Teff. Their multi-year photometry gives Porb=0.06754658 +/-0.000005 d = 97.2671 +/-0.0072 min = 1.621118 +/-0.000120 h; the spectroscopic radial velocities fold with the same period, supporting synchronized WD rotation. They find no secondary-star lines, no secondary irradiation spot in Doppler maps, no eclipses, and estimate geometry roughly 30<i<60 deg and 120<beta<150 deg. Cyclotron humps in the differential spectrum give B~20 MG for n=8,7,6 harmonics with kT=20 keV, or ~24 MG for n=9,8,7 with kT=10 keV. Their Doppler map overlay assumes i=30 deg, M1=0.7 Msun, and q=0.25 for illustration, not measurement. Ferrario+15 lists LW Cam/RX J0704.2+6203 with Bcyc=20 MG, Prot=97.3 min, and no Teff/mass. Barrett+20 reports an X-band VLA detection of 50 +/-4 uJy with -100 +/-9 percent circular polarization and a narrow feature near 10.295 GHz; their radio-inferred B=3563 +/-730 G / ~3.6 kG refers to the radio plasma/emission site and they argue a donor lower-corona origin is more likely than an accretion-column site. Additional audit: SIMBAD aliases and exact Gaia DR3 ID 1099223590090176896 confirm LW Cam=RX J0704.2+6203=1RXS J070409.2+620330. Original POSS chart coordinate is 07:04:09.9,+62:03:27 (J2000; visually checked with LaTeX source), resolving the extraction-generated false offset; Gaia propagated ICRS J2000 agrees within ~1.3 arcsec. Gaia DR3 is epoch J2016.0; DR3 geometric distance is 548.55 pc (16th/84th 530.03/567.38 pc), while photogeometric 544.55 pc and DR2 geometric 535.65 pc remain separate. Observed BP−RP=0.64145±0.2502; no source-specific extinction or intrinsic CMD value adopted. TESS Table A.1 final Porb=97.262±0.025 min agrees with Tovmassian+01, though the article cautions that detections become less reliable at Tmag≳17 (LW Cam Tmag=17.737; its source-level reliability statistic is not tabulated). Duffy+22 Table B1 lists ZTF g/r state statistics and “Long” state change; this is not a measured duration/current state. Barrett+17 reports no secure detection in 2015 and provides image statistics/approximate ~120 μJy survey limit; Barrett+20 detects 50±4 μJy, −100±9% CP at X band in 2018A. The 3.563±0.730 kG ECM field is local radio plasma with disputed location, distinct from the 20/24 MG cyclotron/accretion-region estimates. ROSAT 1–10 and 0.1–10 keV fluxes in the compatibility catalog are model-converted by Ridder+23 from Voges+99 RASS data; Tovmassian+01 source-specific fit gives a different unabsorbed 0.1–2.4 keV flux under an alternative BB+brems model; both retained pending conversion reconciliation. Four review items LWCAM-001–004 remain open.","Original primary source Tovmassian+01_LWCam is now audited via arXiv/PDF. WD photospheric Teff, photospheric/Zeeman mean field, donor spectral type, donor mass, donor Teff, and dynamical component masses remain unavailable in inspected sources. Treat 20-24 MG as a cyclotron/accretion-region field estimate and 0.65/0.7 Msun WD and 0.2/~0.175 Msun donor values as assumptions for geometry/emission-site calculations, not measurements. Barrett+20 radio kG field remains an emission-region estimate, not a WD surface field.;LWCAM-001: reconcile Tovmassian+01 ROSAT model flux with Ridder+23 RASS conversions.;LWCAM-002: confirm whether Barrett+20 radio-emission site should remain unassigned or be labeled tentative donor lower corona.;LWCAM-003: retrieve/accept exact band-specific 2015 JVLA limits.;LWCAM-004: determine whether to retain Barrett+20 Table 2 radio luminosity only as published proxy or recompute a standard isotropic luminosity after confirming convention.",,,,,,,,,,
gaia-dr3:5719598950133755392,VV Pup,magnetic_cv,AM,5719598950133755392,literature_audited_primary_web_verified,ok,simbad_name_gaia_dr3,V* VV Pup,123.778337,-19.054935,123.778413,-19.055237,239.652401,8.713031,7.3571,0.0368,16.12,0.037,-67.973,0.025,15.9548,0.02174,16.10183,0.06914,15.54593,0.04612,0.5559,10.298969,1.069,,,,135.259247,134.543304,136.005585,,,ok,https://vizier.cds.unistra.fr/viz-bin/VizieR-5?-source=I/355/gaiadr3&Source=5719598950133755392,1.6739,135.3 +/- 0.7,Barrett+20,Bonnet-Bidaud+20,AraujoBetancor+05_STLMi; Howell+06_VVPup; Bonnet-Bidaud+20; Walker+65; Wickramasinghe+89; SchwopeBeuermann+97; Mason+07; Barrett+20; Ridder+23,7530 +/- 365,"From combined_mcv_sources.csv b_gauss; retained as a radio/emission-region estimate, not WD surface B.",1.6739 (100.4 min/0.0697 d; Walker ephemeris still valid in Bonnet-Bidaud+20),Barrett+20; Ridder+23; Bonnet-Bidaud+20; Walker+65,"6026.04 (synchronized polar; derived from Porb=1.6739 h, not a separately measured spin period)",Barrett+20; Ridder+23; Bonnet-Bidaud+20; Walker+65,,,11900 low-state HST/STIS WD-model value; older optical blackbody estimate ~9000 superseded,AraujoBetancor+05_STLMi,0.73 +/- 0.05,Howell+06_VVPup; Bonnet-Bidaud+20,30.5 main pole and 56 secondary pole in Wickramasinghe+89; 31.5 and 54.6 two-pole values in later Schwope+97/Bonnet-Bidaud+20; ~40 offset-dipole model,Howell+06_VVPup; Bonnet-Bidaud+20; Wickramasinghe+89; SchwopeBeuermann+97; Mason+07,,,,30.5 and 56 original two-pole values; later 31.5 and 54.6 surface-field values,30.5 main pole; 56 secondary pole,"Howell+06_VVPup report J-band cyclotron emission consistent with the active 30.5 MG pole. Bonnet-Bidaud+20 summarize VV Pup as a two-pole polar with surface fields 31.5 MG and 54.6 MG and a field structure described by a ~40 MG dipole slightly offset from the WD center, citing Wickramasinghe+89, SchwopeBeuermann+97, and Mason+07. The active southern pole used in QPO/X-ray modeling has B~31 MG and colatitude beta~145-155 deg. The radio-inferred 7530 +/-365 G value remains an emission-site/donor-plasma estimate, not a WD surface field. Schwope & Beuermann+97 original arXiv abstract directly confirms the two cyclotron poles at approximately 31 and 54 MG and documents state-dependent line shifts. Wickramasinghe+89 original abstract gives 30.5 MG at the main pole and 56 MG at the secondary pole with an offset-dipole displacement of about 0.1 Rwd; Schwope & Beuermann+97 directly confirms the two-pole interpretation with approximately 31 and 54 MG and documents state-dependent line shifts.",normal M7V secondary,0.10 +/- 0.02,not measured/found in inspected accessible sources; M7V subtype only,Howell+06_VVPup; Bonnet-Bidaud+20,"AraujoBetancor+05_STLMi HST/STIS low-state spectroscopy gives Twd=11900 K for VV Pup and supersedes an older ~9000 K optical blackbody estimate. Howell+06_VVPup low-state IR spectroscopy gives K2=414 +/-27 km/s, M1=0.73 +/-0.05 Msun, M2=0.10 +/-0.02 Msun, and an M7V donor whose H/K-band flux dominates in low state; J-band cyclotron emission is consistent with the active 30.5 MG pole. Bonnet-Bidaud+20 analyze VLT/ULTRACAM and XMM data: VV Pup was recognized as a 100.4 min periodic variable, Walker+65 ephemeris is still used, active pole self-eclipse geometry has i~75 deg and beta~145-155 deg, hard X-ray component kT~40 keV, unabsorbed 0.5-10 keV Lx=7.4e30 erg/s, and QPO simulations use Mwd=0.73 Msun and B=31 MG. As a polar, the WD spin is assumed synchronized with the orbital period; the listed spin period is derived. Schwope & Beuermann+97 is now directly web-verified through the arXiv record; its phase-resolved data independently confirm the two-pole field values already summarized by Bonnet-Bidaud+20. Mason+07 reports the first photospheric Zeeman-line detection in VV Pup during a low state and argues for a more complex field/coupling structure than a simple dipole; this is a topology constraint, not a single scalar field measurement. Audit 2026-09-25: exact Gaia DR3 and Bailer-Jones EDR3 rows saved. Distance fields now hold rgeo median/p16/p84. M_G was recalculated using M_G=G+5−5log10(d/pc), G=15.954804 and rgeo=135.259247 pc; prior 10.2883 used a different inverse-parallax distance. Araujo-Betancor+05 preferred cold photosphere is 11900±600 K; 50000 K second component is fixed in the model. Mason+07 and Schwope & Beuermann+97 full texts checked.","VV Pup literature pass used local AraujoBetancor+05_STLMi and Bonnet-Bidaud+20 text plus arXiv/AJ metadata/full PDF text for Howell+06_VVPup. The local file named Howell+06.pdf is the EF Eri paper, not the VV Pup IR spectroscopy paper, so Howell+06_VVPup is marked web_verified rather than local. Walker+65 original scan is now checked locally through the official Konkoly repository; the pp. 1–2 ephemeris and uncertainty caveat are transcribed; Wickramasinghe+89, SchwopeBeuermann+97, and Mason+07 have web-verified original abstracts/arXiv records, while the full Mason+07 field-topology fit remains to be transcribed. No direct donor Teff found in inspected accessible sources. SchwopeBeuermann+97 and Wickramasinghe+89 original arXiv/ApJ records are now audited; the two papers give slightly different pole values because they model different accretion states. Wickramasinghe+89 original ApJ abstract/metadata, Mason+07 arXiv abstract, and SchwopeBeuermann+97 arXiv source are now audited; exact photospheric-field topology still requires reading the full Mason+07 paper rather than treating the cyclotron pole values as a mean surface field. 2026-09-25: exact SIMBAD identifier list and Gaia/Bailer-Jones rows saved. Araujo-Betancor+05 p.13 visually confirms WD-model distance 151(+28/-34) pc. Howell+06 VV Pup, Schwope & Beuermann+97, Mason+07 full PDFs downloaded and checked. VVPUP-001 tracks K-band radio significance and emission-site interpretation.",0.0252,0.0197,0.083111,NOT_AVAILABLE,0,,,,22,
gaia-dr3:719893044876142848,FR Lyn,magnetic_cv,asynchronous polar / AM Her system,719893044876142848,literature_audited_primary_web_verified,ok,simbad_name_gaia_dr3,1ES 0851+39.2 / SDSS J085414.02+390537.3,133.55842697873,39.09370857197,133.55839380788,39.09354086728,183.23902616958,39.80500528254,2.1304273962,0.18026488,-5.7924936313,0.17384012,-37.7335563232,0.25743216,19.20104,0.031629,19.15066,0.095910,18.984726,0.108755,0.165934,10.801839,0.9857171,,,,478.454071,436.084137,526.308899,,,ok,https://vizier.cds.unistra.fr/viz-bin/VizieR-5?-source=I/355/gaiadr3&Source=719893044876142848,1.892664 +/-0.000017 h (Porb=113.55984 +/-0.001 min from Kolbin+23). Older Dillon+08 113.26 +/-0.03 min was called Porb under assumed synchronism; Barrett+20 Table 2 compiles 1.8876 h.,"Ridder+23 Table 3: 480 (+50/-40) pc from Gaia EDR3/Bailer-Jones+21; exact geometric posterior median 478.454071 pc [436.084137,526.308899]. Barrett+20 Table 2 earlier Gaia DR2 compilation is 550 pc, with no uncertainty or method specified.",Barrett+20;Ridder+23,Voges+99;Ridder+23,Christian+01;Szkody+05;Dillon+08;Kolbin+23_FRLyn;Barrett+20;Ridder+23;SIMBAD_FRLyn;GaiaDR3_FRLyn;VizieR_GaiaDR3_FRLyn;BailerJones+21_FRLyn,,Barrett+20 reports radio fluxes/polarization but no reliable radio-inferred B value is entered for FR Lyn in the source table; use Kolbin+23/Szkody+05 MG-scale WD field measurements instead.,1.892664 +/-0.000017 (Porb=113.55984 +/-0.001 min from Kolbin+23 asynchronous-polar solution),Kolbin+23_FRLyn;Dillon+08;Barrett+20;Ridder+23,"6791.82 +/-0.06 (Pspin=113.197 +/-0.001 min, Kolbin+23)",Kolbin+23_FRLyn,2125440 +/-8640 (Pbeat=24.6 +/-0.1 d asynchronous-polar beat cycle; not an intermediate-polar beat),Kolbin+23_FRLyn,not found in inspected FR Lyn/J0854 literature; Kolbin+23 does not report a WD photospheric Teff,Kolbin+23_FRLyn;Szkody+05;Dillon+08,not found in inspected FR Lyn/J0854 literature,Kolbin+23_FRLyn;Szkody+05;Dillon+08,28.5 +/-1.5 MG mean visible-photosphere Zeeman; ~34 MG local cyclotron spot fit at Te=10 keV; historical 44 MG is secondary-reported by Kolbin+23 from Szkody+05 and is not preferred,Kolbin+23_FRLyn;Szkody+05,,,28.5 +/-1.5,~34 MG from Kolbin+23 cyclotron spot model at Te=10 keV; historical 44 MG is secondary-only,~34 MG at cyclotron-emitting accretion spot near magnetic pole; model assumes Te=10 keV; no uncertainty reported,"Kolbin+23 measured 28.5 +/-1.5 MG from H-beta Zeeman splitting (mean over visible WD photosphere) and fitted B~34 MG at the magnetic pole/accretion spot from cyclotron harmonics with Te=10 keV. They cite Szkody+05 for an older 44 MG harmonic estimate and optical circular polarization up to 30%; the Szkody original body was inaccessible, so 44 MG is secondary-reported and not preferred. Barrett+20 reports no radio-derived field for FR Lyn.",Not reported in inspected FR Lyn/J0854 papers; Szkody+05 full text inaccessible; no donor classification adopted,not found in inspected FR Lyn/J0854 literature,not found in inspected FR Lyn/J0854 literature,Kolbin+23_FRLyn;Szkody+05;Dillon+08;Christian+01,"FR Lyn = SDSS J085414.02+390537.3 / J0854 / EUVE J0854+390 / 1ES 0851+39.2 / 1RXS J085413.1+390543 / Gaia DR3 719893044876142848 is a confirmed AM Her polar and asynchronous polar in Kolbin+23. Exact SIMBAD aliases and Gaia DR3/VizieR/Bailer-Jones rows checked. Gaia mean data are unresolved-system quantities. Geometric distance posterior is 478.454071 pc (16th/84th percentiles 436.084137/526.308899); unresolved/no-extinction M_G=10.801839 is derived from Gaia G and posterior median. Barrett+20 Table 2 earlier gives 550 pc from Gaia DR2 without uncertainty. FR Lyn has only one Barrett+20 Table 1 radio row: 18A X band 7.928-12.024 GHz, I 28 +/-4 uJy, RR 12 +/-6, LL 38 +/-6, CP -52 +/-17%, offset 0.13 +/-0.22 arcsec. The 49 +/-29 uJy K row previously assigned to FR Lyn is VV Pup and is corrected in catalog row 11. Ridder+23 X-ray bands are approximate PIMMS conversions from ROSAT catalog rates, not a source-specific fit. Periods: Pbeat=24.6 +/-0.1 d; Pspin=113.197 +/-0.001 min; Porb=113.55984 +/-0.001 min. Pspin<Porb; WD rotates faster than orbit. Paper reports |asynchronism| about 0.3%, while signed 1-Porb/Pspin is -0.3205%. Mean photospheric B=28.5 +/-1.5 MG; local cyclotron field ~34 MG at Te=10 keV. Historical 44 MG is secondary-reported via Kolbin+23 because Szkody+05 original body could not be retrieved. No source-specific WD Teff/mass/radius/logg/cooling age/moment, donor type/mass/Teff, q, inclination, Mdot or Pdot found in inspected sources.","FR Lyn audit completed 2026-09-25. Full Kolbin+23, Dillon+08, Christian+01, Barrett+20, Ridder+23 source texts/tables and exact Gaia/Bailer-Jones/SIMBAD records checked. FRLYN-001 remains open because Szkody+05 body was inaccessible; 44 MG/optical polarization remain secondary reports, not preferred values.",0.1494,0.1506,0.145005,VARIABLE,false,0.0,0.0,1.2733974,20,326
gaia-dr3:583340808875713280,Hya 1,magnetic_cv,Confirmed polar / AM Her; secure RX J0859.1+0537 identity; marginal radio point,583340808875713280,audited_with_unresolved_issues,secure,published_alias_plus_simbad_gaia_dr3_source_id,RX J0859.1+0537 / RBS 734,134.7882590348,5.6151649330,134.78830856583,5.61512416859,223.19374158,30.86660742,2.2497,0.1183,11.091,0.129,-9.172,0.098,18.065144,0.01356,18.394114,0.04255,17.405783,0.03465,0.988331,9.84360,1.013,,,,440.867584,420.737335,462.422791,,,ok,https://vizier.cds.unistra.fr/viz-bin/VizieR?source=I/355/gaiadr3&Source=583340808875713280,"Beuermann+21 Eq. 6/Table C.3: 0.099951323(10) d = 2.398831752 h from 24 minima (preferred); Joshi+20: 2.393±0.003 h from seven eclipse-like minima; Gänsicke & Dillon+09 Table 2: 143.8 min without uncertainty, broadly consistent. Szkody+05 table/secondary reports list 1.1 h; Harrison & Campbell+15 W1 folds reasonably at 1.1 h, but Beuermann+21 do not adopt it as Porb.","Bailer-Jones+21 Gaia EDR3 geometric posterior 440.867584 pc (p16=420.737335, p84=462.422791); photogeometric median 439.464081 pc retained separately. Exact Gaia DR2 posterior Bailer-Jones+18 is 437.138427 pc (408.857407–469.530563); Beuermann+21 quotes Gaia DR2 437 +32/-28 pc (90%), and Joshi+20 quotes 441±30 pc. These are consistent; DR3 geometric median is adopted.",Barrett+20;Ridder+23,Beuermann+21_RXJ0859;Joshi+20_RXJ0859,Pelisoli+24;Barrett+20;Ridder+23;Joshi+20_RXJ0859;Beuermann+21_RXJ0859;HarrisonCampbell+15_RXJ0859;GansickeDillon+09_RXJ0859;Szkody+05_RXJ0859;BailerJones+21_RXJ0859;BailerJones+18_RXJ0859;GaiaDR3_RXJ0859;SIMBAD_RXJ0859;Lallement+18_RXJ0859,3563 +/- 730,"Barrett+20 conditional fundamental-ECM radio-plasma/emission-region field estimate; not a WD surface, photospheric, or cyclotron-pole field. Emission site is not established.","2.398831752 h preferred (Beuermann+21, 24-minimum ephemeris); Joshi+20 2.393±0.003 h and Gänsicke & Dillon+09 143.8 min are consistent historical values. The old 1.1 h entry/modulation is retained as a separate unresolved interpretation.",Beuermann+21_RXJ0859;Joshi+20_RXJ0859;GansickeDillon+09_RXJ0859;Szkody+05_RXJ0859;HarrisonCampbell+15_RXJ0859,"No independent WD spin period measured in the checked papers; treated as a synchronized polar, so no distinct spin value is adopted.",Beuermann+21_RXJ0859;Joshi+20_RXJ0859,,,"No direct photospheric WD Teff found. Beuermann+21 estimate equilibrium Teff≈10,500 K from long-term mean Mdot; model prediction, not a measured temperature.",Beuermann+21_RXJ0859,No direct WD mass measurement. Beuermann+21 model-dependent range 0.56–0.72 Msun for i≈50–60 deg; 0.56–0.66 Msun if the wide X-ray dip is stream absorption; Knigge-sequence 0.75 Msun would imply i≈48 deg.,Beuermann+21_RXJ0859,"Cyclotron/Zeeman model estimates are separate: Joshi+20 49±2 MG from optical harmonics under T=10 keV, θ=90 deg; Beuermann+21 36 MG fit under T=10 keV, θ=70 deg, logΛ=2, harmonics 4–6; a possible 34 MG Hα σ− trough is attributed to an accretion halo. Harrison & Campbell+15 WISE estimates are additional broad/model-dependent constraints. No direct mean photospheric Zeeman field or secure single preferred field is adopted.",Joshi+20_RXJ0859;Beuermann+21_RXJ0859;HarrisonCampbell+15_RXJ0859,,,,,,"See separate measurement rows for the 49±2 MG Joshi cyclotron-harmonic inference, 36 MG Beuermann cyclotron continuum model, possible 34 MG accretion-halo Hα Zeeman trough, and Harrison & Campbell WISE constraints (B≥35 MG or ≤20 MG from W1, and B≤30 MG from mean WISE color). These are not averaged and are not a direct mean photospheric field. Barrett+20 3563±730 G is conditional radio plasma inference, not the MG field.",dM5 SDSS comparison template fitted to spectrum; evolutionary sequence predicts dM4.0. Neither is an independently measured unique donor subtype.,"Joshi+20 empirical mass–period estimate M2=0.19±0.07 Msun and R2=0.24±0.03 Rsun; Beuermann+21 Knigge-sequence/model scenarios M2=0.20 Msun, R2=0.223 Rsun, or M2=0.17 Msun if moderately bloated (f3=1.10). No dynamical donor mass.",3300 K inferred for an M4 lower-main-sequence analogue by Joshi+20; not directly measured for the donor.,Joshi+20_RXJ0859;Beuermann+21_RXJ0859,"Corrected source identity: Hya 1 = RX J0859.1+0537 (RBS 734), Gaia DR3 583340808875713280, explicitly listed in Pelisoli+24 Appendix. SIMBAD [DWS97] Hya 1 is a separate identifier resolving to MM Hya/PG 0911-066/Gaia 5745881603063095680; all old MM Hya properties remain separated in rawdog_measurements.csv as the rejected alternative. The polar/AM Her classification is supported by optical polar/cyclotron evidence in Joshi+20 and Beuermann+21. Exact Gaia astrometry, quality, photometry and distance posteriors are in the measurement ledger. Adopted distance is EDR3 geometric posterior median; Gaia color is observed unresolved-system color; M_G is no-extinction and unresolved-system-derived. Porb is from the Beuermann+21 alias-free 24-minimum BJD(TDB) ephemeris. No independent spin/beat period is adopted. White-dwarf/donor properties are model/template estimates as labeled in the ledger; no direct photospheric WD Teff, mass, radius, log g, cooling age, or magnetic moment was found. ROSAT fluxes in Beuermann+21 are model/bolometric quantities and do not map to the compatibility catalog 1–10 or 0.1–10 keV fields. Barrett radio point remains marginal; do not call a secure detection or an upper limit.","Open HYA1-003: whether the Barrett+20 Stokes-I radio point (6±6 μJy; custom combined S/N 7.3) should remain in a detection sample, given Ridder+23 calls it below 3σ. Open HYA1-007: choose whether any magnetic-field summary is useful for population comparison; Joshi+20 49±2 MG, Beuermann+21 36 MG/possible 34 MG halo, and Harrison & Campbell+15 WISE alternatives measure/model different diagnostics. Open HYA1-008: Joshi+20 calls the dips eclipses; Beuermann+21 interprets them as cyclotron-beaming minima and calls the system noneclipsing. Open HYA1-009: clarify whether the 1.1 h W1 modulation/old SDSS period entry represents an astrophysical clock, harmonic, or alias; do not replace the 2.398831752 h orbital ephemeris without new evidence. The former MM Hya donor-mass and period-bouncer items HYA1-005/006 have been reassigned away from this source.",,,,,,,,,,
gaia-dr3:594162958230409088,HS0922+1333,magnetic_cv,Synchronous polar / AM Her; LARP-pre-polar and transfer state disputed,594162958230409088,audited_with_unresolved_issues,ok,SIMBAD identifier/Gaia DR3 exact-source cross-identification; Gaia motion and published positions consistent,HS 0922+1333,141.2330340925046,13.347829724427779,141.23301583296862,13.347729969174765,218.17202168,40.00361849,6.06324447,0.08540321,-3.99741338,0.08515909,-22.44493210,0.07122459,16.46214,0.003864,17.752113,0.037853,15.29679,0.008110,2.4553232,10.38891,1.1182156,,,,163.9254,161.623642,166.156677,,,ok,https://vizier.cds.unistra.fr/viz-bin/VizieR-5?-source=I/355/gaiadr3&Source=594162958230409088,"4.0394 h (Barrett+20); 4.0395 +/- 0.0001 h (TovmassianZharikov+07); 0.1683125(5) d = 4.039500 +/- 0.000012 h (Parsons+21, preferred precise spectroscopic ephemeris); 244 +/- 2 min (ReimersHagen+00 cyclotron/WD-spin modulation, not an independent Porb)","163.925400 pc geometric posterior median (Bailer-Jones+21, adopted; p16/p84=161.623642/166.156677); 140 +/- 50 pc (Vogel+11 abstract); ~190 pc (ReimersHagen+00 donor template); 8 pc (Barrett+20 Table 2, printed but inconsistent/unexplained)",Barrett+20,ReimersHagen+00_HS0922;Vogel+11_HS0922,ReimersHagen+00_HS0922;TovmassianZharikov+07_HS0922;Vogel+11_HS0922;Parsons+21_HS0922;Barrett+20;Ridder+23;Wang+24_HS0922;Bruch+25_HS0922,,Barrett+20 Table 2 gives no radio-plasma field estimate for HS 0922+1333.,4.039500 +/- 0.000012 h (Parsons+21 P=0.1683125(5) d),Parsons+21_HS0922;TovmassianZharikov+07_HS0922;ReimersHagen+00_HS0922,14542.2 +/- 0.0432 s implied by measured Porb and synchronism; not an independent spin measurement,Parsons+21_HS0922;TovmassianZharikov+07_HS0922;ReimersHagen+00_HS0922,,,"Upper limits only: <8500 K (Parsons+21 optical WD-model scaling); <8000 K (Vogel+11 UV abstract); <=10000 K (ReimersHagen+00 from MB=12.6, assumed log g=8 and d=190 pc). Methods and components differ; no unique Teff adopted.",Parsons+21_HS0922;Vogel+11_HS0922;ReimersHagen+00_HS0922,"0.71 +/- 0.07 Msun (Parsons+21; model-derived using M-dwarf K2, v sin i, donor mass/radius assumptions)",Parsons+21_HS0922,Cyclotron accretion-spot estimates: 66 MG main spot; ~81 MG weaker antiphase spot; no formal errors reported.,ReimersHagen+00_HS0922;Parsons+21_HS0922,,,,No direct WD surface polar field measurement identified; cyclotron spot fields are not equated to a photospheric/polar field.,"66 MG main cyclotron spot (n=2,3,4); ~81 MG weak secondary/antiphase spot (n=2,3); harmonic-based estimates, no formal uncertainty.","ReimersHagen+00 observed cyclotron harmonics at 7800/5334/4034 A (n=2/3/4) and weaker 6600/4400 A (n=2/3). Parsons+21 X-shooter data resolve the same two spot field solutions. These are fields in the cyclotron-emitting accretion regions, not direct mean photospheric or polar-field measurements. Vogel+11 describes the field axis as nearly in the orbital plane in its abstract only.","M3.5 (ReimersHagen+00; Parsons+21); M4 V template match above 6500 A (TovmassianZharikov+07; template classification, not a dynamical subtype)","0.366 +/- 0.018 Msun (Parsons+21; Ks mass-luminosity estimate, not a direct dynamical mass)",,Parsons+21_HS0922;TovmassianZharikov+07_HS0922;ReimersHagen+00_HS0922,"Secure magnetic WD+dM binary / synchronized polar. Literature labels LARP or pre-polar differ; Parsons+21 lists possible episodic Roche-lobe overflow. M3.5/M4 template, field strengths and masses are not all the same kind of measurement. Gaia BP/RP are unresolved system photometry; no extinction correction or component decomposition is applied. Barrett+20 Table 2 distance=8 pc is preserved as a published but unexplained conflict; adopt Bailer-Jones+21 geometric posterior 163.925400 pc.","HS0922-001: obtain author/source-table clarification for Barrett+20 Table 2 8 pc entry (Gaia DR3/BJ21 imply ~164 pc; discovery template ~190 pc; Vogel+11 abstract 140±50 pc). HS0922-002: taxonomy should retain synchronized polar identity while leaving pre-polar/LARP and episodic-transfer status disputed (Reimers+00; TovmassianZharikov+07; Vogel+11 abstract; Parsons+21). HS0922-003: verify TESS flare timing/decay parameters and physical attribution against original Wang+24 and Bruch+25 full text; available excerpts say two short bursts, potentially donor activity/accretion-related.",,,,,,,,,,
gaia-dr3:755705822218381184,WX LMi,magnetic_cv,AM,755705822218381184,audited_with_unresolved_issues,secure_alias_gaia_published_identity,simbad_name_gaia_dr3,V* WX LMi,156.614555596609,38.750737702232,156.614656779343,38.750552858904,182.555103,57.692359,10.3113515,0.0532978,17.7547565,0.0501989,-41.5897585,0.0394213,16.339228,0.004080,17.393810,0.013146,15.239270,0.017305,2.154540,11.41028,1.014026,,,,96.780846,96.225998,97.267899,,,exact Gaia DR3 source-ID and BJ21 posterior queries; 2026-09-23,https://vizier.cds.unistra.fr/viz-bin/VizieR-5?-source=I/355/gaiadr3&Source=755705822218381184,2.7821; adopted Vogel+07 = 2.78216736 +/- 0.00001032 h,96.78 (+0.49/-0.55) Gaia EDR3 BJ21 geometric; alternatives retained in measurements,Barrett+20,Ridder+23;Vogel+07,Reimers+99_HS1023;Schwarz+01_WXLmi;Vogel+07;TutarOzdarcan+17_WXLmi;Barrett+20;Ridder+23,,No source-specific radio-region field found; do not use optical cyclotron spot fields as radio-region field.,2.78216736 +/- 0.00001032,Vogel+07;Reimers+99_HS1023;TutarOzdarcan+17_WXLmi,,,,,<8000 K (model-dependent photospheric upper limit); Reimers+99 13000 +/- 1000 K is rejected by Vogel+07 UV test,Vogel+07;Reimers+99_HS1023,">=0.36 Msun conditional minimum from K2/ZAMS donor/no-eclipse assumptions; 0.6 Msun used as model input, not measured; Reimers+99 rough ~0.9 Msun estimate not adopted",Vogel+07;Reimers+99_HS1023,Vogel+07 model spot fields 61.4±0.5 and 69.6±0.5 MG; Reimers+99 60/68 MG; Tutar Özdarcan+17 49 MG and 69/104/207 MG alternative at other spot (unresolved),Vogel+07;Reimers+99_HS1023;TutarOzdarcan+17_WXLmi,,,,,Vogel+07: 61.4±0.5 / 69.6±0.5 MG modeled cyclotron spots; Tutar Özdarcan+17 alternatives retained separately; see ledger/review WXLMI-001,"Only cyclotron-emitting accretion-region fields are reported here; do not label them mean photospheric/global polar/Zeeman fields. Vogel+07 fixed i=70°, field normal to spots and coupled plasma/geometry assumptions. Independent 2017 harmonic assignments differ; no averaging pending WXLMI-001.","dM4.5 +/- 0.5 adopted; TiO5 M5.0±0.5, VO-a M4.5±0.7, PC3 M4.5±1; SIMBAD M5.0",0.179 Msun for M4.5 ZAMS/template; 0.147–0.220 for M5–M4 bracket; not dynamical,not directly measured in inspected sources; subtype is not converted to Teff,Vogel+07;Reimers+99_HS1023,"Secure identity WX LMi = HS 1023+3900 = Gaia DR3 755705822218381184; other aliases, exact Gaia astrometry, quality flags, observed photometry, BJ21 geometric/photogeometric posteriors and derived no-extinction unresolved M_G are recorded in rawdog_measurements.csv. Adopt Gaia EDR3 geometric distance median 96.780846 pc (p16 96.225998, p84 97.267899); do not invert parallax. Vogel+07 orbital ephemeris is the adopted Porb; 2017 0.097±0.007 d single-cycle Hα fit remains an alternative and no separate Pspin is measured. Synchronized magnetic polar/LARP classification is established; pre-polar detached/wind-fed interpretation is proposed and no numerical Roche-fill factor is measured. Donor M4.5 subtype is observed/template-classified; its 0.179 Msun and 0.211 Rsun values are ZAMS-calibration/model values. WD Teff<8000 K is a photospheric model upper limit; earlier Reimers+99 13000±1000 K is rejected by later UV data. Cyclotron fields are local model-dependent accretion-spot values and 2017 alternatives remain open; no photospheric Zeeman field or moment found. X-ray fluxes keep model, band and state separate; Ridder+23 0.1–10 keV value matches Vogel+07 rejected single-MEKAL 0.1–5 keV number and is flagged WXLMI-004. Barrett+20 C/X radio detections remain separate continuum bands, with insignificant CP and no source-specific radio field/pulse/spectral index. See source audit note, review queue, and measurement ledger.",Open: WXLMI-001 cyclotron harmonic/spot-field model conflict; WXLMI-002 preferred catalog taxonomy for confirmed polar versus proposed pre-polar/detached state; WXLMI-003 2017 one-cycle period/synchronization disagreement; WXLMI-004 reproduce Ridder+23 X-ray band/model conversion. Exact needed actions in rawdog_review_queue.csv.,,,,,,,,,,
gaia-dr3:3996419759863758592,ST LMi,magnetic_cv,AM,3996419759863758592,audited_with_unresolved_issues,ok,simbad_name_gaia_dr3,V* ST LMi,166.415693466418,25.107985200865,166.415697304960,25.107827029509,211.803162,66.214113,8.736707,0.074548,0.782063,0.071644,-35.588555,0.066138,16.184700,0.04829,16.533352,0.11280,15.579006,0.17621,0.954346,10.89579,1.417568,,,,114.230247,113.332901,115.134712,,,ok,https://vizier.cds.unistra.fr/viz-bin/VizieR-5?-source=I/355/gaiadr3&Source=3996419759863758592,1.8981,114.2 +/- 0.9,Barrett+20;Ridder+26_Broadband;Pavelin+94_STLMi;Rinkoski+25_STLMi,Webb+20;Ridder+23;4XMM_DR9_STLMi,AraujoBetancor+05_STLMi;ShahbazWood+96_STLMi;Kafka+07_STLMi;Campbell+08_STLMi;Ciardi+98_STLMi;Howell+00_STLMi;Pavelin+94_STLMi;Barrett+20;Ridder+23;Ridder+26_Broadband;Rinkoski+25_STLMi,3210 +/- 365,"From combined_mcv_sources.csv b_gauss; retained as a radio/emission-region estimate, not WD surface B.",1.8984 +/- 0.0072 (converted from Shahbaz & Wood 0.0791 +/- 0.0003 d); catalog 1.8981 h is rounded/inherited,ShahbazWood+96_STLMi;Kafka+07_STLMi;Rinkoski+25_STLMi;Ridder+23;Ridder+26_Broadband,,,,,10.8 +0.5/-0.4 kK preferred two-component FUV cold WD photosphere; 10.9 +0.5/-0.4 kK single WD fit; model-dependent; historical estimates retained separately in ledger,AraujoBetancor+05_STLMi,"0.76 +/- 0.30 from K2/q/i binary model; conditional on Roche geometry, synchronized donor, i=56 +/-4 deg and q convention; not an isolated direct weighing",ShahbazWood+96_STLMi;Cropper+88_STLMi,16.8 MG phase-visible H-alpha Zeeman feature at local photospheric/near-pole region; 12.1 +/- 0.5 MG low-state IR cyclotron column model; no global field selected; see component-specific ledger rows,Kafka+07_STLMi;Campbell+08_STLMi;Ferrario+93_STLMi;Peacock+92_STLMi,,,,,12.1 +/- 0.5 MG from 2006 low-state IR cyclotron-column model; earlier ~12 MG model; putative ~16.7 MG second-pole interpretation is disputed,"Kafka+07: phase-visible 6275 A H-alpha sigma-minus Zeeman absorption; 340 A separation implies B=16.8 MG, a local photospheric/near-pole diagnostic with no formal error, not a global mean/polar field. Campbell+08: 2006 low-state IR cyclotron fit B=12.1 +/-0.5 MG, kT=3.3 +/-1.8 keV, logLambda=5.7 +/-0.6; fit range is 50% increase in reduced chi-square with i=55 deg and beta=128 deg adopted. Ferrario+93 abstract gives an earlier ~12 MG cyclotron model. Peacock+92 second-pole claim is not adopted because Campbell+08 says its polarization errors are compatible with zero. Barrett+20 3210 +/-365 G radio estimate is separate emission-region context, not WD surface field.",M5.5 adopted by Shahbaz & Wood; M5V/M6V templates; Campbell+08 uses M6 template in extreme-low state; template classes are distinct from a direct donor temperature,0.17 +/-0.07 from conditional Shahbaz & Wood binary model; q=M2/M1=0.22 with 0.04 or 0.05 error depending limb-darkening convention,"Ciardi+98 abstract reports 2800 K (publisher abstract indexed +/-100 K; local proceedings abstract prints +200 K) and phase values 2700–3100 K; original journal full text inaccessible. Campbell+08 ~3000 K is a template/model input, not global donor Teff.",ShahbazWood+96_STLMi;Campbell+08_STLMi;Ciardi+98_STLMi;Howell+00_STLMi,"Identity secure: SIMBAD V* ST LMi aliases CW 1103+254, WD 1102+253, SDSS J110539.76+250628.6, 2MASS J11053977+2506285, 3XMM J110539.7+250628 and exact Gaia DR3 3996419759863758592. Gaia ICRS is J2016.0; stored J2000 coordinates are propagated ICRS, not FK5. Adopt Bailer-Jones geometric distance 114.230 pc (p16=113.333, p84=115.135); photogeometric and WD-model distances are separate. Gaia G/BP/RP and BP-RP are unresolved and not extinction-corrected; no Gaia single-star Teff adopted. AM Her classification and WD photospheric interpretation are secure. Shahbaz & Wood orbital/dynamical values depend on q=M2/M1, limb darkening, external i=56 +/-4 deg, Roche geometry and synchronization; do not convert conventional spin synchronization to an independent spin measurement. WD temperatures are FUV photospheric model fits with mass/logg assumptions. 16.8 MG Zeeman and 12.1 MG cyclotron values refer to different components. Companion temperature is abstract/model-dependent. Radio epochs: Pavelin+94 possible confusion; Barrett+20 2015A survey; Ridder+26 2017 quiescent X band and 2025 highly polarized S-band flares; Rinkoski+25 repository abstract only. Ridder+23 X-ray fluxes are approximate 4XMM conversions. See measurement ledger and review queue.",Open STLMI-001–009: field component taxonomy/second pole; q/mass convention and Cropper+88 source; radio mechanism/site and Rinkoski+25 full text; Ridder+26 Table 7 luminosity label; historical Pavelin+94 association; donor fill status; Ciardi+98 temperature uncertainty; Ridder+23 X-ray band conversion. Exact actions in rawdog_review_queue.csv.,,,,,,,,,,
gaia-dr3:783921244796958208,AR UMa,magnetic_cv,AM,783921244796958208,audited_with_unresolved_issues,ok,simbad_name_gaia_dr3,V* AR UMa,168.935787931212,42.972897507427,168.9352938718791,42.97289359140146,167.455129236853,64.966122662412,10.118232923,0.053618286,-81.335580,0.047628,-0.881345,0.048772,16.241827,0.002562,16.394170,0.005620,15.761198,0.017273,0.632972,11.27208,1.057729,,,,98.616440,98.100266,99.120460,,,ok_exact_source_id,https://vizier.cds.unistra.fr/viz-bin/VizieR-5?-source=I/355/gaiadr3&Source=783921244796958208,1.9320,98.62 (+0.50/-0.52) pc; Bailer-Jones geometric EDR3 posterior; photogeometric alternative 98.69 pc retained in measurements,Barrett+20; MasonGray+07_ARUMa; Mason+24_ARUMa,Szkody+99; Ridder+23; Remillard+94_ARUMa,Gaensicke+01_ARUMa; Kato+23_ARUMa; Schmidt+96_ARUMa; Remillard+94_ARUMa; Szkody+99; Barrett+20; Ridder+23; Bai+16_ARUMa; Mason+24_ARUMa; Ferrario+03_ARUMa; Howell+01_ARUMa; Harrison+05_ARUMa; GaiaDR3_ARUMa; SIMBAD_ARUMa,,,1.9320154488 +/- 0.0000000288,Kato+23_ARUMa; Gaensicke+01_ARUMa; Barrett+20; Ridder+23; Bai+16_ARUMa; Mason+24_ARUMa,,,,,20000 +/- 5000 rough magnetic-WD model; FUV-only fit ~17000 K; Mason+24 Table 2 T1=22250 +/- 2000 K (3-sigma model; separate method),Gaensicke+01_ARUMa; Mason+24_ARUMa,"0.91–1.24 conditional Bai+16 radial-velocity/geometry result; Mason+24 Table 2 1.125 +/- 0.075 (3-sigma model), unresolved Table 1/2 inconsistency",Gaensicke+01_ARUMa; Bai+16_ARUMa; Mason+24_ARUMa,Distinct diagnostics: 140–170 MG mean optical Zeeman; ~200 MG Ly-alpha photospheric; ~200–235 MG dipole-model polar; cyclotron region values in typed fields/ledger.,Gaensicke+01_ARUMa; Schmidt+96_ARUMa; Ferrario+03_ARUMa; Mason+24_ARUMa,,,~200 MG Ly-alpha (Gänsicke+01); ~230 MG earlier IUE Ly-alpha (Schmidt+96); 140–170 MG mean optical Zeeman (Ferrario+03). Keep diagnostics separate.,Offset-dipole model B_d=200–235 MG (Ferrario+03; marginal optical fit); not a measured global mean.,"Distinct low-state/spot cyclotron models: 240 MG north, >160 MG south lower limit (Gänsicke+01); 154 MG weak pole (Ferrario+03); <=190 MG active southern region (Howell+01).","Gaensicke+01 HST/STIS spectra confirm photospheric Ly-alpha Zeeman features in a ~200 MG field and cite the earlier IUE sigma+ detection as ~230 MG. Their low-state UV cyclotron interpretation gives B=240 MG for the 1445 Angstrom bump near the northern pole and B=160 MG for the 1650 Angstrom bump near the southern pole; they state the 160 MG southern value should be treated as a lower limit because the magnetic south pole remains eclipsed. Single-temperature magnetic-WD models do not fit the UV/optical SED satisfactorily.; Ferrario+03 adds mean optical Zeeman 140–170 MG, only marginally fitted off-centered dipole B_d=200–235 MG, and 154 MG weak-pole cyclotron model. Howell+01 gives an independent low-state southern accretion-region model limit <=190 MG. These measurements refer to different diagnostics/regions and are not averaged.",M6±1 optical classification (Remillard+94); M5.5V K-band template classification (Harrison+05). SIMBAD O9I is not adopted.,0.154 M_sun Knigge donor-sequence input (Bai+16); Mason+24 Table 2 separately prints 0.198±0.001 M_sun (3σ model) amid q/R2 inconsistency.,3200±50 K Bai+16 blackbody+Phoenix spectral decomposition (model fit); 3177 K is a separate Knigge donor-sequence prediction.,Gaensicke+01_ARUMa; Remillard+94_ARUMa; Bai+16_ARUMa; Harrison+05_ARUMa; Mason+24_ARUMa,"Aliases: 1ES 1113+43.2; RX J1115.6+4258; WD 1112+432; SDSS J111544.56+425822.4; Gaia DR3 783921244796958208. Secure Gaia counterpart by exact identifier and 0.0165 arcsec coordinate agreement. Gaia J2016.0 ICRS position is distinct from epoch-2000 propagated ICRS; J2000 values are not FK5. Adopt Bailer-Jones geometric distance 98.616 (+0.504/-0.516) pc, not inverse parallax; photogeometric and historical ~88 pc alternatives retained. Gaia G/BP/RP are unresolved system magnitudes; BP−RP=0.63297 is observed, not intrinsic; no source-specific extinction found. Orbital ephemerides are kept separately; Mason+24 TESS P=0.0805006437(12)d adopted in compatibility field, while Kato+23/Bai+16 values remain in ledger. No independent spin period is available; synchronization is an interpretation of polar classification. White-dwarf Teff, mass/radius, fields, and donor mass/radius include distinct model-dependent diagnostics; see ledger. Radio is detected, with direct Barrett+20 2013B C/X/K values separate from later Mason+24-secondary-reported VLA values. Ridder+23 X-ray band fluxes are converted estimates from Szkody+99 fits, not native measured fluxes; uncertainty/state mapping unresolved. No magnetic moment, cooling age, radio spectral index, or periodic radio pulse property was found in the searched source papers.","Open ARUMA-001: Mason+24 Table 1 vs Table 2 mass/q/radius consistency; keep both. ARUMA-002: retrieve original/log details for five later radio fluxes and K-band CP reported by Mason+24. ARUMA-003: reproduce Ridder+23 PIMMS X-ray band conversions and verify state mapping/absorption/errors. ARUMA-004: retrieve Mason & Gray+07 original radio observing table. SIMBAD O9I is excluded as incompatible aggregate metadata; 0.6 M_sun is retained only as an assumed input, not a measured mass.",,,,,,,,,,
gaia-dr3:4019704731785215360,EU UMa,magnetic_cv,AM,4019704731785215360,audited_with_unresolved_issues,ok,simbad_name_gaia_dr3,V* EU UMa,177.482091,28.752026,177.482004,28.751992,202.536956,76.328034,3.481798,0.179290,-17.043142,0.241929,-7.676771,0.199595,18.88282,0.01767,18.973312,0.07903,18.68269,0.06328,0.290622,11.593883,0.96513826,,,,286.937592,272.026123,302.731720,,,exact Gaia DR3 source_id query; Bailer-Jones EDR3 geometric posterior,https://vizier.cds.unistra.fr/viz-bin/VizieR-5?-source=I/355/gaiadr3&Source=4019704731785215360,1.5024,287 (+16/-15),Barrett+20,Ramsay+04; Ramsay+94,Howell+95_EUUMa; Ramsay+04; Ramsay+94; Ferrario+15; Schwope+95_EUUMa; Barrett+20; Ridder+23,,,1.5024 (Howell+95: 90.14±0.015 min; Somov+04: 90.1441±0.0007 min from EW dips),Howell+95_EUUMa;Mittaz+92_EUUMa;Somova+03_EUUMa;Somov+04_EUUMa;Ramsay+04,,Howell+95_EUUMa;Somova+03_EUUMa;Somov+04_EUUMa;Ramsay+04,,,9200-11500 (UV atmosphere model range),Ramsay+04,1.2 (+0.2/-0.1) X-ray spectral-model value; 90% confidence,Ramsay+04,43 MG Bcyc1 (cyclotron region); separate Bpd=43 MG centered-dipole pole extrapolation,Schwope+95_EUUMa;Ferrario+15,,,,43,43 (Bcyc1; main cyclotron accretion region),Schwope review Table 1 visually verified: EU UMa/RX J1149+28 has Bcyc1=43 MG and Bpd=43 MG. Bpd is the extrapolated pole of a centered dipole; Bcyc2 and Bph columns are blank for this system. The underlying cited Schwope 1995 work is listed “in preparation” and its direct spectrum/paper was not retrieved. Keep the cyclotron-region field separate from a photospheric mean field; no Bph value is adopted.,not found in inspected sources,,,Mittaz+92_EUUMa;Howell+95_EUUMa;Ramsay+04;Somov+04_EUUMa;Sanad+15_EUUMa,"EU UMa is a secure AM Her/polar system associated with Gaia DR3 4019704731785215360 through exact SIMBAD aliases and source ID. Gaia values are unresolved-system astrometry/photometry; J2000 coordinates are propagated ICRS, not FK5. Adopt Bailer-Jones geometric distance 286.94 pc (p16–p84 272.03–302.73 pc); photogeometric distance remains alternative. M_G=11.5939 is derived from Gaia G and the geometric distance with no extinction correction. Orbital-period evidence: Howell+95 combined EUVE 90.14±0.015 min; Somov+04 optical EW dips 90.1441±0.0007 min; discovery paper lists 90.09/102.78-min aliases. The 73.5–74-min WD-spin suggestion from optical line profiles conflicts with the synchronous polar interpretation and remains disputed; canonical spin field is blank. Schwope+95 Table 1 lists Bcyc1=43 MG and centered-dipole extrapolated Bpd=43 MG; Bcyc2 and photospheric Bph are blank, and the cited underlying spectrum/paper is unavailable. Ramsay+04 XMM mass 1.2(+0.2/−0.1) M_sun and Teff 9200–11500 K are model outputs; kTbb=20(+3/−7) eV is an accretion blackbody, not WD Teff. Its hard flux 6(+2/−5)×10^-13 is bolometric in the original table despite Ridder+23’s 1–10 keV label. 2018A X-band radio Stokes I=39±5 μJy with CP=+1±14%; 2013 VLA nondetections remain epoch-specific. Donor parameters and direct mass ratio were not found in the inspected sources.",EUUMA-001 disputed 73.5–74 min asynchronous-spin interpretation; EUUMA-002 source-specific X-ray flux band conversion; EUUMA-003 underlying reference for Schwope+95 cyclotron/dipole table unavailable; EUUMA-004 UV accretion-rate model depends on 80 pc distance and unspecified line-to-Lacc conversion. Verify only if these affect population comparisons; do not set WD spin or photospheric field from current evidence.,,,,,,,,,,
gaia-dr3:6179636986011888512,V1043 Cen,magnetic_cv,AM,6179636986011888512,audited_with_unresolved_issues,ok,simbad_name_gaia_dr3,V* V1043 Cen,198.32131130314,-32.98678985860,198.32120650509,-32.98693725744,308.203453,29.661096,5.7403,0.0368,-19.778,0.034,-33.165,0.029,14.967200,0.014403,15.624668,0.063153,14.121367,0.027130,1.503302,8.7786,1.279,3768.4,3763.7,3773,172.8741,171.971436,173.765228,0.0011,0.0006,ok,https://vizier.cds.unistra.fr/viz-bin/asu-tsv?-source=I/355/gaiadr3&Source=6179636986011888512,4.1902,172.9 +/- 0.9,Barrett+20;Ridder+23,Webb+20;Ridder+23;Thomas+99_V1043Cen,Thomas+99_V1043Cen;Gaensicke+00_V1043Cen;vanDerHeyden+02_V1043Cen;Beuermann+20_V1043Cen;Barrett+20;Ridder+23,3563 +/- 730,Barrett+20 conditional inference for donor-coronal electron-cyclotron-maser emission at the fundamental; no source localization or mechanism proof. Keep distinct from the 56 MG optical WD accretion-region cyclotron field.,4.19021016 +/- 0.00000360,Thomas+99_V1043Cen,,,,,"~14,000 K optical V-band Rayleigh-Jeans estimate (Thomas+00); 15,000 K base WD from a two-temperature non-magnetic pure-H IUE fit (Gänsicke+00), with a separate 34,000 K heated spot and f~0.01 assumed. Do not average the estimates or call spot/X-ray plasma temperatures the WD photospheric Teff; magnetic-atmosphere systematic ~±1,000 K.",Thomas+99_V1043Cen;Gaensicke+00_V1043Cen,~0.39 cyclotron/inclination branch; ~0.40 FUV radius at assumed 200 pc; ~0.57 FUV radius rescaled to Gaia distance; ~0.64 stability-motivated branch; ~0.31 evolved-donor branch. No independent dynamical WD mass; branches are not averaged.,Thomas+99_V1043Cen;Gaensicke+00_V1043Cen;Beuermann+20_V1043Cen,56 main accretion-region field (cyclotron/slab model),Thomas+99_V1043Cen;vanDerHeyden+02_V1043Cen,,,,,56,"Thomas et al. model optical cyclotron humps/polarization with an isothermal homogeneous plasma slab and obtain B=56 MG for the main accretion region (plasma T=10 keV, i=66 deg, beta_f=7 deg, beta_s=24 deg, psi_s=18 deg, Lambda=26). Geometry is not a pure dipole and the fit misses the short-wavelength shape; van der Heyden et al. confirm the 6600-A hump but do not independently derive B. No mean photospheric or unqualified WD-pole field is adopted. Radio B~3.56 kG is conditional donor-coronal ECM, not a WD measurement.",M2.5 +/- 0.5 spectroscopic estimate; M3 Gl 207.1 template in Thomas+00; M3.5V Gl 273 best faint-phase template fit in van der Heyden+02,~0.45 subtype/Baraffe estimate; 0.51 main-sequence/Roche model; >=0.38 lower limit in Thomas+00; ~0.25 evolved-donor alternative. None is a direct dynamical donor mass.,Not found as a global donor Teff; published M-dwarf templates/subtype are not a calibrated temperature.,Thomas+99_V1043Cen;vanDerHeyden+02_V1043Cen,"Confirmed long-period AM Her polar RX J1313.2-3259. Gaia DR3 source 6179636986011888512 is securely cross-identified by exact SIMBAD identifiers and the published optical position; the Gaia J2016 and propagated ICRS J2000 coordinates are distinct. Use Bailer-Jones EDR3 geometric d=172.8741 pc (p16/p84 171.9714/173.7652), not the inherited Gaia GSP-Phot single-star d=174.8065 pc or the Thomas donor-surface-brightness estimate 200±17 pc*(M2/0.45 Msun)^(1/3). The no-extinction unresolved Gaia M_G=8.7786 is calculated from G=14.9672 and the geometric distance. The 4.19021016-h ephemeris is orbital from Na I/K I absorption RVs; no independent spin period is measured, and polar synchronism is an interpretation. Mass and inclination estimates conflict among cyclotron/RV and stability scenarios; the 2020 Gaia-distance FUV rescaling gives another model mass. See V1043CEN-001. WD photospheric/spot temperatures and optical accretion-region B are separated; no WD mean/polar field or magnetic moment is adopted. Donor subtype is from templates, not a direct dynamical mass or measured Teff. Radio 3.56-kG field assumes fundamental ECM in the donor corona. Original ROSAT fluxes are spectral-model estimates; compiled XMM fluxes are band conversions with ≥10% errors and unresolved absorption convention.","Open review issues: V1043CEN-001 mass/q/inclination branches; V1043CEN-002 conditional radio-field location/mechanism; V1043CEN-003 4XMM/Ridder band and absorption convention; V1043CEN-004 possible small residual asynchronism. Thomas+00, Gänsicke+00, and Beuermann+20 originals were checked as local PDFs; van der Heyden+02 full official OUP HTML checked (publisher PDF blocked). Gaia DR3 astrometry/photometry and quality-flag TAP queries, Bailer-Jones exact source_id query and exact-name SIMBAD query were saved locally. 4XMM-DR11 exact cone query saved. No NASA ADS authenticated API token was available; bibliographic discovery used public ADS indexed search, exact bibcodes/cross-references, publisher and arXiv records.",,,,,,,,,,
gaia-dr3:6231616192056505984,J1503-2207,magnetic_cv,reported polar / polar candidate; AM; CSS1503-22,6231616192056505984,audited_with_unresolved_issues,ok,simbad_name_gaia_dr3,CRTS J150354.0-220710,225.974900581658,-22.119567133997,225.974935081705,-22.119564505620,339.234673446438,31.256408129015,2.5796565,0.1356702,7.1911905,0.1347289,0.5913856,0.1108641,18.066574,0.061034,18.273708,0.178392,17.212383,0.155312,1.061325,10.127084,1.124168,,,,387.166687,369.004761,404.899506,,,exact Gaia DR3 source-ID and Bailer-Jones EDR3 geometric posterior queried,https://vizier.cds.unistra.fr/viz-bin/asu-tsv?-source=I/355/gaiadr3&Source=6231616192056505984,2.222928 +/- 0.000360 h from Woudt+12_CSS1503; 0.092622(15) d = 133.37568 min,"387 +/- 18 pc (Ridder+23 Table 3); Bailer-Jones+21 geometric posterior 387.166687 pc (p16=369.004761, p84=404.899506); Barrett+20 Table 2 lists 392 pc without uncertainty",Barrett+20;Ridder+23,Evans+20;Ridder+23;Schwope+24_eROSITA,Woudt+12_CSS1503;Oliveira+17_CSS1503;Oliveira+20_CSS1503;Barrett+20;Ridder+23;Evans+20;Schwope+24_eROSITA;Abrahams+22_J1503;RitterKolb+03_7.24,3563 +/- 730,"Barrett+20 Table 2 frequency-derived radio-emission-region field, conditional on fundamental ECM and the authors’ donor-corona interpretation; not a WD surface/accretion-region field.","2.222928 +/- 0.000360 (0.092622 +/- 0.000015 d; 133.37568 min), Woudt+12_CSS1503 high-state optical Fourier period",Woudt+12_CSS1503;Oliveira+17_CSS1503;Oliveira+20_CSS1503;Barrett+20;Ridder+23,,,,,not found in inspected source-specific literature; suspected Zeeman absorption is not a temperature fit,Oliveira+17_CSS1503; Woudt+12_CSS1503,not found in inspected source-specific literature,Oliveira+17_CSS1503; Woudt+12_CSS1503,not measured numerically in inspected source-specific literature; Oliveira+17 report probable Zeeman features without a fit; Barrett+20 3563 +/-730 G is conditional radio-region inference only,Oliveira+17_CSS1503;Woudt+12_CSS1503;Barrett+20,,,,,,"Oliveira+17 report absorption near Hβ and blueward of Hα probably due to WD photospheric Zeeman splitting and compare qualitatively to a 44.7 MG model for another WD; no J1503 field fit. Barrett+20 3563±730 G is conditional fundamental-ECM radio-region inference, not a WD field.",Broad M2-M5-like TiO donor absorption range from Oliveira+17 low-state spectrum; not precise subtype,not found in inspected source-specific literature,not found in inspected source-specific literature; spectral feature range only,Oliveira+17_CSS1503,"J1503-2207 = CSS1503-22 = CSS100216:150354-220711 = SSS100512:150354-220710 = CRTS J150354.0-220710 = Gaia DR3 6231616192056505984. SIMBAD aliases and exact Gaia ID resolve to the same counterpart; radio centroid offset 0.03±0.45 arcsec and Swift 2SXPS offset 2.72 arcsec within 3.6 arcsec 90% radius. Woudt+12 find P_orb=0.092622(15) d = 2.222928±0.000360 h = 133.37568±0.02160 min from high-state 2010 photometry and a unique alias choice; they report Swift X-ray confirmation of a magnetically accreting CV. Oliveira+17 label it a polar candidate; low-state SOAR spectrum shows possible WD Zeeman absorptions and TiO consistent with M2–M5 donor, but no field fit/component Teff or masses. Oliveira+20 groups it among low-state polars; Schwope+24 Table A1 labels the compiled source Polar. Gaia DR3 J2016 ICRS and VizieR J2000/FK5 fields are distinct. Adopt Bailer-Jones geometric distance 387.166687 pc (p16/p84 369.004761/404.899506); do not invert parallax. Gaia G/BP/RP are observed unresolved and flagged VARIABLE; no source-specific extinction correction adopted. Exact-input local no-extinction M_G=10.127084 with asymmetric propagated error; Abrahams+22 and Schwope+24 report about 10.124 using catalog inputs. Barrett+20 Semester 18A X-band Stokes I=29±5 μJy, RR=66±7, LL=0±6, circular polarization=+100±14%; custom S/N=55.5 is a product including polarized flux and position, not Stokes-I/error. Their 3563±730 G is conditional on fundamental ECM/donor-corona interpretation, not WD field. Ridder+23 gives model-converted unabsorbed X-ray fluxes 1.5±0.2e-12 (1–10 keV) and 2.0±0.2e-12 (0.1–10 keV); native 2SXPS observed/unabsorbed 0.3–10 keV values are 1.772/1.780e-12. Schwope+24 eROSITA Table A1 gives observed 0.2–2.3 keV flux 5.35489e-13 and observed log Lx=30.982535. No separate spin, beat, Pdot, q, inclination, Mdot, Roche fill/detached status, WD Teff/mass/radius/cooling age/numerical B, donor mass/temperature/radius, radio pulse/duty cycle/recurrence/spectral index was found in inspected sources.","J1503-2207 provenance improved from catalog-only to direct Woudt+12_CSS1503 and Oliveira+17_CSS1503. Classification remains a polar candidate/AM rather than a fully modeled polar because no polarimetry, cyclotron model, or numerical Zeeman field fit was found. Use Porb=2.2229 +/-0.0004 h from Woudt+12 for timing. Do not treat the Barrett+20 kG radio-inferred B as a WD MG field. Oliveira+17 gives only a broad M2-M5 donor-feature range and possible Zeeman absorption; no WD Teff, WD mass, donor mass, donor Teff, or numerical WD magnetic field was measured in the inspected sources.",,,,,,,,,,
gaia-dr3:1374430388449392000,BM CrB,magnetic_cv,polar / AM Her; low-state optical study,1374430388449392000,audited_with_unresolved_issues,ok,simbad_name_gaia_dr3,V* BM CrB,235.269459,36.048012,235.269447,36.047985,57.693595,53.093883,2.349639,0.079003,-2.152799,0.051551,-6.212056,0.075717,18.028028,0.042343,18.071304,0.137347,17.606688,0.124777,0.464616,9.895425,0.994257,,,,423.175507,407.468994,437.083466,,,exact_source_id_verified,https://vizier.cds.unistra.fr/viz-bin/VizieR-5?-source=I/355/gaiadr3&Source=1374430388449392000,Kolbin+23 84.0653±0.0002 min = 1.401088±0.000003 h; TESS 84.07210±0.00330 min; Gänsicke+09 84.3(3) min; Barrett+20 compact table 1.4040 h,"Ridder+23 423 (+14/-16) pc; Gaia EDR3 geometric posterior 423.175507 pc (p16=407.468994, p84=437.083466), photogeometric alternative 424.203674 pc",Barrett+20;Ridder+23,Hilton+09_BMCrB;Webb+20;Ridder+23;4XMMDR11_BMCrB,Kolbin+23_BMCrB;GansickeDillon+09_BMCrB;HernandezDiaz+25_BMCrB;Szkody+05;Ferrario+15;Hilton+09_BMCrB;Barrett+20;Webb+20;Ridder+23;GaiaDR3_BMCrB;BailerJones+21_BMCrB;SIMBAD_BMCrB,3210 ± 365,Barrett+20 fundamental ECM/emission-region interpretation only; physical emitter/site unlocalized. Keep separate from all WD surface/accretion-region MG values.,1.401088 ± 0.000003 (Kolbin+23 mean photometric/orbital period; other published period values retained separately),Kolbin+23_BMCrB;GansickeDillon+09_BMCrB;HernandezDiaz+25_BMCrB;Barrett+20;Szkody+05,,,,,not found in inspected BM CrB literature; no Gaia single-star Teff assigned to a binary component,Kolbin+23_BMCrB;GansickeDillon+09_BMCrB;Szkody+05,not measured; Kolbin+23 M1=0.65 M_sun is a stream-model input only,Kolbin+23_BMCrB,component-specific diagnostics listed separately in wd_b_notes; no single scalar adopted,Kolbin+23_BMCrB;Ferrario+15;Szkody+05,,,"not determined; plateau Hβ Zeeman components appear photospheric, but Kolbin+23 says their positions are ambiguous",,cyclotron model range 15–40 MG (optimum near 30 MG for Te=15–30 keV); secondary Szkody+05 accretion-spot estimate ≈33 MG,"Kolbin+23 Hα Zeeman absorptions give Bhalo=15.5±1 MG; they appear only in bright phase and are interpreted as a cold halo around the accretion spot, not the WD photosphere. Under a dipole assumption and the secondary-reported Szkody+05 spot value Bcyc≈33 MG, Kolbin estimates a halo extent ≈0.28 R_WD. Plateau Hβ Zeeman components appear photospheric but do not yield an unambiguous field. Optical cyclotron modeling accepts B=15–40 MG, with optima near 30 MG for Te=15–30 keV. No WD pole extrapolation is adopted. Barrett+20 3210±365 G is a conditional radio-emission-region field, separate from these MG diagnostics.",not measured/found in inspected source literature; donor only appears geometrically as the eclipsing/Roche-lobe-filling body in the Hα stream model,not found in inspected source literature,not found in inspected source literature,Kolbin+23_BMCrB;GansickeDillon+09_BMCrB;Szkody+05,"BM CrB = SDSS J154104.67+360252.9 = Gaia DR3 1374430388449392000. Exact SIMBAD/Gaia identity confirmed. Published classification is a magnetic CV/polar; Szkody+05 primary text remains unavailable, so its polarization and 33 MG cyclotron claims are secondary-reported. Gaia J2016.0 astrometry, propagated ICRS J2000 position, quality flags and photometry are recorded in the measurement ledger. Bailer-Jones geometric distance posterior is adopted for compatibility fields; photogeometric posterior is separate. M_G=9.895425 uses M_G=G+5−5log10(d/pc), Gaia G=18.028028, and the geometric distance posterior with approximate asymmetric error propagation; no extinction correction. Observed BP−RP=0.464616 is unresolved and not intrinsic. Kolbin+23 P=84.0653±0.0002 min; TESS Table A1 P=84.07210±0.00330 min from sector 51, with faint-target reliability caveat; Gänsicke+09 gives 84.3(3) min. No independent WD spin, beat period or Pdot is adopted. Hα halo, cyclotron spot, ambiguous photospheric Hβ and conditional radio field remain distinct. No measured WD mass/Teff/radius/log g/cooling age or donor spectral type/mass/Teff/radius was found. The Hα model inputs M1=0.65 M_sun, i=55 deg, stream elongation 7 deg and Roche-lobe filling are not measurements; q≈0.0016 appears only in a rejected compact-emitter scenario. Barrett+20 VLA X band reports 43±15 μJy and −100±41% CP; the custom S/N=10.3 is not Stokes-I significance. Hilton+09 reports a low-state XMM pn <0.0160 ct/s 3-sigma upper limit. 4XMM-DR11 provides one summary source row for the same 2005-08-24 observation; Ridder+23 converted fluxes remain separate pending source-specific band/model reproduction.",Open review issues BMCRB-001–005: resolve TESS/optical period reliability before preferring a value or claiming Pdot; verify Szkody+05 primary Table/source details; reproduce Ridder+23 X-ray band conversion and absorption convention from full 4XMM detection data; decide display of the conditional 3210±365 G radio-region estimate; confirm public-catalog treatment of stream-model inputs. Main measured WD mass/spin/pole-field fields remain unset.,,,,,,,,,,
gaia-dr3:1203639265875666304,MR Ser,magnetic_cv,AM,1203639265875666304,literature_audited_primary_web_verified,ok,simbad_name_gaia_dr3,PG 1550+191,238.196654,18.941346,238.196448,18.941621,31.716199,47.709479,7.5935,0.0389,-43.686,0.037,62.012,0.034,16.05132,0.03067,16.32352,0.08313,15.51714,0.08698,0.80638,10.461541,1.108,,,,131.206726,130.554153,131.741592,,,ok,https://vizier.cds.unistra.fr/viz-bin/VizieR-5?-source=I/355/gaiadr3&Source=1203639265875666304,1.8911,"Bailer-Jones EDR3 geometric 131.206726 pc (p16=130.554153,p84=131.741592); photogeometric 131.240479 pc (130.678558–131.822861); Schwope+93 139±13 pc from Bailey surface-brightness relation and M5–M6 typing; Mukai & Charles+86 142 pc assuming a Roche-lobe-filling ZAMS donor; Araujo-Betancor+05 160(+26/−18) pc from WD-model scaling.",Barrett+20,Ramsay+94;Ridder+23,Schwope+93_MRSer;MukaiCharles+86_MRSer;ShahbazWood+96_STLMi;AraujoBetancor+05_STLMi;Ferrario+15;Ramsay+94;Barrett+20;Ridder+23;GaiaDR3_MRSer;BailerJones+21_MRSer;SIMBAD_MRSer,3210 +/- 365,"From combined_mcv_sources.csv b_gauss; retained as a radio/emission-region estimate, not WD surface B.",1.89115032±0.00000168 h from Schwope+93 spectroscopic ephemeris; Shahbaz & Wood+96 publish 0.0789±0.0001 d (1.8936±0.0024 h); Barrett+20 rounds to 1.8911 h.,Schwope+93_MRSer;ShahbazWood+96_STLMi;Barrett+20;Ridder+23,,,,,14200±900 K preferred low-state HST/STIS cold-photosphere fit (Araujo-Betancor+05 Table 5); Schwope+93 optical residual model 8500–10500 K and UV/optical ratio ≈18000 K; Mukai & Charles+86 optical composite ≈9000 K (model choice later described as arbitrary).,AraujoBetancor+05_STLMi;Schwope+93_MRSer;MukaiCharles+86_MRSer;Ferrario+15,"No secure single mass adopted. Schwope+93 estimates M1=0.35(+0.11/−0.10) M_sun (their q=M1/M2=2.69(+0.43/−0.34), ZAMS donor M2=0.13±0.02); later adopts 0.5 M_sun for models. Shahbaz & Wood+96 give q=M2/M1=0.10±0.05 and M2=0.07±0.08 M_sun at adopted i=45±5 deg; current 0.67±0.70 is not an independent direct mass measurement.",Schwope+93_MRSer;ShahbazWood+96_STLMi;MukaiCharles+86_MRSer,24-25 cyclotron/halo; 27.3-28.5 photospheric Zeeman (Ferrario+15 rounds these to 25/25/28 MG),Ferrario+15; AraujoBetancor+05_STLMi; MukaiCharles+86_MRSer; Schwope+93_MRSer,,,No phase-averaged mean adopted; Schwope+93 low-state effective photospheric Zeeman fields are 27.3 MG at spectroscopic phase 0.0 and 28.5 MG at phase 0.5.,,"24–25 MG cyclotron/non-photospheric Zeeman field in the 1986 high state; Schwope+93 cyclotron model B=24.2 MG at i=45°, kT=5 keV; their cited Cropper+88 result is 24.6±0.5 MG. No unique WD pole field is adopted.","Schwope+93 full-text scan: high-state cyclotron emission and non-photospheric Zeeman absorption give B=24–25 MG from the accretion/halo region; low-state (1991) photospheric effective fields are phase dependent, 27.3 MG at φsp=0.0 and 28.5 MG at φsp=0.5. The fitted line-width/geometry models favor an offset/non-simple dipolar field; no unique pole field follows directly from these measured values. Barrett+20 3210±365 G is a separate conditional radio-emission-region field, not a WD surface value.",M5–M6 from TiO-template spectroscopy (M5.5/M6 templates); Mukai & Charles+86 list M5.5 as the ZAMS expectation. SIMBAD cites M6.5Ve from a 1991 paper; not adopted as a precise calibrated subtype.,Shahbaz & Wood+96 M2=0.07±0.08 M_sun; Schwope+93 M2=0.13±0.02 M_sun assumes an empirical ZAMS mass-radius relation. Keep separate.,not found as a source-specific donor temperature; spectral templates are not converted to a measured Teff.,MukaiCharles+86_MRSer;Schwope+93_MRSer;ShahbazWood+96_STLMi;AraujoBetancor+05_STLMi;SIMBAD_MRSer,"MR Ser = PG 1550+191 / Gaia DR3 1203639265875666304. Exact SIMBAD identifier and Gaia DR3 source-ID query checked; counterpart is secure from the matching Gaia identifier, published identification and sub-arcsecond coordinate agreement. Gaia DR3 values in this row are ICRS J2016.0; RAJ2000/DEJ2000 are ICRS propagated to epoch 2000, not FK5. Bailer-Jones EDR3 geometric posterior 131.206726 pc (p16 130.554153, p84 131.741592) adopted; photogeometric posterior is separate. M_G is unresolved/no-extinction and uses G=16.051321 and the geometric posterior median with approximate asymmetric propagated errors; observed BP−RP=0.806383 is not intrinsic. The precise Schwope+93 spectroscopic ephemeris is 0.07879793(7) d = 1.89115032±0.00000168 h; no period derivative found. As a polar it is interpreted as synchronized, but there is no independent WD spin measurement; numeric spin field is therefore blank. Araujo-Betancor+05 HST/STIS low-state WD fit is 14200±900 K; older optical/IUE estimates are method/state dependent and retained separately. Schwope+93 distinguishes 24–25 MG high-state cyclotron/non-photospheric halo field from low-state phase-dependent photospheric fields 27.3/28.5 MG; no unique pole field adopted. Schwope+93 and Shahbaz & Wood+96 define q in opposite directions; WD/donor masses are model dependent and no single M1 is adopted. Mukai+Charles+86 and Schwope+93 donor spectral/distance estimates use template or ZAMS assumptions. Barrett+20 reports two Semester 13B VLA detections: C-band 239±17 μJy, CP +100±11%; X-band 116±15 μJy, CP +100±15%; exact dates/states are not tabulated. The 3210±365 G radio-field estimate is conditional on an ECM interpretation and is not a WD field. Ramsay+94 reports a low-brightness ROSAT PSPC count rate; Ridder+23 Table 3 fluxes are literature/catalog conversions, not direct source-specific spectral-fit fluxes.","Open review items MRSER-001–003: select public-table presentation for the state/model-dependent WD-temperature estimates; decide how to display discrepant WD mass estimates without implying the q conventions agree or adopting an assumed/model value; trace the source data and absorption/band-conversion path for Ridder+23 Table 3 X-ray fluxes. Existing 0.67±0.70 M_sun entry is not retained as a direct measurement. Main spin field is blank because synchronism is an interpretation, not an independent spin period.",,,,,,,,,,
gaia-dr3:1597621426298361216,MQ Dra,magnetic_cv,"AM Her-type polar / LARP; pre-polar status proposed, unresolved",1597621426298361216,audited_with_unresolved_issues,ok,simbad_name_gaia_dr3,V* MQ Dra,238.37966586597,55.27068754952,238.3794127417752,55.27066945578098,86.4370057743,46.8868255347,5.5055369805,0.062721886,-32.4460957528,0.06346824,-4.0711494062,0.087107524,17.343143,0.004328,18.064138,0.028454,16.422417,0.010915,1.641721,11.058356491,1.0450978,3220.6384,3213.7732,3225.4866,180.699646,178.958496,182.786026,0.0032,0.0014,ok,https://vizier.cds.unistra.fr/viz-bin/VizieR-5?-source=I/355/gaiadr3&Source=1597621426298361216,4.39164 +/- 0.00012 (Szkody+08); 4.39128 +/- 0.00096 (Szkody+03),180.7 (+2.1/-1.7),Barrett+20,Webb+20; Szkody+04_MQDra,Szkody+03_MQDra; Szkody+04_MQDra; Szkody+08_MQDra; Ferrario+15; Barrett+20; Ridder+23,3563 +/- 730,Barrett+20 Table 2 conditional radio/emission-region field; not WD surface or optical cyclotron field.,4.39164 +/- 0.00012,Szkody+08_MQDra; Szkody+03_MQDra,,,,,8000 model-adopted; ≤10000 K upper limit; 5000–8000 K secondary-reported,Szkody+08_MQDra; Szkody+03_MQDra; Szkody+04_MQDra,0.6 assumed model input; not measured,Szkody+08_MQDra,,Szkody+03_MQDra; Szkody+08_MQDra,,,not measured,,58 MG optical cyclotron estimate; 59 MG phase-resolved model; conditional 235 MG UV-cyclotron alternative,"Szkody+03 polarized n=3/4 optical cyclotron humps imply ≈58 MG. Szkody+08 model gives 59 MG with absolute-flux/geometry caveats. Separate ≈235 MG UV-cyclotron interpretation is conditional, not confirmed. None is a measured photospheric mean or secure pole field. Barrett+20 3563±730 G is inferred radio-region field, not WD field.",M5V optical TiO (±1 subtype); M4.5V Keck K band; M4V assumed in 2008 model,~0.4 empirical period/type estimate; not dynamical,3200 assumed for M4V model; not direct,Szkody+03_MQDra; Szkody+04_MQDra; Szkody+08_MQDra; Harrison+05_MQDra,"Audited 2026-09-24. Confirmed magnetic CV/polar with radio detection; pre-polar is proposed/disputed. Gaia geometric posterior 180.699646 pc replaces inherited 196.9 pc GSP-Phot single-star distance. M_G=11.058356491 unresolved/no-extinction from G and geometric median. Numeric WD spin cleared: no independent clock. Temperature solutions, donor estimates/contact models and field interpretations remain separate in ledger/review issues.",MQDRA-001 donor fill/pre-polar; MQDRA-002 WD Teff display; MQDRA-003 Ridder+23 X-ray conversion/absorption. Gaia pipeline results are not component values. Main catalog preserved byte-for-byte.,,,,,,,,,,
gaia-dr3:1223491257550872192,AP CrB,magnetic_cv,AM,1223491257550872192,source_audited_with_unresolved_issues,secure_name_and_exact_gaia_id,SIMBAD exact name plus exact Gaia DR3 identifier and published RX J1554.2+2721 identity,V* AP CrB,238.551439365241,27.364525270841,238.551356875330,27.364633148340,44.164706501,49.6142779997,4.986186996,0.051019575,-16.483342988,0.036840370,24.272432560,0.049434410,17.153540,0.00542481,17.475819,0.03862620,16.367647,0.02064639,1.108172,10.652864,1.0576302,,,,199.588333,197.485138,201.351730,,,Exact Gaia DR3 source_id TAP/VizieR query; exact Bailer-Jones EDR3 geometric posterior query,https://vizier.cds.unistra.fr/viz-bin/VizieR-5?-source=I/355/gaiadr3&Source=1223491257550872192,2.5310 rounded; refined 2.5310833 +/- 0.00015 h from 151.865 +/- 0.009 min,"199.588333 pc Bailer-Jones EDR3 geometric posterior median; p16=197.485138, p84=201.351730",Barrett+20,Voges+99; Tovmassian+01_APCrB; Ridder+23,Gaensicke+04_APCrB; Schwope+06_APCrB; Tovmassian+01_APCrB; ThorstensenFenton+02_APCrB; Ferrario+15; Barrett+20; Ridder+23; West+08_APCrB,,,2.5310833 +/- 0.00015,Gaensicke+04_APCrB; ThorstensenFenton+02_APCrB; Ferrario+15; Ridder+23,,,,,17000-23000; best FUV fit about 17500; combined optical-FUV SED suggests about 23000,Gaensicke+04_APCrB; Schwope+06_APCrB; Ferrario+15,,,144 +/- 15 MG photospheric Ly-alpha Zeeman; 110 MG optical cyclotron/accretion-region diagnostic,Gaensicke+04_APCrB; Schwope+06_APCrB; Ferrario+15; Tovmassian+01_APCrB,,,144 +/- 15 from Ly-alpha Zeeman pi and sigma+ absorption,,110 MG optical cyclotron harmonic; not interchangeable with photospheric field,"Gänsicke+04 fits HST/STIS Ly-alpha Zeeman pi and sigma+ absorption with magnetic WD spectra: B=144 +/-15 MG, viewing angle Psi=38 +/-15 deg. They explicitly question Tovmassian+01 B=31 MG because optical bumps were assigned the wrong cyclotron harmonic. Schwope+06 identifies a 110 MG optical cyclotron harmonic in an SDSS spectrum and proposes, but does not observe, an additional UV cyclotron component. The centered-dipole fit does not map field topology; phase-resolved spectropolarimetry was recommended. Pole scalar is left blank.",M4 template / approximately M4-M4.5 in source-specific work; West+08 survey classifies unresolved spectrum M3,"0.24 (empirical period-relation estimate in Tovmassian+01, not dynamical); no secure dynamical donor mass",,Gaensicke+04_APCrB; ThorstensenFenton+02_APCrB; Tovmassian+01_APCrB; Schwope+06_APCrB; West+08_APCrB,"AP CrB = RX J1554.2+2721 / HS 1552+2730 / SDSS J155412.33+272152.4. Exact SIMBAD name and Gaia DR3 ID resolve to the same CV; counterpart is established by published identity and matching coordinates, not nearest-only. Gaia J2016.0 position is ICRS; epoch-2000 position is propagated ICRS, not FK5/J2000. Bailer-Jones geometric distance posterior used; photogeometric median 199.619217 pc (p16 197.253448, p84 202.139099) retained separately. No extinction correction adopted. Gaia BP/RP color and M_G are unresolved quantities. Magnitude errors are approximate 1.0857362/(flux/error); BP-RP error omits band covariance. Gaia phot_variable_flag=VARIABLE; RUWE=1.058. Gaia single-star GSP-Phot values not used as binary component properties. Confirmed high-field AM Her polar with high/low accretion states. Tovmassian+01 discovery period 2.7535 +/-0.0144 h is provisional and superseded by 151.865 +/-0.009 min quoted in full Gänsicke+04 from Thorstensen & Fenton; no independent spin measurement is entered. M4/M4.5 types, q/i, donor masses/radii are template/model estimates, not dynamical. West+08 M3 and 418 pc are single-star survey outputs and are not adopted as donor/system values. No direct WD mass found in checked originals. Barrett+20 X-band detection is weakly circularly polarized. ROSAT RASS, pointed PSPC spectrum, and Ridder+23 converted bands remain separate. Tovmassian blackbody+bremsstrahlung fit fixes brems kT=20 keV, not constrained by ROSAT.",Thorstensen & Fenton+02 full article inaccessible; abstract checked and refined period quoted by full Gänsicke+04. Invalid HTML response removed from tmp/pdfs/apcrb. APCRB-001 tracks access limitation; APCRB-002 temperature; APCRB-003 X-ray conversion; APCRB-004 survey M3 versus donor template; APCRB-005 field geometry. Main catalog unchanged.,,,,,,,,,,
gaia-dr3:1325655193647771008,Her 1,non_magnetic_cv,SW Sex candidate; originally proposed polar/AM; magnetic nature unconfirmed,1325655193647771008,audited_with_unresolved_issues,secure_published_sdss_and_exact_gaia_id,published_barrett_j2000_position_plus_exact_sdss_simbad_gaia_source_id,SDSS J162608.16+332827.7,246.53400000,33.47438889,246.5339513744995,33.4743854360325,54.49508617903,43.73012634574,0.384874509297,0.18133418,-2.484818394686,0.19488399,-2.595960590309,0.3171573,19.192644,0.038618,19.060295,0.118294,18.919102,0.108430,0.141193,7.264855,0.9601221,,,,2429.72925,1765.80945,3750.27368,,,exact_dr3_id_query_gsp_phot_teff_extinction_blank,https://vizier.cds.unistra.fr/viz-bin/asu-tsv?-source=I%2F355%2Fgaiadr3&Source=1325655193647771008,3.00? h (Barrett+20); 3.17 h BLS/eclipsing modulation (Szkody+24); not averaged,2429.729 pc EDR3 geometric posterior; 1990.607 pc photogeometric alternative; 1030 pc Barrett+20; Gaia DR2 BJ geometric 1151.502 pc; DR2 parallax reciprocal 1030.8 pc is not adopted,Barrett+17_Her1;Barrett+20;Ridder+23,NA,Szkody+04_Her1;Szkody+18_Her1;Szkody+24_Her1;Barrett+17_Her1;Barrett+20_Her1;Ridder+23,7530 +/- 365,"Barrett+20 conditional fundamental ECM estimate for putative donor-coronal radio emission region; not a WD photospheric, pole, or accretion-region field.",3.17? h candidate orbital period from detrended ZTF BLS and partial eclipse; period uncertainty not quoted. Barrett+20 retains 3.00? h as a separate unresolved catalog value.,Szkody+24_Her1;Barrett+20_Her1,not found; no secure spin clock,Szkody+24_Her1,,,,,,,"not found; 7530 +/- 365 G is a conditional radio-region estimate, not WD field",Barrett+20_Her1,,,,,,No white-dwarf-specific field measurement was identified. Do not equate conditional donor-coronal ECM radio estimate with a WD field.,not found in searched source-specific literature,,,,"Identity corrected to SDSS J162608.16+332827.8 / Gaia DR3 1325655193647771008. The inherited coordinate 244.95543,+14.88610 is 18.6 deg away and resolves to unrelated PG 1617+150; not the spaced Her 1. Gaia J2016.0 ICRS is separated from published J2000 target and propagated ICRS epoch-2000 position; propagated Gaia ICRS epoch-2000 is not FK5/J2000. Gaia DR3 parallax is only ~2.1 sigma; adopt Bailer-Jones geometric posterior, keep photogeometric alternative and Barrett+20 1030 pc separately. No extinction correction is applied; M_G is unresolved-system derived value. Szkody+04 calls it a best polar candidate; Szkody+24 favors likely SW Sex, still provisional. 2015 low-state report is cited from Szkody+18 by Szkody+24; the original Szkody+18 text was inaccessible. Radio reports 218 +/- 22 uJy (Barrett+17, 2015-05-07 RCP-only) and 48 +/- 17 uJy Stokes I (Barrett+20, semester 15A) are discordant. Table4 map peak is a separate statistic, not a source flux or upper limit. X-ray properties were not reported in inspected source-specific records.","COUNTERPART CONFLICT UNRESOLVED: use Barrett+20 table coordinates RA=244.95543, Dec=+14.88610 as the only source position for now, but verify Her 1 against the original Barrett target list/VLA scheduling block or another authoritative catalog. Do not use the former SDSS J162608.16+332827.7 / Gaia DR3 1325655193647771008 association. Period, distance, classification, radio flux, and radio-inferred B are retained from Barrett+20 only and may belong to an unidentified or misnamed target.",,,,,,,,,,
gaia-dr3:1347851790791563136,V1007 Her,magnetic_cv,AM,1347851790791563136,audited_with_unresolved_issues,secure_exact_simbad_gaia_id_and_published_position,simbad_alias_exact_gaia_dr3_id_plus_published_rosat_hri_position,V* V1007 Her / RX J1724.0+4114,261.02620499764,41.23547018348,261.02624673542,41.23534604026,66.26438308732,33.33081268213,2.1711,0.1636,7.062,0.166,-27.932,0.212,19.038626,0.021173,19.483822,0.092355,18.325766,0.048921,1.158056,10.681919,1.012,,,,469.182007,437.847748,504.807922,,,exact_source_id_query_ok,https://vizier.cds.unistra.fr/viz-bin/VizieR-4?-source=I/355/gaiadr3&Source=1347851790791563136,"1.9988 (Greiner+98 ephemeris); 1.999077 (Hernandez-Diaz+25 TESS, 119.94464 min)",470 (+40/-30) Ridder+23/Bailer-Jones EDR3 geometric; 560 (+280/-180) Pretorius+13 W1; 462 Barrett+20 Gaia DR2; >250 Greiner+98 lower limit,Barrett+17_V1007Her;Barrett17_CDS_V1007Her;Barrett+20,Greiner+98_V1007Her;Voges+99;Ridder+23,Greiner+98_V1007Her;Barrett+17_V1007Her;Barrett+20;Pretorius+13_V1007Her;Harrison+15_V1007Her;Yang+17_V1007Her;Chavez+22_V1007Her;Duffy+22_V1007Her;HernandezDiaz+25_V1007Her;Pelisoli+24_V1007Her;Ridder+23,3210 +/- 365,"Barrett+20 conditional electron-cyclotron-maser fundamental at donor corona; radio-emission-region plasma estimate, not WD surface/pole field.",1.998813 +/- 0.000002 (Greiner+98); separate TESS value 1.999077 +/- 0.000016 h,Greiner+98_V1007Her;HernandezDiaz+25_V1007Her,,,,,,,,,50 +/- 4 MG (3rd/4th optical cyclotron harmonics); alternative ~70 MG (2nd/3rd harmonics),Greiner+98_V1007Her,,,"not measured in searched source-specific literature; cyclotron values are accretion-region diagnostics, not photospheric Zeeman fields",,50 +/- 4 MG for 3rd/4th harmonic model; approximate ~70 MG alternative for 2nd/3rd harmonics,"Greiner+98 optical humps at ~4500 and ~5700 Å. The 50±4 MG model assumes a 20 keV plasma, viewing angle ~70 deg, and log Lambda=3.5; alternate harmonic assignment gives ~70 MG. Neither is a mean photospheric Zeeman field. Barrett+20's 3210±365 G radio estimate is separately conditional on fundamental ECM in the donor corona.",M4–M4.5 inferred from Porb/main-sequence relation; donor features not detected,,,Greiner+98_V1007Her;Chavez+22_V1007Her,"Identity: V1007 Her=RX J1724.0+4114=1RXS J172405.7+411402=RBS 1646=S 10946; exact SIMBAD/Gaia DR3 source_id association is secure. Gaia J2016.0 ICRS positions are separate from propagated ICRS epoch-2000 positions (not FK5/J2000); Greiner's 1995 ROSAT HRI position is retained separately in the measurement ledger. Gaia EDR3 geometric posterior is used for compatibility distance fields; photogeometric and historical WISE/DR2/lower-limit estimates remain separate. Absolute G is unresolved-system M_G from G+5−5log10(d_pc), without extinction correction. BP−RP is observed unresolved color; the approximate error assumes independent BP and RP and omits covariance. Gaia marks the source VARIABLE; single-star GSP-Phot quantities are not used as component measurements. Greiner+98's 0.08328388(8) d ephemeris is retained as the primary period; Hernández-Díaz+25 reports 119.94464±0.00093 min from TESS sectors 52/53, but Tmag=18.47 is in the paper's uncertain regime. No independent numeric WD spin is entered. The 170.59 d PTF/CRTS modulation is separate from Porb; the third-body model of Chavez+22 is only marginal. WD mass/radius and donor mass/radius/type values in the literature are sequence/main-sequence inferences, not component measurements. No WD photospheric Teff, direct mass, Zeeman field, log g, or cooling age was found in the inspected source-specific literature.","V1007HER-001: retain the small but formally discrepant discovery and TESS periods separately; TESS reliability is uncertain at Tmag 18.47, and no Pdot/asynchronism is established. V1007HER-002: Barrett+17 Table 3 (165±25 μJy) and Barrett+20 Table 1 (38±9 μJy) conflict for Semester 15A; CDS/VizieR table34 reports a third value (24±4 μJy) for 15A-25A. Preserve all and inspect original calibrated visibilities/reduction provenance if a preferred flux is required. V1007HER-003: 50±4 versus ~70 MG cyclotron harmonics are degenerate; both are local accretion-region fields, not a photospheric field. V1007HER-004: a 170.59 d photometric period is real in the PTF/CRTS analysis, but third-body origin is only marginally supported by Chavez+22. V1007HER-005: component and donor values are sequence assumptions/inferences, not direct measurements. V1007HER-006: Harrison+15 publisher PDF text was checked, but local PDF download/render failed; no donor parameter depends on that source.",,,,,,,,,,
gaia-dr3:4611319954072608384,V1323 Her,magnetic_cv,IP,4611319954072608384,source_audit_complete_with_unresolved_issues,secure,exact_SIMBAD_alias_Gaia_DR3_ID_published_position_and_4XMM_X-ray_association,V* V1323 Her,270.915269597486,40.205629693944,270.915239681410,40.205583047010,66.85019660838,25.78691186836,0.5124,0.0582,-5.141,0.069,-10.496,0.064,17.365738,0.015897,17.622572,0.063114,16.761520,0.045945,0.861052,6.0530,1.027,5919.9,5866.3,5964.0,1830.37781,1694.91968,2012.81006,0.2863,0.1585,exact_source_id_query_verified,https://vizier.cds.unistra.fr/viz-bin/VizieR-5?-source=I/355/gaiadr3&Source=4611319954072608384,4.84584 provisional; 4.402±0.014 h plus 4.029/4.846 h aliases; 160.21±0.12 min historical,"Geometric 1830.37781 pc [1694.91968,2012.81006]; photogeometric 2138.75366 pc [1938.32996,2335.55029]",Barrett+17_V1323Her;Barrett+20;VizieRBarrett17_V1323Her,Anzolin+08_V1323Her;Webb+20;Ridder+23;XMM4XMMDR11_V1323Her,Gaensicke+05_IPs;Anzolin+08_V1323Her;Barrett+17_V1323Her;Barrett+20;Bruch+24_V1323Her;Bruch+25_V1323Her;Dag+26_V1323Her;Ridder+23,3210 +/- 365 (conditional radio emission-region/donor-corona ECM only),Barrett+20 assumes fundamental ECM from an assumed donor corona; source site uncertain. Not a WD surface/polar/accretion-region field.,4.84584 +/- 0.00048 h provisional from Bruch+24 Table 3 (0.20191±0.00002 d); Dağ+26 interprets TESS signal as orbital. Preserve 4.402±0.014 h and 4.029/4.846 h aliases and 160.21±0.12 min historical value separately.,Bruch+24_V1323Her;Dag+26_V1323Her;Anzolin+08_V1323Her;Gaensicke+05_IPs,"Optical Gänsicke+05 1520.510±0.066 s; XMM Anzolin+08 1528±6 s; Bruch+25 TESS LC1/2/3/4/5: 1520.3907±.0060, 1520.3731±.0091, 1520.3822±.0029, 1520.494±.014 (outlier), 1520.3830±.0046 s. Not averaged.",Gaensicke+05_IPs;Anzolin+08_V1323Her;Bruch+25_V1323Her,Observed 1697±22 s (XMM); 1690.7±8.4 and 1681.88±0.56 s are predictions tied to old 4.402 h orbit; TESS-derived 1665.5487±0.0173 s for 4.84584 h is not independently measured.,Anzolin+08_V1323Her;Bruch+24_V1323Her;Bruch+25_V1323Her,No photospheric WD Teff found. Anzolin+08 kTBB 95–104 eV is heated/reprocessed accretion emission; Gaia GSP-Phot ≈5919.9 K is single-star pipeline context only.,Anzolin+08_V1323Her;GaiaGSPPhot_V1323Her,No secure/direct WD mass. Anzolin+08 temperature-model passages give ≥0.52 Msun or 0.61–0.76 Msun under differing assumptions; unresolved.,Anzolin+08_V1323Her,No direct WD surface/polar/accretion-region MG field found.,Anzolin+08_V1323Her;Gaensicke+05_IPs;Barrett+20,>=1.3e32 d_500 G cm3 lower bound; ~2e33 spin-equilibrium expectation (Anzolin+08); ~4e33 equilibrium-plot estimate (Gänsicke+05). Distinct from B field.,Anzolin+08_V1323Her;Gaensicke+05_IPs,,,,"No direct WD surface field found. Anzolin+08 magnetic-moment constraints are model-dependent; Barrett+20 3210±365 G is conditional radio-emission-region/donor-coronal fundamental-ECM estimate, not WD field.",M3 ± 1 predicted from legacy 4.4 h period and assumed donor-only K flux; no spectroscopic subtype,not found in inspected literature as measured,not measured/found; M3±1 is period-sequence prediction only,Anzolin+08_V1323Her;Gaensicke+05_IPs,"Identity secure: V1323 Her = 1RXS J180340.0+401214 = RX J1803/RXJ1803 = Gaia DR3 4611319954072608384; published optical position and 4XMM source 205012301010001 support association. Gaia J2016 ICRS and propagated ICRS J2000 coordinates are distinct; J2000 is not FK5. Gaia geometric distance adopted; parallax not inverted. Unresolved no-extinction M_G derived from Gaia G and BJ geometric posterior; GSP-Phot outputs are single-star pipeline context only. Confirmed soft X-ray IP. Provisional orbital value 4.84584 h from Bruch+24 Table 3, interpreted by Dağ+26; Anzolin+08 preferred 4.402 h has 4.029/4.846 aliases and Gänsicke+05 160.21 min was not confirmed. Five TESS spin values retained individually; no Pdot adopted. Anzolin+08 soft blackbody is accretion-heated/reprocessed, not WD Teff; the paper has inconsistent component-flux/Lacc/Mdot/mass estimates recorded separately. No direct WD field/mass, donor spectrum/mass/Teff/radius, inclination or mass ratio found in checked sources. Radio values from Barrett+17 print, CDS/VizieR and Barrett+20 remain separate. Barrett+20 radio B is conditional donor-coronal ECM; radio luminosity convention needs review. See audit notes, measurements and review queue.",Open V1323HER-001–007: orbital alias/prose-table issue; radio reduction/Stokes conflict; Anzolin+08 model inconsistency; spin Pdot timing access; donor sequence tied to legacy orbit; radio-region B/luminosity convention; downstream diagnostics coupled to Porb.,,,,,,,,,,
gaia-dr3:2123837555230207744,AM Her,magnetic_cv,AM,2123837555230207744,audited_with_unresolved_issues,ok,simbad_name_gaia_dr3,V* AM Her,274.055228,49.867989,274.054911,49.868113,77.864895,25.876476,11.3484,0.03,-45.97,0.037,28.053,0.039,14.28381,0.05688,14.62721,0.19019,13.39822,0.14518,1.22899,9.563243,2.796,,,,87.92531590,87.68254090,88.16948700,,,ok,https://vizier.cds.unistra.fr/viz-bin/VizieR-5?-source=I/355/gaiadr3&Source=2123837555230207744,3.0942,87.9 +/- 0.2,Barrett+20;Ridder+23,Webb+20,Gaensicke+06_AMHer; Campbell+08_STLMi; Ferrario+15; Barrett+20; Ridder+23,,,3.09426576 +/-0.00000288 h from 0.12892774(12) d secondary RV ephemeris (Southwell+95); Barrett+20 compatibility value 3.0942 h,Southwell+95_AMHer;Barrett+20;Campbell+08_STLMi;Ridder+23,,,,,19248 (+486/-450) K preferred Gaia EDR3 UV reanalysis (Pala+22); historical 19800 +/-700 K Gansicke+06 using d=79 (+8/-6) pc; heated polar cap 34000-40000 K over ~10% of WD is separate,Pala+22;Gaensicke+06_AMHer,"0.63 (+0.10/-0.08) Msun preferred Gaia EDR3 UV/mass-radius reanalysis (Pala+22), not dynamical; historical 0.78 (+0.12/-0.17) Msun using old distance (Gansicke+06)",Pala+22;Gaensicke+06_AMHer,"13 MG Zeeman absorption region (Young+81); 14.5 +/-0.3 MG IR cyclotron region (Bailey+91); 13.6 (+1.0/-0.8) MG phase-resolved IR cyclotron fit (Campbell+08); component-specific, not averaged",Young+81_AMHer;WickramasingheMartin+85_AMHer;Bailey+91_AMHer;Campbell+08_STLMi,,,13 MG low-state Zeeman absorption from accreting polar-cap region (Young+81); not a global WD mean,"22 MG centered-dipole model fits inferred geometry poorly; ~14 MG active pole in preferred offset-dipole model (d/R=-0.17), Wickramasinghe & Martin+85","14.5 +/-0.3 MG IR cyclotron fit (Bailey+91); 13.6 (+1.0/-0.8) MG phase-resolved low-state IR fit (Campbell+08); different states/models, retained separately","Young+81 low-state Balmer Zeeman absorption measures about 13 MG with ~1 MG spread in the accreting polar-cap absorption region; it is not a global field mean. Wickramasinghe & Martin+85 fit the same low-state Zeeman data with a centered-dipole polar field near 22 MG (poor for the inferred viewing geometry) or an offset-dipole model d/R=-0.17 with an active pole near 14 MG. Bailey+91 bright-phase 1990 low-state IR harmonics give B=14.5 +/-0.3 MG, Te=8.5 +/-0.5 keV and viewing angle 65 +/-5 deg. Campbell+08 2005 low-state phase-resolved IR gives B=13.6 (+1.0/-0.8) MG, kT=4.0 (+1.5/-1.0) keV, logLambda=5.0 +/-0.6; the parameter interval is based on a 50% increase in reduced chi-square, not 1sigma. Do not average these local/geometry/model diagnostics or infer a global surface field. No magnetic moment was found.","M4.5 V in direct low-state optical spectrum (Young+81); M4-M6, best M5 far-red template with irradiation bias (Southwell+95); Bailey+91 used an M-dwarf atmosphere template",Southwell+95 uncorrected q=M2/M1=0.47 +/-0.08 is an irradiation-biased lower estimate; no unique corrected dynamical solution. Donor-sequence M2=0.20 Msun from Knigge+11 as compiled by Mason+24; Mason Table 2/prose inconsistency open.,3250 K M-dwarf atmosphere template fit by Bailey+91; Mason+24 compiles 3290 +/-70 K from Gansicke+01; neither independently established as irradiation-free direct Teff,Young+81_AMHer;Southwell+95_AMHer;Bailey+91_AMHer;Mason+24_AMHer,"AM Her is a secure synchronous magnetic CV/polar with a magnetic WD primary and Roche-lobe filling red-dwarf donor; its observations do not by themselves establish an evolutionary path to any other RAWDOG population. Exact Gaia DR3 ID 2123837555230207744 is confirmed by exact SIMBAD and Gaia queries. Gaia RA/Dec are ICRS at J2016.0; the epoch-2000 coordinates are propagated ICRS, not FK5. Gaia parallax=11.3484 +/-0.0300 mas; RUWE=2.796. Bailer-Jones EDR3 geometric distance posterior median=87.92531590 pc [p16=87.68254090, p84=88.16948700], consistent with independent e-EVN parallax distance 88.6 +/-0.6 pc; older 79 (+8/-6) pc remains the input for the original Gansicke+06 WD fit. Gaia G/BP/RP photometry is unresolved, with approximate flux/error magnitude uncertainties; no Gaia GSP-Phot component temperature or extinction is adopted. No-extinction unresolved-system M_G=9.563243 from G=14.283813 and the geometric distance; errors combine magnitude and posterior offsets in quadrature assuming independence. Latest Pala+22 Gaia-distance UV reanalysis gives model-dependent WD Teff=19248 (+486/-450) K, M=0.63 (+0.10/-0.08) Msun, R=0.013 (+0.0017/-0.0014) Rsun, logg=8.01 (+0.17/-0.16); Gansicke+06 historical values from old distance are kept separately. Hot cap is 34000-40000 K over ~10% surface and is not global Teff. Porb is 3.0942 h; no independent WD spin or beat value is entered; synchronism is a polar interpretation. Dai+13 O-C has 12-15 yr, 6-9 min sinusoidal modulation; this is not Pdot. Zeeman, offset/centered-dipole, and IR cyclotron fields describe different regions/model geometries and remain separate. Donor M4.5V comes from Young+81 low-state spectroscopy; M4-M6/M5 is the irradiation-sensitive Southwell+95 template result; Bailey+91 3250 K and Mason+24 3290 +/-70 K are model/secondary-reported donor temperatures. Southwell+95 q=M2/M1=0.47 +/-0.08 is explicitly irradiation biased and a lower estimate. Mason+24 contains a donor mass/radius swap in Table 2 versus Table 1/prose; see AMHER-003. Persistent/quiescent radio flux, 2013B C/X/K measurements, VLASS 2017/2020, and the 1982 polarized flare are kept as separate epochs. The 1-10 keV Ridder+23 flux is catalog-converted, starred with a 10% error floor, non-simultaneous and without a verified absorption convention; see AMHER-004.",Open AMHER-001 through AMHER-005. Confirm preferred WD model branch for comparisons (not dynamical); define which magnetic component a single-field summary should represent; inspect Southwell irradiation correction and resolve Mason+24 donor mass/radius table-text conflict before selecting q or donor mass; query exact 4XMM row and absorption convention; retrieve Gansicke+01 original only if a direct donor-temperature measurement is needed.,,,,,,,,,,
gaia-dr3:4193346037615507968,V1432 Aql,magnetic_cv,AM,4193346037615507968,audited_with_unresolved_issues,ok,simbad_exact_gaia_dr3_identifier_and_coordinate_consistency,V* V1432 Aql,295.047583,-10.423825,295.047547,-10.423823,28.983989,-15.503348,2.192925,0.035801,-8.044484,0.043862,0.618014,0.037408,15.783683,0.04545,15.771821,0.10569,15.305607,0.12360,0.466214,7.519244,1.029565,,,,449.663727,443.154968,456.457733,,,exact_dr3_and_bailer_jones_edr3_source_id_query,https://vizier.cds.unistra.fr/viz-bin/VizieR-5?-source=I/355/gaiadr3&Source=4193346037615507968,3.3656,450 +/- 7.0 (Ridder+23; Gaia EDR3 Bailer-Jones geometric posterior),Barrett+20,Rana+05,Barrett+20;Ridder+23;Rana+05;Patterson+95_V1432Aql;SchmidtStockman+01_V1432Aql;Staubert+03_V1432Aql;Mukai+03_V1432Aql;Boyd+14_V1432Aql;Littlefield+15_V1432Aql;Shaw+20_V1432Aql;Wang+21_V1432Aql;Ferrario+15,3563 +/- 730,"From combined_mcv_sources.csv b_gauss; retained as a radio/emission-region estimate, not WD surface B.",0.14023475(5) d = 12116.2824±0.0043 s (Mukai+03); Boyd+14: 0.140234751(3) d; Littlefield+15: 0.1402347644±0.0000000018 d (independent fits),Rana+05; Mukai+03_V1432Aql; Wang+21_V1432Aql; Barrett+20; Ridder+23,Epoch/model dependent: 12150.328 +/- 0.045 s at 1995.2 (Staubert+03 combined fit); ROSAT peak 12150.72 +/- 1.14 s; spin-up toward Porb.,Rana+05;Staubert+03_V1432Aql;Mukai+03_V1432Aql;Boyd+14_V1432Aql;Littlefield+15_V1432Aql;Wang+21_V1432Aql,,,"HST hot UV component candidate: ~35000 K blackbody; alternative 25000–30000 K atmosphere fit. Component attribution is not secure; X-ray BB 88±2 eV and 50(+6/−7) eV are accretion-heated/reprocessed components, not photospheric Teff.",SchmidtStockman+01_V1432Aql;Rana+05;Wang+21_V1432Aql;Ferrario+15,Conflicting model estimates: 1.21±0.10 RXTE shock fit (Rana+05); <0.67 eclipse-geometry limit (Mukai+03); 0.76(+0.09/−0.08) NuSTAR fit (Shaw+20); 0.85±0.07 Swift+NuSTAR Tmax/mass-radius model (Wang+21); 0.98 [90% range 0.78–1.19] secondary-reported Ramsay 2000 fit.,Rana+05;Mukai+03_V1432Aql;Shaw+20_V1432Aql;Wang+21_V1432Aql,28–35 MG tentative accretion/polarization-region inference only; no direct photospheric Zeeman/cyclotron spectrum verified.,Rana+05;Ferrario+15,,,not found in checked sources; no direct photospheric Zeeman field identified,28–35 MG tentative model inference only; not secure global polar field,28–35 MG tentative 6th–8th cyclotron-harmonic assignment; no secure cyclotron spectrum,"Rana+05 explicitly caution that the 28–35 MG estimate assumes the circular-polarization peak is a 6th–8th cyclotron harmonic, has poor optical polarization constraints, and lacks cyclotron spectra. Ferrario+15 is a secondary compilation (~30 MG). Barrett+20 radio B=3563±730 G is conditional fundamental ECM from a donor corona, not WD surface/accretion-region B.",M4 V reported from I-band donor detection (Patterson+95 as cited by Schmidt & Stockman+01); original Patterson full text not retrieved in this pass.,0.22±0.02 donor-sequence/Roche-volume estimate in Wang+21; 0.31 Msun is an assumed normal-MS geometry input in Mukai+03; neither is a dynamical donor mass.,,Patterson+95_V1432Aql;SchmidtStockman+01_V1432Aql;Mukai+03_V1432Aql;Wang+21_V1432Aql,"V1432 Aql = RX J1940.1−1025 = RX J1940.2−1025; exact SIMBAD Gaia DR3 identifier resolves to Gaia DR3 4193346037615507968. Established eclipsing asynchronous AM Her polar, not an IP in later timing/polarimetry interpretation; historical ~4040–4070 s signal is a harmonic/alias. Orbital period is about 12116.28 s; spin is about 12150 s and decreasing. Beat is epoch-dependent (Staubert+03 50.28 d at 1995.2; Boyd+14 49.641 d in 1992 to 61.703 d in 2013); do not put a fixed number in the legacy ip_beat_period_s field. Gaia DR3 parallax is 2.192925±0.035801 mas; adopted Bailer-Jones EDR3 geometric distance is 449.664 pc [443.155,456.458], not inverse parallax. Gaia unresolved mean photometry gives G=15.783683, BP−RP=0.466214; source is flagged variable. M_G=7.519244±~0.08 is derived with no extinction correction. HST AV=0.7±0.1 mag; photospheric temperature attribution is unresolved. WD mass methods conflict strongly (see review queue); do not average. Radio detection from Barrett+20 is only 15±5 μJy; CP=+100±47%; Table 2 3563±730 G assumes fundamental ECM from donor corona and is not WD B. X-ray 1–10 keV Rana flux is model-derived with local/ISM absorption wording requiring review; Ridder+23 0.1–10 value is compiled with row-specific conversion unstated. 2018 Wang+21 accretion rate is model-derived. All source-level measurements/alternatives and exact Gaia/SIMBAD queries are in rawdog_measurements.csv and [local artifact withheld]",V1432-001 through V1432-010 remain open: WD-mass model conflict; HST UV/photospheric temperature attribution; field component/method; orbital Pdot timing baselines; fit/epoch-dependent spin and beat; X-ray absorption/flux conversion; radio detection threshold/emission origin; original donor M4 V citation and assumed donor masses; nova/synchronization interpretation. See rawdog_review_queue.csv.,,,,,,,,,,
gaia-dr3:4240284979281473920,J1955+0045,magnetic_cv,AM,4240284979281473920,audited_with_unresolved_issues,secure_exact_identifier_and_published_identity,simbad_exact_name_and_gaia_dr3_id_plus_published_optical_identity,IGR J19552+0044 / 2MASS J19551247+0045365,298.801999652027,0.760240000147,298.801987421969,0.760108635615,41.043998,-13.791229,6.0063,0.0616,-2.7515,0.0555,-29.5570,0.0391,15.8990,0.04461,16.2498,0.08705,15.11749,0.15533,1.13231,9.8046,1.7402,,,,165.5309,164.0233,167.4438,,,exact_dr3_and_bailer_jones_edr3_queries_checked,https://vizier.cds.unistra.fr/viz-bin/VizieR-4?-source=I/355/gaiadr3&Source=4240284979281473920,1.3933167,165.5 (+1.9/-1.5) pc (Bailer-Jones EDR3 geometric),Barrett+20; Ridder+23,Webb+20; Ridder+23; Bernardini+13_IGRJ19552,Barrett+20; Ridder+23; Bernardini+13; Tovmassian+17; Babina+24; Bruch+25,,,1.3933167 +/- 0.0000333 (83.599 +/- 0.002 min; RV/orbital),Tovmassian+17_IGRJ19552,4877.4 +/- 0.6 (81.29 +/- 0.01 min; photometric/WD spin; method-label conflict in abstract),Tovmassian+17_IGRJ19552; Babina+24_J1955_RU; Bruch+25_J1955,,,"not measured/found; Gaia GSP-Phot 4263 K is unresolved-system single-star output, not WD Teff",Bernardini+13_IGRJ19552; GaiaDR3_J1955,0.77 (model-dependent X-ray post-shock spectral estimate; +0.02/-0.03 Msun),Bernardini+13_IGRJ19552,,,,,,,~16 conditional estimate; authors say >~20 MG very unlikely,Tovmassian+17 cyclotron-continuum estimate assumes ~8000 A turnover is the 8th harmonic; no resolved harmonics or Zeeman lines; true value could be 35% lower; not a direct photospheric/polar field.,not measured; no secondary features detected in inspected optical spectra,not measured in inspected sources,not measured in inspected sources,Tovmassian+17_IGRJ19552; Bernardini+13_IGRJ19552,"J1955+0045 is the RAWDOG shorthand for IGR J19552+0044 / 2MASS J19551247+0045365. Bernardini+13 found two X-ray periods, 1.38 h and 1.69 h, multi-temperature X-ray plasma with little absorption, a low accretion rate consistent with a below-gap CV, and nIR/IR evidence for cyclotron emission, leaving pre-polar versus asynchronous interpretation open. Tovmassian+17 resolve the classification as an asynchronous polar: photometric Porb=83.599 +/-0.002 min and spectroscopic WD-spin period=81.29 +/-0.01 min, with Pspin/Porb~0.972 and a ~2.04 d beat period, the largest known degree of polar asynchronism at the time (~3%). No secondary-star spectral features are visible in the optical spectra. Gaia DR3 parallax implies a distance around 180.5 pc, while Ridder+23 list 165.5 (+1.9/-1.5) pc; retain Gaia fields for CMD work. ThorstensenHalpern+13 found IGR J19552+0044 may be an AM Her/polar but period coverage was ambiguous; Tovmassian+17 supersedes this with the asynchronous-polar timing solution. Ferrario+15 Table 3, predating Tovmassian+17, lists IGR J19552+0044 with no B value, Prot=4960, Porb=101.7 min, and Mwd=0.77 Msun from ThorstensenHalpern+13/Bernardini+13; use it only as historical secondary context because the later Tovmassian periods supersede it. Source audit 2026-09-24: exact Gaia DR3 ID and aliases checked; compatibility distance now uses Bailer-Jones EDR3 geometric posterior; Gaia GSP-Phot outputs are not component values. Confirmed asynchronous polar. Spin/orbit assignments follow Tovmassian+17 body/Table 3; its abstract reverses method labels. Bernardini+13 0.77 Msun is a model-dependent X-ray mass; map q=.13, MWD=.75, i=65 are adopted inputs. Field ~16 MG is conditional on the 8th-harmonic interpretation, not a photospheric field. Details and competing source records are in rawdog_measurements.csv.",J1955-001–004 in rawdog_review_queue.csv; exact method/field/mass/radio display decisions remain open.,,,,,,,,,,
gaia-dr3:1833014187092198912,QQ Vul,magnetic_cv,AM,1833014187092198912,source_audit_complete_with_unresolved_issues,ok,user_confirmed_gaia_dr3,V* QQ Vul,301.42462085350,22.66634440410,301.42460520402,22.66627826214,61.532204,-4.919281,3.3235,0.0286,-3.249,0.024,-14.882,0.029,15.305510,0.02404,15.457766,0.07783,14.721989,0.05630,0.735777,7.938044,1.177,,,,297.504242,295.522522,300.635803,,,ok,https://vizier.cds.unistra.fr/viz-bin/VizieR-5?-source=I/355/gaiadr3&Source=1833014187092198912,3.70848264 (Schwope+00 spectroscopic ephemeris); legacy 3.7084 rounded,297.504242 (Bailer-Jones EDR3 geometric posterior); 298.008118 photogeometric; legacy 317 (Barrett+20/Gaia DR2); historical 342 (Belle+00 Bailey K method); >215 (Mukai & Charles 1986),Barrett+20,Nousek+84_QQVul; Belle+00_QQVul; Cropper+98Mass_QQVul,Nousek+84_QQVul; MukaiCharles+86_QQVul; MukaiCharles+87_QQVul; Schwope+00_QQVul; Belle+00_QQVul; Catalan+99_QQVul; Watson+03_RocheTomography; Cropper+98Mass_QQVul; Barrett+20; Ridder+23; Ferrario+15,7530 +/- 365,"From combined_mcv_sources.csv b_gauss; retained as a radio/emission-region estimate, not WD surface B.",3.70848264 +/- 0.00000264,Schwope+00_QQVul; Nousek+84_QQVul,,Schwope+00_QQVul; Belle+00_QQVul,,,"not found: inspected papers give accretion-region blackbody temperatures, not photospheric WD Teff",Nousek+84_QQVul; Belle+00_QQVul,No single preferred value: optical/Roche-tomography model estimates ~0.54–0.66; Ginga spectral-fit estimates 1.12–1.13 (90% 0.95–1.30); see ledger/review issue QQVUL-002,MukaiCharles+87_QQVul; Catalan+99_QQVul; Watson+03_RocheTomography; Cropper+98Mass_QQVul,No direct WD-surface field measurement found; Belle+00 assumed/indirect ~20–30 MG and possible <10–30 MG; Ferrario+15 lists uncertain Bcyc1=30: MG,Belle+00_QQVul; Schwope+00_QQVul; Ferrario+15,,Belle+00_QQVul,not directly measured in inspected primary sources,"not measured; polarimetry constrains geometry, not field strength",No directly measured field; secondary/indirect estimates ~20–30 or <10–30 MG; Ferrario+15 Bcyc1=30: is secondary and uncertain,"Belle+00 state that the magnetic field strength of QQ Vul had not been directly measured, quote an assumed typical value ~20-30 MG from prior literature, and note that the high X-ray/EUV ratio could indicate a relatively low field, possibly <10-30 MG, though accretion-region structure can mimic this. Ferrario+15 lists Bcyc1=30: MG as a compact secondary review-table value with an uncertainty colon and no photospheric Zeeman field. Treat as an indirect/uncertain accretion-region field placeholder, not a direct Zeeman or secure cyclotron-harmonic measurement. Schwope+00 polarimetry gives magnetic-axis co-latitude 23 deg, azimuth -50 deg, and inclination 50-70 deg.

QQ Vul source audit (2026-09-24): Belle+00 explicitly state the field strength was not directly measured; their typical ~20–30 MG is assumed and <10–30 MG is an X-ray/EUV-ratio interpretation. Ferrario+15 Table 2 lists Bcyc1=30: MG secondarily. No direct WD photospheric/Zeeman/polar field is adopted. Barrett+20 7530±365 G is a conditional donor-coronal fundamental-ECM radio-emission-region estimate, not a WD field.",M4V from Catalán+99 TiO ratios; M2–4 template range in Mukai & Charles 1986; SIMBAD M2 D lacks traceable provenance,Competing model estimates: Catalán+99 0.30±0.10; Watson+03 0.34–0.44 over listed i grid (adopted 0.42 at 72 deg); Mukai & Charles 1987 0.28 for alpha=1; Mukai & Charles 1986 0.346 ZAMS prediction,not found as direct donor Teff in inspected source papers,MukaiCharles+86_QQVul; MukaiCharles+87_QQVul; Catalan+99_QQVul; Watson+03_RocheTomography; SIMBAD_QQVul,"QQ Vul = E2003+225 is a long-period polar. Schwope+00 derive a stable spectroscopic ephemeris from narrow He II emission on the irradiated secondary and Na I absorption from the companion photosphere, replacing older polarimetric ephemerides; their polarimetry supports changing accretion geometry between one- and two-pole modes. Watson+03 Roche tomography of the secondary-star Na I absorption gives i=72-90 deg, M1=0.58-0.66 Msun, M2=0.34-0.44 Msun, and gamma=-14 km/s. Belle+00 EUVE observations find simultaneous EUV and X-ray light curves, evidence for two-pole accretion, and a stellar eclipse of the X-ray emitting region indicating high inclination; they quote an accretion-region blackbody temperature ~2e5 K from Nousek+84, not a photospheric WD Teff. Barrett+20 report a K-band radio flux 92 +/- 39 uJy with -100 +/- 60 percent circular polarization; the catalog radio-inferred 7530 +/- 365 G remains an emission-region/radio estimate, not the MG WD surface field. Ferrario+15 Table 2 lists QQ Vul/1E 2003+22.5 with Bcyc1=30: MG, no photospheric Zeeman field, no Teff, Prot=222.5 min, and Mwd=0.58 Msun; this is a secondary review-table summary tied to Mukai & Charles 1987, Cropper 1998, and Schwope+00, not an independent measurement.

Source-by-source audit completed 2026-09-24; QQVUL-001–007 remain open. Gaia EDR3 exact-source astrometry and Bailer-Jones EDR3 geometric posterior replace the legacy compatibility distance; historical distances remain in the measurement ledger. M4V is directly supported by Catalán+99 TiO ratios; SIMBAD M2 D is uncited in the queried record. No photospheric WD Teff, radius/log g/cooling age, direct WD-surface field, magnetic moment, direct donor Teff or mass transfer rate was found in inspected source-specific primary literature. See rawdog_measurements.csv for method-specific masses, inclinations, radio/X-ray/EUV records, competing claims and explicit missing-search outcomes.

Cropper (1998) original polarimetry has now been retrieved from ADS and checked: simple circular-polarization geometry gives approximate i≈50 deg and pole colatitude beta≈40 deg; a 30 MG value is assumed only in an illustrative cyclotron model. The same paper reports a candidate 40.5 d synodic/asynchronous period but says it is inconclusive. These values do not establish an independent WD spin or field measurement.","2 Gaia DR3 candidates within 2 arcsec; selected ID confirmed; User confirmed Gaia DR3 1833014187092198912 for QQ Vul.; Converted from combined_mcv_sources.csv. No secure photospheric WD Teff, donor subtype/Teff, or direct WD magnetic-field measurement found in inspected primary sources. Secondary web summaries list an M4V donor, but no inspected primary source here directly gives the subtype, so it is not entered. Inspect Liebert & Stockman 1985, Cropper 1998, and/or later cyclotron/Zeeman work before quantitative use of QQ Vul B. Watson+03 component masses depend on Roche tomography and inclination assumptions. The downloaded Watson+03 Roche-tomography paper confirms the mass ranges and also warns that non-eclipsing-system inclinations can be biased/high; QQ Vul lacks an X-ray eclipse at phase zero, excluding i>72 deg in that analysis even though lower inclinations give worse entropy reconstructions.

QQ Vul audit checked exact SIMBAD/Gaia identity; selected Gaia DR3 1833014187092198912 remains user-confirmed. Check QQVUL-001–007 before selecting q/mass/inclination or counting the low-significance radio result as secure. ADS API token not configured; public ADS records and local full texts used. Cropper et al. (1998) polarimetry original text not retrieved; inclination only secondary-reported. Gaia GSP-Phot component-like parameters left blank; no extinction correction adopted.",,,,,,,,,,
gaia-dr3:4226332451596335616,AE Aqr,magnetic_cv,IP,4226332451596335616,audited_with_unresolved_issues,ok,simbad_name_gaia_dr3,V* AE Aqr,310.038166,-0.870849,310.03848,-0.870791,45.28065,-24.418878,10.9112,0.0181,70.527,0.019,13.018,0.015,10.94743,0.0053,11.45785,0.01627,10.23503,0.01386,1.22282,6.1441,1.139,5881.4 (GSP-Phot unresolved single-star result only; not WD/donor Teff),5871.2,5893.4,91.3424,91.2109,91.4661,0.8814 (GSP-Phot single-star output; not adopted physical extinction),0.4840 (GSP-Phot single-star output; not adopted intrinsic-color correction),exact Gaia DR3 source_id and Bailer-Jones EDR3 geometric query; GSP-Phot retained only as single-star output,https://vizier.cds.unistra.fr/viz-bin/VizieR-5?-source=I/355/gaiadr3&Source=4226332451596335616,9.8797,91.34 (+0.12/-0.13),Barrett+20,Eracleous+91,Barrett+20; Ridder+23; Echevarria+08_AEAqr; Li+16_AEAqr; Mauche+06_AEAqr; Blinova+19_AEAqr; Ferrario+15,,,0.4116554800(2) d = 9.87973152 h (Echevarría+08 absorption-line ephemeris); Li+16 uses 0.411655610 d; kept as separate ephemerides,Echevarria+08_AEAqr; Li+16_AEAqr; Echevarria+21_AEAqr,"33.07673996; Li+16 T0=45171.500042 barycentered MJD, Pdot=5.642e-14 s/s, Pddot=3.43e-19 d^-1; Mauche+06 alternative fits retained in ledger",Li+16_AEAqr; Mauche+06_AEAqr,,,not measured/found in inspected sources; Gaia DR3 Teff is system/donor/accretion contaminated and not a WD photospheric Teff,Echevarria+08_AEAqr; Li+16_AEAqr; Blinova+19_AEAqr,"0.63 ± 0.05 (2008 mass-function solution at i=70±3°, q=M2/M1=.60±.02); alternative .69±.06 (2021 Halpha K1 approximation at same assumed i)",Echevarria+08_AEAqr; Echevarria+21_AEAqr,"0.29-50 highly model-dependent; no direct surface field measurement in inspected sources; Li+16 summarizes expected 0.3-30 MG and estimates <=2, 1-5, and ~50 MG; Blinova+19 representative MHD models give 0.28-0.33 MG",Li+16_AEAqr; Blinova+19_AEAqr; Mauche+06_AEAqr; Ferrario+15,~1e32-1e34 expected IP-to-polar magnetic-moment range used to motivate B~0.3-30 MG; not measured,Li+16_AEAqr,not measured/directly constrained in inspected sources,model-dependent; weak-field propeller ~0.28-5 MG versus high-field pulsar-like ~50 MG,not a cyclotron-harmonic or Zeeman accretion-region measurement in inspected sources,"AE Aqr has no direct Zeeman/cyclotron surface-field measurement in the inspected sources; Ferrario+15 also lists no B value for AE Aqr. Li+16 summarize the broad field uncertainty: an expected B~0.3-30 MG from typical IP/polar magnetic moments, specific estimates <=2 MG, 1-5 MG, and ~50 MG. Mauche+06 notes that a pure magnetic-dipole spin-down interpretation would imply mu~1e34 G cm3 or B~50 MG, but its measured spin evolution is inconsistent with simple magnetic-dipole braking. Blinova+19 argue representative MHD propeller models can reproduce many properties with B~2.8-3.3e5 G (0.28-0.33 MG). Treat any single B value as a model choice, not an observed photospheric field. Abada-Simon+93 gives a source-region magnetic-field lower bound >250 G from a flare-spectrum model; retain it as radio-emission provenance and do not convert it into a WD surface-field measurement.",K0–K4 phase-dependent Fe I/Cr I line-ratio type; not a calibrated Teff,.37 ± .04 (2008 preferred model); alternative .47±.07 from 2021 Halpha K1 solution,not measured in inspected sources; subtype is not calibrated Teff,Echevarria+08_AEAqr; Echevarria+21_AEAqr,"AE Aqr is a confirmed magnetic CV with a 33.07673996 s WD spin and strong radio continuum. Historically classified as IP/DQ Her; propeller/WD-pulsar-like terms are model interpretations. Echevarría+08 absorption-line solution: P_orb=.4116554800(2)d, K2=168.7±1 km/s, indirect K1=101±3, q=M2/M1=.60±.02 under Roche-filling/corotation assumptions, i=70±3 model estimate, M1=.63±.05, M2=.37±.04; donor line-ratio subtype varies K0–K4. Ramírez & Echevarría+21 Halpha K1=114±8 (2000) and 115±6 (2008) km/s; unstable Hbeta K1=185±11 (1991). Their alternative masses .69±.06/.47±.07 are separate; authors retain 2008 masses for tomography. Li+16 spin timing is distinct from candidate ~33.13±.02 s radio period reported only in one MSc thesis, not peer-reviewed/confirmed. Barrett+20 VLA 2015A C/X/K Stokes I are 5123±9,5497±11,8031±34 uJy with CP=0±1%; earlier epoch radio and mm measurements are separate ledger rows. Ridder+23 4.9 GHz 7.5±.75 mJy and 1–10 keV 5.1±.5e-12 are compilation products. Preferred distance Bailer-Jones geometric posterior 91.3424 pc (p16/p84 91.2109/91.4661); Gaia single-star GSP-Phot outputs are not component properties/extinction. M_G=6.1441 is unresolved-system and no-extinction, derived with Gaia G and geometric distance. No independent extinction, WD Teff/radius/logg/cooling age/direct surface B found in checked papers. Abada-Simon B>=250 G refers to modeled radio plasma. See rawdog_measurements.csv and AEAQR-001–008.","Full original papers checked: Echevarría+08, Ramírez & Echevarría+21, Bookbinder & Lamb+87, Bastian+88, Abada-Simon+93 scanned scan/OCR/page render, Eracleous+91 relevant table, Li+16, Mauche+06, Blinova+19, Barrett+20, Ridder+23; full Madzime+21 MSc dissertation checked but not peer-reviewed. Exact Gaia DR3, SIMBAD and Bailer-Jones rows checked. Corrected inherited M_G from GSP-Phot distance to Bailer-Jones geometric distance. GSP-Phot outputs are single-star model results, not components. Candidate radio pulse remains thesis-only; radio-region B is not WD surface B. Eight review items remain.",,,,,,,,,,
gaia-dr3:6911950900211768704,HU Aqr,magnetic_cv,AM,6911950900211768704,source_by_source_audited_primary_full_text_with_open_review_items,ok,simbad_name_gaia_dr3,V* HU Aqr,316.992477,-5.294599,316.992189,-5.294878,44.761923,-32.638086,5.2354,0.0457,-64.579,0.046,-62.732,0.037,16.43416,0.02784,16.65983,0.09352,15.87209,0.06310,0.787739,10.044945,1.016,,,,189.601898,188.115906,191.112885,,,ok,https://vizier.cds.unistra.fr/viz-bin/VizieR-5?-source=I/355/gaiadr3&Source=6911950900211768704,2.0836,189.6 +/- 1.5,Barrett+20,Schwarz+09,Barrett+20; Ridder+23; Schwarz+09; Schwope+25_HUAqr; Schwope+03_HUAqr; Watson+03_RocheTomography; Ferrario+15,,,"0.0868203980 d (2.083689552 h), Bours+14 ephemeris reference; eclipse-timing Pdot is unresolved",Bours+14_HUAqr;Schwope+25_HUAqr;Schwarz+09;Schwope+03_HUAqr;SchwopeThinius+18_HUAqr,not independently measured; synchronous-polar model assumption Pspin=Porb=7501.2824 s,Schwope+25_HUAqr;Schwarz+09,,,13500-14000 photospheric/faint-phase WD SED fit; 13500 K fixed in the u-band LCURVE mass-radius model. Separate warm-spot model parameter Tcen=33150 +8900/-5900 K is not a global WD Teff.,Schwope+25_HUAqr,0.78 +/- 0.02; LCURVE fit to resolved WD eclipse using a Bédard et al. mass-radius relation at fixed Teff=13500 K. Older comparison/model values are retained in the ledger and notes.,Schwope+25_HUAqr;Schwope+11_HUAqr;Watson+03_RocheTomography;Schwarz+09;Ferrario+15,"~34 MG high-state cyclotron field at the accretion region (Schwope+03); Ferrario+15 secondary table lists Bcyc1=37 MG. These are local cyclotron/accretion-region diagnostics, not a mean photospheric field.",Schwope+03_HUAqr;Schwope+25_HUAqr;Ferrario+15,,,"20: MG is only an uncertain Ferrario+15 secondary-table Zeeman claim, not adopted pending original-source/method verification (HUAQR-003).","~34 MG primary high-state cyclotron/accretion-region model; 37 MG secondary review-table value, distinct measurements/models.",~34 MG (Schwope+03 high-state cyclotron modeling); Ferrario+15 lists Bcyc1=37 MG; no averaging.,"Schwope+03 directly reports a high-state cyclotron-model field near 34 MG, an approximately 20-degree accretion arc, and a tilted/non-centered field geometry; Schwope+25 cites this as a one-pole polar. Ferrario+15 Table 2 lists Bcyc1=37 MG and an uncertain BZeem,phot=20: MG. The 37 MG result is retained as a separate secondary-review cross-check; the 20: MG claim is unadopted pending primary-source verification (HUAQR-003).","Late-type donor traced by Na I absorption and irradiated-side Ca II emission; subtype not securely measured here. Schwarz+09 uses M4.5 for an assumed secondary bolometric-luminosity comparison, not as a HU Aqr spectral classification measurement.",0.17 +/- 0.01 from Schwope+25 u-band WD-eclipse/LCURVE solution; donor radius constrained to its Roche lobe. Older 0.18 +/- 0.06 (Schwope+11) and 0.15 (Watson+03) retained separately.,"3000 K fixed in Schwope+25 u-band LCURVE; donor flux is not detected in u, so this is not a measured donor Teff.",Schwope+25_HUAqr;Schwope+11_HUAqr;Watson+03_RocheTomography;Schwarz+09,"HU Aqr is an eclipsing AM Her polar with one observed accretion pole; the exact Gaia DR3 identifier is confirmed in the SIMBAD alias set. Schwope+25_HUAqr derives MWD=0.78 +/-0.02 Msun, Msec=0.17 +/-0.01 Msun and i=87.4 +/-0.9 deg from low-state ULTRACAM u-band eclipse modeling. The WD mass uses the Bédard et al. mass-radius relation at fixed Teff=13500 K; the donor is forced to fill its Roche lobe and Tsec=3000 K is fixed because its u-band flux is undetected. The same paper compares faint-phase HST/FOS, XMM OM and ULTRACAM SEDs to WD atmospheres and supports Teff=13500-14000 K. Its u-band warm-spot Tcen=33150 +8900/-5900 K is a model parameter, not a global photospheric temperature; its r-band cyclotron component is a 3-4 deg spot with modeled height 0.005-0.016 RWD. Schwope+11 independent donor spectroscopy gives preferred Q=MWD/M2=4.58 +/-0.20, MWD=0.80 +/-0.04 Msun, M2=0.18 +/-0.06 Msun, i=87 deg (+0.8/-0.5), with irradiation/model dependence. Watson+03 older Roche-tomography values (0.61/0.15 Msun, 84.4 deg, table q=0.25) are retained as historical comparisons; its q convention is internally inconsistent (HUAQR-002). The adopted compatibility orbital period is the Bours+14 ephemeris baseline 0.0868203980(4) d; competing Schwarz+09 linear/quadratic/sinusoidal timing fits, Bours+14 quadratic fit, and the qualitative 2014-2018 change in slope from Schwope & Thinius+18 do not establish a unique secular Pdot (HUAQR-001). Schwope+03 gives the high-state cyclotron-region field near 34 MG; the uncertain secondary-table 20: MG photospheric claim is not adopted (HUAQR-003). Barrett+20 gives a single Semester 18A X-band radio detection; no pulse properties or spectral index are reported there. Ridder+23 compiled X-ray bands are kept separate from Schwarz+09 state-resolved XMM spectra; their source-state mapping is unclear (HUAQR-004). Gaia photometry is variable, unresolved system light. No source-specific extinction estimate, direct WD radius/log g/cooling age, magnetic moment, donor subtype/Teff/radius beyond model assumptions, or secure donor evolutionary classification was found in the inspected literature.",Open HUAQR-001: egress O-C timing/Pdot is model-dependent and may trace accretion-spot motion; do not use a unique secular derivative in population comparisons. Open HUAQR-002: Watson+03 q=0.25 conflicts with its system mass-ratio prose and listed M1/M2; retain printed value without normalizing. Open HUAQR-003: trace Ferrario+15 uncertain 20: MG photospheric field to original source/method before adoption. Open HUAQR-004: Ridder+23 X-ray catalog flux state/model mapping is not explicit; retain separately from Schwarz+09 XMM epochs. Schwope & Thinius+18 full paper was not accessible; only publisher metadata/abstract checked.,0.03912281,0.032066286,0.112815,VARIABLE,false,0.0,0.0,1.2954979,17,
gaia-dr3:2725143108496515840,V388 Peg,magnetic_cv,AM,2725143108496515840,source_by_source_audited_with_open_review_items,ok,exact_SIMBAD_name_and_Gaia_DR3_ID_plus_historical_position_and_radio_centroid,V* V388 Peg,329.384690590939,8.920854195560,329.384691001350,8.920788404460,67.30292003871,-34.56374911632,1.3870,0.1251,0.091,0.150,-14.803,0.146,18.276783,0.055206,18.400324,0.191087,17.403856,0.136930,0.996468,8.986949,0.997,,,,721.052368,666.709290,797.787659,,,exact_Gaia_DR3_and_Bailer_Jones_EDR3_ID_queries_verified,https://vizier.cds.unistra.fr/viz-bin/VizieR-5?-source=I/355/gaiadr3&Source=2725143108496515840,3.3751,720 (+80/-50),Barrett+20,Ridder+23;Evans+20;Tovmassian+00_V388Peg;ZenginCamurdan+23_V388Peg,Tovmassian+00_V388Peg; Ferrario+15; Barrett+20; Ridder+23; Evans+20; HarrisonCampbell+15_V388Peg; ZenginCamurdan+23_V388Peg; HernandezDiaz+25_V388Peg; Duffy+22_V388Peg; Abrahams+22_V388Peg; Pelisoli+24_V388Peg,3563 +/- 730,"From combined_mcv_sources.csv b_gauss; retained as a radio/emission-region estimate, not WD surface B.","3.37512 h (Tovmassian+00 narrow-component RV/spectroscopic orbit); TESS sector 55: 202.756±0.010 min, low reliability at Tmag=17.495; 2023 T100 update not transcribed because full text inaccessible",Tovmassian+00_V388Peg; Ferrario+15; Barrett+20; Ridder+23; Abrahams+22_V388Peg,"Candidate only: photometric/cyclotron modulation is approximately the orbital period (0.14063 d ≈ 12150 s ≈ 3.37512 h); Tovmassian+00 interpreted it as WD spin, but absolute synchronism is unproven; do not treat as an established spin period.",Tovmassian+00_V388Peg; HarrisonCampbell+15_V388Peg; HernandezDiaz+25_V388Peg; ZenginCamurdan+23_V388Peg,,,"no WD photospheric Teff measured/found in inspected sources; Tovmassian+00 used an adopted 40 eV blackbody plus 20 keV bremsstrahlung for a low-statistics RASS spectral fit, which is accretion/reprocessed X-ray modeling, not WD Teff",Tovmassian+00_V388Peg,not measured/found in inspected sources; Tovmassian+00 and Ferrario+15 do not provide a WD mass for V388 Peg,Tovmassian+00_V388Peg; Ferrario+15,~20 MG (Tovmassian+00 cyclotron plasma model); alternative ~25 MG only if WISE W2 humps are cyclotron (Harrison & Campbell+15); no direct photospheric value,Tovmassian+00_V388Peg; HarrisonCampbell+15_V388Peg; Ferrario+15,,,not measured; Tovmassian+00 explicitly notes no cyclotron or Zeeman lines to draw more definite plasma/field conclusions,"No direct photospheric/polar measurement found; Tovmassian model is an approximate cyclotron/accretion-plasma field, not Zeeman B_pole",~20 MG model-derived; alternative ~25 MG conditional on W2 cyclotron attribution; do not average,"Tovmassian+00 fits a homogeneous one-temperature cyclotron plasma (~20 MG; kT~20 keV, viewing angle~80°, log Lambda~5.7; parameters trade off; no resolved harmonics or Zeeman lines). Harrison & Campbell+15 suggest ~25 MG only if the noisy, sparsely sampled WISE W2 humps are cyclotron. Barrett+20’s 3563±730 G assumes fundamental n=1 ECM from donor corona and is not WD field.",M4 or M5 assumed from orbital-period relation / photometric-minimum distance argument; no direct spectral classification verified,Not measured/found in inspected V388 Peg originals; irradiated-emission K amplitude alone is not a mass,"Not measured/found; donor subtype is assumed, not spectroscopically classified",Tovmassian+00_V388Peg,"Identity secure: V388 Peg = RX J2157.5+0855/RX J2157.5+0854 = 1RXS J215731.4+085458 = [ATZ98] F020 = Gaia DR3 2725143108496515840. Exact SIMBAD name and Gaia-ID queries agree; Tovmassian optical position and Barrett radio centroid support the association. Gaia native ICRS position is at J2016.0; the epoch-2000 position is a propagated ICRS coordinate, not FK5. Exact Gaia DR3 photometry is unresolved variable-system light (phot_variable_flag=VARIABLE); no single-star Teff/extinction is used as a binary component measurement. Adopt Bailer-Jones EDR3 geometric distance 721.052 (+76.735/-54.343) pc; Ridder+23 rounds this to 720(+80/-50), while the historical 300–600 pc Tovmassian estimate assumed M4/M5 and Av~0.37. No source-specific extinction/reddening value is adopted. The no-extinction M_G=8.986949 is unresolved-system derived using exact G and the geometric distance posterior. Tovmassian+00 spectroscopic orbit is 0.14063 d=3.37512 h; the tested 0.14002–0.14092 d values are not a formal uncertainty. Photometric/cyclotron period agrees within ~1 min over a one-year baseline but WD spin/synchronism is not established. Harrison & Campbell+15 report WISE modulation roughly half this period, but with minimal phase coverage, noisy W2 points and no plotted phased light curve. 2025 TESS Table A.1 gives 202.756±0.010 min (ACF 202.4000 min; SINE/FS unavailable) in sector55; Tmag=17.495±0.060 is in the regime where the paper says period detections grow unreliable. The 2023 T100 study reports period correction but its exact ephemeris is not available in accessible preview. Tovmassian’s approximate 20 MG comes from a homogeneous cyclotron accretion-plasma model; Harrison’s ~25 MG is conditional on W2 cyclotron attribution. Neither is a direct photospheric Zeeman/harmonic measurement. Barrett+20 3563±730 G is only a donor-coronal fundamental-ECM radio-plasma inference. Barrett Table 1: VLA 2018A X-band Stokes I=34±5 μJy, RR=73±6, LL=0±6 μJy, CP=+100±12%, radio offset=0.04±0.23 arcsec; no precise epoch or state listed. Ridder Table 3 compiles 2SXPS/Evans values 1–10 keV 4.1±0.8e−12 and 0.1–10 keV 6±2e−11 erg cm−2 s−1; source-specific conversion/absorption convention is unclear and values differ strongly. Tovmassian RASS 0.1–2.4 keV 5.5e−13 assumed BB40eV+bremss20keV from 24 photons. Zengin Çamurdan+23 preview reports Swift 2014 0.3–10 keV unabsorbed 3.6e−12 under assumed 30 keV bremss, log Lx=32.3, and Mdot~1e−11 Msun/yr assuming Mwd~0.7 Msun. Full text inaccessible; no exact new period, fit errors, or spectral tables adopted. No WD photospheric Teff/mass, donor mass/Teff, cooling age or magnetic moment found in inspected source text. Duffy et al. (2022) Appendix B Table B1 reports ZTF mean/min/max magnitudes in g and r, 434 points, and both short- and long-duration state-change categories; it does not report event durations or V388-specific observing dates. Abrahams et al. (2022) exact Gaia EDR3 crossmatch row reproduces the rounded orbital period, M_G, and color as a secondary consistency check. Pelisoli et al. (2024) Appendix A Table A1 repeats Barrett+20’s 34±5 μJy radio value and is not an independent observation.","V388 PEG audit checkpoint (2026-09-24): source ledger and issues V388PEG-001–005 saved. Exact Gaia/SIMBAD/Bailer-Jones records are in [local artifact withheld] Tovmassian+00, Harrison & Campbell+15, Barrett+20, Ridder+23 and Hernández-Díaz+25 original full text/tables checked. Zengin Çamurdan+23 publisher preview and snippets only; full text blocked, values are explicitly preview-qualified. Old table distance remains in catalog as Ridder’s rounded source value; the physical table carries exact Bailer-Jones posterior. No assumption is made that WD spin equals the orbital period. Duffy+22, Abrahams+22 and Pelisoli+24 source-specific references and ledger rows were added in the 2026-09-24 provenance completion; the latter two entries are secondary cross-checks only.",,,,,,,,,,
gaia-dr3:4112610784274894208,V2400 Oph,magnetic_cv,confirmed intermediate polar; stream/blob/disk-overflow flow interpretation varies by epoch and remains unresolved,4112610784274894208,audited_with_unresolved_issues,ok,simbad_exact_name_and_gaia_dr3_id_plus_published_position,V* V2400 Oph,258.151764,-24.245771,258.151755,-24.245759,359.866664,8.739465,1.3868,0.0223,-1.765,0.026,2.557,0.018,14.058168,0.005927,14.214018,0.021351,13.679268,0.018305,0.534750,4.833617,0.9083,,,,699.697388,688.882202,709.350708,,,exact_gaia_dr3_and_bailer_jones_edr3_query; GSP-Phot component-like outputs left blank,https://vizier.cds.unistra.fr/viz-bin/VizieR-5?-source=I/355/gaiadr3&Source=4112610784274894208,3.41573 h conditional from Langford+22 Pspin/Pbeat; no direct orbital period; 3.408 h is separately compiled by Suleimanov+19,"699.697388 pc geometric Bailer-Jones EDR3 posterior; p16=688.882202, p84=709.350708; matches Ridder+23 700(+10/-11) pc; Gaia GSP-Phot 732.299 pc is a single-star pipeline value and not adopted",Ridder+23;Ridder+26_Broadband,4XMMDR11_V2400Oph;Webb+20;deMartino+04_SoftIPs;Ridder+23,Buckley+95_V2400Oph; Vaeth+97_V2400Oph; HellierBeardmore+02_V2400Oph; deMartino+04_SoftIPs; Langford+22_V2400Oph; Yuasa+10_V2400Oph; Suleimanov+19_V2400Oph; XuYuLi+19_V2400Oph; Shaw+20_V2400Oph; Hayashi+23_V2400Oph; Ridder+23; Ridder+26_Broadband,,,No direct orbital period found; conditional spin-beat value 3.41573 +/- 0.00967 h only if Pbeat=omega-Omega (Langford+22); Suleimanov+19 compiles 3.408 h,Langford+22_V2400Oph; Buckley+95_V2400Oph; Suleimanov+19_V2400Oph,"927.7 +/- 0.1 s (Langford+22 K2); Buckley+95 optical polarimetry 927.66 +/- 0.41 s periodogram, +/-0.33 s sinusoidal fit",Langford+22_V2400Oph;Buckley+95_V2400Oph,"1003.4 +/- 0.2 s (Langford+22 K2); Buckley+95 1003.2897 +/- 0.0025 s periodogram, +/-0.0004 s sinusoidal fit; early 1027.32 s alias retained",Langford+22_V2400Oph;Buckley+95_V2400Oph,Not found for the global WD photosphere. BeppoSAX kTBB=103(+11/-9) eV is an irradiated/reprocessed accretion-pole component; kThard=13(+1/-2) keV is a single-temperature post-shock plasma fit.,deMartino+04_SoftIPs;Langford+22_V2400Oph,"No direct dynamical/photospheric WD mass found. Separate model results: 0.59 +/-0.05 (Revnivtsev+04, secondary report); 0.62(+0.06/-0.05) (Yuasa+10); 0.67(+0.06/-0.05) (Shaw+20); 0.72 +/-0.05 (Suleimanov+19); 0.74 +/-0.04 and 0.75 +/-0.04 (Xu+19); 0.81 +/-0.10 (Brunschweiger+09); Hayashi+23 model lower bound >0.9. No preferred mass.",Revnivtsev+04_V2400Oph;Yuasa+10_V2400Oph;Shaw+20_V2400Oph;Suleimanov+19_V2400Oph;XuYuLi+19_V2400Oph;Brunschweiger+09_V2400Oph;Hayashi+23_V2400Oph,"Separate model outputs: optical polarization/cyclotron B~8 MG (Buckley+95); pole-model B~9–20 MG, alternative 15–27 MG (Vaeth+97); hard-X-ray PSR/corotation model Bsp=4.6 +/-0.1 MG (Suleimanov+19). No single preferred or directly Zeeman-measured value.",Buckley+95_V2400Oph;Vaeth+97_V2400Oph;Suleimanov+19_V2400Oph,,,No direct Zeeman mean photospheric field found in the searched literature.,Vaeth+97 cyclotron-model pole field 9–20 MG (or 15–27 MG under alternative dipole inclination/assumptions); not a direct Zeeman measure.,Buckley+95 polarized-flux estimate ~8 MG; Vaeth+97 cyclotron/polarization model families 9–20 or 15–27 MG. Keep separate from Suleimanov+19 4.6 +/-0.1 MG PSR/corotation model field.,"Buckley+95 polarized-flux modeling estimates B~8 MG. Vaeth+97 favors cyclotron-dominated optical polarization models with pole fields 9–20 MG for assumed Mwd and specific accretion rate, or 15–27 MG for another dipole inclination; these are model-family outputs. Suleimanov+19 infers Bsp=4.6 +/-0.1 MG through a hard-X-ray PSR/corotation model. No direct Zeeman field or magnetic moment was found. Do not average or equate optical cyclotron/polarization and X-ray model fields. Radio-frequency emission does not provide a measured WD surface field.",Not directly detected/classified in the searched literature. Late-type donor is expected in the semidetached CV interpretation; no measured spectral subtype.,Not measured. Vaeth+97 derives ~0.37 Msun from a period-mass relation; Hellier & Beardmore+02 use it as a simulation input. Langford+22 uses 0.2–0.3 Msun only illustratively for QPO calculations.,Not found in the searched literature.,Vaeth+97_V2400Oph;HellierBeardmore+02_V2400Oph;Langford+22_V2400Oph,"V2400 Oph=RX J1712.6-2414 is a confirmed IP; stream/blob/disk-overflow interpretations vary by epoch and remain contested. The system identity is secure at Gaia DR3 4112610784274894208. The adopted distance is Bailer-Jones EDR3 geometric posterior 699.697 pc (p16 688.882, p84 709.351); Gaia GSP-Phot 732.299 pc, Teff 6645.7 K, logg 4.5945, A0 .0003 are retained in the measurement ledger only as unresolved single-star pipeline outputs. Gaia mean G/BP/RP are system-integrated; M_G=4.833617 is derived with M_G=G+5-5log10(d/pc), no extinction, approximate asymmetric errors, and is not a WD-only CMD value. Published spin/beat periods are measured; no direct orbital period is found. 3.41573(+/-0.00967) h is only conditional on beat=spin-orbit sideband; compiled 3.408 h remains separate. No direct WD mass: competing X-ray spectral/line-model results range from 0.59 to 0.81 Msun and Hayashi+23 report model-based >0.9 Msun lower bound; no preferred value. WD Teff/logg/cooling age, direct Zeeman field, magnetic moment, and donor type/temperature/radius are not found. Keep optical 8–27 MG field models separate from Suleimanov+19 4.6+/-0.1 MG PSR/corotation model. deMartino+04 kTBB=103(+11/-9) eV is an irradiated-pole soft component, not photospheric Teff; kThard=13(+1/-2) keV is a single-temperature post-shock fit. Ridder+23 VLASS 2–4 GHz reports 640+/-120 uJy on 2018-02-05 and <=620 uJy on 2020-10-23; Ridder+26 reports variable broadband continuum and 39+/-1% RCP in a 2025 S-band epoch. Four-XMM native 0.2–12 keV catalog flux and Ridder+23 approximate 1–10 keV conversion remain separate; X-ray variability/absorption convention open. Full values, methods, epochs, assumptions, and sources are in rawdog_measurements.csv.","Review items V2400-001–007 remain open for orbital-clock assignment, conflicting model masses, field-component separation, X-ray flux conversion/state, primary-reference access, Gaia J2000 frame metadata, and donor assumptions. Revnivtsev+04 and Joshi+19 original full text were unavailable in this pass; Ridder+26 arXiv v2 was inspected but journal text was not compared. Catalog rows preserve published radio/X-ray observations and existing reference keys.",,,,,,,,,,
gaia-dr3:4972697024889419520,CM Phe,non_magnetic_cv,non_magnetic_cv,4972697024889419520,literature_audited_primary_abstract_web_verified,ok,simbad_name_gaia_dr3,V* CM Phe,5.388222,-51.709624,5.388417,-51.70967,313.832139,-64.781479,3.2045,0.0319,27.071,0.023,-10.311,0.03,15.31358,0.01727,15.93679,0.07833,14.4746,0.03453,1.46219,7.8680,1.626,5167.6,5156.6,5177.3,308.39825,305.35790,311.16943,1.0628,0.5903,ok,https://gea.esac.esa.int/archive/; exact source_id=4972697024889419520 (query output saved under [local artifact withheld]),,308 +/- 3,Hewitt+20,Evans+20,Ridder+23; Hewitt+20; WoudtWarner+02_FaintCVs; Hoard+01_CMPhe; Evans+20; Froning+12_FUSECV; RawlsAAS211_CMPhe,,,6.4536 +/- 0.0168 h; Woudt & Warner+02 ephemeris period 0.2689 +/- 0.0007 d; Hoard+01 abstract leaves 0.1344/0.2683 d alias ambiguity,Hoard+01_CMPhe; WoudtWarner+02_FaintCVs; Hewitt+20; Ridder+23; RawlsAAS211_CMPhe,,,,,,,0.75 assumed/default in Hewitt+20 disk SED model; not measured,Hewitt+20,no object-specific WD magnetic-field measurement found; treated as non-magnetic novalike/CV in inspected sources,Hewitt+20; WoudtWarner+02_FaintCVs,,,,,,No magnetic-field measurement found for CM Phe. The system is treated as a non-magnetic/novalike CV in Hewitt+20 and WoudtWarner+02; leave WD B blank/unknown for quantitative magnetic-field work rather than assuming B=0.,M2-5 from TiO bands; Woudt+Warner+02 supports ellipsoidal modulation of red secondary; Hewitt+20 notes M2=0.5 Msun assumption roughly M0 because Porb>6 h/evolved donor likely,0.5 assumed by Hewitt+20 for disk SED/accretion-rate model; not a dynamical mass,,Hoard+01_CMPhe; Hewitt+20,"CM Phe / Phoenix 1 is a faint novalike or possible dwarf-nova-like non-magnetic CV with a historically confused identification; Hewitt+20 notes L218-28 was mistaken for CM Phe for many years and cites Jaidee & Lynga for the correct identification. Hewitt+20 Table 1 lists Porb=0.2689(7) d, distance 315.1 +/-3.8 pc, V=14.8-15.8, Mv=7.3-8.3, and Hoard+01 as the period/source reference. WoudtWarner+02_FaintCVs is now locally audited: it independently confirms the Hoard+01 alias choice, gives HJDmin=2451900.4561+0.2689(+-0.0007)E, reports a double-wave light curve with two unequal maxima/minima per cycle, and supports ellipsoidal modulation of the red secondary plus blue/near-UV accretion flickering; it finds no significant modulation below ~500 s. WoudtWarner+02 also repeats Hoard & Wachter spectroscopy: strong H-alpha, moderate He I on a blue continuum, and TiO bands implying an M2-5 secondary. Hewitt+20 quotes the same M2-5 donor evidence, describes CM Phe as likely a DN/novalike with a poorly sampled long-term optical light curve, and reports no previous radio observations before their MeerKAT run. Hewitt+20 MeerKAT gives a 0.43-2.1 GHz non-detection with flux density <30 uJy and specific radio luminosity upper limit 4.6e15 erg/s/Hz. Their disk SED/accretion-rate model uses assumed Mwd=0.75 Msun, M2=0.5 Msun, i=57 deg, and Mdot=0.7e-9 Msun/yr; these are modeling assumptions, not measured binary parameters. Ridder+23 carries the same radio upper limit and Evans+20/2SXPS X-ray fluxes. Hoard+01 original abstract is now web-verified: it reports candidate periods 0.1344 d and 0.2683 d, an M2-5 secondary, and explicitly leaves the true orbital period ambiguous; Woudt & Warner+02 independently favored the longer 0.2689 d alias, which remains the catalog value with an alias caveat.; Structured audit (2026-09-25): exact SIMBAD identifier set includes Gaia DR3 4972697024889419520 and Phoenix 1; Gaia ICRS coordinates are epoch J2016.0, and J2000 fields are proper-motion-propagated ICRS rather than FK5. Compatibility Gaia distance fields now use Bailer-Jones EDR3 geometric posterior 308.398 [305.358,311.169] pc (p50/p16/p84); Gaia GSP-Phot single-star distance 318.497 [316.986,320.128] pc is preserved only in the measurement ledger and is not adopted as a binary/component distance. The Gaia GSP-Phot Teff=5167.6 K, A_G=1.0628 mag and E(BP-RP)=0.5903 mag are unresolved single-star pipeline outputs, not WD/donor temperatures or a binary extinction correction. M_G=7.8680 +/-0.0258/+0.0275 is locally derived from unresolved Gaia G and Bailer-Jones distance with no extinction correction; BP-RP=1.46219 +/-0.0855 is observed unresolved color with covariance omitted. Radio remains an upper limit, no detection: Hewitt+20 original setup is nominal 0.856-1.712 GHz and <30 uJy (3 sigma); Ridder+23 compiled range 0.43-2.1 GHz is separately retained. The Hewitt Table 3 luminosity limit <4.6e15 erg s-1 Hz-1 is inconsistent with 4*pi*d^2*S_nu using its <30 uJy and 315.1 pc distance (which gives <3.56e15); see CMPHE-004. Subtype is unresolved: papers variously call the system NL, likely DN with missed outbursts, and VY Scl-like in long-term behavior. M1=0.75 Msun, M2=0.5 Msun, i=57 deg and Mdot=0.7e-9 Msun/yr are model inputs/visual SED matching only. FUSE 2003-09-16 spectrum has data-quality flag 1 (source not detected), so it gives no WD temperature.","Hewitt+20 and WoudtWarner+02_FaintCVs local PDF text checked. Hoard+01_CMPhe original abstract is now web-verified; it explicitly preserves the 0.1344/0.2683 d period ambiguity and the M2-5 donor classification. The full PDF remains desirable for the detailed light-curve and spectral decomposition, while Woudt+Warner+02 provides the local text audit supporting the adopted 0.2689 d alias. No photospheric WD Teff, WD spin, dynamical WD mass, direct donor mass, donor Teff, or WD magnetic-field measurement found in inspected CM Phe sources. Gaia DR3 teff/extinction values are blended/system catalog estimates, not WD Teff.; Structured source audit saved in [local artifact withheld] and query_log.md. Open issues CMPHE-001 through CMPHE-006 cover period aliases, subtype, radio band/luminosity consistency, model-vs-measurement donor inputs, inaccessible original identification/spectral references, and X-ray conversion conventions. Do not use Gaia GSP-Phot values as component properties.",0.019487,0.021982,0.0855,,false,0.24231,19.4980,1.320084,32,
gaia-dr3:374510294830244992,RX And,non_magnetic_cv,non_magnetic_cv,374510294830244992,audited_with_unresolved_issues,ok,exact_SIMBAD_name_and_Gaia_DR3_ID_plus_published_position,V* RX And,16.148074786560,41.299384499020,16.148094266170,41.299284034880,125.586919249181,-21.504641092781,5.051000,0.026887,3.292757,0.029649,-22.604434,0.023653,13.031449,0.059178,13.066502,0.250955,12.291552,0.167447,0.774950,6.563583,2.81942,,,,196.595306,195.703308,197.531326,,,exact_GaiaDR3_source_id_query_checked_2026-09-24;GSP-Phot component parameters unavailable,https://vizier.cds.unistra.fr/viz-bin/VizieR-4?-source=I/355/gaiadr3&Source=374510294830244992,5.03743(2),196.6 +/- 0.9,Coppejans+16,Evans+20,Ridder+23; Coppejans+16; Kaitchuck+89_RXAnd; Sion+01_RXAnd; AraujoBetancor+05_STLMi; Sepinsky+02_RXAnd; Schreiber+02_RXAnd; Knigge+06_DonorSequence; Harrison+18_ZCamDonors,,,5.03743(2) h (0.209893(1) d; exact value carried from Kaitchuck+89 via Coppejans+16 Table 1; original full text not accessed),Kaitchuck+89_RXAnd;Coppejans+16,,,,,"34000 +/-100 quiescent HST/GHRS fit (Sion+01); 40000 rise and 45000 decline disk+atmosphere fits (Sepinsky+02), with ~11000 K outburst heating",Sion+01_RXAnd; AraujoBetancor+05_STLMi; Harrison+18_ZCamDonors; Sepinsky+02_RXAnd,"1.14 compiled RKCat system parameter quoted by Harrison+18; 0.8 model mass used in Sepinsky+02 outburst fit, not an independent dynamical mass",Harrison+18_ZCamDonors;Sepinsky+02_RXAnd,no object-specific WD magnetic-field measurement found; classified/treated as non-magnetic Z Cam dwarf nova,Coppejans+16; Schreiber+02_RXAnd,,,,,,No WD surface magnetic-field measurement found in inspected RX And sources. The system is treated as a non-magnetic Z Cam dwarf nova; do not interpret this as B=0. Schreiber+02 primary abstract supports the transitional Z Cam/VY Scl classification but provides no field measurement.,"K5 in RKCat/Knigge+06 as quoted by Coppejans+16, but Harrison+18 near-IR/EQW analysis favors M2 and concludes the donor is not a K-type dwarf; significant contamination caveat",0.48 compiled RKCat system parameter quoted by Harrison+18; not independently rederived there,3500 for M2V scenario/best-fit donor in Harrison+18; 4500 K K5V alternative tested but donor type remains ambiguous in older catalogs,Coppejans+16; Knigge+06_DonorSequence; Harrison+18_ZCamDonors,"RX And is a Z Cam-type dwarf nova with long standstills and deep VY Scl-like low states. Coppejans+16 give Porb=0.209893(1) d from Kaitchuck+89, a K5+/-2 secondary from Knigge+06, no prior radio detections, and VLA 8-12 GHz outburst detections of 13.6 +/-3.2 and 19.6 +/-4.4 uJy plus one <14.4 uJy epoch; their text reports minute-scale variability/flaring up to 95.0 +/-15.0 uJy. AraujoBetancor+05 Table 7 lists RX And Porb=302.2 min and Twd=34000 K from Sion+01. Harrison+18 quotes RKCat M1=1.14 Msun, M2=0.48 Msun, i=51 deg, and K5 donor, but their near-IR/EQW analysis favors an M2 donor with Teff~3500 K and near-solar abundance, with probable non-stellar contamination. AAVSO VSOTS/Templeton 2007 was web-verified as contextual support for the RX And transitional Z Cam/VY Scl interpretation and for the 34000 K hot-WD statement, but it is a secondary outreach article and is not used as the primary quantitative source. Sion+01_RXAnd original HST abstract is now web-verified: the quiescent WD fit gives Twd=34000 +/-100 K, logg=8.0 +/-0.1, and Vrot=600 +200/-100 km/s, while velocity uncertainties preclude K1 and a dynamical mass. Sepinsky+02_RXAnd original HST abstract is also web-verified: the rise fit uses Mwd=0.8 Msun and Twd=40000 K, the decline fit uses a 45000 K WD, and the WD was heated by about 11000 K. These are state-dependent atmosphere/disk models and should not replace the quiescent value with a single permanent temperature. Schreiber+02_RXAnd directly supports the extended-low-state transitional Z Cam/VY Scl interpretation.

Audit checkpoint 2026-09-24: exact Gaia DR3/Bailer-Jones/SIMBAD/2SXPS queries and RX And radio/physical papers are recorded row-by-row in rawdog_measurements.csv. Adopted distance is the Bailer-Jones geometric posterior 196.595306 pc [195.703308,197.531326], not parallax inversion; the separate photogeometric posterior is 196.378708 pc [195.386093,197.432678]. Recomputed unresolved, uncorrected M_G is 6.563583 with approximate asymmetric error; Gaia astrometry/photometry quality is poor (RUWE 2.81942, excess-noise significance 61.72, variable flag and low BP/RP SNR), so see RXAND-001. Z Cam subtype and the transitional Z Cam/VY Scl low-state description are separate. Direct orbital period is published as 5.03743(2) h by Coppejans+16 citing Kaitchuck+89; original period paper is not locally accessible. Sion+01 34,000 K refers to a quiescent HST/GHRS WD fit; Sepinsky+02 40,000/45,000 K are state-dependent outburst disk/atmosphere fits. M1/M2 and inclination catalog values and donor K5/M2 model distinctions are not direct dynamical/component solutions. Coppejans+16 Tables 3/A1 were visually checked: two detections and one limit, minute-scale outburst flare, no CP/LP detection; Table 4 spectral index combines RX And with YZ Cnc. Ridder+23 X-ray fluxes are approximate conversions; native 2SXPS model fluxes remain separate.","RX And audit status: Coppejans+16, AraujoBetancor+05, and Harrison+18 local text were inspected. Sion+01 and Sepinsky+02 are now web-verified through original NASA ADS abstracts, directly supporting the 34000 K quiescent fit and the 40000/45000 K outburst-state fits with ~11000 K heating. Schreiber+02 is also web-verified through its original ADS abstract. Kaitchuck+89 has a web-verified primary ADS metadata page, but its exact ephemeris remains carried from Coppejans+16; Knigge+06 is now web-verified through the original donor-sequence abstract, while the object-specific K5/M2 classification conflict remains. The 1.14 Msun value is still a compiled RKCat/Harrison parameter, while Sepinsky+02's 0.8 Msun is a model input rather than an independent dynamical mass. Full PDFs remain desirable for detailed fit assumptions. AAVSO_VSOTS_RXAnd is now web-verified context-only; it corroborates the Schreiber+02 transitional interpretation and cites Sion+01/Sepinsky+02, but should not replace the original HST/A&A papers for quantitative catalog values.

Source audit is complete with open issues RXAND-001–007. Coppejans+16 Table 3 and Appendix A1 were rendered and visually inspected; Harrison+18 local full text was inspected. Exact Gaia and SIMBAD identities agree. The adopted distance and M_G were recomputed from exact inputs. Full originals for Sion+01, Sepinsky+02, Schreiber+02 and Kaitchuck+89 were inaccessible; those results remain abstract/secondary carried and are linked in the review queue.",,,,,,,,,,
gaia-dr3:78395045917118976,TT Ari,non_magnetic_cv,non_magnetic_cv,78395045917118976,audited_with_unresolved_issues,ok,simbad_name_gaia_dr3,V* TT Ari,31.721165628682,15.294958621890,31.721121577410,15.294853186180,148.52729,-43.795421,4.0183229,0.0322843,-9.560475,0.036858,-23.723035,0.030755,10.913024,0.008902,10.884935,0.02718,10.856495,0.02203,0.028440,3.94935,1.171708,,,,247.021927,244.688126,248.981735,,,ok,https://vizier.cds.unistra.fr/viz-bin/VizieR-5?-source=I/355/gaiadr3&Source=78395045917118976,3.3012096,247 +/- 2,Coppejans+15,Mauche+02,Ridder+23; Coppejans+15; Mauche+02; Gaensicke+99_TTAri; Wu+02_TTAri; AraujoBetancor+05_STLMi; Bruch+19_TTAri; Suleimanov+24_TTAri,<100 model-dependent gyrosynchrotron emitting-region estimate,Coppejans+15 estimate B<100 G only for a large low-field gyrosynchrotron emitting region in TT Ari; this is not a WD surface magnetic-field measurement.,3.3012096 +/- 0.0000041 (0.13755040 +/- 0.00000017 d),Wu+02_TTAri; Coppejans+15; Bruch+19_TTAri; Suleimanov+24_TTAri,,,,,39000,Gaensicke+99_TTAri; Coppejans+15; AraujoBetancor+05_STLMi,1.24 uncertain Wu+02 spectroscopic/model value quoted by Bruch+19; Suleimanov+24 disk-precession/donor-sequence estimate gives M1=0.62-1.0 for q=0.24-0.29 and M2=0.18-0.24,Wu+02_TTAri; Bruch+19_TTAri; Suleimanov+24_TTAri,no object-specific WD surface magnetic-field measurement found; treated as non-magnetic VY Scl/novalike CV despite earlier IP suggestions,Coppejans+15; Mauche+02,,,,,,"TT Ari was historically suggested to be an intermediate polar because of X-ray luminosity/variability and a photometric period, but Coppejans+15 summarize later work showing the photometric period is a negative superhump and the X-ray behavior fits non-magnetic CVs. The strong circular polarization in the radio flare constrains the radio emission mechanism, not the WD surface field.",M3.5,0.23 uncertain Wu+02 value quoted by Bruch+19; 0.18-0.24 from Suleimanov+24 empirical/theoretical donor-sequence estimate for Porb=3.3 h,,Gaensicke+99_TTAri; Coppejans+15; Wu+02_TTAri; Bruch+19_TTAri; Suleimanov+24_TTAri,"TT Ari is a bright VY Scl-type novalike/non-magnetic CV. Coppejans+15 give i~30 deg, Porb=0.13755040 +/-0.00000017 d, Twd=39000 K, M3.5 secondary, Mdot~2.8-26.7e-8 Msun/yr, earlier IP interpretation rejected, and VLA 4-8 GHz detections of 39.6 +/-4.2 and 239.1 +/-5.5 uJy; both epochs show intrinsic circular polarization, with a ~10 min flare peaking at 125.0 +/-16.2 uJy and CP fraction up to 100%. Mauche+02 ASCA spectra reject blackbody X-rays and favor two-temperature boundary-layer plasma at kT~7 and ~0.7 keV. Bruch+19 confirms Porb=3.3012086 h from Wu+02, quotes uncertain Wu+02 masses M1=1.24 Msun/M2=0.23 Msun/i=29 deg, and gives long-term negative-superhump/QPO/low-state behavior. Suleimanov+24 reports 2021-2023 negative/positive superhumps, q=0.24-0.29, M2=0.18-0.24 Msun, and M1=0.62-1.0 Msun from disk-precession plus donor-sequence modeling. Gaensicke+99 original author-copy abstract is now web-verified: the 1982-85 low-state optical/UV data expose the WD and secondary after accretion nearly ceases, and the WD model gives Teff~39000 K. The source explores a broad mass-dependent distance range, so the temperature is a low-state model result and the distance is not a Gaia-era measurement. Wu+02_TTAri original NASA ADS abstract is now web-verified: the high-state study establishes Porb=0.13755040 +/-1.7e-7 d and q=0.19 +/-0.04. The individual M1=1.24 Msun and M2=0.23 Msun values remain model/secondary-traced rather than direct abstract results. Audit 2026-09-24: exact Gaia/SIMBAD association is 78395045917118976. Bailer-Jones EDR3 geometric posterior=247.021927 pc [244.688126,248.981735]; no parallax inversion. Observed unresolved M_G=3.94935 with no extinction correction; A_V=0.15–0.17 is literature input only. Gaia VARIABLE, RUWE=1.1717, excess noise 0.2447 mas at significance 72.48. Gaia BP−RP is variable system photometry. WD Teff~39000 K is a low-state atmosphere-model result; ASCA 7.4/0.68 keV are plasma, not WD Teff. WD mass/q alternatives and period interpretations remain separate. CP fractions are corrected; radio-region B<100 G is not WD surface field. Detailed values/access limits are in rawdog_measurements.csv.","TT Ari audit status: Coppejans+15, Mauche+02, Bruch+19, Suleimanov+24, and AraujoBetancor+05 local text were inspected. Wu+02 is now web-verified through the original NASA ADS abstract for Porb=0.13755040 +/-1.7e-7 d and q=0.19 +/-0.04; the individual masses still require the full paper/model transcription. Gaensicke+99 is web-verified from an original author-copy abstract for the low-state Twd~39000 K result; its detailed fit and donor decomposition should still be transcribed from the full paper before precision use. Circular polarization from Coppejans+15 is radio-emission evidence, not a WD B-field; no object-specific WD surface magnetic field was found. Human follow-up should retrieve the Gaensicke+99 full text before precision use of its donor decomposition or detailed low-state fit; Wu+02's period and mass-ratio abstract result is already directly audited, while its individual-mass derivation still warrants full-text checking.",,,,,,,,,,
gaia-dr3:5091939988633728640,IM Eri,non_magnetic_cv,non_magnetic_cv,5091939988633728640,audited_with_unresolved_issues,ok,simbad_name_gaia_dr3,V* IM Eri,66.171280951752,-20.119933181989,66.171516091080,-20.120033069010,216.756782,-41.005617,5.3326,0.0259,49.678,0.021,-22.475,0.027,11.751650,0.004213,11.771849,0.009984,11.607445,0.009137,0.164404,5.410253,1.206,,,,185.472458,184.563034,186.447891,,,ok,https://vizier.cds.unistra.fr/viz-bin/VizieR-5?-source=I/355/gaiadr3&Source=5091939988633728640,3.495235 +/- 0.000010,185.5 (+1.0/-0.9),Hewitt+20,Boller+16,Ridder+23; Hewitt+20; Armstrong+13_IMEri; Kato+18_IWAnd; Kato+19_IMEri; Boller+16,,,3.4952352 +/- 0.0000096 (0.1456348 +/- 0.0000004 d; spectroscopic/orbital frequency 6.86649(2) c/d from Armstrong+13),Armstrong+13_IMEri; Hewitt+20; Ridder+23,,,,,,,0.75 assumed/default in Hewitt+20 disk SED model; not measured; no direct IM Eri WD mass found in Armstrong+13/Kato+18/Kato+19,Hewitt+20,no object-specific WD magnetic-field measurement found; non-magnetic disk CV with novalike/Z Cam/IW And phenomenology,Hewitt+20; Armstrong+13_IMEri; Kato+18_IWAnd; Kato+19_IMEri,,,,,,"No WD surface magnetic-field measurement found in inspected IM Eri sources. Armstrong+13 explain the superorbital/sideband signals with a tilted accretion disk, and Kato papers classify the long-term behavior as IW And/Z Cam-like disk-instability phenomenology rather than a magnetic-WD signature.",,0.24 assumed from period/evolution sequence in Hewitt+20 disk SED model; not measured; no donor spectral type or direct donor mass found in Armstrong+13/Kato+18/Kato+19,,Hewitt+20,"IM Eri is a non-eclipsing disk CV with mixed novalike/Z Cam/IW And phenomenology. Armstrong+13 identify it as a nova-like CV and measure spectroscopic orbital frequency 6.86649(2) c/d, photometric orbital signal 6.870(1) c/d, negative superhump 7.226(1) c/d, and superorbital signal 0.354(7) c/d, interpreted as a tilted accretion disk; spectra show a strong blue continuum, emission lines, and occasional weak blueshifted He I 5876 absorption indicative of wind outflow. Kato+18 identifies IM Eri as a Z Cam-type dwarf nova showing IW And-type standstill-brightening-damping behavior. Kato+19 follows the 2018 IW And-type state and finds three cycles with 4-5 d small-amplitude/damping oscillations and a 34-43 d long cycle; negative superhumps were not detected during that state. Hewitt+20 reports the first radio detection: MeerKAT 0.43-2.1 GHz integrated flux 99 +/-26 uJy, Lnu=4.3 +/-1.1e15 erg/s/Hz, alpha=1.2 +/-1.6. Their disk SED model uses assumed M1=0.75 Msun, M2=0.24 Msun, i=57 deg and Mdot=2.5e-9 Msun/yr; the paper cautions that IM Eri Mdot is particularly uncertain because no UV data and assumed binary parameters. Exact Gaia DR3 photometry is unresolved, variable system light; Gaia DR3 phot_variable_flag=VARIABLE. The Gaia temperature pipeline output (9508.67 K) is not adopted as WD/donor Teff. Distance fields use Bailer-Jones EDR3 geometric posterior median and p16/p84, not parallax inversion; Hewitt+20 DR2-era 191.2 +/-1.4 pc and Bailer-Jones DR2 geometric 190.128 pc are retained separately. M_G=5.410253 is derived from G+5-5log10(d/pc), with no extinction correction; its approximate -0.0121/+0.0115 mag errors combine Gaia G error and distance quantile offsets in quadrature, assuming independence. 2012 photometric orbital-like peak, spectroscopic orbital period, negative-superhump period, and superorbital period are distinct. The IW And-state absence of detected negative superhumps in 2018 is coverage limited. Ridder+23 IM Eri X-ray fluxes are generic unabsorbed MEKAL/PIMMS conversions; 2RXS has 42 counts, below Boller+16 accepted-fit criterion.","IM Eri audit status: Hewitt+20, Armstrong+13, Kato+18, and Kato+19 local text were inspected; Boller+16 is retained only for catalog X-ray provenance via Ridder+23. No WD photospheric Teff, direct WD mass, WD magnetic field, donor spectral type, donor Teff, or measured donor mass found in inspected sources. Preserve state-dependent wording: strong negative superhumps in Armstrong+13 2002/2012 novalike-state data, but no negative-superhump detection in Kato+19 2018 IW And state. Audit completed 2026-09-24; see IMERI-001–005 in rawdog_review_queue.csv. Preferred precise orbital period remains the Armstrong+13 spectroscopic value; do not substitute the weaker 2012 photometric peak without a period-interpretation decision. The 2012 negative-superhump amplitude differs between Armstrong+13 Table 2 (0.08 mag) and Kato+20 Sec. 2 (0.16 mag); likely amplitude convention/transcription, unresolved. No direct WD/donor component properties were found in the inspected source-specific full texts.",,,,,,,,,,
gaia-dr3:5553468275089335040,V347 Pup,non_magnetic_cv,non_magnetic_cv,5553468275089335040,source_by_source_audited_with_unresolved_issues_2026-09-25,ok,simbad_name_gaia_dr3,V* V347 Pup,92.64024331,-48.74037872,92.64027651210571,-48.74036042027484,256.422238,-26.545271,3.4103731,.015796904,4.926359,.020671422,4.116316595,.020425685,13.304389,.007953,13.555717,.025008,12.866728,.023094,0.688989,5.9898,1.5149674,,,,290.347565,289.274597,291.501740,,,exact_Gaia_DR3_source_and_quality_queries_checked,https://vizier.cds.unistra.fr/viz-bin/VizieR-5?-source=I/355/gaiadr3&Source=5553468275089335040,5.56646544,290.3 +/- 1.2,Hewitt+20,Evans+20,Ridder+23; Hewitt+20; Thoroughgood+05_V347Pup; Evans+20,,,5.56646544 +/- 0.00000014 h (0.231936060 +/- 0.000000006 d; eclipse ephemeris),Thoroughgood+05_V347Pup;Hewitt+20,,,,,,,0.63 +/- 0.04,Thoroughgood+05_V347Pup;Hewitt+20;Buckley+90_V347Pup,no numerical WD field measurement found in searched sources; Buckley+90 circular polarization <0.5% excludes a polar but allows an IP,Buckley+90_V347Pup;Thoroughgood+05_V347Pup;Hewitt+20,,,,,,No source-specific photospheric/polar/accretion-region WD field or magnetic moment found. Buckley+90 CP upper limit <0.5% from ~3400 Angstrom to 1.6 micron excludes a polar but not an IP; Hewitt+20 report no coherent optical pulsations/no strong magnetic evidence. non_magnetic_cv is not measured B=0.,M0.5 V best-fit template (Thoroughgood+05); Diaz & Hubeny+99 secondary report K0-K5V/possible later subgiant; donor evolution tentative,0.52 +/- 0.06,,Thoroughgood+05_V347Pup;DiazHubeny+99_V347Pup;Hewitt+20,"Confirmed eclipsing double-lined nova-like CV with SW Sex-like traits. Wide-table masses retain Thoroughgood+05 irradiation-corrected donor-line Monte Carlo branch (q=M2/M1=.83+/-.05, M1=.63+/-.04, M2=.52+/-.06 Msun, i=84.0+/-2.3 deg); uncorrected branch and Buckley+90 emission-line/empirical-M2 solution remain separate in ledger/review queue. Gaia EDR3 geometric posterior is adopted; old DR2 and donor-model distances remain separate. Gaia colors and M_G are unresolved/no-extinction. MeerKAT is a nondetection; 28+/-14 microJy feature rejected.","Audit complete 2026-09-25 with V347PUP-001-008 open. Buckley+90, Thoroughgood+05, Hewitt+20 and Ridder+23 full texts checked locally; exact SIMBAD-backed aliases, Gaia DR3/quality, Bailer-Jones EDR3 and 2SXPS source 142122 checked. Diaz & Hubeny+99 and Mauche+94 original full texts inaccessible; Still+98 metadata/abstract checked, full text not separately read. See [local artifact withheld] and query_log.md.",,,0.034040,VARIABLE,false,.14281343,12.872401,1.2052649,28,
gaia-dr3:674214551557961984,U Gem,non_magnetic_cv,non_magnetic_cv,674214551557961984,audited_with_unresolved_issues,ok,simbad_name_gaia_dr3,V* U Gem,118.771802,22.001401,118.77167,22.001222,199.223299,23.394315,10.7048,0.0338,-27.406,0.034,-40.309,0.022,13.90345,0.010704,14.39106,0.042278,13.11056,0.024862,1.2805,9.059696 (+0.013298/-0.012911),2.406,4481.9,4477.6,4484.6,93.0573273,92.7198029,93.3672104,0.4338,0.2376,ok,https://vizier.cds.unistra.fr/viz-bin/VizieR-5?-source=I/355/gaiadr3&Source=674214551557961984,4.2457485864 +/- 0.0000000672,93.1 +/- 0.3,Coppejans+16,Webb+20,Ridder+23; Coppejans+16; Echevarria+07_UGem; Marsh+90_UGem; Long+06_UGem; AraujoBetancor+05_STLMi; Sion+98_UGem; LongGilliland+99_UGem; Webb+20; Naylor+05_UGem,,,4.2457485864 +/- 0.0000000672 (0.1769061911(28) d; Echevarria+07 spectroscopic ephemeris; phase zero is inferior conjunction of donor),Marsh+90_UGem;Echevarria+07_UGem;Coppejans+16,,,,,Long+06 uniform WD fits: 28.6–31.6 kK mid-quiescence and 40.7–47.1 kK at end-of-outburst across assumed log g=8–9; Sion+98: 32.2 kK at 13 d and 30.0 kK at 61 d after outburst; candidate 60–70 kK heated region (14–32% coverage) is model-dependent and not uniquely established.,Long+06_UGem;Sion+98_UGem;LongGilliland+99_UGem;AraujoBetancor+05_STLMi,"1.20 +/-0.05 conditional Echevarria+07 branch; LongGilliland+99 abstract: 1.12 Msun at assumed i=67 deg and K2=294.7 km/s; Naylor+05 gives 1.02–1.32 Msun across i=62–74 deg, with K2 systematics omitted. Optical K1 reliability disputed by Unda-Sanzana+06.",Echevarria+07_UGem;LongGilliland+99_UGem;Naylor+05_UGem;UndaSanzana+06_UGem;Coppejans+16,No object-specific WD surface-field measurement/limit found in the checked core papers; non-magnetic class is not B=0.,Echevarria+07_UGem;Sion+98_UGem;Long+06_UGem;Coppejans+16,,,,,,No WD photospheric/polar/accretion-region magnetic field or magnetic moment found in checked source-specific papers. Do not infer B=0 from the non-magnetic dwarf-nova classification.,Echevarria+07 M6 V best-fit TiO template (~5% light in fitted region); Naylor+05 M4–M5 spectroscopic templates but M2-like mass/radius/luminosity/photometric temperature. No unique intrinsic subtype adopted.,"Echevarria+07 0.42 +/-0.04 conditional on K1/K2 and i; LongGilliland+99 abstract 0.41 at assumed i=67 deg, K2=294.7; Naylor+05 formula 0.34 +/-0.02/sin^3(i), with absolute 0.44 +/-0.06 Msun over allowed i (not 1-sigma).",,Echevarria+07_UGem;LongGilliland+99_UGem;Naylor+05_UGem;Coppejans+16,"Secure U Gem-type dwarf nova, partial eclipse of disc/bright spot; WD not eclipsed. Exact Gaia DR3 identity is secure. Compatibility distance fields now use Bailer-Jones EDR3 geometric posterior median/p16/p84, not GSP-Phot distance or inverse parallax. Gaia native coordinates are ICRS J2016.0; VizieR J2000 output declares FK5 J2000. Gaia G/BP/RP are unresolved, variable system mean fluxes; approximate magnitude errors are derived from flux errors. abs_G is unresolved observed M_G=G+5−5log10(d/pc), no extinction correction; approximate asymmetric errors assume independent G and distance posterior inputs and omit Gaia systematics/covariance. GSP-Phot Teff/A0/distance are single-star model outputs, not component/extinction measurements. HST FGS original and later tabulated parallaxes remain separate from Gaia. Orbital period is the 0.1769061911(28) d orbit, not a spin/beat/radio recurrence period; phase zero is spectroscopic inferior conjunction. WD mass/radius branches disagree and depend on K1, inclination, gravity-redshift systemic velocity, or UV model normalization; U-S+06 challenges recovery of K1 from optical line wings. Donor M2 photometric versus M4–M6 template classifications are distinct. FUSE WD temperatures are state- and log-g-dependent model fits. Coppejans+16 radio detection and upper limits are epoch/state-specific; their prose “69 min” variation claim does not match the 18.5 min separation of the relevant Table A1 bin midpoints. Ridder+23 X-ray values are approximate 4XMM conversions with unspecified absorption convention. See source note and UGem-001–009 for full provenance and human decisions. Echevarria+07 also derives a=1.55±0.02 Rsun for adopted i=69.7±0.7°, estimates Rout/a≈0.61 and Rin/a≈0.09 from Hα velocities assuming Keplerian disc motion, and compares Rout/a with RL1/a≈0.63 under q=0.35. Araujo-Betancor+05 Table 7 compiles a representative 31,000 K U Gem WD temperature from Sion+98 and Long & Gilliland+99; it is retained as a secondary compilation, separate from the primary state-specific fits.",See UGem-001–009: choose/display mass and radius branches; donor subtype; distance confidence given Gaia RUWE/excess noise; reddening convention; radio timescale mismatch; source-specific radio mechanism and X-ray conversion conventions; abstract-only/inaccessible original references.,0.028658,0.020097,0.049046,VARIABLE,false,0.229934,45.575474,1.336542,18,342
gaia-dr3:683908812437792000,YZ Cnc,non_magnetic_cv,non_magnetic_cv,683908812437792000,audited_with_unresolved_issues,ok,exact_simbad_identifier_gaia_dr3_id_plus_published_optical_and_radio_position_crosscheck,V* YZ Cnc,122.736047,28.142572,122.736157,28.142327,194.084198,28.808978,4.245447,0.033053,21.964874,0.033085,-55.109579,0.023603,14.016877,0.07354,14.011964,0.27133,13.426209,0.20739,0.585756,7.175530,2.250750,,,,233.490631,231.680878,235.028549,,,"exact Gaia DR3 source row and Bailer-Jones EDR3 geometric/photogeometric posteriors checked; no extinction correction; RUWE=2.251, excess-noise significance=36.48, phot_variable_flag=VARIABLE",https://vizier.cds.unistra.fr/viz-bin/VizieR-5?-source=I/355/gaiadr3&Source=683908812437792000,2.086176 +/- 0.000168 h; 2.0862(2) h; older spectroscopic 0.0868 +/- 0.0002 d,233.490631(+1.537918/-1.809753) pc Gaia EDR3 geometric posterior; 232.836136(+1.792786/-1.824509) pc photogeometric; historical 222(+50/-42) ground Bayesian; 320 +/-40 HST; >=290 pc K-band model lower limit,Coppejans+16,Webb+20;Ridder+23;Hakala+04_YZCnc;Verbunt+99_YZCnc,Ridder+23; Coppejans+16; vanParadijs+94_YZCnc; Webb+20; Dhillon+00_IRCVIII; Zhao+05_YZCnc; Verbunt+99_YZCnc;ShafterHessman+88_YZCnc;Patterson+79_YZCnc;Harrison+04_YZCnc;Thorstensen+03_YZCnc;Patterson+11_YZCnc;Patterson+01_EpsilonQ;Patterson+05_EpsilonQ;SherringtonJameson+83_YZCnc;SmithDhillon+98_CVDonors;Hakala+04_YZCnc;UrbanSion+06_DNe;Dai+26_YZSH;Dai+26_YZSpectra;BailerJones+21_YZCnc,,,2.086176 +/- 0.000168 h; original ephemeris 0.086924 +/- 0.000007 d,vanParadijs+94_YZCnc; Coppejans+16; Dhillon+00_IRCVIII;ShafterHessman+88_YZCnc,candidate ~26 s optical oscillation reported for one night only; not confirmed; not adopted as WD spin,Pezzuto+92_YZCnc; Hakala+04_YZCnc,,,23000 (approximate low-S/N IUE composite WD+disc model; WD contributes 24% of FUV; not a precise direct determination),UrbanSion+06_DNe,No secure/dynamical WD mass; competing assumptions/model outputs: Shafter & Hessman likely 0.75–0.90; Zhao et al. 0.46 +/- 0.06 (uncertain); Urban & Sion fit input 0.80,ShafterHessman+88_YZCnc;Zhao+05_YZCnc;Patterson+01_EpsilonQ;UrbanSion+06_DNe,no object-specific WD magnetic-field measurement found; treated as non-magnetic SU UMa-type dwarf nova,Coppejans+16; vanParadijs+94_YZCnc; Dhillon+00_IRCVIII,,,,,,No source-specific mean photospheric/polar/accretion-region WD surface field or magnetic moment found in searched YZ Cnc literature. Classified as a non-magnetic SU UMa-type dwarf nova; this does not mean B=0. No radio plasma field inference adopted.,"No donor features detected; M5V is Dhillon et al. template/period-sequence expectation only, not measured subtype",No dynamical donor mass; model/assumed branches include 0.17 Msun assumption (Shafter & Hessman) and 0.13 +/- 0.01 Msun model output (Zhao et al.),No direct source-specific donor Teff found; M5V template is not a Teff measurement,Dhillon+00_IRCVIII; Coppejans+16; vanParadijs+94_YZCnc;ShafterHessman+88_YZCnc;Zhao+05_YZCnc;Patterson+01_EpsilonQ;SherringtonJameson+83_YZCnc;SmithDhillon+98_CVDonors,"YZ Cnc / Gaia DR3 683908812437792000 is an SU UMa-type dwarf nova observed in superoutburst by Coppejans+16. Coppejans+16 Table 1 gives Porb=2.0862(2) h from vanParadijs+94_YZCnc, distance 260 pc in their pre-Gaia table, and a rough inclination 15 deg from Patterson+11; Ridder+23 updates the Gaia/Bailer-Jones distance to 233.5 (+1.5/-1.8) pc and lists Webb+20 X-ray catalog fluxes 8.5 +/-0.8e-12 erg cm^-2 s^-1 (1-10 keV) and 1.5 +/-0.2e-11 erg cm^-2 s^-1 (0.1-10 keV). Coppejans+16 report VLA 8-12 GHz superoutburst detections of 17.4 +/-3.7 and 26.8 +/-5.2 uJy plus one <18.9 uJy epoch, combined alpha=-2.9 +/-1.5, and no significant minute-to-day variability. Dhillon+00_IRCVIII obtained time-resolved K-band spectra covering a complete YZ Cnc orbit: no secondary-star absorption was detected, the below-gap dwarf-nova spectra are dominated by H I/He I disc emission, and the secondary-star contribution in such systems is limited to roughly 10-30 percent of the K-band flux; using the period-spectral-type relation quoted in that paper gives an expected donor near M5 at Porb=2.086 h, but this is not a detection. Dhillon+00 find YZ Cnc K-band equivalent-width modulation likely from the bright spot, consistent with vanParadijs+94 optical modulation. Zhao+05_YZCnc superoutburst spectroscopy measured H-beta absorption/emission radial-velocity amplitude 49 +/-10 km/s with phase offset -0.07 +/-0.04 and interpreted large velocity/phase shifts as eccentric-disc precession, not component masses. Verbunt+99_YZCnc ROSAT monitoring found the 0.1-2.4 keV flux lower during optical outburst than quiescence, lowest at outburst end, and variable on hour timescales without orbital-phase connection. No source-specific WD Teff, WD mass, measured WD magnetic field, donor mass, or donor Teff was found. The original van Paradijs+94 article page/abstract is now web-verified: its 60-night campaign finds quiescent orbital variability consistent with bright-spot modulation and a weak near-outburst sinusoid that may arise from the secondary or disk; the numeric period remains the 0.086924(7) d value carried through Coppejans+16. Source-by-source audit 2026-09-25: exact SIMBAD/Gaia DR3 identity checked; Gaia DR3 position/quality, geometric and photogeometric EDR3 distances recorded. Gaia RUWE=2.251, astrometric excess-noise significance=36.48, and VARIABLE photometry caution against treating single-star astrometry/mean colors as component properties. Adopted derived no-extinction unresolved-system M_G=7.17553, with approximate asymmetric bounds; this replaces stale inherited 7.1565. Original van Paradijs+94 ephemeris full text gives Porb=0.086924(7)d=2.086176(168)h. Patterson+79 early superhump timing changes from about 0.09204 to 0.0905d; Dai+26 common plateau value 0.09043(27)d and q=0.175(11) are stage/calibration-specific. Competing inclinations/eclipsing claims and WD/donor mass branches are in YZCNC-001/003/004. Urban & Sion+06 IUE composite fit provides only approximate Teff≈23000 K with 24% WD and 76% disc FUV contribution; not a precise value. Dhillon+00 reports no donor features and a template-dependent K-band upper limit. XMM/Hakala plasma temperatures are accretion components; direct XMM flux and Ridder+23 converted 4XMM catalog bands are distinct. See [local artifact withheld] and rawdog_measurements.csv.",Open source issues YZCNC-001–010 in rawdog_review_queue.csv: eclipse/inclination; distance methods; q/component-mass branches; stage-dependent superhump periods; weak IUE WD Teff; Ridder converted X-ray provenance/epoch; 26-s spin candidate; Gaia/HST/older proper-motion discrepancy; K-band donor lower-limit distance; inaccessible Patterson+84 original. Full source note and query log in [local artifact withheld] Do not treat unconfirmed 26 s signal as WD spin or the M5V template as a donor detection.,0.026678542,0.020444274,0.341512,VARIABLE,false,0.209095,36.476482,1.453745,19,278
gaia-dr3:5515820034889610112,IX Vel,non_magnetic_cv,non_magnetic_cv,5515820034889610112,source_audited_with_unresolved_issues,ok,simbad_name_gaia_dr3,V* IX Vel,123.829037,-49.222409,123.82884,-49.222832,264.929615,-7.890399,11.0673774664,0.018179506,-29.0024267,0.021123,-95.2611082,0.021123,9.304382,0.00413792,9.330608,0.01659948,9.25889,0.01583868,0.07171800,4.52565827,0.975865,,,,90.31185150,90.16800690,90.45505520,,,ok,https://vizier.cds.unistra.fr/viz-bin/VizieR-5?-source=I/355/gaiadr3&Source=5515820034889610112,4.654296 +/- 0.000048 (Beuermann & Thomas+90/Hewitt+20); 4.65427032 +/- 0.00000072 (Kara+23),"90.13 +/- 0.14 (Ridder+23); 90.6 +/- 0.2 (Hewitt+20 DR2); 95 +/- 12 pc (Beuermann & Thomas+90 K-band model); Gaia EDR3 geometric posterior 90.31185150 pc (p16 90.16800690, p84 90.45505520)",Koerding+11_IXVel;Hewitt+20,Webb+20;Ridder+23;4XMMDR11_IXVel;eRASS1_IXVel;Rodriguez+25_IXVel,Ridder+23; Hewitt+20; BeuermannThomas+90_IXVel; Linnell+07_IXVel; Webb+20; Kara+23_IXVel;Long+94_IXVel;Kato+21_IXVel;Koerding+11_IXVel;Rodriguez+25_IXVel,,,4.65427032 +/- 0.00000072 (0.19392793(3) d; Kara+23 improved spectroscopic period; older value kept separately),BeuermannThomas+90_IXVel;Hewitt+20;Kara+23_IXVel,,,,,"60000 +/-10000 K adopted in Linnell+07 final model; based on Long+94 expectation by analogy, not standalone WD atmosphere fit",Long+94_IXVel;Linnell+07_IXVel;Kara+23_IXVel,0.80 +0.16/-0.11 Msun Beuermann & Thomas+90 model; Linnell+07 Table 5 adopts 0.80 +/-0.15 and Table 9 final model 0.80 +/-0.2 Msun,BeuermannThomas+90_IXVel;Linnell+07_IXVel;Hewitt+20;Kara+23_IXVel,No object-specific WD surface/polar/longitudinal field measurement or numeric upper limit found in inspected sources; non-magnetic is a qualitative class.,BeuermannThomas+90_IXVel;Linnell+07_IXVel;Hewitt+20;Kara+23_IXVel,,,,,,No direct WD surface/polar/longitudinal B or numeric upper limit found. Do not infer a field from radio nondetection or qualitative non-magnetic class.,M2 inferred from mass plus Knigge/Baraffe sequence in Linnell+07; not a direct spectral classification. Irradiated-donor line emission is observed.,0.52 +0.10/-0.07 Msun Beuermann & Thomas+90 irradiation/geometry model; Linnell+07 adopts 0.52 +/-0.10 Msun,3500 +/-1000 K polar temperature in Linnell+07 final model using a coarse template; point/side/back values 3119/3451/3345 K are separate model outputs.,BeuermannThomas+90_IXVel;Linnell+07_IXVel;Kara+23_IXVel,"IX Vel is a bright novalike CV. Primary Linnell+07 source audit: arXiv source/ApJ paper title A Synthetic Spectrum and Light Curve Analysis of the Cataclysmic Variable IX Velorum; abstract reports FUSE/STIS synthesis with Mdot=5e-9 Msun/yr and K-band light synthesis giving i=57 +/-2 deg. Table 5 adopts BT/BeuermannThomas+90 parameters Mwd=0.80 +/-0.15 Msun, M2=0.52 +/-0.10 Msun, P=0.1939292 d, i=60 +/-5 deg, Mdot=7.9 +/-1.0e-9 Msun/yr, and Teff,2=3500 K. Text derives donor spectral type M2 from the secondary mass plus Knigge/Baraffe relation, while noting a main-sequence star of the same mass would be slightly earlier than M0/3900 K. Table 9 final model gives Mwd=0.80 +/-0.2 Msun, Msec=0.52 +/-0.10 Msun, Mdot=5.0 +/-1.0e-9 Msun/yr, i=57 +/-2 deg, Teff,wd=60000 +/-10000 K, Rwd=0.0150 Rsun, and Teff,s(pole)=3500 +/-1000 K with model point/side/back temperatures 3119/3451/3345 K. Hewitt+20 summarizes Mwd=0.80 +0.16/-0.11 Msun and M2=0.52 +0.10/-0.07 Msun from Beuermann & Thomas, Mdot=5e-9 Msun/yr and i=57 +/-2 deg from Linnell+07, UV P-Cygni wind outflows ~3000 km/s, and MeerKAT non-detection <42 uJy (0.43-2.1 GHz), Lnu<0.4e15 erg/s/Hz. Kara+23 improves the spectroscopic ephemeris to Porb=0.19392793(3) d and classifies IX Vel as RW Sex-like from accretion-disc wind/outflow features; its SED figure overplots the Linnell+07 WD contribution with T=60000 K, MWD=0.8 Msun, RWD=0.015 Rsun. No object-specific WD magnetic-field measurement found. Beuermann & Thomas+90_IXVel original NASA ADS abstract is now web-verified: phase-resolved Halpha/Hbeta spectroscopy gives P=0.193929(2) d and anti-phased emission from the irradiated late-type secondary; the paper uses a geometric/kinematic irradiation-line model to derive inclination and component masses. The abstract does not expose the numerical mass solution, so the Linnell+07/Hewitt+20/Kara+23 values remain separately identified as table/secondary transcriptions. 2026-09-25 audit: secure Gaia DR3 identity; supplemental Gaia distance uses Bailer-Jones EDR3 geometric posterior and M_G uses unresolved observed G+5−5log10(d/pc), no extinction. Magnitude errors are approximate flux_over_error transforms. RUWE is nominal but astrometric excess-noise significance is 46.88 (IXVEL-006). UX UMa/nova-like, Z Cam and RW Sex labels remain separate phenotypes. Preferred p_orb_h is the Kára+23 0.19392793(3) d spectroscopic result. See ledger/review queue for model-dependent values, radio limits and X-ray provenance.","Linnell+07 primary source and arXiv metadata were verified, and the copied donor Teff/subtype now trace to Linnell+07 Tables 5/9 and text. BeuermannThomas+90_IXVel is now web-verified through the original NASA ADS abstract for the 0.193929(2) d period and irradiation-line method. The abstract does not list the numerical mass solution; its asymmetric masses/older period details remain carried through Hewitt+20/Kara+23, while Linnell+07 reproduces BT model parameters with symmetric uncertainties. WD Teff is an adopted/model SED value based on Long et al. 1994, not a fresh independent WD atmosphere measurement. No direct WD magnetic-field measurement found. Source-by-source audit completed 2026-09-25; unresolved items IXVEL-001–006 are in review queue.",,,,,,,,,,
gaia-dr3:1091051096255456384,SU UMa,non_magnetic_cv,non_magnetic_cv,1091051096255456384,audited_with_unresolved_issues,secure_exact_identifier_and_position_crosscheck,exact_SIMBAD_Vstar_identifier_Gaia_DR3_source_id_plus_Coppejans_optical_and_three_VLA_positions,V* SU UMa,123.117789995,62.606229910,123.117853056,62.606120972,153.96118,33.136719,4.506255538,0.025965052,6.528295795,0.018940011,-24.511000609,0.021207262,14.685145,0.0157326,14.873750,0.0457910,14.317947,0.0500550,0.555803,7.971670,1.493724,,,,220.137985,219.055573,221.212357,,,"Exact Gaia DR3 source row and Bailer-Jones EDR3 geometric/photogeometric posteriors checked. Adopted geometric median/p16/p84; no extinction correction. RUWE=1.494, astrometric excess-noise significance=20.18, phot_variable_flag=VARIABLE; use Gaia colors/M_G only as unresolved variable-system quantities.",https://gea.esac.esa.int/archive/; exact source_id query saved in [local artifact withheld],"1.83300792 +/- 0.00000312 h (updated HJD ephemeris printed in Coppejans+16 App. A1, private communication); 1.832424 +/- 0.001032 h (original Thorstensen+86 spectroscopy); 1.832(1) h (Coppejans+16 Table 1); 1.8324 h in Knigge+06 Table 1 is Porb input, not Psh",220.137985 (+1.074372/-1.082412) pc Gaia EDR3 geometric posterior; 220.222183 (+1.385544/-1.472763) pc photogeometric; historical 260 pc Coppejans+16/Patterson+11; Thorstensen+03 Bayesian 260 (+190/-90) pc using parallax+proper motion+magnitude prior (403 +230/-162 pc alternative reference-star scatter); Urban & Sion+06 adopted 270 pc combining weak parallax and other estimates.,Coppejans+16;Benz+83_SUUMa;Fuerst+86_SUUMa,Collins+10;Ridder+23,Ridder+23;Coppejans+16;Collins+10;ThorstensenWadeOke+86_SUUMa;Thorstensen+03_SUUMa;UrbanSion+06_DNe;Knigge+06_DonorSequence;Patterson+11_SUUMa;Benz+83_SUUMa;Fuerst+86_SUUMa;SIMBAD_SUUMa;GaiaDR3_SUUMa;BailerJones+21_SUUMa,,,1.83300792 +/- 0.00000312 h; updated ephemeris HJD 2450247.986(3)+0.07637533(13) d as printed in Coppejans+16 App. A1 from private communication with Thorstensen; original spectroscopic Porb 0.076351 +/-0.000043 d = 1.832424 +/-0.001032 h,ThorstensenWadeOke+86_SUUMa;Coppejans+16;Knigge+06_DonorSequence,,,,,28000 approximate quiescent IUE WD+disk fit; WD contributes 55% of model FUV flux; no source-specific formal uncertainty,UrbanSion+06_DNe,"0.8 M_sun adopted/fixed in the FUV WD+disk fit, not a dynamical mass; general fitted-mass uncertainty in paper is about +/-0.2 M_sun, but no SU UMa confidence interval is reported.",UrbanSion+06_DNe,,Coppejans+16;Collins+10,,,,,,No source-specific white-dwarf surface-field or magnetic-moment measurement found in the reviewed literature. SU UMa is classified as a non-magnetic SU UMa-type dwarf nova; this is not a measurement that B=0. Do not infer WD field from radio emission.,"No object-specific donor spectral type found in Knigge+06 Table 2; a nearby semi-empirical donor-sequence node near Porb=1.83 h predicts roughly M5/3100 K, not an observed SU UMa spectrum.","0.105 +/- 0.023 M_sun; Knigge+06 superhump-derived estimate, not a dynamical measurement; correlated with R2 and conditional on M1/calibration assumptions.","~3100 K is a donor-sequence value near this orbital period, not a source-specific temperature measurement.",Knigge+06_DonorSequence;Coppejans+16,"SU UMa is the prototype SU UMa-type dwarf nova (a non-magnetic CV class based on outburst behavior, not a direct WD field measurement). Exact SIMBAD V* SU UMa record includes Gaia DR3 1091051096255456384; Gaia ICRS coordinates are at epoch 2016.0 and the table J2000 fields are propagated ICRS, not FK5. Gaia DR3 astrometry/photometry, Bailer-Jones EDR3 distances and quality flags are source-specific. Gaia photometry is unresolved and variable; extinction-free M_G is newly derived from G and the geometric distance posterior. Coppejans+16 Table 3 reports three separate 8–12 GHz VLA detections during superoutburst; Table A1 shows variability over tens of minutes; Table 4 spectral indices are low-S/N. The old 4.75-GHz Effelsberg outburst detection of 1.3 mJy may be confused with a nearby field source; Coppejans+16 cannot confirm/refute it. Ridder+23 Table 4 X-ray fluxes cite Collins+10 and are approximate MEKAL/PIMMS band conversions, not simultaneous with radio. Collins+10 separately analyzed six 2001 normal outbursts with RXTE; its plasma temperatures and luminosities are accretion-flow quantities, not WD temperatures. Urban & Sion+06 provide a low-S/N IUE WD+disc fit at quiescence after superoutburst (WD 55%, disc 45% FUV); WD temperature is approximate and mass/inclination are adopted/fixed. Knigge+06 gives superhump-derived M2/R2 estimates and a semi-empirical sequence; no direct donor spectral type/temperature is adopted. See source audit and review queue for distance, ephemeris, model assumptions and older-radio limitations.",Open SUUMA-001–005 in rawdog_review_queue.csv: updated orbital ephemeris is a private communication reproduced by Coppejans+16; pre-Gaia distance methods disagree and are assumption-sensitive; WD/donor parameters are composite-fit or superhump/sequence estimates rather than dynamical/direct measurements; the 1983 1.3-mJy Effelsberg detection is uncertain due a nearby field source and full text was inaccessible; Ridder+23 X-ray comparison fluxes are model-converted and non-simultaneous. Full source note/query log in [local artifact withheld],0.014066808,0.016480798,0.0678400,VARIABLE,false,0.16208579,20.182201,1.199901,25,68
gaia-dr3:1123169888190445568,Z Cam,non_magnetic_cv,non_magnetic_cv,1123169888190445568,literature_audited_source_by_source_primary_and_secondary_provenance_checked,ok,simbad_name_gaia_dr3,V* Z Cam,126.304994,73.110912,126.304858,73.110828,141.382223,32.628597,4.6633551,0.0259152,-8.9365061,0.0222262,-19.1059425,0.0268422,12.678824,0.03619,12.747631,0.15534,11.922833,0.09184,0.824798,6.03186,1.7624958,,,,213.497284,212.243362,214.739868,,,exact_DR3_source_query_and_BailerJones_EDR3_geometric_posterior,https://gea.esac.esa.int/archive/; https://vizier.cds.unistra.fr/viz-bin/VizieR?-source=I/352/gedr3dis&Source=1123169888190445568,6.956174 +/- 0.000005 h; 0.2898406 +/- 0.0000002 d,"213.5 (+1.2/-1.3) pc (rounded Bailer-Jones EDR3 geometric posterior); historical 163 (+68/-38) pc is prior-informed, not parallax-only",Coppejans+16;Harrison+14_ZCam,Saitou+12;Ridder+23,Coppejans+16; Saitou+12; Ridder+23; ThorstensenRingwald+95_ZCam; Thorstensen+03_ZCam; Shafter+83_ZCam; Wade+81_ZCamThesis; SzkodyWade+81_ZCam; Hartley+05_ZCam; AraujoBetancor+05_ZCam; Harrison+14_ZCam; Harrison+18_ZCamDonors; Boneva+24_ZCamATCnc; GaiaDR3_ZCam; BailerJones+21_ZCam; SIMBAD_ZCam; Patterson+11_ZCam,,,6.956174 +/- 0.000005 h (0.2898406 +/- 0.0000002 d),ThorstensenRingwald+95_ZCam;Coppejans+16,,,,,"57,000 K quiescent uniform metal-enriched FUSE WD model (Hartley+05; original abstract only); alternative 72,000 K hot 29% + 26,000 K cool 71% surface model slightly better but not required; Harrison+18 uses 26,000 K as a light-curve model input. Boneva+24's 150,000 K/Knigge+97 table attribution is not verified as WD photospheric Teff.",Hartley+05_ZCam;AraujoBetancor+05_ZCam;Harrison+18_ZCamDonors;Boneva+24_ZCamATCnc;Knigge+97_ZCam,"0.99 +/- 0.15 Msun, Shafter+83 Table VI primary solution; Harrison/RKCat compilation 1.00 +/- 0.06 Msun is separate",Shafter+83_ZCam;Harrison+18_ZCamDonors;Saitou+12;Boneva+24_ZCamATCnc,,Hartley+05_ZCam;Coppejans+16;Saitou+12,,,,,,No quantitative WD surface/polar/accretion-region field or magnetic moment found in reviewed source-specific papers; non-magnetic classification is not B=0. Mid-IR synchrotron/possible jet interpretation is not a WD field measurement.,Historical optical K7 (Wade+81; Coppejans+16) versus later early-M/M1.3-M1.6 near-IR interpretation (Harrison+18); unresolved,"0.70 +/-0.03 Msun in Shafter+83 original Table VI; Saitou+12 Table 1 gives +/-0.15, Harrison+18/RKCat gives 0.77 +/-0.03, Boneva+24 gives 0.70 +/-0.02; retain separately",3575 K assigned/adopted for Harrison+18 donor/light-curve model; not a direct independent atmosphere measurement; Boneva+24 system-color temperatures are not donor Teff,Wade+81_ZCamThesis;Shafter+83_ZCam;Saitou+12;Coppejans+16;Harrison+18_ZCamDonors;Boneva+24_ZCamATCnc,"Z Cam is the prototype Z Cam-type dwarf nova. Coppejans+16 report Porb=0.2898406(2) d = 6.956174(5) h, Mwd=0.99 +/-0.15 Msun, mass ratio 1.4 +/-0.2, and K7 donor from earlier optical work. Their VLA 8-12 GHz normal-outburst detections were 25.0 +/-3.1, 40.3 +/-5.2, and 33.1 +/-4.4 uJy with CP <10.2/<16.8/<16.5 uJy and LP <6.9/<11.1/<13.2 uJy; Z Cam was not significantly variable on minutes-to-days timescales, and in-band spectral indices were alpha=0.3 +/-1.2, 0.9 +/-1.2, and -0.1 +/-1.1. Harrison+14_ZCam WISE light curves are DOI/Crossref-verified and, as summarized by Coppejans+16, indicate mid-IR synchrotron emission near outburst maximum, likely jet-related. Ridder+23 lists Gaia distance 213.5 +1.2/-1.3 pc, X-ray fluxes 4.7 +/-0.5e-12 (1-10 keV) and 5.7 +/-0.6e-12 erg/cm2/s (0.1-10 keV), and radio detections 25.0 +/-3.1 and 40.3 +/-5.2 uJy. Hartley+05_ZCam is DOI/Crossref-verified and, via local AraujoBetancor+05/Harrison+18/Boneva+24 summaries, FUSE quiescent spectrum favors a 57000 K metal-enriched WD; a two-temperature 72000/26000 K surface model is a slightly better statistical fit but not required. Saitou+12 Suzaku observation caught the onset of optical outburst while the inner disk/boundary layer remained X-ray quiescent, with variable partial-covering absorption likely from disk wind or a flared disk. Harrison+18_ZCamDonors reanalyzes near-IR donor spectra and light curves: despite older K7/G-type classifications, it finds Z Cam consistent with an early-M/M1.3-M1.6 donor and lists/adopts Teff=3575 K with solar metallicity and no hydrogen deficit. Boneva+24_ZCamATCnc repeats the M-type/3575 K donor statement from Harrison+18; Boneva color-temperature work itself concerns outburst/standstill system colors and disc profiles rather than the donor atmosphere. Thorstensen & Ringwald+95_ZCam original ADS PDF is now directly audited: combining 1991 and 1973 Halpha velocities, it derives P=0.2898406(2) d, HJD 2448547.0174 +/-0.0014 for the emission-line inferior conjunction, and HJD 2448546.855 + 0.2898406(2)E for the red-star inferior conjunction under the paper's 0.017 d phase-offset assumption. It also measures K=138 +/-4 km/s for the emission-line source; this is a timing/velocity result, not the component-mass solution.
Source-by-source audit (2026-09-25): exact Gaia DR3 ID 1123169888190445568 is secure by exact SIMBAD name/identifier and published position; native Gaia ICRS coordinates are J2016.0, while J2000 fields are proper-motion-propagated ICRS. Gaia RUWE=1.7625, excess-noise=0.2507 mas/significance=91.0, phot_variable_flag=VARIABLE; keep astrometric/photometric systematics visible. Adopt Bailer-Jones EDR3 geometric posterior 213.497284 pc [212.243362,214.739868] rather than inverse parallax. Derived unresolved/no-extinction M_G=6.03186 with approximate independent-input asymmetric errors is in the ledger. Thorstensen+03's 163(+68/-38) pc used a distance-modulus prior informed by maximum-light and donor assumptions. Primary Shafter q=M2/M1=0.71 +/-0.10, M1=0.99 +/-0.15, M2=0.70 +/-0.03, i=57 +/-11; Coppejans q=1.4 +/-0.2 is reciprocal. Preserve other compilations and mass uncertainties separately. The three VLA detections and limits are separate measurement rows. X-ray fluxes from Ridder+23 are asterisked approximate unabsorbed PIMMS conversions from Saitou+12 model inputs, not native/simultaneous Suzaku fluxes. Boneva+24 WD radius output does not reproduce from its printed equation and stated mass; review item ZCAM-005. See rawdog_measurements.csv and [local artifact withheld]","Source audit completed with open items ZCAM-001–008. Full Shafter scanned thesis and Thorstensen & Ringwald period paper checked; Wade thesis and Harrison+18 donor paper full text checked; Boneva+24 pages rendered. Hartley+05 full text inaccessible (abstract only); Szkody & Wade+81 NTRS abstract only; Harrison+14 direct full text inaccessible, used abstract/indexed text plus Coppejans table; Knigge+97 original quantity not checked. Review queue records exact actions.",,,,,,,,,,
gaia-dr3:3769067109159364608,RW Sex,non_magnetic_cv,non_magnetic_cv,3769067109159364608,source_audited_with_unresolved_issues,ok,exact_SIMBAD_name_Gaia_DR3_ID_and_published_coordinate_crosscheck,V* RW Sex,154.985926863233,-8.698918531063,154.985840362152,-8.698991613906,251.873553,38.717490,4.48187958704,0.024622867,-19.2388584835,0.02866133,-16.4436375551,0.031322345,10.618815,0.00490707,10.638954,0.01384954,10.555580,0.01434449,0.083374,3.89062363,1.0883102,,,,221.634964,220.657059,222.707886,,,exact_Gaia_DR3_and_Bailer_Jones_EDR3_source_id_queries_ok,https://gea.esac.esa.int/archive/; exact Gaia source_id and Bailer-Jones I/352 rows saved in [local artifact withheld],5.88168 +/- 0.00480 h (0.24507 +/- 0.00020 d; Beuermann+92 spectroscopic ephemeris; uncertainty convention not specified in accessible original text),"221.6 (+1.1/-1.0) pc (Ridder+23 Table 4; Gaia EDR3/Bailer-Jones geometric posterior); exact geometric posterior 221.634964 [220.657059,222.707886] pc; separate photogeometric 222.038681 [220.696274,223.128906] pc; Hewitt+20 Gaia DR2 236.5 +/-5.0 pc; Beuermann+92 distance about 150 pc (Bailey method, original full text not accessible); Coppejans+15 prints 150 +/-37 pc as an adopted conservative uncertainty; Linnell+10 Hipparcos parallax 3.46 +/-2.44 mas corresponds to 289 (+689/-119) pc; Greenstein & Oke+82 400 pc only if the 7000 K continuum component is an F star.",Coppejans+15;Hewitt+20,Evans+20;Ridder+23,Coppejans+15;Hewitt+20;Ridder+23;Evans+20;Beuermann+92_RWSex;VandePutte+03_RWSex;Linnell+10_RWSex;GreensteinOke+82_RWSex;Mauche+88_RWSex;Prinja+03_RWSex;Hernandez+17_RWSex;Knigge+06_DonorSequence,,,5.88168 +/- 0.00480 h (0.24507 +/- 0.00020 d; spectroscopic ephemeris; uncertainty convention as published not explicit),Beuermann+92_RWSex;VandePutte+03_RWSex;Coppejans+15;Hewitt+20,,,,,"No direct WD photospheric Teff determined in searched sources. Linnell+10 adopts 50,000 K as a UV model choice and explicitly states available data cannot determine it; Greenstein & Oke+82 ~7,000 K is a conditional continuum component, not a WD temperature.",Linnell+10_RWSex;GreensteinOke+82_RWSex,"Beuermann+92 solution M1≈0.84 Msun (no error in accessible later quotations; original full text inaccessible); VandePutte+03 Table 9 M1=0.99±0.18 Msun vs §4.2.1 text 0.99±0.30 Msun; Linnell+10 adopts 0.90 Msun as model input from Beuermann ratio + donor sequence. These are separate model/dynamical estimates, not averaged.",Beuermann+92_RWSex;VandePutte+03_RWSex;Hernandez+17_RWSex;Linnell+10_RWSex;Hewitt+20,No direct WD surface/global field measurement or numerical upper limit found in inspected sources; non-magnetic is qualitative. Coppejans+15 conditional B<100 G applies to a radio-emission-region gyrosynchrotron model only.,Coppejans+15;Hewitt+20;Linnell+10_RWSex;Hernandez+17_RWSex,,,,,,No direct mean photospheric/polar/longitudinal WD field or magnetic moment found. Coppejans+15 discusses B<100 G only conditionally for radio-emitting plasma if the source is binary-sized and gyrosynchrotron assumptions apply; it is not a WD surface field.,VandePutte+03: K5 is the best skew-map template match; estimated earlier than K9 +/-3 subtypes expected from the period relation. Template grid and weak donor signal limit subtype precision; do not treat K5 as a direct high-confidence classification.,Beuermann+92 reported M2≈0.62 Msun (no error in accessible quotations; original full text inaccessible); Linnell+10 adopts 0.674 Msun from Knigge donor sequence; VandePutte+03 Table 10 gives 0.75 +/-0.35 Msun from i/K1/K2 and 0.63 +/-0.18 Msun from period–mass relation. Keep distinct.,No direct donor Teff found. K5 is a best-fit absorption template; K9 +/-3 is a period-spectral-type prediction. Do not convert either to a measured temperature.,VandePutte+03_RWSex;Beuermann+92_RWSex;Hernandez+17_RWSex;Linnell+10_RWSex;Knigge+06_DonorSequence,"RW Sex is a bright, non-eclipsing novalike CV. Beuermann+92_RWSex spectroscopic ephemeris gives Porb=0.24507 +/-0.00020 d (5.88168 +/-0.00480 h), i=28-40 deg, q~0.74, and component masses around M1=0.84 Msun and M2=0.62 Msun, but this source remains secondary-traced through Coppejans+15/Hewitt+20 in this pass. VandePutte+03_RWSex directly detected donor absorption with a K5 template, K2=144 +/-18 km/s, ~10 percent secondary light near 8000 A, q=0.64 +/-0.08, and an earlier-than-expected donor; M1=0.99 +/-0.18 Msun and M2=0.75 +/-0.35 Msun are retained as derived values needing full-text recheck. Linnell+10_RWSex UV modelling finds the standard disk too blue; their favored non-standard disk/rim models use Mwd=0.90 Msun, M2=0.674 Msun, i=34 deg, Teff(WD)=50000 K, EXP=0.15, and Mdot of order a few 1e-9 Msun/yr, but the paper states WD Teff is not actually determined because the WD contributes little to the UV spectrum. Coppejans+15 VLA detections are 33.6 and 26.8 uJy/beam at 4-8 GHz, alpha=-0.5 +/-0.7, no CP/LP detections, and no short-timescale variability; they favor optically thin synchrotron for RW Sex. Hewitt+20 MeerKAT detection is 82 +/-23 uJy at 0.43-2.1 GHz, Lnu=5.5 +/-1.6e15 erg/s/Hz, alpha=-1.5 +/-1.0. Ridder+23 lists Gaia distance 221.6 +1.1/-1.0 pc and X-ray fluxes 4.4 +/-0.5e-12 (1-10 keV) and 5.6 +/-0.6e-12 erg/cm2/s (0.1-10 keV). GreensteinOke+82_RWSex is retained as the original historical disk/wind source for the older high-Mdot context. Greenstein & Oke+82 original ADS PDF is now web-verified: the UV spectrum is disk-dominated, the paper estimates an accretion rate near 1e-8 Msun/yr (possibly up to ~3e-8 in its discussion), terminal wind velocities up to ~4500 km/s, and wind mass loss near 1e-12 Msun/yr. Its ~7000 K component is conditional on an assumed F-star interpretation and is not a WD Teff measurement. Beuermann+92_RWSex original NASA ADS abstract is now web-verified: phase-resolved Hbeta/Hgamma spectroscopy gives Porb=0.24507(20) d, q=M1/M2=1.35 +/-0.10 (equivalent to M2/M1 about 0.74), i=28-40 deg, and d about 150 pc. It finds a heated secondary hemisphere and a double-lined spectroscopic signature, but explicitly states that the inclination is not sufficiently constrained for accurate individual masses. 2026-09-25 source-by-source audit: secure Gaia DR3 `3769067109159364608`; Gaia native coordinates are ICRS J2016.0 and propagated J2000 fields are ICRS epoch 2000, not FK5. Exact Gaia photometry/quality and Bailer-Jones geometric/photogeometric posteriors are in the measurement ledger. Correct no-extinction unresolved-system M_G=3.890624. RUWE=1.088 but astrometric excess-noise significance=38.08. Coppejans+15 radio detections/limits, Hewitt+20 82±23 uJy MeerKAT detection, spectral indices, polarization fluxes and X-ray conversions are separately recorded; 233±36 uJy belongs to V603 Aql. q conventions and component-mass estimates remain separate; q=M1/M2=1.35±0.10 versus VandePutte q=M2/M1=0.64±0.08 (Table 9), with same-paper text inconsistencies. Spin-like 6–7 min color periodicity is tentative and not a measured WD spin. Mdot values are distance/model dependent. See RWSEX-001–009 in the review queue and [local artifact withheld]","RW Sex audit update: Linnell+10_RWSex and VandePutte+03_RWSex are now web/arXiv/DOI verified, but full PDFs were not downloaded locally in this pass. GreensteinOke+82_RWSex is now web-verified from the original ADS PDF; its disk/wind values are historical inferences. Beuermann+92_RWSex is now web-verified through the original NASA ADS abstract for the period, mass-ratio convention, inclination range, and distance. The individual component masses remain model/secondary values because the primary paper states that the inclination is not sufficiently constrained. Linnell+10 explicitly warns that Teff(WD)=50000 K is a reasonable model choice, not a direct determination, because the WD contributes little to the UV spectrum. Companion Teff is donor-sequence/SpT-based, not directly measured. Ridder+23 pdftotext extraction can misassign V603 Aql 233 +/-36 uJy to RW Sex; direct Hewitt+20 Table 3 gives RW Sex 82 +/-23 uJy. No direct WD surface magnetic-field strength found. 2026-09-25 audit: Beuermann+92 original full text was not accessible; period/mass-ratio statements use its available abstract and later full-text reproductions, and approximate component masses are explicitly secondary-transcribed. VandePutte+03 full text checked locally and at Oxford; DOI corrected to 10.1046/j.1365-8711.2003.06524.x. Linnell+10 and Greenstein & Oke+82 original full texts checked; the 50,000 K WD Teff and accretion rates are model-dependent, and Greenstein & Oke continuum temperature/distance is conditional. Coppejans+15 Table 3 CP limits are uJy, while §5.3 gives a separate 12.9% fractional upper limit that does not reproduce by direct ratio; percent field left NA. X-ray absorbed/unabsorbed convention not source-explicit. All open material items in RWSEX-001–009.",,,,,,,,,,
gaia-dr3:3612227169936143360,QS Vir,non_magnetic_cv,WD+dMe eclipsing PCEB / pre-CV; very-low-accretion CV interpretation disputed,3612227169936143360,source_by_source_full_text_audited_with_open_review_items,secure_exact_simbad_gaia_and_radio_xray_localization,exact_simbad_alias_gaia_dr3; VLASS centroid 0.40 arcsec; 4XMM DR11 offset 0.18 arcsec,V* QS Vir,207.466679,-13.226944,207.4668699579405,-13.226865062987894,324.124952,47.226291,19.915200746290253,0.029153118,41.877266047226826,0.03254356,17.869107172296168,0.0290046,13.607791,0.007892889,14.510207,0.010057725,12.551669,0.017806721,1.958538,10.108521,1.9485645,,,,50.1018677,50.0369797,50.176815,,,exact_gaia_dr3_tap_and_vizier_i352_queries_saved,https://gea.esac.esa.int/tap-server/tap/sync?REQUEST=doQuery&LANG=ADQL&FORMAT=csv&QUERY=SELECT+source_id%2Cra%2Cra_error%2Cdec%2Cdec_error%2Cparallax%2Cparallax_error%2Cpmra%2Cpmra_error%2Cpmdec%2Cpmdec_error%2Cphot_g_mean_mag%2Cphot_bp_mean_mag%2Cphot_rp_mean_mag%2Cphot_g_mean_flux_over_error%2Cphot_bp_mean_flux_over_error%2Cphot_rp_mean_flux_over_error%2Cruwe%2Castrometric_excess_noise%2Castrometric_excess_noise_sig%2Cphot_bp_rp_excess_factor%2Cphot_variable_flag%2Cduplicated_source%2Cvisibility_periods_used%2Castrometric_n_good_obs_al+FROM+gaiadr3.gaia_source+WHERE+source_id%3D3612227169936143360,3.618178608 h from Pulley+25 quadratic eclipse ephemeris coefficient; earlier distinct values: 0.150757463(4) d (Parsons+16 Table 2 citing Parsons+10b) and ~0.150757525 d (O’Donoghue+03),"50.1018677 pc Bailer-Jones EDR3 geometric p50; p16=50.0369797, p84=50.176815; photogeometric posterior also retained separately",Ridder+23;Ridder+25_QSVir;Ridder+25corr_QSVir,Webb+20;Ridder+23;Matranga+12_QSVir;Drake+14_QSVir;Ridder+25_QSVir,Ridder+23;Ridder+25_QSVir;Ridder+25corr_QSVir;ODonoghue+03_QSVir;Parsons+11_QSVir;Matranga+12_QSVir;Parsons+16_QSVir;Drake+14_QSVir;Pulley+25_QSVir,,,"3.618178608 +/- 0.000000144 h (0.150757442(6) d, Pulley+25 quadratic ephemeris linear term); earlier solutions kept separately in measurement ledger",Pulley+25_QSVir;Parsons+16_QSVir;Parsons+10b_QSVir;ODonoghue+03_QSVir,,,,,14220 +/- 350 K (photosphere; Parsons+16 Table 2; O’Donoghue+03 14220 +/- 300 K retained separately),ODonoghue+03_QSVir;Parsons+16_QSVir,0.782 +/- 0.013 (Parsons+16 model-constrained solution; O’Donoghue+03 older 0.78 +/- 0.04),Parsons+16_QSVir;ODonoghue+03_QSVir,~0.1 MG tentative photospheric Mg II broadening interpretation; separate conservative <1 MG limit from Balmer emission-core width,Parsons+16_QSVir;Matranga+12_QSVir,,,~0.1 (tentative inferred weak field; alternative is rotational broadening),,,"Parsons+16 favor a ~100 kG (~0.1 MG) field interpretation of broadened Mg II 4481 Å, but rapid WD rotation would imply ~700 s and remains an explicit alternative. Matranga+12 give a conservative WD field upper limit <1 MG from Balmer emission-core widths and absent Zeeman/cyclotron features. No direct WD spectropolarimetry, WD spin detection, polar field, accretion-region field or magnetic moment adopted. Do not identify either constraint with a radio emission-region field.",M3.5–M4 dMe (O’Donoghue+03); literature summaries range M2–4 / M3.5–M4.5,0.382 +/- 0.006 (Parsons+16); older O’Donoghue+03 0.43 +/- 0.04,3100 +/- 75 (M-dwarf photosphere; O’Donoghue+03),ODonoghue+03_QSVir;Parsons+16_QSVir;Matranga+12_QSVir,"Secure eclipsing DA WD+dMe post-common-envelope binary at Gaia DR3 3612227169936143360. Parsons+16 gives model-constrained WD mass/radius 0.782±0.013 M_sun / 0.01068±0.00007 R_sun and donor mass/volume radius 0.382±0.006 / 0.381±0.003, with donor at 96% fill (97±1% tomography), consistent with detached pre-CV. O’Donoghue+03 proposed a weak-transfer/hibernating CV; Matranga+12 XMM shows narrow WD-centered X-ray eclipses and an MKCFLOW rate (1.694±0.046)×10^-13 M_sun yr^-1 in 2006; Drake+14 derives ~10^-16 M_sun yr^-1 from 1999 HST photospheric metals/diffusion. Keep these epochs/methods separate. Gaia EDR3 geometric distance p50 50.1018677 pc (p16–p84 50.0369797–50.176815), not inverse parallax. Derived unresolved/no-extinction Gaia M_G=10.108521. Ridder+23 VLASS 2–4 GHz 970±160 μJy (2019-04-25), later ≤510 μJy (2022-01-31). Ridder+25 has three VLA epochs, nearly flat 0.4–0.6 mJy continuum, variable circular polarization and short narrow S-band flares; corrigendum changes spectral indices to −0.04±0.03 (Nov), 0.00±0.04 (Dec), −0.24±0.04 (Jan). Authors allow ECME/plasma radiation for coherent component but do not localize radio emission uniquely to WD versus donor. The middle VLA date conflicts between prose 2022-12-28 and table 2022-12-22. Full parameter detail and refs are in rawdog_measurements.csv and [local artifact withheld]",Open review: accretion/detached classification; 2025 VLA middle-epoch date (Dec 22 table vs Dec 28 prose); eclipse-timing mechanism and failed circumbinary models; WD weak-field vs spin ambiguity; 4XMM/Swift X-ray conventions and non-simultaneity; original historical radio claims not retrieved. Local ODonoghue+06.pdf is about SDSS J015543.40+002807.2 and is unrelated. See QSVIR-001–006 in rawdog_review_queue.csv.,0.025389161,0.022788195,0.020450847,NOT_AVAILABLE,false,0.16529003,15.420485,1.4292896,12,192
gaia-dr3:1326482511724121344,V1084 Her,non_magnetic_cv,SW Sex novalike; magnetic status debated,1326482511724121344,audited_with_unresolved_issues,ok,exact Gaia DR3 source_id + SIMBAD identifier cross-check,V* V1084 Her,250.940405859790,34.044319169287,250.940405979288,34.044265461651,55.927625,40.179136,2.120305848,0.020933356,0.022278798,0.020121820,-12.084217997,0.024327382,12.390843,0.004384419,12.368090,0.014048898,12.421679,0.013856398,-0.053589,4.051411,0.9770043,,,,465.464233,461.112823,469.947906,,,exact_source_id_query; exact Gaia DR3 and Bailer-Jones EDR3 rows saved,https://gea.esac.esa.int/archive/,2.89344 +/- 0.00034 h; Patterson+02,465 +/- 4 pc Ridder+23; 434 +/- 6 pc Worpel+20 Gaia DR2; 305 pc Ak+08 model without source-table uncertainty,Coppejans+15,Ridder+23;Worpel+20_V1084Her,Mickaelian+02;Patterson+02;RodriguezGil+09;Worpel+20;Bruch+23_V1084Her;Ak+08_V1084Her;Coppejans+15;Ridder+23;Dag+26_V1084Her,,,2.89344 +/- 0.00034,Patterson+02_V1084Her,,,,,,,,,,,,,,,,"No secure component-specific field value found. Rodríguez-Gil+09 reports a 19.38-min circular-polarization modulation, not a field strength; Wörpel+20 tentative 1549-s signal is not secure spin.",,,,,Gaia DR3 unresolved-system astrometry/photometry; BP-RP and M_G are observed/no-extinction quantities. Adopted distance is Bailer-Jones EDR3 geometric posterior; photogeometric and older literature distances are separate ledger entries. Orbital period from Patterson+02. Class is SW Sex novalike; magnetic interpretation disputed. See [local artifact withheld],High priority: reconcile circular-polarization/spin interpretation and magnetic class; verify Mickaelian+02 printed coordinate discrepancy; inspect Patterson+02 Eq. 3 epoch and distance uncertainty conflict; determine Ridder+23 X-ray absorption convention.,,,,,,,,,,
gaia-dr3:4339398736975240192,LS IV -08 3,non_magnetic_cv,UX UMa novalike,4339398736975240192,audited_with_unresolved_issues,ok,published_2MASS_position_SIMBAD_alias_Gaia_DR3_ID_proper_motion_consistent,LS  IV -08    3,254.123426628,-8.577418328,254.123352471,-8.577378997,10.977026,20.799077,4.673202,0.044152,-16.498646,0.049924,8.849321,0.034422,11.339061,0.003252,11.430925,0.008200,11.056699,0.008155,0.374226,4.720396,1.763037,,,,210.733246,208.640854,212.814865,,,exact_DR3_source_and_quality_query_saved; exact EDR3 geometric posterior adopted; no Gaia single-star component parameters adopted,Gaia Archive source_id=4339398736975240192; VizieR I/355 exact source query,4.6869912 +/- 0.0000072 (Bruch & Diaz+17 refined 0.1952913 +/- 0.0000003 d); 4.6869456 +/- 0.0000240 (Stark+08 0.1952894 +/- 0.0000010 d; Hewitt+20 repeats Stark),"211 +/- 2 (Ridder+23 rounded Gaia EDR3/Bailer-Jones geometric posterior; exact p50=210.733246 pc, p16=208.640854, p84=212.814865)",Hewitt+20,Boller+16; Ridder+23,Stark+08_LSIV-08-3; Bruch+Diaz+17_LSIV-08-3; Hewitt+20; Ridder+23; Boller+16; GaiaDR3_LSIV083; BailerJones+21_LSIV083; SIMBAD_LSIV083,,,4.6869912 +/- 0.0000072,Bruch+Diaz+17_LSIV-08-3; Stark+08_LSIV-08-3; Hewitt+20,,,,,,,,,,,,,,,,No object-specific WD surface-field measurement found in searched primary sources. Non-magnetic classification is not a measured B=0; leave quantitative field blank.,,,,,"Secure UX UMa-type nova-like CV classification (Stark+08; Bruch & Diaz+17); WD+disc is system interpretation and no WD photosphere is directly measured in checked papers. Bruch & Diaz+17 refines Porb to 0.1952913(3) d; Stark+08 reports 0.1952894(10) d, repeated by Hewitt+20. Halpha RV amplitudes are emission-line tracers, not WD K1; no dynamical masses/q. Bruch Doppler-map inputs are arbitrary, and M1 conflicts internally (.83 Msun prose, .75 caption). Hewitt+20 disk SED uses assumed M1=.75 Msun, M2=.45 Msun, i=57 deg, Mdot=5e-9 Msun/yr, not measured components. Reddening branches conflict; no extinction correction adopted. Gaia geometric distance p50/p16/p84 populated; unresolved M_G=4.720396 is observed/no-extinction. RUWE=1.763, astrometric excess noise .311 mas (179.9 sigma), AL goodness-of-fit 25.93 warrant caution, without assigning cause. ROSAT associations probable; Ridder+23 fluxes are model-converted using assumed 7-keV MEKAL for novalikes, not a source fit. MeerKAT 2019 nondetection <33 uJy at 0.43–2.1 GHz; no spectral/polarization/pulse claim.","Open review items LSIV083-001–006: ROSAT association; period/error model; reddening; arbitrary component inputs and internal mass inconsistency; rejected offset radio feature; SIMBAD sdB metadata versus CV classification. No measured WD/donor mass, radius, Teff, logg, cooling age, field, moment, spin, beat, q, inclination, accretion rate or donor type found in searched primary sources. Gaia astrometric excess noise is highly significant; name/ID/position match is secure.",,,0.011565,NOT_AVAILABLE,false,0.31076005,179.86462,1.2123376,17,712
gaia-dr3:5818105674344768768,V341 Ara,non_magnetic_cv,nova-like CV; UX UMa-like spectrum; Fr 2-11 origin disputed,5818105674344768768,audited_with_unresolved_issues,secure_exact_simbad_gaia_identity,exact_SIMBAD_name_alias_and_Gaia_DR3_source_ID,V* V341 Ara,254.422962293126,-63.210677093350,254.422486741450,-63.211054641554,326.880022704,-12.476142787,6.4148140813,0.034264028,-48.225704902,0.026890332,-84.948167165,0.027864547,10.806384,0.012187,10.837393,0.040632,10.701433,0.033216,0.135960,4.850794,1.095124,,,,155.280914,154.434616,156.084808,,,ok,https://gea.esac.esa.int/archive/,3.6529454 +0.0000016/-0.0000013 h (Castro Segura et al. 2021); 3.65184 +/- 0.00048 h = 0.15216 +/- 0.00002 d (Bond & Miszalski 2018),"155.3 +/- 0.8 pc (Ridder et al. 2023 compatibility value, consistent with Bailer-Jones EDR3 geometric posterior); 156.1 +/- 2.0 pc (Bond & Miszalski 2018, Gaia DR2); 156 +/- 2 pc (Castro Segura et al. 2021, Gaia DR2 Bayesian estimate); revised Hipparcos parallax distance 163 +231/-37 pc (Frew 2008); Table B.5 lists 165 pc without specifying a method.",Hewitt+20; CastroSegura+20_V341Ara,Evans+20; Ridder+23; CastroSegura+20_V341Ara,Ridder+23; Hewitt+20; BondMiszalski+18_V341Ara; CastroSegura+20_V341Ara; Frew2008_Thesis_V341Ara; Ilkiewicz+26_V341Ara,<0.0005,"Conditional one-zone synchrotron/minimum-energy bow-shock field limit B < 0.5 mG = 5e-4 G; this is the radio-emitting bow-shock region, not a white-dwarf surface field.",3.6529454 +0.0000016/-0.0000013 h; preferred long-baseline spectroscopic ephemeris (Castro Segura et al. 2021); older Bond & Miszalski value 3.65184 +/-0.00048 h retained separately.,CastroSegura+20_V341Ara; BondMiszalski+18_V341Ara,,,,,,CastroSegura+20_V341Ara,,CastroSegura+20_V341Ara; Hewitt+20,,BondMiszalski+18_V341Ara; CastroSegura+20_V341Ara; Hewitt+20,,,,,,No direct object-specific WD surface-field measurement or limit found in inspected sources. The non-magnetic novalike classification is not B=0. The reported B < 0.5 mG is a conditional synchrotron model for the bow-shock radio-emitting region only.,No direct donor spectral classification found; late-type donor is expected from CV interpretation and period-evolution sequence.,,,CastroSegura+20_V341Ara; Hewitt+20,"V341 Ara is a bright nearby non-magnetic novalike/UX UMa-like CV associated with the faint H-alpha nebula Fr 2-11 and an [O III]/H-alpha bow shock. BondMiszalski+18 confirm the novalike classification and give H-alpha spectroscopic ephemeris HJD=2453833.048 +/-0.006 + (0.15216 +/-0.00002)E, gamma=-33.5 km/s, K=32.0 km/s, Porb=3.652 h, and Gaia DR2 distance 156 pc; they discuss either an ISM-cloud encounter or an old nova shell. CastroSegura+20 present the first comprehensive multiwavelength study: long-term super-orbital quasi-periodic oscillations on 10-16 d with typical ~1 mag amplitude, TESS Porb=3.6529454(+0.0000016/-0.0000013) h and negative superhump period ~3.621 h, tilted-disc interpretation, and high-precision orbital ephemeris. Their spectroscopy gives K1=42 +/-2 km/s, K_em=47.4 +/-0.6 km/s, K2=84.5 +/-1.6 km/s after K-correction, and q=0.51 +/-0.03(stat) +0.4/-0.2(sys); with an expected donor M2~0.26 Msun this implies M1~0.5 Msun, but the paper explicitly warns this anomalously low WD mass may mean the line amplitudes are only proxies. Their simple SED guide adopts i~30 deg, Mdot~1e-9 Msun/yr, M2~0.26 Msun, R2~0.34 Rsun, Teff2~3380 K, Mwd=0.5 Msun, WD radius 1.2e9 cm, and a model accretion-heated WD Teff about 23200 K; a 1e-8 Msun/yr guide curve uses WD Teff~43300 K and BL Teff~150700 K. Except for X-rays, the SED is consistent with Mdot~1e-9-1e-8 Msun/yr. Swift/XRT is low luminosity, L_X(0.3-10 keV)~1e30 erg/s, with a soft BB component kT=80(-20,+40) eV and log L_BB~32.9 if modeled that way. MeerKAT at 1.284 GHz gives no detection with 3sigma limit 30 uJy/beam; Hewitt+20 Table 3 gives <27 uJy and Lnu<0.8e15 erg/s/Hz. CastroSegura+20 bow-shock modeling gives L_w~1e32 erg/s, Mdot_w<1e-10 Msun/yr, v_w>1800 km/s, and under a synchrotron/minimum-energy model B_bowshock<0.5 mG; this is a bow-shock/radio-emission field limit, not a WD surface magnetic field. Hewitt+20 Table 4 uses assumed/default SED parameters M1=0.75 Msun, M2=0.27 Msun, i=30 deg, Mdot=3.5e-9 Msun/yr. Ridder+23 Table 4 lists Gaia distance 155.3 +/-0.8 pc and X-ray fluxes 1.2 +/-0.2e-12 (1-10 keV) and 1.5 +/-0.3e-12 erg/cm2/s (0.1-10 keV).
Source audit 2026-09-25: exact Gaia DR3 astrometry/photometry and Bailer-Jones geometric distance are populated; photometry remains unresolved observed system light. M_G=4.850794 is derived without extinction. Frew's E(B-V)=0.04 +/-0.04 is nebular Balmer-decrement reddening, not a Gaia binary extinction correction; no intrinsic CMD color adopted. Direct WD photospheric Teff, mass, radius, log g, cooling age and surface field were not found. Castro Segura's SED values and donor sequence expectations are model results/inputs, kept separately in the measurement ledger. Fr 2-11 origin remains disputed; Iłkiewicz et al. (2026) report an incomplete unWISE W2 outer arc and faint intervening H-alpha, with no V341 FUV data.","BondMiszalski+18 and CastroSegura+20 arXiv sources plus Crossref DOI metadata were verified. V341 Ara component masses/temperatures remain model/inferred rather than secure direct measurements: CastroSegura+20 low Mwd~0.5 Msun depends on q and expected donor mass and is explicitly flagged by the authors as anomalous/needing confirmation; Hewitt+20 0.75/0.27 Msun values are assumed/default SED inputs. WD Teff values from Castro are blackbody/accretion-heating guide-curve values, not a WD atmosphere measurement; the arXiv TeX contains a typo-like lower-Mdot value written 23,2000 K. No object-specific WD surface magnetic-field measurement found; the B<0.5 mG value is for bow-shock synchrotron modeling, not the WD.
Open items V341ARA-001–005 address nebula origin, period discrepancy, model-dependent q/WD mass, Ridder X-ray flux convention, and extinction for intrinsic Gaia colors. NASA ADS public pages were not accessible and no ADS API token was present; bibliographic metadata was checked via DOI/publisher, arXiv and institutional records. Limit recorded in source query log.",0.028312068,0.022767294,0.052481,NOT_AVAILABLE,false,0.2642909,97.829155,1.1684525,21,409
gaia-dr3:4266547566124966912,V603 Aql,non_magnetic_cv,old nova / novalike; non-magnetic,4266547566124966912,audited_with_unresolved_issues,secure_exact_name_and_Gaia_DR3_ID,exact_SIMBAD_identifiers_and_Gaia_DR3_source_ID; coordinate cross-check,V* V603 Aql,282.22765411343,0.58412697394,282.227704504099,0.584084662292,33.1637056902,0.8285894529,3.10642039418,0.03447464,11.3373108229,0.032159686,-9.52012014163,0.02528216,11.866585,0.01271373,11.884592,0.04537888,11.712627,0.03890954,0.171965,4.372224,1.0146501,,,,315.407593,311.865845,318.376343,,,exact DR3 source query; Bailer-Jones EDR3 geometric posterior,https://gea.esac.esa.int/archive/; https://vizier.cds.unistra.fr/viz-bin/asu-tsv?-source=I/352/gedr3dis&Source=4266547566124966912,3.3168216 +/- 0.0000096 h from 0.1382009(4) d; Arenas+00 alternative 0.1385 +/- 0.0002 d,"Bailer-Jones EDR3 geometric posterior 315.407593 [311.865845, 318.376343] pc; Ridder+23 rounded 315 +3/-4 pc; HST-FGS 249 +9/-8 pc disputed by Gaia comparison",Barrett+17_V603Aql;Barrett+20;Coppejans+15;Hewitt+20;Ridder+26_Broadband,Evans+20;MukaiOrio+05_V603Aql;Ridder+23,Arenas+00_V603Aql;Barrett+17_V603Aql;Barrett+20;BruchCook+18_V603Aql;Coppejans+15;Harrison+13_V603Aql;Hewitt+20;Johnson+14_V603Aql;MukaiOrio+05_V603Aql;Patterson+97_V603Aql;PetersThorstensen+06_V603Aql;RetterNaylor+00_V603Aql;Ridder+23;Ridder+26_Broadband;Schaefer+18_V603Aql;Sion+15_V603Aql,3210 +/- 365,Barrett+20 radio-emitting-region field estimate; possible donor-coronal emitter under model; not a WD surface/accretion-region field. Barrett+20 WD field <1 kG is conditional disk-truncation argument.,3.3168216 +/- 0.0000096,PetersThorstensen+06_V603Aql;Hewitt+20,,Patterson+97_V603Aql;MukaiOrio+05_V603Aql,,,"30000 model estimate from Sion+15 compressional-heating assumption; WD contributes ~1% of FUV, not directly fit",Sion+15_V603Aql,1.2 +/-0.2 (Arenas+00 conditional solution; Hβ K1/empirical q assumptions); alternative mass estimates/grid remain separate,Arenas+00_V603Aql;Sion+15_V603Aql,No direct WD field; conditional model bound <0.001 MG if a field exists,Barrett+20;Coppejans+15;MukaiOrio+05_V603Aql;Sion+15_V603Aql,,,,,,"No direct photospheric, polar, longitudinal, or accretion-region field. Barrett+20 radio-emission value 3210±365 G refers to an uncertain emission region and possible donor corona; conditional WD field bound <1 kG is from a disk-truncation model, not a measurement. Historical IP claims and candidate optical frequencies remain disputed.",No direct donor spectral type identified; low-mass Roche-filling main-sequence star is an Arenas+00 model assumption. Ridder+26 notes no donor spectral-type model.,0.29 +/-0.04 (Arenas+00 conditional binary solution; mass-period relation assumption),,Arenas+00_V603Aql;Patterson+97_V603Aql;Ridder+26_Broadband;Sion+15_V603Aql,"V603 Aql (Nova Aql 1918) is one system represented by four earlier radio rows plus new X-band observations. Secure SIMBAD name/alias/Gaia DR3 ID association. Gaia DR3 source 4266547566124966912 native position is ICRS J2016.0; epoch-2000 propagated ICRS coordinates are not FK5. Bailer-Jones EDR3 geometric posterior 315.407593 [311.865845,318.376343] pc is adopted; HST FGS 249 +9/-8 pc and prior estimates remain separate because Schaefer+18 flags a 5.4-sigma HST/Gaia parallax discrepancy. Observed unresolved no-extinction M_G=4.372224, approximate -0.02399/+0.02762 mag, uses G+5-5log10(d/pc); it is not extinction-corrected/intrinsic. Gaia phot_variable_flag=VARIABLE; BP−RP is unresolved-system color. Published Porb=0.1382009(4)d (3.3168216±0.0000096h) from Peters & Thorstensen via Hewitt+20, with exact original table still queued; Arenas+00 gives alternative 0.1385±0.0002d. Positive and negative superhump periods are not spin periods. q=0.24±0.05, M1=1.2±0.2, M2=0.29±0.04 M_sun, and i=13±2° are an assumption-dependent Arenas solution (Hβ K assumed WD K1; empirical disk q; main-sequence Roche-filling donor relation). Sion+15 FUV disk accretion rates depend on old 249 pc distance, E(B−V)=0.10±0.02, inclination grid and assumed WD-mass points; retain each model branch and do not rescale without refit. Their 30000 K WD value is a compressional-heating estimate; direct WD contributes about 1% of FUV. Coppejans+15 Table 3 CP/LP values are absolute 3σ μJy/beam limits, not percentages; catalog percentage field is NA. Barrett+17, Barrett+20, Hewitt+20 and Ridder+26 radio measurements are epoch/band/product-specific; some 2013 results have unclear reduction mapping. Barrett+20 3210±365 G is radio-region field only; its <1 kG WD bound is conditional. Ridder+23 1–10/0.1–10 keV X-ray estimates are generic approximate catalog conversions (unabsorbed per method), not contemporaneous with radio or source-specific spectral fits. Optical fading 0.44±0.04 mag century−1 is an observed trend; hibernation/evolutionary implications remain interpretive.",Open V603-001–008: exact P&T original table value; HST-vs-Gaia distance and Sion model dependence; Barrett+17/+20 radio reduction overlap; Arenas+00 model assumptions; radio-region versus WD B; Ridder+23 X-ray conversion; Ridder+26 2018 date/ObsID; period-frequency candidate interpretation. Full source audit and query details in [local artifact withheld],0.023926578,0.027550075,0.05977621,VARIABLE,false,0.17915128,30.289158,1.1983509,15,181
gaia-dr3:6688624794231054976,V3885 Sgr,non_magnetic_cv,UX UMa-type persistent high-state nova-like CV,6688624794231054976,literature_audited_primary_web_verified_radio_secondary,ok,simbad_name_gaia_dr3,CD-42 14462,296.918871069782,-42.007331976546,296.919051123195,-42.007513477676,357.476485930750,-27.762661792319,7.7534780276882005,0.03443945,30.102827370783437,0.027562419,-40.83772267691573,0.021345567,10.223999,0.00559370,10.251909,0.02005172,10.133834,0.01574631,0.118075,4.67830993,1.0572777,,,,128.569458,128.041641,129.129974,,,exact_Gaia_DR3_and_Bailer_Jones_rows_checked,https://vizier.cds.unistra.fr/viz-bin/VizieR-5?-source=I/355/gaiadr3&Source=6688624794231054976,4.97185704 +/-0.00000528 h (0.20716071(22) d; Ribeiro & Diaz 2007); Hartley+05 4.97126 +/-0.00036 h (2 sigma); aliases separately in ledger,128.569458 (+0.560516/-0.527817) Bailer-Jones geometric posterior; 128.540924 photogeometric posterior; 129 +/-1 Gilmozzi & Selvelli 2024; 132.7 +/-1.4 Gaia DR2 Hewitt+20; 110 +/-30 Hipparcos-based model distance Linnell+09,Hewitt+20;Ridder+23;Koerding+11_V3885Sgr,Evans+20;Ridder+23;2SXPS_V3885Sgr,CowleyCramptonHesser+77_V3885Sgr;Hartley+05_V3885Sgr;RibeiroDiaz+07_V3885Sgr;Linnell+09_V3885Sgr;Prinja+12_V3885Sgr;Koerding+11_V3885Sgr;Hewitt+20;Ridder+23;GilmozziSelvelli+24_V3885Sgr,,,4.97185704 +/-0.00000528 h from Ribeiro & Diaz (2007); Hartley+05 independent 4.97126 +/-0.00036 h (2 sigma),RibeiroDiaz+07_V3885Sgr;Hartley+05_V3885Sgr,,,,,"57000 +/-5000 K, Linnell+09 model WD contribution in FUSE+STIS disk+WD fit; not isolated direct photospheric Teff",Linnell+09_V3885Sgr,0.70 +/-0.10 Msun adopted/model in Linnell+09; Hartley+05 conditional M1 range 0.55–0.80 Msun; not a direct dynamical mass,Hartley+05_V3885Sgr;Linnell+09_V3885Sgr;RibeiroDiaz+07_V3885Sgr,no object-specific WD surface magnetic-field measurement found; treated as non-magnetic novalike disk CV in inspected sources,Hartley+05_V3885Sgr;Linnell+09_V3885Sgr;Prinja+12_V3885Sgr;Hewitt+20;GilmozziSelvelli+24_V3885Sgr,,,,,,No WD magnetic-field strength found. The FUV/radio literature treats V3885 Sgr as a non-magnetic novalike with disk/wind/outflow phenomenology rather than a polar/IP.,"late-type Roche-lobe-filling donor inferred/modelled; irradiated-secondary emission detected, but no direct donor spectral subtype found in inspected sources",0.475 adopted/model value in Linnell+09_V3885Sgr; Hewitt+20 SED curve uses 0.473; Hartley+05_V3885Sgr gives q>0.7,3650 +/-100 K donor pole temperature in Linnell+09_V3885Sgr model; point/side/back model values 2214/3598/3489 K; not a direct spectral measurement,Hartley+05_V3885Sgr;Linnell+09_V3885Sgr;Hewitt+20,"V3885 Sgr is a bright UX UMa-type novalike above the period gap. RibeiroDiaz+07_V3885Sgr gives Porb=0.20716071(22) d = 4.9718570 +/-0.0000053 h from H-alpha/He I spectroscopy and Doppler tomography, and argues the strongest H-alpha line flickering is associated with the illuminated secondary rather than being uniformly distributed in the disk. Hartley+05_V3885Sgr reports blue spectroscopy with broad disk absorption/emission plus anti-phased narrow emission from the irradiated donor, He II/N III-C III-C IV likely formed in an outflow, q>0.7, M1 constraints 0.55-0.80 Msun, i>65 deg, and the first unambiguous spiral-wave detection in a novalike disk. Linnell+09_V3885Sgr fits combined FUSE+STIS spectra with a standard optically thick disk plus WD contribution using Mwd=0.70 +/-0.10 Msun, M2=0.475 Msun, i=65 +/-2 deg, Twd=57000 +/-5000 K, donor pole Teff=3650 +/-100 K, Hipparcos distance 110 +/-30 pc, and Mdot=5.0 +/-2.0e-9 Msun/yr; these are FUV disk+component model parameters. Prinja+12_V3885Sgr finds orbital-phase-modulated FUV absorption, low-velocity disk-wind outflow, rapid ~5 min stochastic absorption fluctuations, and FUV tomographic evidence for a localized disk-stream interaction region. Hewitt+20 lists Gaia-era distance 132.7 +/-1.4 pc, Porb=0.20716071(22) d, MeerKAT 0.43-2.1 GHz detection 256 +/-25 uJy, Lnu=5.4 +/-0.5e15 erg/s/Hz, alpha=-0.6 +/-0.7, and Table 4 SED inputs M1=0.675, M2=0.473, i=60 deg, Mdot=8e-9 Msun/yr; they also summarize earlier ATCA detections from Koerding+11_V3885Sgr of 0.12 +/-0.03 mJy at 4.8/4.9 GHz in 2008 and 0.16 +/-0.01 mJy at 5.5 GHz plus 0.11 +/-0.02 mJy at 9 GHz in 2010 with alpha~-0.75 and no variability. Ridder+23 lists Gaia distance 128.6 +0.6/-0.5 pc, X-ray fluxes 4.8 +/-0.5e-12 and 6.1 +/-0.6e-12 erg/cm2/s, and the Hewitt+20 radio detection 256 +/-26 uJy. Koerding+11_V3885Sgr original NASA ADS abstract is now web-verified: it presents V3885 Sgr as the first reproducible radio detection of a stable nova-like CV and favors optically thin synchrotron emission from a jet; IX Vel was limited by dynamic range and AC Cnc was not confirmed. The exact ATCA fluxes remain carried from later Coppejans+15/Hewitt+20 tables pending direct full-text/table extraction.

Audit addendum 2026-09-25: Gaia DR3 exact source/quality rows, Bailer-Jones geometric/photogeometric posteriors, SIMBAD and 2SXPS were checked; precise values and derivations are in rawdog_measurements.csv. Epoch-2000 coordinates are proper-motion propagated ICRS, not FK5. M_G=4.67830993 is observed unresolved/no-extinction from G+5−5log10(d/pc). Ribeiro & Diaz (2007) is the compatibility period; Hartley+05 and historical aliases remain separate. 2024 IUE/Gaia reddening and WLTO/PSC model Mdot branches were added. MeerKAT primary band follows Hewitt setup; Ridder band-label discrepancy, inclination disagreement, X-ray convention, historical sdB field and old reddening chain are in review queue.","V3885 Sgr audit update: Hartley+05_V3885Sgr, RibeiroDiaz+07_V3885Sgr, Linnell+09_V3885Sgr, and Prinja+12_V3885Sgr are now web/arXiv/DOI verified, but full PDFs were not downloaded locally in this pass. Koerding+11_V3885Sgr is now web-verified through the original NASA ADS abstract for the detection and jet/synchrotron interpretation; the exact older ATCA flux table remains carried through Coppejans+15/Hewitt+20 and should be transcribed from the full paper before precision radio-variability use. Linnell+09_V3885Sgr values are model/adopted parameters for FUV disk+WD fitting, not a direct dynamical re-fit; the WD Teff is the model WD contribution, and donor temperatures are model surface values, not direct spectral measurements. No direct donor spectral subtype or WD surface magnetic-field strength found. Older Hipparcos distance 110 +/-30 pc used by Linnell+09 differs from Gaia/Ridder+23 128.6 pc, so model luminosities/Mdot should not be silently rescaled.

Audit correction 2026-09-25: Full local PDFs for Cowley+77, Hartley+05, Ribeiro & Diaz+07, Linnell+09 and Ridder+23, plus full publisher HTML for Koerding+11, Hewitt+20 and Prinja+12, were checked including relevant tables. Earlier note that ATCA fluxes remained secondary is superseded by direct Körding Table 1 transcription. Gilmozzi & Selvelli+24 full article checked online. Original Verbunt+87, Bruch & Engel+94, La Dous+91, Puebla+07 tables and full Bond & Landolt+71 article were not independently inspected; limitations remain explicit in the source note/queue.",0.023666538,0.02250863,,NOT_AVAILABLE,False,0.2028265,47.13246,1.1641963,16,226
gaia-dr3:6749618724313541760,V5662 Sgr,non_magnetic_cv,short-period CV; dwarf-nova-like spectrum; included in novalike survey sample; DN/novalike subtype unresolved,6749618724313541760,literature_audited_primary_web_verified,ok,simbad_name_gaia_dr3,1RXS J200552.6-293455,301.463011790756,-29.583345893738,301.462837292540,-29.583578184470,12.14437259468,-28.16566201805,5.9061,0.1321,-34.144,0.124,-52.265,0.085,17.94577,0.00382,17.984585,0.013849,17.818644,0.018723,0.165941,11.802152883,0.954,,,,169.325912,164.887756,173.188217,,,ok,https://vizier.cds.unistra.fr/viz-bin/VizieR-5?-source=I/355/gaiadr3&Source=6749618724313541760,"Tappert+04_CTCV Table 7: P1=0.067111(69), P2=0.064943(21), P3=0.062887(37), P4=0.060972(14), P5=0.059200(25) d. P3 most probable alias (pd=0.637); P4 remains important (pd=0.272); no secure orbital period.","168.6 +/- 5.2 pc (Gaia DR2, Hewitt+20; method not specified in Table 1); 169 +/- 4 pc (Gaia EDR3/Bailer-Jones 2021, Ridder+23 Table 4); 169.325912 pc geometric p50 [p16=164.887756,p84=173.188217]; 167.162399 pc photogeometric p50 [p16=164.231171,p84=171.207855] (exact Bailer-Jones I/352 query)",Hewitt+20,Boller+16;Ridder+23,Ridder+23;Hewitt+20;Tappert+04_CTCV,,,"1.5093 +/- 0.0009 h (P3=0.062887(37) d, most probable photometric alias; not uniquely secure orbital period)",Tappert+04_CTCV;Hewitt+20,,,,,,,,,,,,,,,,"No direct WD surface magnetic-field measurement found in inspected source literature. Disk-CV classification does not establish B=0. Hewitt+20 SED M1=0.75 Msun is a default/model input, not a measured WD mass.",,,,,"V5662 Sgr = CTCV J2005-2934 = 1RXS J200552.6-293455, a faint short-period CV from the Calan-Tololo Survey. Tappert+04_CTCV reports a spectrum with the basic ingredients of a typical dwarf nova and unusually strong H-alpha (EW H-alpha ~219 A), two nights of photometry showing double-humped modulation, and an AOV/Monte Carlo period search where P=0.062887(37) d = 1.5093 +/-0.0009 h is the most probable alias; they explicitly note that P4=0.060972(14) d remains an important alias and more observations are needed to assign the orbital period securely. Hewitt+20 includes V5662 Sgr in the nearby novalike sample but describes it as faint/little-studied, with the shortest period in the sample, and notes Tappert+04_CTCV suggested it may be a dwarf nova whose outbursts have been missed. Hewitt+20 Table 1 lists distance 168.6 +/-5.2 pc, V=15.4-18.0, M_V=9.3-11.9, and Porb=0.062887(37) d; Table 3 gives a MeerKAT 0.43-2.1 GHz non-detection <24 uJy and Lnu<0.8e15 erg/s/Hz; Table 4 uses assumed/default SED parameters M1=0.75 Msun, M2=0.09 Msun, i=57 deg, and Mdot=0.005e-9 Msun/yr. Ridder+23 lists Gaia distance 169 +/-4 pc, X-ray fluxes 3.3 +/-0.9e-12 and 4.2 +/-1.1e-12 erg/cm2/s, and the Hewitt+20 radio upper limit <24 uJy. Tappert+04 original arXiv/publisher record is now web-verified; its source-specific period analysis explicitly calls 0.062887(37) d the most probable alias and retains 0.060972(14) d as an important alias.

Source-by-source audit completed 2026-09-25. Exact Gaia DR3 source_id 6749618724313541760 matches the SIMBAD alias chain V5662 Sgr = CTCV J2005-2934 = 1RXS J200552.6-293455. Native Gaia astrometry is ICRS J2016.0; J2000 fields are propagated ICRS, not FK5. G=17.94577 +/-0.00382, BP=17.984585 +/-0.013849, RP=17.818644 +/-0.018723 mag; unresolved observed BP-RP=0.165941 mag, approximate error assumes independent bands. RUWE .954, GoF_AL -1.1491, excess noise/significance 0/0, duplicated_source=false, 19 visibility periods, 323 good AL observations; Gaia marks VARIABLE. Gaia single-star astrophysical parameters are empty. Bailer-Jones EDR3 geometric posterior p50=169.325912 pc, p16=164.887756, p84=173.188217; photogeometric retained separately. M_G=11.802152883 mag is derived from Gaia G and geometric p50 without extinction correction; asymmetric uncertainty uses distance percentiles and G error in quadrature assuming independence and omitting covariance/systematics. No source-specific reddening is adopted. Tappert+04 reports H-alpha EW=219 Å, H-beta EW=66 Å, no HeII 4686 detection, and five period aliases; P3 is most probable but not a secure orbital period. Hewitt+20 uses M1=.75 Msun, M2=.09 Msun, i=57 deg as default/model inputs and Mdot=5e-12 Msun/yr as a model output, not component measurements. No direct WD Teff/mass/radius/logg/cooling age or surface field, donor subtype/mass/Teff/radius, q, inclination, spin/beat period, synchronization, Pdot or accretion rate was found in the searched originals. See [local artifact withheld] for search scope, evidence, radio/X-ray details and access limitations.","The Tappert+04_CTCV period is the most probable alias, not a uniquely secure orbital period; P4=0.060972(14) d remains plausible. No object-specific WD Teff, measured component masses, direct donor spectral type/Teff, or WD magnetic-field strength found in inspected sources. Hewitt+20 component masses/inclination/Mdot are assumed/default SED inputs, not measurements. Classification is ambiguous: Tappert+04_CTCV describes dwarf-nova-like properties and Hewitt+20 includes it in a novalike radio sample while also noting it may be a missed-outburst dwarf nova. Tappert+04 original paper is now web-verified through the arXiv record and public article text; the orbital period remains alias-sensitive and is not a secure dynamical ephemeris.

Open issues V5662-001–005: period alias; DN/novalike classification and state; low-count 2RXS localization/counterpart; model-converted X-ray flux/absorption convention; state at MeerKAT epoch. Do not interpret SED assumptions as measured component properties; no evolutionary path is inferred.",0.0998,0.0786,0.023288313,VARIABLE,false,0.0,0.0,1.173,19,323
gaia-dr3:1972957892448494592,SS Cyg,non_magnetic_cv,prototype U Gem-type dwarf nova; recurrent radio-jet source,1972957892448494592,source_by_source_literature_audited_with_open_issues,ok,simbad_name_gaia_dr3,V* SS Cyg,325.678347707328,43.586074400689,325.679037285810,43.586222468726,90.559638,-7.110807,8.854121474,0.030379275,112.385002208,0.029463350,33.314842212,0.032866023,11.671213,0.013777652,12.124909,0.066085748,10.948180,0.040370354,1.176729,6.41835,2.326505,,,,112.349998,112.001350,112.740143,,,exact_dr3_source_and_bailer_jones_edr3_queries_checked,https://vizier.cds.unistra.fr/viz-bin/VizieR-5?-source=I/355/gaiadr3&Source=1972957892448494592,6.60311352 h (0.27512973 d; Hessman+84 ephemeris quoted in Bitner+07),"Bailer-Jones EDR3 geometric posterior: 112.349998 pc (p16=112.001350, p84=112.740143); photogeometric posterior kept separate; VLBI 114±2 pc (Miller-Jones+13); HST/FGS reductions 166.2±12.7, about 165, 120.5, and 137±4 pc remain discrepant and unresolved.",Koerding+08_SSCyg;Russell+16;MillerJones+13_SSCyg;Fender+19_SSCyg,Ridder+23;Russell+16;Wheatley+03_SSCyg;Ishida+26_SSCyg,Ridder+23;Russell+16;Bitner+07_SSCyg;Harrison+16_SSCyg;Sion+10_SSCyg;SionGodon+15_SSCyg;MillerJones+13_SSCyg;NelanBond+13_SSCyg;Harrison+99_SSCyg;HarrisonJohnson+04_SSCyg;HarrisonMcArthur+16_AAS227;Koerding+08_SSCyg;Wheatley+03_SSCyg;Fender+19_SSCyg;Ishida+26_SSCyg;MaucheRobinson+01_SSCyg;Sharp+26_SSCyg,~1,"Fender+19_SSCyg late-outburst synchrotron-plasma estimate; emission-region magnetic field only, not WD surface field.",6.60311352,Bitner+07_SSCyg,,,,,"45,000–50,000 K in Sion & Godon+15 refit at 114–120 pc; model-dependent and no formal error. Sion+10 branches retain 46,000 K at E(B−V)=0.04 and 55,000 K at E(B−V)=0.07 using the old 166 pc distance.",SionGodon+15_SSCyg;Sion+10_SSCyg,"0.81 ±0.19 Msun from Bitner+07; midpoint/range interval with q correlation, not a Gaussian 1-sigma measurement. Older 1.19 Msun value is a legacy/model branch, not independent direct measurement.",Bitner+07_SSCyg;Ishida+26_SSCyg,No object-specific WD surface field measurement or upper bound found in the searched primary literature. Classified/treated as non-magnetic CV; absence of a detected field is not a numerical field limit.,Bitner+07_SSCyg;Russell+16,,,,,,"No direct mean photospheric, polar, or accretion-region WD field is adopted. Fender+19's approximately 1 G is an inferred synchrotron ejecta/plasma field, not a WD surface field. XRISM coronal/boundary-layer interpretation is not a field measurement.",K4.5 V ±0.5 subtype from Bitner+07 sequence calibration; Harrison+16 IJHK model gives Teff=4750 K and discusses apparent K3.5 / inclination-corrected K2.5 alternatives.,"0.55 ±0.13 Msun; Bitner+07 midpoint/range estimate, correlated with q and not a Gaussian standard deviation.","4470 ±140 K assigned from K4.5 spectral-temperature scale (Bitner+07); distinct IJHK spectral model output 4750 K (Harrison+16, no formal error).",Bitner+07_SSCyg;Harrison+16_SSCyg,"SS Cyg is the prototypical non-magnetic U Gem-type dwarf nova and one of the clearest cases of transient radio synchrotron emission during accretion-state changes. Its radio outflow and accretion-boundary-layer emission make it useful for comparison with radio-emitting WD systems, but do not establish a shared evolutionary pathway. Gaia J2016.0 astrometry and propagated ICRS J2000 coordinates are kept distinct; source ID is confirmed through SIMBAD aliases and the VLBI counterpart. Adopted compatibility distance is the Bailer-Jones EDR3 geometric posterior; published VLBI 114±2 pc agrees, while HST/FGS analyses differ markedly and remain visible as an open issue. Absolute G=6.41835 is derived for the unresolved system from G=11.671213 and d=112.349998 pc, with no extinction correction; its approximate asymmetric error combines Gaia G uncertainty with the Bailer-Jones p16/p84 distance offsets in quadrature, assuming independence. Gaia GSP-Phot Teff, distance and extinction outputs are single-star pipeline results and are blank here, not interpreted as binary components. Bitner+07 HET donor velocities give K=162.5±1.0 km/s, q=Mdonor/MWD=0.685±0.015 (single-solution; weighted literature q=0.683±0.012), inclination 45–56 deg, and mass interval midpoints MWD=0.81 and Mdonor=0.55 Msun; quoted widths are model ranges, not Gaussian errors. Donor K4.5 V±0.5 and 4470±140 K are sequence-based; Harrison+16 IJHK spectral modeling gives 4750 K and subsolar Fe/C/Mg abundances without formal errors. The Roche-lobe-filling donor is oversized relative to an unevolved star for its mass; Bitner interprets this as core-H depletion. The system's 6.60311352 h orbital period is not a WD spin. Outburst DNOs change from 7.81 to 6.59 s, jump to 2.91 s and then 2.85 s in 1996; XRISM+26 reports a model-dependent possible 16–44 s rotation estimate from fluorescent-line width but no coherent 10–50 s signal; no numeric WD spin is adopted. Keep Sharp+26's 0.25–8 h QPO-like optical periods separate. Quiescent WD photosphere fits remain model/distance/reddening dependent: Sion+10 gives 46 kK at E(B−V)=0.04 and 55 kK at 0.07 using 166 pc, while Sion & Godon+15 refit gives 45–50 kK at the shorter distance with fixed assumed WD mass. No direct WD surface field, magnetic moment, radius or cooling age is established. Radio emission is variable, compact, and most consistently explained as synchrotron from an outflow; Fender+19's ~1 G estimate belongs to the emitting plasma. Ridder+23's two 1–10 keV fluxes pair maximum-Xray and maximum-radio points, not guaranteed simultaneous; exact Swift model/NH/conversion details for SS Cyg are missing.","Source-by-source checkpoint 2026-09-25: SS Cyg is audited with open issues SSCYG-001–005. See [local artifact withheld] and query_log.md; 149 source-specific measurement rows are in rawdog_measurements.csv. Critical unresolved items are HST distance re-reductions, model/reddening dependence of WD Teff, DNO versus spin interpretation, Ridder+23 Swift flux provenance, and donor Teff/subtype methodology.",0.022185484,0.026066013,0.077440891,NOT_AVAILABLE,false,0.31795055,124.18029,1.2967858,28,448
gaia-dr3:6050296829033196032,AR Sco,white_dwarf_pulsar,white dwarf pulsar; spin-powered/non-accreting WD+M-dwarf binary,6050296829033196032,literature_audited_original_full_text_checked_with_unresolved_issues,secure_user_confirmed_gaia_id_and_simbad_exact_id_match,user_confirmed_gaia_dr3; exact SIMBAD Gaia-ID/name query; position consistency,V* AR Sco,245.447013327688,-22.886218246966,245.447060075145,-22.886447087035,353.519073,18.71189,8.5436766446,0.037648138,9.6901762133,0.047136016,-51.4890140524,0.038345102,14.990165,0.03139,15.548838,0.10923,14.165541,0.06135,1.383297,9.6582,1.3933007,,,,116.517944,116.023529,116.957703,,,exact_Gaia_DR3_and_Bailer-Jones_source_queries_saved; GSP-Phot component-like outputs not adopted,https://vizier.cds.unistra.fr/viz-bin/VizieR-5?-source=I/355/gaiadr3&Source=6050296829033196032,3.56484672 h (0.14853528(8) d; Marsh+16); orbital ephemeris BMJD(TDB)=57264.09615(33)+0.14853528(8)E,"116.517944 pc geometric Gaia EDR3/Bailer-Jones p50 (p16=116.023529, p84=116.957703); 116.7±0.4 pc combined Gaia+VLBI (Jiang+23); 116±16 pc M5-template/near-Roche model (Marsh+16). No parallax inversion.",Marsh+16;Ridder+23;Stanway+18_ARSco;Marcote+17_ARSco;BarrettGurwell+25_ARSco,Marsh+16;Ridder+23,Marsh+16;Buckley+17_ARSco;Katz+17_ARSco;Marcote+17_ARSco;duPlessis+19_ARSco;Garnavich+21_ARSco;Pelisoli+22_ARSco;Ridder+23;Jiang+23_ARSco;Stanway+18_ARSco;duPlessis+22_ARSco;Garnavich+23_ARSco;duPlessis+24_ARSco;Lyutikov+20_ARSco;BarrettGurwell+25_ARSco;Buckley+26_ARSco,42.7±0.2 G fast-cooling synchrotron-region MCMC (20 G slow-cooling alternative; BarrettGurwell+25 body/Table 2); the abstract instead prints 43 MG. Katz+17 donor-interaction model uses ~100 G; not a WD surface field.,"Radio-region fields are model-dependent and refer to different locations: BarrettGurwell+25 full text/Table 2 local zone (~43 G), its abstract says 43 MG, and the paper separately extrapolates a ~15-MG WD pole assuming a dipole at 0.6 orbital radii. Do not merge these with companion fields or WD photospheric diagnostics.",3.56484672 (0.14853528(8) d),Marsh+16;Pelisoli+22_ARSco;Ridder+23,"117.12045379(4) s from Pelisoli+22 constrained-derivative Fourier solution; Barrett+25 body uses 117.12 s, abstract prints 117.0564 s; period is reference-epoch/model dependent",Marsh+16;Pelisoli+22_ARSco;BarrettGurwell+25_ARSco,"118.19916007(4) s, spin-orbit beat; dominant ~1.97-min optical/radio modulation; not the WD spin",Marsh+16;Pelisoli+22_ARSco;Stanway+18_ARSco,11500±500 K WD photosphere from HST/COS pulse-trough spectrum (Garnavich+21); pulse-associated magnetic-pole hotspots 23000–28000 K; earlier Marsh+16 pulse-averaged non-detection gave T<9750 K under log g=8 model,Garnavich+21_ARSco;Marsh+16,0.81–1.29 allowed Marsh+16 dynamical/Roche interval; duPlessis+19 RVM gives 1.00(+0.16/-0.10) only if zeta≈orbital inclination and donor fills Roche lobe,Marsh+16;duPlessis+19_ARSco,"No direct global WD surface-field measurement. Garnavich+21 gives conditional photospheric Ly-alpha Zeeman upper limit <=100 MG; Buckley+17 spin-down dipole upper scale <=500 MG; Katz+17 abstract ~100 MG but vacuum-dipole Table 1 Bp=1100–3600 MG*csc(theta); Lyutikov+20 low-field propeller model ~1 MG; BarrettGurwell+25 full-text model infers ~15-MG pole, but abstract/body emission-region unit is disputed. Keep branches distinct.",Garnavich+21_ARSco;Buckley+17_ARSco;Katz+17_ARSco;Lyutikov+20_ARSco;BarrettGurwell+25_ARSco,No measured WD moment. Katz+17 Table 1 gives model mu=4.3e34–1.5e35*csc(theta) G cm3 across WD mass alternatives under vacuum-dipole spin-down; legacy ~8e34 attribution to Buckley+17 not found as a direct published value.,Katz+17_ARSco;Buckley+17_ARSco,<=100 MG conditional upper limit from Garnavich+21 Ly-alpha Zeeman non-distortion; no direct Zeeman field detection.,Model alternatives only: ~15 MG dipole extrapolation in BarrettGurwell+25 body; <=500 MG upper scale in Buckley+17; Katz+17 vacuum-dipole Table 1 1100–3600 MG*csc(theta); Katz abstract ~100 MG. Barrett+25 abstract emission-zone claim 43 MG is in conflict with its Table 2/body value ~43 G.,No source-specific accretion-column/cyclotron field measurement found in searched primary AR Sco sources; source is not established as a conventional accretion-pole emitter.,"All field values are non-equivalent model results or upper constraints, not a single adopted WD surface field. BarrettGurwell+25 abstract/body/Table2 unit discrepancy remains ARSCO-001; broader method/model disagreement remains ARSCO-005.",M5 main-sequence/cool M-dwarf spectral-template classification; irradiated inner face produces emission lines,0.28–0.45 allowed by Marsh+16; M5/Roche arguments favor ~0.3; no single preferred mass selected,3100-K M5 model-atmosphere template in Marsh+16 SED; heated-face apparent component may reach ~15000 K in Garnavich+21 FUV phase comparison; neither is a uniform directly measured donor Teff,Marsh+16;Pelisoli+22_ARSco;Garnavich+21_ARSco,"AR Sco is securely matched to Gaia DR3 6050296829033196032 and SIMBAD V* AR Sco; it is a confirmed WD+M5 radio-pulsing binary. Gaia ICRS coordinates are at J2016.0; epoch-J2000 values are linearly propagated ICRS, not FK5/J2000. Compatibility distance is the Bailer-Jones EDR3 geometric posterior; independent VLBI agrees. Gaia GSP-Phot Teff/distance/extinction were blanked from component-like wide fields and remain in the ledger as single-star pipeline outputs. M_G=9.6582 is unresolved-system, no-extinction, derived from G and geometric distance. Distinguish Porb=3.56484672 h, WD spin=117.12045 s, and beat=118.19916 s; optical and cm radio ~1.97-min pulsations are predominantly beat, while 220-GHz modulation is near twice spin frequency. Marsh+16 q=M2/M1>0.35 and MWD=0.81–1.29 M_sun remain separate from duPlessis+19 q=M1/M2 and RVM mass requiring zeta≈i; duPlessis+22 phase-resolved RVM fits vary with orbital phase. WD photospheric Teff=11500±500 K from Garnavich+21 trough spectra, with 23000–28000 K polar hotspots; Marsh+16 <9750 K came from average-spectrum non-detection and different phase selection. Donor M5 mass/radius/temperature values retain template and Roche-model assumptions. Radio data include frequency- and epoch-specific fluxes, orbital/beat modulation, polarization and SMA measurements. X-ray comparison flux is 1–10 keV; its absorption convention and uncertainty are not specified in Ridder+23 Table 3. No direct WD radius, cooling age, mass-transfer rate, or magnetic moment is adopted. Magnetic fields remain disputed across photospheric Zeeman limits, spin-down estimates, propeller/synchronar theories and the 2025 submillimeter paper; ARSCO-001–008 remain open.","Review queue ARSCO-001–008 preserves the 2025 magnetic-field unit, timing and flux discrepancies; q/inclination conventions; field/moment model alternatives; detached/propeller evolutionary interpretation; unverified NICER/MeerKAT/Fermi claims reported only in Buckley+26 proceedings; and the unsupported inherited ~8e34 G cm3 moment. Do not select one model value without direct clarification or a clear publication correction.",,,0.12528,VARIABLE,false,0.18859363,9.853047,1.3331352,17,358
gaia-dr3:6712706405280342784,J191213.72-441045.1,white_dwarf_pulsar,white dwarf pulsar; AR Sco sibling; possible residual-accretion/propeller-like WDP,6712706405280342784,audited_with_unresolved_issues,ok,exact Gaia DR3 ID in discovery paper; SIMBAD Gaia alias; X-ray/optical position agreement,2MASS J19121372-4410450,288.057165961872,-44.179190070172,288.057063026645,-44.179239022866,353.343194753913,-22.061308296204,4.198945134731,0.08166884,-16.609818523278,0.111612156,-11.014345719516,0.10675,17.093914,0.02819,17.499367,0.10306,16.278380,0.05039,1.220987,10.22265,1.0995543,,,,236.729919,231.984863,241.091064,,,exact Gaia DR3 and Bailer-Jones EDR3 source-ID queries saved; Gaia GSP-Phot outputs blank,https://vizier.cds.unistra.fr/viz-bin/VizieR-5?-source=I/355/gaiadr3&Source=6712706405280342784,4.0348774 (0.16811989(36) d),"Pelisoli+23 reports 237 +/- 5 pc; Bailer-Jones EDR3 geometric posterior: p16=231.984863, median=236.729919, p84=241.091064 pc; photogeometric median=237.099228 pc. No raw parallax inversion adopted.",Pelisoli+23;Meintjes+25_J1912,Schwope+23,Pelisoli+23;Schwope+23;Pelisoli+23_J1912UV;Meintjes+25_J1912;Minnie+25_J1912,,"No direct radio/equipartition magnetic-field estimate found; Pelisoli+23 interprets narrow radio pulses as synchrotron/pulsar-like emission, possibly seen closer to a WD magnetic pole.",4.03487736 (0.16811989(36) d),Pelisoli+23;Schwope+23;Pelisoli+23_J1912UV,319.34903(8) s (2022 optical/radio timing); separate 2025 MeerKAT timing reports 319.40356 s; preliminary Fermi-LAT candidate period 319.99 +/- 0.34 s is not adopted as the WD spin,Pelisoli+23;Schwope+23;Pelisoli+23_J1912UV;Meintjes+25_J1912;Minnie+25_J1912,,,"11485 +/- 90 K, HST/COS photospheric fit after pulse-dilution correction; separate discovery-paper model-dependent optical upper limits <13000 K (1.0 Msun/log g=8.5) and <23000 K (1.2 Msun/log g=9.0)",Pelisoli+23_J1912UV;Pelisoli+23,unresolved: 0.59 +/- 0.05 (HST/COS atmosphere plus WD mass-radius models) versus 1.2 +/- 0.2 Msun (discovery optical/Roche analysis),Pelisoli+23_J1912UV;Pelisoli+23,tentative photospheric upper limit approximately 50 MG; no direct field detection,Pelisoli+23_J1912UV,,,tentative upper limit about 50 MG from UV/Zeeman model; not a detection,,,"UV spectrum shows no resolved Zeeman splitting. The approximate 50 MG constraint is a conditional photospheric upper limit; no field is directly measured, no radio-emission-region field is derived, and no spin-down-based field or magnetic moment is available.",M4.5 +/- 0.5 donor; irradiated inner face contributes emission lines,"0.25 +/- 0.05 Msun reported in discovery analysis; retain as model-dependent estimate, not a direct donor dynamical mass",,Pelisoli+23;Pelisoli+23_J1912UV,"Direct HST/COS photospheric features establish the WD identity. The adopted WD Teff is 11485 +/- 90 K; the WD mass remains unresolved between the discovery optical/Roche estimate (1.2 +/- 0.2 Msun) and the later UV atmosphere/mass-radius result (0.59 +/- 0.05 Msun). Preserve both with methods in the measurement ledger. Gaia EDR3 Bailer-Jones geometric distance is used; Gaia single-star astrophysical parameters are blank and not interpreted as component values. The donor is M4.5 +/- 0.5; 3100 K is only a spectral/SED template, not a measured uniform donor temperature. The 326.53 s omega-Omega sideband is not stored in the IP-specific beat field. Radio measurements are peak image brightness in mJy/beam, not integrated flux density. See J1912 source audit and review issues J1912-001 through J1912-005.",Open issues: WD mass and associated dynamical/inclination constraints; apparent decimal-place inconsistency in the printed UV radius; 2025 long-baseline MeerKAT period versus discovery timing and an internal proceeding typo; preliminary Fermi-LAT pulse and phase-coherence significance; detached versus residual-transfer/accretion interpretation. A prior note associated Gaia DR3 6712712349514963072 with a rejected counterpart; the discovery paper identifies that ID as its G=13.8 ULTRACAM comparison star. The target is securely Gaia DR3 6712706405280342784.,0.07802636,0.079562016,0.11472,NOT_AVAILABLE,false,0.23694107,1.6040654,1.3913397,15,181
gaia-dr3:855784912471554176,ILT J1101+5521,long_period_transient,WD+M detached LPT; WD inferred from blue excess/SED; magnetic/polar status unconfirmed,855784912471554176,audited_with_unresolved_issues,ok,exact_Gaia_DR3_ID_plus_published_SDSS_alias_and_radio_position,SDSS J110150.52+552119.9,165.460464633633,55.355564744397,165.460707410975,55.355482875198,150.45487,55.520085,2.302159387813078,0.45624495,31.053270882983647,0.37399384,-18.420623784651788,0.39797935,20.00551,0.00406,21.19533,0.14652,18.73405,0.02325,2.46128,11.49396,1.0017127,,,,503.860168,394.788361,651.673340,,,exact_DR3_source_row_checked,https://gea.esac.esa.int/archive/,2.09167 +/-0.10833 h (7530 +/-390 s RV); radio 7531.7868 +/-0.0012 s topocentric; 7531.1699 +/-0.0012 s barycentric private communication,"300 +/-30 pc Rodriguez+26 optical SED; 333 +/-25 pc deRuiter+25 broadband SED; Gaia geometric 503.860 [394.788,651.673] pc; photogeometric 710.142 [615.156,844.575] pc",deRuiter+25,deRuiter+25,deRuiter+25;Rodriguez+26,,No quantitative WD or radio-region field measurement found. Coherent emission and a proposed interaction do not determine the WD surface field.,2.09167 +/-0.10833 from 7530 +/-390 s Na I RV solution,Rodriguez+26,not independently measured; radio/orbit/WD-spin equality is only a polar-like interpretation; asynchronous spin possible,deRuiter+25;Rodriguez+26,,,5160 +290/-130 K Rodriguez+26 DA+M spectrum/MCMC fit; deRuiter+25 broad-band fit permits roughly 4500–7500 K,Rodriguez+26;deRuiter+25,"0.84 +0.14/-0.13 Msun Rodriguez+26 fit and WD mass-radius relation, not dynamical; deRuiter+25 photometric degeneracy 0.2–1.3 Msun",Rodriguez+26;deRuiter+25,not measured; no direct Zeeman/cyclotron constraint,deRuiter+25;Rodriguez+26,,,,,,No direct WD field estimate or limit. Do not infer field from coherent radio emission or polar-like behavior; Rodriguez+26 leaves magnetic status open.,M4.5V best fit; M4.0V not confidently ruled out,0.128 +/-0.005 Msun Rodriguez+26 SED/isochrone model; deRuiter+25 broadband fit 0.188 +/-0.010 Msun,2960 +40/-30 K Rodriguez+26 model fit,Rodriguez+26;deRuiter+25,"Exact identity: ILT J1101+5521 = ILT J110150.52+552119.6 = SDSS J110150.52+552119.9 = Gaia DR3 855784912471554176. Nature text contains malformed J110160.52 alias; not a second object. Radio/Gaia J2000 propagated ICRS separation 0.4143 arcsec; Gaia/SDSS/SIMBAD exact ID join and chance-alignment probability <0.00014 support association. Gaia is ICRS/J2016.0; propagated 2000 coordinates are not FK5. Gaia photometry is unresolved, observed BP−RP=2.46128; approximate errors use 1.085736/(flux_over_error); no Gaia single-star Teff or intrinsic color adopted. Bailer-Jones geometric p50=503.860 pc [394.788,651.673], photogeometric 710.142 [615.156,844.575]. Competing SED distances: deRuiter+25 333±25 pc; Rodriguez+26 300±30 pc. Rodriguez component fits use DA Koester H atmosphere fixed log g=8, 10-Gyr solar Baraffe donor/BT-DUSTY log g=5, imposed 10% donor radius inflation, E(B−V)=0.01 fixed (Table 1 writes ±0.001). Reported WD T=5160 +290/−130 K, R=.010 +.0010/−.0016 R_sun, M=.84 +.14/−.13 M_sun from mass-radius relation; donor T=2960 +40/−30 K, R=.156 +.007/−.006 R_sun, M=.128±.005 M_sun. q=M_MD/M_WD=.15 +.03/−.02; i=13±1 deg; R_MD/R_L=.817±.001. All are model-dependent. Keep P_orb=7530±390 s separate from topocentric radio 7531.7868±.0012 s and barycentric 7531.1699±.0012 s (private communication); no direct WD spin, beat, field or cooling age. Hα follows donor RV and is likely chromospheric. See [local artifact withheld] and ILT-001–005.","Open: (1) distance choice among 300±30, 333±25 and Gaia geometric 504 [395,652] affects luminosities/M_G; (2) radio/orbit/spin identity and barycentric period require ephemeris verification; (3) WD companion favored by SED but lacks direct spectral/field evidence; (4) model-derived WD/donor properties depend on stated assumptions; (5) M4.5 versus M4 subtype and E(B−V) fixed versus Table 1 ±0.001.",0.27599788,0.30349508,0.148354,NOT_AVAILABLE,false,1.0715036,1.0899392,1.600079,28,508
gaia-dr3:5566254014771398912,GLEAM-X J0704-37,long_period_transient,"detached WD+M-dwarf LPT; WD favored by composite SED, magnetic/synchronization status unconfirmed",5566254014771398912,audited_with_unresolved_issues,ok,published_Gaia_DR3_ID_plus_MeerKAT_localization_plus_exact_SIMBAD_ID,Gaia DR3 5566254014771398912,106.054945776759,-37.104034231797,106.05496359614598,-37.10404890406633,247.9122845912039,-13.6218351964597,-0.2227831463,0.98077434,3.1976324578,1.2075402,-3.3012603363,1.5122383,20.784512,0.010135,21.268938,0.211124,19.417715,0.118519,1.851223,12.885594,1.0273534,,,,3010.020510,1565.906010,6045.208010,,,exact_source_id_query,https://vizier.cds.unistra.fr/viz-bin/VizieR-5?-source=I/355/gaiadr3&Source=5566254014771398912,Spectroscopic orbit 10496 +/- 5 s (2.91556 h); one-night 10500 +/- 500 s; radio recurrence 10496.5522 +/- 0.0008 s.,"Rodriguez+25/+26 SED/MCMC 380 +/- 10 pc; Hurley-Walker+24 adopted 1.5 +/- 0.5 kpc; DM models YMW16 0.4 +/- 0.1 and NE2001 1.8 +/- 0.5 kpc; Bailer-Jones EDR3 geometric 3010 [1566,6045] pc, photogeometric 3859 [3273,4252] pc.",Hurley-Walker+24;Rodriguez+25;Rodriguez+26,Hurley-Walker+24,Hurley-Walker+24;Rodriguez+25;Rodriguez+26,,No quantitative radio-emission-region field estimate found. Coherent polarized pulses imply an ordered-field emission environment but do not measure the WD or emission-region field.,10496 +/- 5 s = 2.91556 +/- 0.00139 h from Keck RV; radio recurrence 10496.5522 +/- 0.0008 s kept separate.,Rodriguez+25;Rodriguez+26;Hurley-Walker+24,not independently measured; near-equality of radio recurrence and orbital period does not measure WD spin or prove synchronization,Hurley-Walker+24;Rodriguez+25;Rodriguez+26,,,7320 +800/-590 K from a composite DA WD + M-dwarf spectral/MCMC fit; not a direct WD line measurement.,Rodriguez+25;Rodriguez+26,"1.02 +0.12/-0.13 Msun, model-derived from fitted WD radius and Bédard et al. mass-radius relation; E(B-V)=0.3 sensitivity branch gives 0.82 +0.14/-0.12 Msun.",Rodriguez+25;Rodriguez+26,"not measured; no WD photospheric, polar, longitudinal, cyclotron/accretion-region value or numeric limit found",Hurley-Walker+24;Rodriguez+25;Rodriguez+26,,,,,,"Strong radio emission motivates a magnetic WD hypothesis, but Rodriguez+25/+26 report no direct WD magnetic signature. The radio-emission-region field is not a WD surface field.",M5-type from Keck Na I/RV spectrum and ~3010 K composite fit; discovery SOAR spectrum was classified M3V (~3400 K).,0.136 +/- 0.003 Msun from 10-Gyr solar Baraffe isochrone tied to fitted spectrum/radius; 10% donor-radius inflation assumed.,3010 +/- 20 K model fit; discovery-paper approximate M3V estimate ~3400 K.,Hurley-Walker+24;Rodriguez+25;Rodriguez+26,"Identity: GLEAM-X J0704-37 is published with Gaia DR3 5566254014771398912; its exact SIMBAD Gaia-ID record returns that Gaia object only. MeerKAT J2000 localization is RA 07:04:13.19, Dec -37:06:14.3 (1 sigma 0.3 arcsec); paper reports a 0.3 arcsec Gaia offset and 0.05% chance-alignment probability. Gaia coordinates are ICRS/J2016.0; epoch-2000 propagated values are ICRS, not FK5. The Gaia-to-radio row contains mixed-epoch separations; use the propagated J2000 position for a like-epoch comparison. Gaia parallax -0.22278 +/- 0.98077 mas is not inverted. Bailer-Jones exact EDR3 p50/p16/p84: geometric 3010.021/1565.906/6045.208 pc; photogeometric 3858.668/3273.353/4251.649 pc. Gaia G/BP/RP and BP-RP are unresolved observed-system values; BP/RP errors and color error are approximate from flux_over_error. Absolute G=12.8855 +/-0.058 is locally derived from G and the Rodriguez SED distance 380 +/-10 pc, no extinction, and is not an independent component CMD point. Competing distances remain separate: discovery adopted 1.5 +/-0.5 kpc after YMW16 0.4 +/-0.1 kpc, NE2001 1.8 +/-0.5 kpc, Gaia parallax/Bailer-Jones, and spectral reddening; Rodriguez+25/+26 composite SED fit gives 380 +/-10 pc. Rodriguez+25 Appendix E.1 quotes a Gaia distance 3.9(+3.0/-1.5) kpc, whose central value and uncertainty appear to mix the exact photogeometric and geometric Bailer-Jones row; queued as GLEAM0704-001. Rodriguez+25 model fit uses DA/H-rich Koester WD atmosphere with log g=8, solar BT-DUSTY donor log g=5, 10-Gyr Baraffe isochrone, 10% donor radius inflation, and E(B-V) linked to Edenhofer 3D dust map. Values are posterior/model-derived, not direct component measurements: WD Teff 7320 +800/-590 K, R=0.0079 +0.0014/-0.0015 R_sun, M=1.02 +0.12/-0.13 M_sun; sensitivity fit at fixed E(B-V)=0.3 gives M=0.82 +0.14/-0.12 M_sun. Donor Teff=3010 +/-20 K, R=0.165 +0.003/-0.004 R_sun, M=0.136 +/-0.003 M_sun; q=M_MD/M_WD=0.133 +0.019/-0.014; a=1.07 +/-0.04 R_sun; filling=0.680 +/-0.001; i=28 +2/-1 deg. No dynamical WD mass, direct WD spectral line, spin, magnetic field/moment, or numeric cooling age is measured. Rodriguez+26 infers >80% core crystallization from Bédard cooling tracks. The spectroscopic orbit is 10496 +/-5 s (one-night 10500 +/-500 s); radio recurrence is 10496.5522 +/-0.0008 s. The near equality does not establish WD spin/synchronization. The separate ~6.27 +/-0.23 yr timing sinusoid and 60.5 +/-11.2 light-second projected amplitude may be timing noise, an orbit, or another long-term signal. Discovery Pdot is consistent with zero; its 3-sigma limit is <3.9e-11 s/s and is not adopted as WD spin-down or orbital Pdot. MWA pulses were found at 72–231 MHz; MeerKAT follow-up 550–1050 MHz; pulse widths ~30–60 s (brightest ≤80 s), LP 20–50%, CP 10–30%, RM=-7 +/-1 rad/m2, DM=36.541 +/-0.005 pc cm-3, alpha=-6.2 +/-0.6 and curvature q=-1.9 +/-1.4 at 1 GHz. No persistent MeerKAT UHF source outside pulses: 3-sigma <30 uJy/beam. XMM nondetection: unabsorbed 0.3–10 keV flux <9e-15 (PL Γ=2) or <5e-15 erg cm-2 s-1 (BB kT=0.3 keV), with tbabs NH=2.7e21 cm-2; discovery luminosity limits assume 1.5 kpc. UVOT 3-sigma Vega limits UM2=20.4, UW1=20.5, UW2=20.6. No strong accretion lines are reported; weak H-alpha may include a high-velocity (~330 km/s) component outside the donor but this comes from a single orbit and needs follow-up. No radio pulse flux normalization was numerically extracted from the figure.","Open GLEAM0704-001–005. Primary unresolved choices: distance among 380-pc SED, YMW16, NE2001 and Gaia/Bailer-Jones; clarify Rodriguez+25 quoted 3.9-kpc Gaia posterior vs exact EDR3 rows; decide whether WD-favored composite model qualifies for confirmed-WD sample; determine whether radio period, orbit, and possible spin are synchronized and what the ~6-year residual represents; retain component values as model-dependent; verify variable H-alpha origin.",0.7639183,0.9635195,0.242116,NOT_AVAILABLE,false,1.4457664,0.38300648,1.9464738,16,170
name:chime-ilt-j1634-plus-44,CHIME/ILT J1634+44,long_period_transient,LPT; WD-containing candidate; NS-like/pulsar-like alternative; no confirmed Gaia counterpart,NA,literature_audited_gaia_unresolved,unresolved,VLA radio localization; exact SIMBAD name query; VizieR Gaia DR3 cone query to 30 arcsec; no nearest Gaia source assigned,NAME CHIME J1634+44,248.624833,44.837083,248.624833,44.837083,70.170683,42.575371,,,,,,,NA,,,,,,,,,,,,,,,,,no_gaia_id,,No confirmed Porb. Bloot+25 proposes 2103.1061–2103.1141 s (5:2) or 1402.0814–1402.0853 s (5:3) if 841 s is WD spin; Dong+25 finds no evidence for the specific 2103 s orbit; Zhan+26 explores 841 s as orbit and ~4206 s as spin-orbit beat. Model alternatives only.,"Bloot+25: NE2001 1.0–1.6 kpc, YMW16 1.5–4.3 kpc from DM=22.5±5.5; Dong+25: NE2001 1.4 kpc, YMW16 3.0 kpc from mean DM=25.0±0.2; no unique distance.",Bloot+25;Dong+25;Fedorova+25_ATel17333;Shin+25_ATel17434;Men+25_ATel17440;Dudeja+25_ATel17562;Dudeja+25_ATel17565,Bloot+25;Dong+25;Ng+25_ATel17474;Lundy+25_ATel17478,Bloot+25; Dong+25,,No direct WD/emission-region field measured. Bloot+25 explores assumed dipoles and a conditional stability bound in a UCD binary; not a surface-field measurement. Dong+25 find radio properties more pulsar-like than known WD-pulsar analogues but this does not prove an NS.,No measured orbital period. Bloot+25 5:2/5:3 resonance ranges and Dong+25/Zhan+26 clock assignments are model alternatives; do not enter as Porb.,Bloot+25;Dong+25;Zhan+26,Not independently identified. Bloot+25 assumes 841.24808±0.00015 s is WD spin in one model; alternatively the pulse period could be orbital and WD spin ~2103.10825–2103.11229 s. Dong+25 does not establish WD spin.,Bloot+25;Dong+25,Not an IP beat measurement. The 4206.2406±0.0008 s LOFAR fit is an alternative interpulse timing model; Dong+25 reports a ~4206 s burst-arrival pattern; Zhan+26 explores it as a WD spin-orbit beat.,Bloot+25;Dong+25;Zhan+26,"Conditional models only: Bloot+25 single-WD SED 15000–33000 K if marginal GALEX/UNIONS fluxes belong to a homogeneous WD; Dong+25 HSC interpretation permits ~20000–40000 K only if its extended, 5.8%-chance candidate is genuine. No direct WD spectrum.",Bloot+25;Dong+25,"Conditional SED lower bound >=0.78 Msun in Bloot+25 if UV/optical counterpart is a homogeneous WD; no dynamical mass. Dong+25 chirp mass 0.36 Msun is a binary-model value, not a WD component mass.",Bloot+25;Dong+25,"No direct field measurement. Bloot+25 stability example requires Bdip <= about 10^4 G for assumed 1 Msun WD + 0.1 Msun ultracool dwarf; this is model conditional, not an observed WD surface-field limit.",Bloot+25;Dong+25,,Bloot+25;Dong+25,,,,"No Zeeman, cyclotron, polarimetric or direct photospheric field measurement found. RM/DM gives an interstellar line-of-sight mean field of ~0.4 microgauss, not a WD or radio-emission-region field. Model dipole values remain assumptions.",No confirmed companion. Bloot+25 UKIRT J>24.7 gives distance-dependent limits: abstract/conclusion say earlier than M7 excluded; §4.1 excludes M6 at 4.3 kpc. Candidate UCD/WD/NS scenarios are not classifications.,Not measured. Bloot+25 uses 0.1 Msun as an illustrative UCD model input; Dong+25 chirp mass 0.36 Msun is not an individual component mass.,No companion temperature measured. A second WD has model Teff<26000 K only in Bloot+25 double-WD SED scenario.,Bloot+25;Dong+25,"CHIME/ILT J1634+44 = ILT J163430+445010 / CHIME J1634+44 is a Gaia-unresolved LPT with VLA radio localization RA=16:34:29.96, Dec=+44:50:13.5 (J2000; ~0.5 arcsec RA, ~1.1 arcsec Dec uncertainty in Dong+25). Bloot+25 discovered 19 LOFAR/LoTSS pulses at 120-168 MHz in a blind Stokes V search, with pulse durations <=10 s, duty cycle 0.012, peak Stokes I up to 383 +/-52 mJy, pulse period 841.24808 +/-0.00015 s when including Pdot=-9 +/-3e-12 s/s, alternative long/interpulse timing solution 4206.2406 +/-0.0008 s, DM=22.5 +/-5.5 pc/cm3, distance 1.0-4.3 kpc, and pulse-to-pulse polarization switching between ~100 percent circular and ~100 percent linear. Bloot+25 identify marginal UV/optical GALEX/UNIONS detections and UKIRT J>24.7 AB nondetection; their WD SED modeling implies Teff=15000-33000 K, MWD>=0.78 Msun, distance >1.9 kpc, WD age likely <1.5 Gyr, no main-sequence/ultracool companion earlier than M7, and likely companion either ultracool dwarf or another WD. They propose spin-orbit resonance models with a WD spin of 841 s and possible companion periods 2103.110 s (5:2) or ~1402 s (5:3). Dong+25 independently report CHIME/FRB/Pulsar discovery and timing over ~4.5 yr with 89 unique bursts, VLA/realfast localization, VLA flux 77 +/-1 mJy in RR with LL <1.8 mJy (circular polarization fraction >98 percent), mean DM=25.0(2) pc/cm3, DM distances 1.4 and 3.0 kpc for NE2001/YMW16, timing P=841.245895(6) s and Pdot=-9.03(0.11)e-12 s/s, secondary 4206 s bursting pattern, and median intra-burst quasiperiod 0.13(11) s. Dong+25 find a possible HSC optical source within the 3-sigma but outside 2-sigma VLA region with g=25.3 +/-0.4 and r=25.5 +/-0.8, chance alignment probability ~5.8 percent, no GALEX UV detection, and possible WD Teff~20000-40000 K if genuine. Swift/XRT non-detection during activity gives Lx(0.3-10 keV)<5.2e31 erg/s for kT=0.3 keV blackbody or <1.3e32 erg/s for Gamma=1 power law at the 1.4-3 kpc DM distance range. Dong+25 argue the circular polarization, radio luminosity, and microstructure are more NS-like than known WD pulsars/LPT binaries, while Bloot+25 argue the marginal UV/optical counterpart suggests at least one WD. Source-specific audit update (2026-09-25): full published Bloot+25 and Dong+25 papers and later radio/X-ray ATels checked. The 19-pulse LOFAR timing, 89 unique CHIME bursts, 841 s pulse period and negative Pdot are secure radio results; spin/orbit/beat assignments remain disputed. Bloot Table 1/2 Stokes-label inconsistency and LOFAR/VLA astrometric offset are recorded in the source ledger/review queue. Later detections span 110 MHz to 3 GHz. Chandra/Swift/NuSTAR/ROSAT non-detections are retained by band, model, and epoch. Gaia remains unassigned.","No confirmed Gaia DR3 counterpart: exact SIMBAD query resolves only NAME CHIME J1634+44; VizieR Gaia DR3 30-arcsec cone has no source within 18.006 arcsec. LOFAR localization (16:34:30,+44:50:10; stated ±2 arcsec 3 sigma) and VLA localization (16:34:29.96,+44:50:13.5; 0.5/1.1 arcsec reported 1 sigma upper uncertainties) differ by 3.53 arcsec; this is not a measured proper motion and could be compatible with the loose <1 arcsec/yr limit. GALEX/UNIONS and HSC candidates remain unassociated. Review CHIME1634-001–006.",,,,,,,,,,
gaia-dr3:5946454415417964032,ASKAP J174508.9-505149,long_period_transient,accreting magnetic CV LPT; polar/asynchronous-polar/IP candidate,5946454415417964032,audited_with_unresolved_issues,ok_multi_candidate,MeerKAT radio position plus Gaia DR3 exact-ID/neighbor comparison; Magellan spectra identify Gaia 4032; published chance-coincidence test,ASKAP J174508.9-505149,266.287199,-50.863877,266.28722,-50.863861,340.999915,-11.155019,1.7487,0.9137,2.98,0.85,3.771,0.746,19.44998,0.03915,18.9717,0.10273,17.89236,0.07724,1.07934,10.6636,1.996,,,,,,,,,exact_source_id_query_checked,https://vizier.cds.unistra.fr/viz-bin/VizieR-5?-source=I/355/gaiadr3&Source=5946454415417964032,1.368 +/- 0.053 h spectroscopic Porb; 4841.89(+0.12/-0.14) s radio recurrence = 1.34497 h; 4868 +/- 22 s X-ray modulation; 4775 +/- 470 s ASKAP Lomb-Scargle candidate,Rose+26 conservative 400–9100 pc range; Gaia parallax posterior 570(+620/-190) pc; Bailer-Jones photogeometric 6500(+2600/-1100) pc (photometry prior may be biased); Knigge+26 SED 322(+70/-61) pc; Imbrogno+26 luminosities assume 570 pc,Rose+26;Imbrogno+26;Rose+26_data,Rose+26;Imbrogno+26,Rose+26;Imbrogno+26;Knigge+26,No direct WD field. Rose+26 gives a conditional radio-emission-region B > 0.96 kG from a 2.7 GHz cutoff only if ECME/cyclotron assumptions apply; its interacting-dipole WD and donor fields are chosen model parameters.,"Keep local radio-emission-region constraints separate from WD surface/polar/mean fields. Rose+26 geometric model uses WD moment 7e32 G cm^3 and 4 MG polar field for assumed RWD=0.01 RSun, and donor moment 2e33 G cm^3 and 1.2 kG for assumed R2=0.2 RSun; none is a direct field measurement.",1.368 +/- 0.053 h from SOAR H-alpha/H-beta/H-gamma emission-line radial velocities; radio recurrence and X-ray modulation periods are consistent within the spectroscopic uncertainty but are not independently identified as WD spin.,Rose+26;Imbrogno+26,No independent WD spin detected. The 4841.89 s radio recurrence and 4868 +/- 22 s X-ray modulation may trace orbital modulation; an asynchronous-polar/slow-IP spin interpretation remains possible but unproven.,Rose+26;Imbrogno+26,"No beat period established. Rose+26's approximately 29 ks radio frequency-cutoff modulation and Imbrogno+26's 52 +/- 2 ks X-ray long modulation are distinct, poorly constrained signals; neither is a confirmed beat/orbital period.",Rose+26;Imbrogno+26,"No direct WD photospheric Teff. Rose+26 published short-band blackbody fit: 26641 +/- 4139 K, reduced chi-square 4.27, using UV inputs later flagged for reversed extinction correction; public corrected-input notebook has cached 36460 +/- 7304 K, reduced chi-square 11.74 (not independently rerun). Knigge+26 v1 DA-atmosphere SED fit: 14500(+5000/-1200) K with fixed 0.8 Msun WD and 0.262 mag intrinsic scatter. X-ray kT=0.14 keV is an accretion-region blackbody, not global WD Teff.",Rose+26;Imbrogno+26;Knigge+26;RoseCode_ASKAP174508,No measured/dynamical WD mass. Rose+26 adopt 0.83 +/- 0.23 Msun as an empirical CV mean for geometry; Knigge+26 fix 0.8 Msun as the SED model input.,Rose+26;Knigge+26,"No direct WD photospheric, polar, longitudinal, or cyclotron field measurement. Magnetic-CV classification is supported by HeII/Balmer spectroscopy, accretion-powered X-rays, and coherent polarized radio emission; subtype remains unresolved.",Rose+26;Imbrogno+26,,,,,,No Zeeman/cyclotron field measurement. Rose+26's >0.96 kG radio-emission-region bound assumes ECME and must not be interpreted as a WD surface field. Geometric-model surface fields/moments are assumptions.,No direct donor absorption spectrum. Rose+26 estimates M6–M6.5 / about 2800 K from a Roche-filling period-density relation and dwarf sequence; Knigge+26 v1 predicts a sub-stellar donor near 1800 K on a semi-empirical CV sequence. Gaia neighbor and accretion light can contaminate unresolved photometry.,"Competing models, neither dynamical: Rose+26 0.0963 +/- 0.0047 Msun (main text; Methods 0.096 +/- 0.008) from Roche-lobe-filling period-density relation; Knigge+26 v1 SED fit 0.052 +/- 0.008 Msun constrained to the CV donor sequence.","Competing model values, not a direct donor temperature: Rose+26 empirical M6–M6.5 sequence about 2800 K and contaminated long-band blackbody 2781 +/- 59 K (reduced chi-square 130.53); Knigge+26 v1 donor-sequence SED fit about 1800 K.",Rose+26;Knigge+26,"Rose+26 discovered/classified ASKAP J174508.9-505149 as an accreting white-dwarf binary and magnetic CV-like LPT. MeerKAT refined the position to RA=17:45:08.929 +/-0.06s, Dec=-50:51:49.86 +/-0.03 arcsec; Gaia DR3 5946454415417964032 (Gaia 4032) is favored because RACS-mid/ATCA/MKT positions lie within ~0.3/0.3/0.16 arcsec, whereas the nearby Gaia 5946454411127231488 (Gaia 1488) is farther away (~0.61/0.85/0.90 arcsec) but may contaminate photometry. Gaia 4032 has mG~19.40-19.45, BP-RP=1.079, parallax 1.75 +/-0.91 mas, parallax distance 570 +620/-190 pc, and Bailer-Jones photogeometric distance 6.5 +2.6/-1.1 kpc; Rose+26 adopt a conservative 0.4-9.1 kpc range and warn that the photogeometric distance may be biased by accretion/companion light. Spectra show flat/blue continuum plus strong narrow Balmer, HeI, and HeII emission characteristic of magnetic CVs; SOAR RV fitting gives Porb=1.369 +/-0.053 h, K=114.2 +/-7.5 km/s, gamma=15.8 +/-5.0 km/s. Radio period is Pradio=4841.89 +0.12/-0.14 s (1.34497 h), radio bursts are elliptically polarized, phase-aligned near conjunctions, drift in frequency, show narrow ~10 MHz frequency structure, and can turn off for hours. Rose+26 infer M_MD=0.0963 +/-0.0047 Msun, R_MD=0.1321 +/-0.0055 Rsun, spectral type about M6-M6.5, Teff~2800 K, separation a=4.2 +/-0.4e10 cm (0.61 +/-0.05 Rsun), and inclination i=14 +/-3 deg when adopting M_WD=0.83 +/-0.23 Msun. Imbrogno+26 report XMM/Einstein Probe X-ray period P=4868(22) s, pulsed fraction 23(1)% in XMM and 22(3)% in EP, hardness peaking at flux minimum, possible long modulation Plong=52(2) ks, XMM spectral model constant*tbabs*tbpcf*gabs*(apec+bbodyrad), O VII-like 0.77 +/-0.01 keV absorption, kT_apec=15 +4/-3 keV, kT_bb=0.14 +0.03/-0.01 keV, R_bb=1.0 +0.6/-0.7 km at 0.57 kpc, F(0.5-10 keV)=2.5 +/-0.3e-12 erg/cm2/s, and L(0.5-10 keV)=1.0 +/-0.1e32 erg/s at 0.57 kpc. Imbrogno+26 also detect a faint polarized ASKAP source with time/frequency-averaged flux density 0.23 +/-0.04 mJy/beam and a Lomb-Scargle period 4775(470) s. Both Rose+26 and Imbrogno+26 treat the exact magnetic-CV subtype and WD spin as unresolved; possibilities include polar, asynchronous polar, or slow IP. Audit update 2026-09-25: exact Gaia DR3 source 5946454415417964032 has RUWE 1.996, astrometric excess noise 3.835 mas (39.05 sigma), sigma5d_max 1.434 mas and BP/RP excess factor 2.894; Rose+26 warns its proper-motion errors may be underestimated. Gaia BP/RP is blended and not reliable for intrinsic color/CMD placement. The full exact-ID records for the neighbor are in the measurement ledger. Knigge+26 v1 gives a competing 322(+70/-61) pc SED distance, 0.052 +/-0.008 Msun donor and 14500(+5000/-1200) K DA WD model; it fixes MWD=0.8 Msun, constrains the donor to a semi-empirical CV sequence, uses nine points, and adds 0.262 mag intrinsic scatter. Rose+26 published UV magnitudes are too faint because the released routine applies extinction; the authors' 2026-07-06 public code commit adds corrected UV inputs. Its cached corrected-input blackbody output is 36460 +/-7304 K, chi-square_red=11.74 and has not been rerun here. No direct component temperature/mass or unique distance is adopted.",Open issues ASKAP174508-001–008: broad/model-dependent distance; Gaia G/BP/RP photometry mismatch/blending; reversed published UV attenuation and post-publication corrected inputs without a replacement paper; competing SED/donor estimates; unresolved spin/subtype and long-period interpretations; no direct WD component properties; uncertain VHS deblending; period-bouncer claim is model inference only.,0.638503,0.739975,0.128533,NOT_AVAILABLE,false,3.835202,39.054028,2.893743,14,189
name:askap-j144834-685644,ASKAP J144834-685644,long_period_transient,confirmed CV; candidate polar; possible period bouncer,NA,literature_audited_gaia_unresolved,no_gaia_counterpart_reported,Published MeerKAT J2000 localization; literature Gaia nondetection,,222.142875,-68.9455833333,,,,,,,,,,,,,,,,,,,,,,,,,,,,not_independently_queried,,1.64333333333333 +0.07/-0.06833333333333,No adopted distance; conditional models only.,Anumarlapudi+25,Anumarlapudi+25,Anumarlapudi+25;Mo+26_ASKAPJ1448,,,1.64333333333333 +0.07/-0.06833333333333 (68% credible interval),Mo+26_ASKAPJ1448,Not independently identified; radio clock may be orbital or spin-orbit beat.,Mo+26_ASKAPJ1448,No measured spin-orbit beat period.,Mo+26_ASKAPJ1448,Not measured; illustrative pre-bounce 30000 K / period-bouncer 15000 K SED models.,Mo+26_ASKAPJ1448,Not measured; illustrative SED model input 0.81 Msun.,Mo+26_ASKAPJ1448,No surface field measurement or limit; weak continuum prevents Zeeman/cyclotron constraints.,Mo+26_ASKAPJ1448,,,,,,Candidate polar; radio-emitting magnetized plasma does not measure WD surface field.,No donor absorption detected; M dwarf or substellar donor remains unresolved.,"Conditional pre-bounce 0.106 Msun; representative bouncer 0.04 Msun, not dynamical masses.","Conditional pre-bounce 2900 K; illustrative bouncer 1600 K, not measurements.",Mo+26_ASKAPJ1448,"ASKAP EMU discovery 2023-06-15; 760 +/- 40 uJy is the reported continuum-image flux, not a burst peak. Individual Table B1 Stokes-I burst fluxes and signed polarizations are in the ledger. MeerKAT position is published as J2000, not Gaia J2016 astrometry. Mo+26 confirms a CV with Porb=98.6 +4.2/-4.1 min (68% credible interval); radio recurrence 93.8513 +/- 0.0008 min is a plausible, potentially nonunique timing solution. No Gaia counterpart in the discovery-paper search; no adopted distance, WD spin or surface field. XMM model fluxes are preserved with absorption/model distinctions; fixed catalogue bands are unfilled.",See ASKAP1448-001 through -005 and [local artifact withheld],,,,,,,,,,
