issue_id,source_id,source_name,parameter,competing_evidence,references,why_it_matters,needed_action,severity,research_date,issue_state,public_status
EQCET-001,gaia-dr3:5041907811522399488,EQ Cet,Accretion-region cyclotron field / plasma model,"Schwope+99 low-state model gives 45 +/- 1 MG at kT=2 keV; Schwope+02_RBS supports a high-state 32 MG spot and a 33.7 MG alternative fit to the persistent hump; Campbell+08 abstract reports 34.0 MG, kT=3.5 keV and log Lambda=4.1 from two IR modeling approaches.",Schwope+99; Schwope+02_RBS; Campbell+08_EQCet,"Field component, accretion state and model degeneracy affect comparisons between photospheric WD fields and local accretion-region fields across magnetic CVs.","Obtain Campbell et al. (2008) full article and inspect methods, tables, phase/state, fit bounds and caveats; decide whether its 34.0 MG result is one component or a degenerate model family. Keep it abstract-only and do not average meanwhile.",medium,2026-09-23,Open,Awaiting access to the original source
CAS1-001,gaia-dr3:558935743846455296,Cas 1,magnetic/IP classification,"Haberl & Motch (1995), Fig. 1/discussion, propose IP but explicitly say 1414 s modulation is less evident and needs confirmation; Norton & Tanner (2006) interpret 1974 s and 2333 s as spin/sideband and call it a typical IP; Butters et al. (2011) RXTE data are too faint and do not confirm coherent periods; Bruch (2025) says IP status is not established beyond doubt; ARIES seminar abstract by Rao (2026-05-12) says definitively non-magnetic from optical spectra but exposes no paper, spectra, or measurements. CV identity itself is supported by Liu & Hu (2000) emission-line spectrum.",HaberlMotch+95_Cas1;LiuHu+00_Cas1;Norton+06;Butters+11_Cas1;Bruch+25_Cas1;Rao+26_ARIES_Cas1,Whether Cas 1 is magnetic changes population comparisons among non-magnetic and magnetic CVs. The current evidence does not justify treating it as a confirmed IP or a confirmed non-magnetic CV.,"Locate the underlying 2026 thesis/paper and inspect optical spectra, line measurements, and magnetic diagnostics; then decide whether to retain IP candidate, reclassify non-magnetic, or leave disputed.",high,2026-09-23,Open,Scientific judgment requested
CAS1-002,gaia-dr3:558935743846455296,Cas 1,period interpretation,Haberl & Motch (1995) report a weak 1414 s ROSAT modulation; Norton & Tanner (2006) prefer 1974 +/- 30 s as WD spin and measure optical 2333 +/- 5 s as a possible beat/sideband; Thorstensen et al. (2017) measure Porb=0.16415(1) d spectroscopically; Butters et al. (2011) find no significant RXTE periodicity at 1974 or 2333 s; Bruch (2025) does not recover these periods in TESS and reports an unidentified 3486.09(68) s signal.,HaberlMotch+95_Cas1;Norton+06;Thorstensen+17_Cas1;Butters+11_Cas1;Bruch+25_Cas1,"Assigning the wrong modulation to spin, beat, or orbit would bias synchronization and accretion-geometry inferences.","Seek higher-sensitivity, long-baseline X-ray/optical timing or the underlying newer optical analysis; retain each measured period separately until a clock assignment is demonstrated.",high,2026-09-23,Open,Awaiting additional data or reanalysis
CAS1-003,gaia-dr3:558935743846455296,Cas 1,radio counterpart and detection status,"Barrett et al. (2020) Table 1 report C-band Stokes I=21 +/- 10 uJy, circular polarization -100 +/- 39%, and radio/optical offset 1.87 +/- 2.50 arcsec; the simple Stokes-I ratio is 2.1, while their custom total S/N=9.7 mixes flux and positional terms. Ridder et al. (2023) exclude Cas 1 from the radio/X-ray luminosity plot because the measurement is below 3 sigma.",Barrett+20;Ridder+23,Counting a marginal or misassociated radio signal as a detection affects radio incidence and polarization comparisons across subclasses.,"Reinspect calibrated visibility data/source-finding products or a later independent observation and confirm counterpart position and Stokes-I significance; until then retain as marginal reported signal, not secure detection or upper limit.",medium,2026-09-23,Open,Awaiting additional data or reanalysis
FLCET-001,gaia-dr3:2507796391561705728,FL Cet,white dwarf magnetic field / field geometry,"Inight+25 low-state photospheric Zeeman spectrum: offset-dipole fit Bpole=50–58 MG, Hα sigma components B>=33 MG; high-state cyclotron humps ~23 MG. Schmidt+05: low-state main cyclotron spot 29 MG and possible high-state ~48 MG second spot, explicitly not definitive. These diagnose different regions and states; the Inight field fit is model-dependent and cursorily explored.",Inight+25_FLCet; Schmidt+05_FLCet,A single collapsed magnetic-field value would conflate photospheric/polar and cyclotron-emission-region measurements and bias comparisons of WD magnetic fields across populations.,"Keep all diagnostics separately typed as saved. For a unique field geometry/mean surface field, obtain an independent phase-resolved Zeeman/cyclotron reanalysis with broader offset-dipole parameter exploration and radiative-transfer treatment; no single scalar is presently preferred.",high,2026-09-23,Open,Open evidence or interpretation question
FLCET-002,gaia-dr3:2507796391561705728,FL Cet,orbital period / eclipse ephemeris,"Schmidt+05 Table 2: 0.06051621(4) d; O’Donoghue+06 Eq. 1: 0.0605163312(7) d, formally separated by 0.01047 s per cycle (~3.0 combined formal sigma). Wiehahn+04 gives 87.1435±0.0002 min, consistent with O’Donoghue within its larger error; Woudt+04 photometric value is much less precise. O’Donoghue et al. describe their ephemeris as consistent with earlier values and note intrinsic timing scatter.",Schmidt+05_FLCet; ODonoghue+06; Wiehahn+04_FLCet; Woudt+04_FLCet,The adopted orbital clock and any inferred period change affect phase predictions and evolutionary timing; a formal discrepancy should not be erased by averaging.,Check later published eclipse timings or collect new timings and fit a common ephemeris including possible period derivative and timing noise; until then retain the O’Donoghue ephemeris as catalog scalar with all competing values attached.,medium,2026-09-23,Open,Open evidence or interpretation question
FLCET-003,gaia-dr3:2507796391561705728,FL Cet,radio detection significance and component,"Barrett+20 reports X-band Stokes I=11±5 uJy, circular polarization +100±53%, positional offset 0.17±0.25 arcsec and custom total S/N=6.6. Simple I/error=2.2; Ridder+23 excludes FL Cet from its >=3 sigma luminosity sample. The radio-derived ~3.56 kG ECM field is conditional and does not identify the emitter as the WD.",Barrett+20; Ridder+23,Treating a marginal point as a secure detection or a WD field would distort radio-population comparisons and emission-mechanism interpretation.,Reinspect image-level Stokes maps/noise and obtain repeat or independent radio data to verify the signal and its polarization; until then retain the value as a reported marginal signal with no upper-limit substitution.,medium,2026-09-23,Open,Open evidence or interpretation question
BSTRI-001,gaia-dr3:107522105369340800,BS Tri,"component masses, mass ratio, donor radius and geometry","Borisov+15 primary abstract reports M1=0.75±0.02 Msun, M2=0.16±0.01 Msun, q=0.21±0.02, RL2=0.18±0.02 Rsun; full article inaccessible and q convention/method cannot be checked. Kolbin+22 full text applies irradiated-line correction K2=390±11 km/s (assumed donor Teff=3250 K, log g=5, Lx=1e32), Roche filling and donor inflation k=1.15 to derive Q=M1/M2=5.12±0.35, i=85±0.5, M1=0.60±0.04, M2≈0.116, R2=0.155; separate stream tomography gives Q≈6.5 and conflicts with the eclipse solution.",Borisov+15_BSTri;Kolbin+22,Masses and mass ratio shape component comparisons and any evolutionary interpretation; later values are model-dependent and the same paper has inconsistent Q fits.,"Obtain Borisov+15 full paper to check q convention, velocity treatment and assumptions; compare irradiation corrections/tomography or seek an independent RV/eclipsing solution. Retain both sets without averaging or declaring one uniquely measured.",high,2026-09-23,Open,Open evidence or interpretation question
BSTRI-002,gaia-dr3:107522105369340800,BS Tri,orbital period and ephemeris,"Denisenko+06 eclipse timing 96.264±0.0288 min; Borisov+15 value quoted by Kolbin+22 96.308701056±0.000000288 min; Hernández-Díaz+25 TESS LS candidate 96.30260±0.00240 min. TESS differs by 0.366 s (2.54 formal TESS errors if treated alone), but Tmag=17.591 is in that paper’s uncertain reliability range and BS Tri is among 85/95 deemed consistent under the sample-wide comparison. Kolbin+22 say old ephemerides failed because of timing/support issues; no Pdot established.",Denisenko+06_BSTri;Borisov+15_BSTri;Kolbin+22;HernandezDiaz+25_BSTri,Period/ephemeris choices affect eclipse cycle counts and future spin/beat interpretation; faint TESS period has limited source-level reliability.,Inspect full Borisov+15 ephemeris and TESS periodogram/sectors; acquire fresh timed eclipses or independent multi-epoch timings before changing the scalar period or claiming Pdot. Keep each result separately pending verification.,medium,2026-09-23,Open,Open evidence or interpretation question
EFERI-001,gaia-dr3:5099482805904892288,EF Eri,white_dwarf_mass,Filor+25 arXiv v2 body gives model range 0.55–0.63 Msun; journal abstract gives 0.55–0.58. Schwope & Christensen+10 has conditional Mwd>0.65 Msun at 3sigma; older 0.82–1.00 values are historical X-ray models.,Filor+25_EFEri;SchwopeChristensen+10;Howell+06;Schwope+07,"WD mass affects donor mass, q, radii and evolutionary interpretation; model and conditional optical constraints do not agree straightforwardly.",Retrieve/confirm final ApJ full-text Table 3 and reconcile abstract with arXiv v2; compare X-Shooter irradiated-line correction and donor-track assumptions before promoting one mass. Keep alternatives separate meanwhile.,high,2026-09-23,Open,Awaiting access to the original source
EFERI-002,gaia-dr3:5099482805904892288,EF Eri,donor_classification_and_evolutionary_status,"Optical limit >M9; K-band water index M6 or L4–5, favor L4–5 only after Roche geometry; donor masses vary with WD/evolution models. Gaia d=160.257 pc replaces old prior-sensitive 163(+66/−50) or 113(+19/−16) pc branches; high-state spectroscopy identifies irradiated donor but not dynamical mass.",Beuermann+00;HowellCiardi+01;Howell+06;Thorstensen+03_EFEri;BailerJones+21_EFEri;SchwopeChristensen+10;Khangale+25_EFEri,Post-minimum/period-bouncer and brown-dwarf-like labels affect population comparisons but remain model dependent; audit does not assume one evolutionary sequence.,Compare revised Gaia-distance low-state SED/templates with irradiated-line constraints and donor tracks; decide whether outward-facing class should remain proposed post-minimum/brown-dwarf-like or unresolved pending synthesis.,high,2026-09-23,Open,Scientific judgment requested
EFERI-003,gaia-dr3:5099482805904892288,EF Eri,magnetic_field_component_and_topology,Howell+06 photospheric Zeeman 13.8±1 MG; Beuermann+07 tomography has probable 12–13 MG and broad surface maps plus 44 MG offset-dipole parameter; optical/IR cyclotron ~10–21/~13 MG; Szkody+10 local UV ~100 MG alternative; Barrett+20 radio 3210±365 G conditional on fundamental frequency.,Howell+06;Beuermann+07_EFEri;Hoard+07;Szkody+10;Barrett+20;Ridder+26_Broadband,These diagnostics measure different components and topology; one scalar WD field would mislead comparison.,Retain component-specific values; verify that the 44 MG value is labeled as a dipole-model parameter and the 100 MG value as a local UV fit alternative before exposing any single scalar.,high,2026-09-23,Open,Open evidence or interpretation question
EFERI-004,gaia-dr3:5099482805904892288,EF Eri,xray_flux_1_10_keV,"Ridder+23 Table 3 gives 3.7e−14 erg cm−2 s−1 (1–10 keV) with no source-specific uncertainty and cites Schwope+07. Full Schwope+07 reports 6e−14 in 0.1–10 keV for XMM E501, but no 1–10 value was located.",Ridder+23;Schwope+07,"Band conversion, absorption convention and spectral assumptions affect radio/X-ray comparisons.","Locate the Ridder+23 conversion/model note or original XMM integration. If unavailable, retain 3.7e−14 as compiled with uncertainty unspecified, distinct from the explicitly reported 0.1–10 flux.",medium,2026-09-23,Open,Awaiting additional data or reanalysis
EFERI-005,gaia-dr3:5099482805904892288,EF Eri,orbital_period_uncertainty_and_ephemeris,"Bailey+82 scanned p.806 prints P=0.05626586 d with ±8 beneath final displayed digit, interpreted as ±0.00000008 d; Khangale+25 uses (8). Howell+06 quotes (80), factor ten larger under standard parenthetical notation. Central period agrees.",Bailey+82_EFEri;Howell+06;Khangale+25_EFEri,Long-baseline phase propagation differs; a period derivative must not be inferred from conflicting formal errors.,Confirm whether Howell+06 (80) is a typographical/transcription error from timing data or correction. Preserve Bailey/Khangale and Howell quotes separately until resolved.,medium,2026-09-23,Open,Open evidence or interpretation question
UZFOR-001,gaia-dr3:5084805635638179584,UZ For,white_dwarf_mass,"BaileyCropper+91 eclipse/mass-radius models: M1=0.61–0.79 Msun (q=M2/M1=0.15–0.30); Beuermann+88: M1>0.93 Msun at 90% from velocities; Schwope+97: Na I gives 0.44±0.15 Msun under Roche/main-sequence assumptions, irradiated-Hα correction gives ≈0.95 but authors doubt correction; joint ≈2σ Q=M1/M2=4.4, M1=0.75; Kube+00 .708 is derived from adopted Q and Mtotal.",BaileyCropper+91;Beuermann+88_UZFor;Schwope+97_UZFor;Kube+00,"WD mass changes component mass ratio, donor mass/radius, accretion energetics and evolutionary comparisons; models and velocity diagnostics conflict.",Reconcile eclipse geometry and line-formation/center-of-light assumptions against original data; retain alternatives until an independent dynamical solution or justified model preference is available.,high,2026-09-23,Open,Open evidence or interpretation question
UZFOR-002,gaia-dr3:5084805635638179584,UZ For,orbital_period_derivative_and_eclipse_timing_interpretation,"Beuermann+88 reports Pdot=−(1.8±4.0)×10^-11 s s^-1 at 90%, consistent with zero; Dai+10 reports +(2.63±0.58)×10^-11 and a possible 23.4±5.1 yr cycle from 44 timings; Potter+11 rejects Dai timings as >300 s discrepant and fits 16±3/5.25±0.25 yr terms imperfectly; Khangale+19 adds 33 eclipse times and finds two-planet fits need e≥0.4, dynamically unstable. Its Table 2 reproduces Potter, not a new fit.",Beuermann+88_UZFor;Dai+10_UZFor;Potter+11_UZFor;Khangale+19_UZFor,Period derivatives and proposed circumbinary companions would alter physical interpretation and could be mistaken for secure evolutionary or planetary evidence.,"Reconcile time standards and rejected eclipse timings from the original data, then refit the complete BJD_TDB eclipse series; do not identify a secular Pdot or planets until this is done.",high,2026-09-23,Open,Open evidence or interpretation question
UZFOR-003,gaia-dr3:5084805635638179584,UZ For,radio_flux_density_and_polarization,"Barrett+17 printed Table 3, visually checked: 252±24 μJy C-band on 2015-05-04, LCP; VizieR J/AJ/154/252 returns 315 μJy for 15A-03A; Khangale+20 quotes 315±101 μJy and 13±19%; Barrett+17 2015-06-15 gives C<66 μJy; Barrett+20 Table 1 gives 78±9 μJy and CP −100±42% but no exact date/sub-block. Variability/state may explain epoch differences but not the same-observation table/export discrepancy.",Barrett+17_UZFor;VizieR_Barrett17_UZFor;Khangale+20;Barrett+20,"A factor-level C-band flux discrepancy and changing polarization affect claims of variability, spectrum, radio luminosity and ECM mechanism.",Check calibrated images/visibilities or obtain author clarification for 15A-03A and confirm which observation Barrett+20 reprocessed; keep all published values separately meanwhile.,high,2026-09-23,Open,Awaiting additional data or reanalysis
UZFOR-004,gaia-dr3:5084805635638179584,UZ For,magnetic_field_component_and_pole_assignment,"Cyclotron fits refer to different states and components: main region 53–57 MG (Beuermann+88/Schwope+90/Ferrario+89/Khangale+20); second region values include 28, 48, 51, 57 or 74–75.5 MG. Schwope+90 leaves 4740 Å harmonic assignment open; Rousseau+96 and Nogami+02 values are only abstract-level in this audit. No mean photospheric Zeeman field found.",Beuermann+88_UZFor;Ferrario+89_UZFor;Schwope+90_UZFor;Rousseau+96_UZFor;Nogami+02_UZFor;Khangale+20,A single WD field would conflate photospheric/global fields with plasma values from distinct accretion poles and states.,Obtain full Rousseau+96 and Nogami+02 texts if accessible and compare harmonic assignments/model inputs to the original phase-resolved spectra; retain component and state labels.,high,2026-09-23,Open,Awaiting access to the original source
UZFOR-005,gaia-dr3:5084805635638179584,UZ For,xray_flux_band_absorption_and_state,"Ridder+23 Table 3 gives unabsorbed 2.5±0.7×10^-13 (1–10 keV) and 3.1±0.7×10^-13 erg cm^-2 s^-1 (0.1–10 keV), reference Still+01. Ridder methods say spectral-fit sources were converted with CXC PIMMS; Still+01 provides a 4.4(+7.6/−1.8) keV absorbed burst fit and L0.1–10=2.1(+0.6/−0.3)×10^30 erg s^-1 at old d=208 pc. The Table 3 flux uncertainty/mapping is not described source-by-source.",Ridder+23;Still+01;Ferrario+89_UZFor,"Bandpass, absorption correction, spectral model, and burst-only state change radio/X-ray comparisons and any luminosity inference.","Reproduce the PIMMS conversion from Still+01 fit/count data or clarify the table recipe and errors; retain the compilation as unabsorbed, burst-linked, and model converted until then.",medium,2026-09-23,Open,Open evidence or interpretation question
TAU4-001,gaia-dr3:3393408546234335488,RXJ0502.8+1624 (Tau 4),"WD mass, Mdot, q, inclination","Littlefield+20 illustrates a non-unique solution with assumed Mwd=0.61 M_sun, Mdot=1e-12 M_sun/yr and i=67°; separate tomography inputs include q=0.15 and i=70°. These are model examples, not measurements.","Littlefield+20 §4.6; Figs. 10, 15",Promoting assumptions would create false measured binary parameters.,Confirm these remain labeled model scenarios while measured Mwd/Mdot/q/i are blank.,high,2026-09-23,Open,Open evidence or interpretation question
TAU4-002,gaia-dr3:3393408546234335488,RXJ0502.8+1624 (Tau 4),"Harrison+18 cyclotron field, shock temperature and historical periods","Littlefield+20 secondarily quotes 12.3 MG, kT=14 keV and candidate periods 1.55/3.11 h (3.11 h slightly preferred there); original note inaccessible. K2 establishes 1.59277896±0.00000552 h.","Harrison+18; Littlefield+20 §§1.2, 2.4",Field/temperature remain secondary-only; period choice affects synchronization.,"If accessible later, inspect Harrison+18 original; meanwhile keep quoted values secondary-only and neither old period adopted.",medium,2026-09-23,Open,Open evidence or interpretation question
TAU4-003,gaia-dr3:3393408546234335488,RXJ0502.8+1624 (Tau 4),Donor type/substellar status,"Littlefair+05 K-band spectrum has no secure donor absorption and is cyclotron dominated, undermining the early L-type/brown-dwarf color suggestion. Littlefield+20 favors M9±1 but M8/L0 fit nearly as well; no donor mass/Teff measured.","Littlefair+05 Abstract, §2; Littlefield+20 §4.4",Substellar status implies a different donor/evolutionary interpretation.,Confirm display as “M9±1 template fit; M8/L0 alternatives” and leave substellar status unresolved pending mass/dynamical evidence.,high,2026-09-23,Open,Open evidence or interpretation question
TAU4-004,gaia-dr3:3393408546234335488,RXJ0502.8+1624 (Tau 4),3210±365 G radio-inferred field,Barrett+20 assumes fundamental ECM and donor-coronal/radio-plasma origin; Littlefield+20 directly measures separate 15±2 MG photospheric and 12±1 MG near-WD Zeeman fields.,"Barrett+20 Table 2; Littlefield+20 Abstract, §4.5",Conflating the kG estimate with WD field would materially bias cross-population field comparisons.,Keep it separate and conditional; do not populate WD surface/pole fields from this radio estimate.,high,2026-09-23,Open,Open evidence or interpretation question
TAU4-005,gaia-dr3:3393408546234335488,RXJ0502.8+1624 (Tau 4),ROSAT flux and spectral model,"Ridder+23 gives 1.0±0.2e−10 (1–10 keV), 1.1±0.2e−10 (0.1–10 keV), unabsorbed/model converted. The 2RXS source has 29.72±6.24 counts, below Boller+16’s >=100-count fit criterion; exact Tau-specific conversion/error mapping is absent.",Boller+16 §2 and 2RXS row; Ridder+23 §3.2/Table 3,These are not direct flux measurements or contemporaneous radio/X-ray data.,Retain as model-converted estimates; decide whether to leave luminosity absent until a source-specific spectrum/conversion is recovered.,medium,2026-09-23,Open,Open evidence or interpretation question
LWCAM-001,gaia-dr3:1099223590090176896,LW Cam,xray_flux_model_and_band_conversion,"Tovmassian+01 ROSAT spectral fit reports unabsorbed 0.1–2.4 keV flux 1.1e−11 erg cm−2 s−1 for a fixed-25 eV BB+brems model and NH=4.5e20; Ridder+23 Table 3 gives model-converted RASS 1–10 keV 2.3±0.5e−12 and 0.1–10 keV 2.8±0.5e−12, using assumed spectral components/PIMMS and Voges+99 catalog rates. The bands, NH and models differ; no source-specific reconciliation was found.",Tovmassian+01_LWCam;Ridder+23;Voges+99,"X-ray luminosity/state comparisons depend on flux band, absorption convention and spectral model; the two values must not be silently merged.","Retrieve the original ROSAT source spectrum/catalog response and reproduce the source-specific count-to-flux conversions under the published models, or document why they are not directly comparable; retain both values until then.",high,2026-09-23,Open,Open evidence or interpretation question
LWCAM-002,gaia-dr3:1099223590090176896,LW Cam,radio_emission_region_field_location,"Barrett+20 Table 2 labels 3563±730 G as donor magnetic field from fundamental ECM, but §4.2 permits emission from either the accretion column or donor lower corona and favors the donor corona only under assumed system/plasma parameters. Tovmassian+01 separately estimates 20 or 24 MG from optical cyclotron harmonics in the accretion region.",Barrett+20;Tovmassian+01_LWCam,The kG radio-plasma field and MG cyclotron estimate refer to different diagnostics/components; assigning the kG value to the WD surface or donor without caveat changes interpretation.,"For catalog use, retain the radio field as an ECM-emitting-plasma estimate with location unassigned and the donor-corona interpretation tentative; if a specific component label is needed, decide whether the conditional Barrett+20 preference is sufficient.",high,2026-09-23,Open,Open evidence or interpretation question
LWCAM-003,gaia-dr3:1099223590090176896,LW Cam,2015_radio_non_detection_limits,Barrett+17 §3 says LW Cam was one of seven targets not detected at an approximate 120 μJy limit. Table 4 lists six band/epoch image peak statistics and local standard deviations but no source-specific formal per-band limit; LW Cam is not in the secure detections table.,Barrett+17_LWCam,Exact band-dependent upper limits matter for radio-variability and population comparisons; Table 4 statistics are not detections.,"If exact limits are required, retrieve the archived JVLA images or ask the authors for per-band rms/limit products; otherwise retain only the approximate survey-level limit and six image statistics as separate records.",medium,2026-09-23,Open,Open evidence or interpretation question
LWCAM-004,gaia-dr3:1099223590090176896,LW Cam,published_radio_luminosity_convention,"Barrett+20 Table 2 gives radio luminosity 357 in units of 10^21 erg s−1 using distance 542 pc, flux 50 μJy and a 256 MHz bandwidth footnote, but the precise formula is not specified in the table. The number is consistent with d²SνΔν without the usual isotropic 4π factor.",Barrett+20,Using the value alongside isotropic radio luminosities could bias cross-source comparisons by a convention-dependent factor.,"Verify the paper’s luminosity definition or author calculation. Until resolved, retain 357×10^21 erg s−1 only as the published tabulated quantity and exclude it from isotropic-luminosity comparisons; if a recomputed value is needed, log it separately with formula and assumptions.",medium,2026-09-23,Open,Open evidence or interpretation question
HYA1-001,gaia-dr3:583340808875713280,Hya 1,counterpart_identity,Pelisoli+24 Appendix explicitly labels RX J0859.1+0537 (Hya 1); Barrett+20 radio offset is 0.04±0.23 arcsec and its 2.3966 h/441 pc values match RX J0859 literature. SIMBAD exact identifier [DWS97] Hya 1 instead resolves to MM Hya / PG 0911-066 / Gaia 5745881603063095680 at a different position. Gaia DR3 583340808875713280 is RX J0859.1+0537.,Pelisoli+24;SIMBAD_Hya1;SIMBAD_RXJ0859;GaiaDR3_RXJ0859;Barrett+20;Beuermann+21_RXJ0859,"The wrong alias match would transfer donor, period and Gaia data from a different system and corrupt magnetic-CV population assignments.","Resolved by published alias mapping, Gaia identifiers/coordinates and radio offset. Keep MM Hya records segregated as a rejected counterpart; no further user decision needed.",high,2026-09-23,Resolved,Resolved with evidence or reassigned outside the member sample
HYA1-002,gaia-dr3:583340808875713280,Hya 1,orbital_period,The former 1.382 h value belongs to MM Hya and is not Hya 1. Barrett+20 2.3966 h agrees with Gänsicke & Dillon+09 143.8 min and Beuermann+21 2.398831752 h from 24 minima. Joshi+20 gives 2.393±0.003 h. The separate 1.1 h SDSS/WISE claim remains an alias/modulation question tracked in HYA1-009.,Barrett+20;GansickeDillon+09_RXJ0859;Joshi+20_RXJ0859;Beuermann+21_RXJ0859,Orbital period sets the period-gap placement and evolutionary comparisons.,The 2.398831752 h long-baseline period is adopted; old 1.382 h conflict is resolved as MM Hya. Review only the distinct 1.1 h W1/SDSS interpretation under HYA1-009.,high,2026-09-23,Resolved,Resolved with evidence or reassigned outside the member sample
HYA1-003,gaia-dr3:583340808875713280,Hya 1,radio_detection_significance,"Barrett+20 reports Stokes I=6±6 μJy (1σ) and custom combined S/N=7.3, with polarized flux potentially dominating. Ridder+23 lists the source among Barrett measurements below 3σ and excludes it from its radio/X-ray luminosity plot.",Barrett+20;Ridder+23,Determines whether Hya 1 belongs in radio-detected samples and affects radio luminosity comparisons.,Decide whether to exclude this point from secure detections or retain as marginal; a conventional Stokes-I re-reduction of VLA visibilities or repeat observation would resolve it.,high,2026-09-23,Open,Open evidence or interpretation question
HYA1-004,gaia-dr3:583340808875713280,Hya 1,distance,Barrett+20/Joshi+20 quote 441±30 pc; Beuermann+21 quotes Gaia DR2 437 +32/−28 pc (90%); exact Bailer-Jones+18 DR2 posterior is 437.138 pc and Gaia EDR3 geometric posterior is 440.868 pc (p16/p84 420.737/462.423). Values are consistent.,Barrett+20;Joshi+20_RXJ0859;Beuermann+21_RXJ0859;BailerJones+18_RXJ0859;BailerJones+21_RXJ0859,Distance affects radio luminosity and CMD placement.,Resolved: use the exact Gaia EDR3 geometric posterior median in the compatibility catalog and retain other published/posterior estimates separately.,medium,2026-09-23,Resolved,Resolved with evidence or reassigned outside the member sample
HYA1-005,gaia-dr3:583340808875713280,Hya 1,companion_mass_and_mass_ratio,"The former Patterson+11 and Muñoz-Giraldo+24 donor-mass alternatives were measured/compiled for MM Hya / Gaia 5745881603063095680, not RX J0859.1+0537. RX J0859-specific values are empirical/model estimates in Joshi+20 and Beuermann+21; no dynamical M2 or q is reported.",Patterson+11_MMHya;MunozGiraldo+24_MMHya;Joshi+20_RXJ0859;Beuermann+21_RXJ0859,Using the MM Hya estimates would assign another system’s donor properties to Hya 1 and bias evolutionary comparisons.,Resolved as a counterpart reassignment: exclude MM Hya donor estimates from Hya 1; keep Hya 1’s method-dependent donor estimates separately labeled.,medium,2026-09-23,Resolved,Resolved with evidence or reassigned outside the member sample
HYA1-006,gaia-dr3:583340808875713280,Hya 1,period_bouncer_membership,"The 58.3% scorecard value and 2026 candidate-paper membership noted in the previous audit refer to MM Hya / Gaia 5745881603063095680, not RX J0859.1+0537. No Hya 1 period-bouncer classification is found in the checked source-specific literature.",MunozGiraldo+24_MMHya;Xu+26_PeriodBouncer;Joshi+20_RXJ0859;Beuermann+21_RXJ0859,An unsupported post-period-minimum label would imply an evolutionary status not established by the measurements.,Resolved as a counterpart reassignment; do not transfer MM Hya’s score/classification to Hya 1.,medium,2026-09-23,Resolved,Resolved with evidence or reassigned outside the member sample
HYA1-007,gaia-dr3:583340808875713280,Hya 1,white_dwarf_magnetic_field_interpretation,"Joshi+20 infer 49±2 MG from the n=5/6 cyclotron humps for T=10 keV and θ=90 deg. Beuermann+21 fit cyclotron humps with 36 MG at T=10 keV, θ=70 deg, logΛ=2 and do not confirm the Joshi emission lines; a possible Hα σ− trough could imply 34 MG in an accretion halo. Harrison & Campbell+15 give separate WISE branches B≥35 or ≤20 MG and a color-based B≤30 MG suggestion. Barrett+20 has 3563±730 G conditional radio-emission-region ECM field.",Joshi+20_RXJ0859;Beuermann+21_RXJ0859;HarrisonCampbell+15_RXJ0859;Barrett+20,These diagnostics measure different regions and model assumptions; selecting one number would distort WD-field comparisons across magnetic CVs and other radio populations.,Decide whether to show the distinct model-based cyclotron/halo constraints separately in population summaries or select a diagnostic-specific value; do not average them or equate the kG radio-plasma value to a WD field.,high,2026-09-23,Open,Open evidence or interpretation question
HYA1-008,gaia-dr3:583340808875713280,Hya 1,eclipse_and_light_curve_geometry,"Joshi+20 calls RX J0859 an eclipsing polar and interprets ≈1.1 mag R-band dips as eclipses. Beuermann+21 analyzes optical minima over 1996–2019, calls the system noneclipsing, and attributes minima to cyclotron beaming; a wide X-ray dip may be stream absorption. Beuermann’s ephemeris uses 24 minima and identifies a cycle-count issue in the Joshi 2014 timings.",Joshi+20_RXJ0859;Beuermann+21_RXJ0859,"Geometry informs inclination constraints, mass models and comparisons of eclipsing versus noneclipsing polars.",Choose catalog wording for the eclipse status after weighing the longer baseline and phase-dependent accretion geometry; keep both original interpretations and conditional inclination/mass ranges visible.,high,2026-09-23,Open,Open evidence or interpretation question
HYA1-009,gaia-dr3:583340808875713280,Hya 1,1p1_hour_period_interpretation,"Szkody+05 lists 1.1 h, but its source paper period derivation could not be checked directly; Harrison & Campbell+15 say W1 folds reasonably at 1.1 h with ΔW1≈0.4 mag while W2 is not variable. Joshi+20 and Beuermann+21 support the 2.39–2.40 h orbital period from optical/X-ray timing and a long-baseline 24-minimum ephemeris.",Szkody+05_RXJ0859;HarrisonCampbell+15_RXJ0859;Joshi+20_RXJ0859;Beuermann+21_RXJ0859,A real spin/orbit/sideband clock would affect synchronization and evolutionary interpretation; mislabeling a cadence alias as Porb would move the source across period-based comparisons.,"Verify the original SDSS period analysis and assess whether the W1 modulation is an alias, harmonic, or separate clock; do not replace the adopted orbital ephemeris until this is resolved.",medium,2026-09-23,Open,Open evidence or interpretation question
HS0922-001,gaia-dr3:594162958230409088,HS0922+1333,distance_pc / radio luminosity input,Barrett+20 Table 2 visibly prints d=8 pc; Gaia DR3 parallax is 6.06324±0.08540 mas and Bailer-Jones+21 geometric posterior is 163.925 pc (p16/p84=161.624/166.157); ReimersHagen+00 gives ~190 pc from an M3.5 donor template; Vogel+11 abstract gives 140±50 pc.,Barrett+20;GaiaDR3_HS0922;BailerJones+21_HS0922;ReimersHagen+00_HS0922;Vogel+11_HS0922,The 8 pc entry is physically inconsistent with parallax and alters absolute and radio luminosity estimates by orders of magnitude.,Seek source-author/data-table clarification about the printed 8 pc value and its input; retain the exact published discrepancy and adopt the exact-source Gaia posterior unless a documented correction is found.,high,2026-09-23,Open,Open evidence or interpretation question
HS0922-002,gaia-dr3:594162958230409088,HS0922+1333,subclass / detached versus episodic mass transfer,"ReimersHagen+00 and Vogel+11 call the source a low-accretion polar/pre-polar; TovmassianZharikov+07 establishes synchronism and reports tentative stream evidence near L1; Parsons+21 finds M-dwarf RLFF=0.95±0.03 under a thermal-equilibrium radius model and notes possible episodic RLO, but their 2017 spectra show no stream and cover <half an orbit. SIMBAD otype RS* conflicts with the primary literature.",ReimersHagen+00_HS0922;TovmassianZharikov+07_HS0922;Vogel+11_HS0922;Parsons+21_HS0922;SIMBAD_HS0922,The catalog label changes whether HS 0922 is treated as detached/pre-polar or as a mass-transferring polar and affects evolutionary interpretation.,"Keep the secure synchronized magnetic-polar classification, but decide whether the public subtype should read “LARP/pre-polar candidate” or “polar with possible episodic Roche-lobe overflow”; no single scenario is selected from present evidence.",medium,2026-09-23,Open,Open evidence or interpretation question
HS0922-003,gaia-dr3:594162958230409088,HS0922+1333,TESS flare decay and physical origin,"Wang+24 Table 2 excerpt reports decay 1031 s, while its text gives ~1002 s and a ~8 min rise; it describes the event near orbital phase 0.82 as possibly on the far donor hemisphere. Bruch+25 indexed excerpt reports two short bursts with different characteristics and says one was previously noticed by Wang+24. The publisher full texts were not retrievable in this session.",Wang+24_HS0922;Bruch+25_HS0922,Separating a donor-star flare from an accretion burst affects its relevance to transient emission and the meaning of flare energetics.,Inspect Wang+24 Sect. 3.1.3/Table 2 and Bruch+25 Sect. 3.3.44/its tables in original full text; resolve the 1002/1031 s wording and decide whether either event is securely an accretion burst.,medium,2026-09-23,Open,Open evidence or interpretation question
WXLMI-001,gaia-dr3:755705822218381184,WX LMi,Cyclotron spot-field/harmonic solution,Reimers+99 assigns 60/68 MG from n=2/3 harmonics with no formal errors. Vogel+07 phase-resolved slab model gives 61.4/69.6 MG with typical ±0.5 MG model parameter uncertainty under fixed i=70° and coupled geometry/plasma assumptions. Tutar Özdarcan+17 2015 spectropolarimetry gives 49 MG at one spot and 69/104/207 MG alternatives at the other depending on harmonic number; no formal field errors. These values are not a radio-region or photospheric mean field.,Reimers+99_HS1023;Schwarz+01_WXLmi;Vogel+07;TutarOzdarcan+17_WXLmi;Barrett+20;Ridder+23,Local field/spot assignment affects comparisons of magnetic-field strength and topology across magnetic CVs; choosing one set would conceal model and harmonic ambiguity.,Inspect/re-fit the published phase-resolved circular-polarization spectra using the competing harmonic identifications and clarify whether the changes reflect state/geometry or a prior model assumption. Keep all measurements separately until an explicit preferred solution is justified; no value averaging.,high,2026-09-23,Open,Open evidence or interpretation question
WXLMI-002,gaia-dr3:755705822218381184,WX LMi,System taxonomy and Roche-lobe transfer state,Reimers+99 and Schwarz+01 describe a low-accretion polar/LARP. Vogel+07 finds a synchronized polar but argues donor likely underfills its lobe and proposes a detached wind-fed post-common-envelope/pre-polar interpretation; no direct fill factor is measured. The 2017 article continues to call WX LMi a polar/LARP.,Reimers+99_HS1023;Schwarz+01_WXLmi;Vogel+07;TutarOzdarcan+17_WXLmi;Barrett+20;Ridder+23,"Catalog class describes observed magnetic accretion, while evolutionary interpretation determines whether it is counted among interacting RLO CVs or detached/pre-polar binaries. Treating one as the other could bias population comparisons.",Choose a catalog taxonomy that keeps confirmed magnetic polar/LARP identity separate from proposed detached/pre-polar evolution (recommended dual labels); confirm that no later donor/Roche geometry measurement supersedes Vogel+07.,high,2026-09-23,Open,Open evidence or interpretation question
WXLMI-003,gaia-dr3:755705822218381184,WX LMi,Orbital period and synchronization,"Vogel+07 Eq. 1 fits 1999–2005 photometric maxima and RV phase, P_orb=0.11592364(43) d. Reimers+99 preliminary 0.11638 d used just over one cycle. Tutar Özdarcan+17 gives Hα fit 0.097±0.007 d from one 2015 cycle and explicitly says periods/synchronization are inconclusive; it notes cyclotron features vary with spin but no definitive separate spin period.",Reimers+99_HS1023;Schwarz+01_WXLmi;Vogel+07;TutarOzdarcan+17_WXLmi;Barrett+20;Ridder+23,"Period confusion propagates into orbital evolution, spin state and donor-sequence comparisons.",Check the 2017 velocity/polarization phase fit and any erratum or follow-up data for a cycle-count/fit issue; meanwhile retain Vogel+07 Porb as preferred and leave Pspin/beat blank absent an independent measurement.,medium,2026-09-23,Open,Open evidence or interpretation question
WXLMI-004,gaia-dr3:755705822218381184,WX LMi,Ridder+23 X-ray flux band/model conversion,"Ridder+23 Table 3 reports 8.7e−15 (1–10 keV) and 4.2e−14 erg cm−2 s−1 (0.1–10 keV), citing Vogel+07. Vogel+07 Table 4 gives a preferred two-MEKAL unabsorbed 0.1–5 keV flux of 5.4e−14; its unacceptable single-MEKAL fit has 4.2e−14 in 0.1–5 keV. Ridder+23 does not document the source-specific conversion model in the table.",Reimers+99_HS1023;Schwarz+01_WXLmi;Vogel+07;TutarOzdarcan+17_WXLmi;Barrett+20;Ridder+23,The model/band ambiguity changes X-ray luminosity and radio/X-ray comparisons; equating the same number across different bands would misstate the spectrum.,"Reproduce the two Ridder+23 fluxes with the stated PIMMS/model approach using the original preferred two-MEKAL fit and N_H, then confirm whether 4.2e−14 is an accidental carry-over from the rejected single-MEKAL fit. Until then retain each with its published band/model and do not choose or average.",high,2026-09-23,Open,Open evidence or interpretation question
STLMI-001,gaia-dr3:3996419759863758592,ST LMi,cyclotron and WD magnetic-field component,Kafka+07 reports 16.8 MG from phase-visible H-alpha Zeeman absorption; Campbell+08 reports 12.1±0.5 MG from a distinct low-state cyclotron-column model; Ferrario+93 abstract gives ~12 MG; Peacock+92 second-pole claim (~16.7 MG) is questioned by Campbell+08 as consistent with zero polarization.,Kafka+07_STLMi;Campbell+08_STLMi;Ferrario+93_STLMi;Peacock+92_STLMi,"Conflating local photospheric, accretion-column and putative second-pole diagnostics changes field comparisons and population-level conclusions.","Keep measurements component-specific; if a single summary field is required, select a taxonomy that names the diagnostic. Retrieve Peacock+92 original before treating the second pole/16.7 MG claim as established.",medium,2026-09-23,Open,Awaiting access to the original source
STLMI-002,gaia-dr3:3996419759863758592,ST LMi,mass ratio and dynamical masses,"Shahbaz & Wood Table 2 gives q=M2/M1=0.22±0.05 under unknown limb-darkening treatment; prose gives 0.22±0.04 for u=0.72. M1=0.76±0.30 and M2=0.17±0.07 M_sun use q, K2, Porb and i=56±4 degrees from Cropper+88.",ShahbazWood+96_STLMi;Cropper+88_STLMi,Different q uncertainty conventions and inherited inclination/geometry assumptions affect component-mass comparisons.,Retain both q errors and conditional masses; retrieve Cropper+88 original and inspect the adopted limb-darkening uncertainty before choosing a single compact-table q value.,medium,2026-09-23,Open,Open evidence or interpretation question
STLMI-003,gaia-dr3:3996419759863758592,ST LMi,radio-emission site and mechanism,"Rinkoski+25 repository abstract suggests near-L1 location/ECM with phase offset ~−0.40; Ridder+26 finds weak mostly unpolarized X-band behavior and high-CP 2025 S-band flares consistent with several coherent mechanisms, and says source size does not locate it.",Rinkoski+25_STLMi;Ridder+26_Broadband,"Attributing radio emission to the WD, donor or interaction region changes the physical interpretation of the radio-emitting population.","Obtain Rinkoski full article/data, verify phase zero/frequency/observing epoch and inspect the time series; seek spatial or eclipsing localization before adopting a source site or mechanism.",high,2026-09-23,Open,Awaiting access to the original source
STLMI-004,gaia-dr3:3996419759863758592,ST LMi,Ridder+26 Table 7 radio luminosity label,Table 7 visually prints 6.2–12 with scale/units “×10^30 erg s^-1 cm^-2”; its dimensions/exponent conflict with a luminosity and with 40–80 microJy at 114.2 pc. An independent nu Lnu calculation at 10 GHz gives 6.2–12.4×10^24 erg s^-1.,Ridder+26_Broadband;BailerJones+21,Using the printed value would create a multi-order-of-magnitude error in radio population comparisons.,"Do not adopt the printed luminosity. Confirm the intended quantity, exponent and units with an erratum/author response or corrected publisher table; retain the independent derived value separately.",high,2026-09-23,Open,Open evidence or interpretation question
STLMI-005,gaia-dr3:3996419759863758592,ST LMi,Rinkoski+25 radio/optical abstract details,"Repository title and suggested-citation title differ; the full PDF request returned 403. Abstract states P=0.079089 d, mean radio 238.5±27 microJy, phase shift ~−0.40 and flare peaks 80±17%; quiescent CP string is malformed “<5 >±25%”.",Rinkoski+25_STLMi,"Without exact frequency, epoch, error meaning and phase convention, these data cannot safely be compared to later radio observations or interpreted as orbital-site mapping.","Obtain full paper and original time-series/reduction; verify bibliographic title, frequency, CP inequality/sign, date/state and phase reference.",medium,2026-09-23,Open,Awaiting access to the original source
STLMI-006,gaia-dr3:3996419759863758592,ST LMi,historical Pavelin radio counterpart association,"Pavelin+94 reports 2.0±0.3 mJy at 5 GHz (~6 sigma) on 1990-12-10 and 1.3 mJy (~3 sigma) on 1991-02-10; only two of three epochs detect, with unstable/nonzero-phase signals and an explicit confusion warning.",Pavelin+94_STLMi;Barrett+20;Ridder+26_Broadband,Treating the bright historical point as definitely from ST LMi would imply extreme variability relative to later tens-to-hundreds microJy measurements.,Check archived radio centroids/visibilities or a phase-resolved follow-up at comparable frequency; until then mark counterpart association uncertain and do not combine fluxes.,high,2026-09-23,Open,Open evidence or interpretation question
STLMI-007,gaia-dr3:3996419759863758592,ST LMi,donor Roche filling and detached/semi-detached status,Shahbaz & Wood use Roche geometry and a synchronized donor to infer q/masses; Howell+00 abstract reports a zero-transfer interval without clear ellipsoidal variation/L1 irradiation; neither accessible source gives a direct fill factor.,ShahbazWood+96_STLMi;Howell+00_STLMi;Ciardi+98_STLMi,A low-state interval does not by itself establish detachment or an evolutionary pathway.,Retrieve Howell+00 and Ciardi+98 full articles or a later Roche-line-profile solution; only assign a fill state if a direct geometric/flow diagnostic supports it.,medium,2026-09-23,Open,Awaiting access to the original source
STLMI-008,gaia-dr3:3996419759863758592,ST LMi,donor temperature uncertainty/model meaning,Ciardi+98 publisher abstract is indexed as 2800±100 K; a locally accessible proceedings abstract prints 2800+200 K without clear uncertainty convention. Abstract also gives 2700–3100 K phase values; original journal full text is inaccessible.,Ciardi+98_STLMi;Campbell+08_STLMi,A different error convention or surface/model temperature interpretation affects donor-sequence and irradiation comparisons.,"Retrieve original PASP article; verify table/model, sign/confidence level and whether phase temperatures are local surface estimates or global donor Teff.",medium,2026-09-23,Open,Awaiting access to the original source
STLMI-009,gaia-dr3:3996419759863758592,ST LMi,compiled 4XMM X-ray flux conversion,"Ridder+23 Table 3 gives 4.0±0.5e-14 (1–10 keV) and 6.0±0.6e-14 (0.1–10 keV), but methods describe catalog-band conversion rather than an ST LMi spectrum; 4XMM exact source has mean 0.2–12 keV Flux8=5.95051±0.55604e-14 and two detections. Absorption convention is not explicit for this row.",Ridder+23;Webb+20;4XMM_DR9_STLMi,The values should not be treated as source-specific unabsorbed fluxes/luminosities or as mutually interchangeable bands.,Reproduce Ridder+23 Table 3 band construction for this source and inspect the 4XMM per-detection spectra/flux assumptions; retain catalog native band until then.,medium,2026-09-23,Open,Open evidence or interpretation question
ARUMA-001,gaia-dr3:783921244796958208,AR UMa,"Mason+24 component masses, mass ratio and donor radius","Mason+24 Table 1 gives M1=0.91–1.24, M2=0.154, q=0.124–0.169, R2=0.190; Table 2 gives M1=1.125±0.075, M2=0.198±0.001, q=0.1583±0.075, R2=0.154 (3-sigma model outputs). The printed q convention is q=M2/M1, but 0.198/1.125≈0.176. Bai+16 M2=0.154 is a donor-sequence input, not a dynamical mass.",Mason+24_ARUMa;Bai+16_ARUMa,"These differences materially alter component-mass, mass-ratio, donor-radius and evolutionary comparisons.",Check the original Wilson-Devinney output or seek an author correction; confirm whether Table 2 values or transcription are in error. Until then retain both tables separately and do not select a preferred solution.,high,2026-09-23,Open,Open evidence or interpretation question
ARUMA-002,gaia-dr3:783921244796958208,AR UMa,later 16B radio measurements and epoch/state,"Mason+24 reports five C/X/K detections (379±18, 461±17, 415±16, 456±16, 115±29 uJy) and K-band circular polarization −77±26%, but gives no per-measurement date, observing state or detailed table; citation trail includes Barrett+17 and private communication. Barrett+20 Table 1 is an independent 2013B set.",Mason+24_ARUMa;Barrett+20;MasonGray+07_ARUMa,"Radio variability and polarization comparisons depend on contemporaneous epoch, state, calibration and exact bandpass.","Retrieve Barrett+17/2016B observing logs or primary data table and verify dates, flux calibration, uncertainties, polarization and optical/accretion state. Keep the later values secondary-reported meanwhile.",medium,2026-09-23,Open,Open evidence or interpretation question
ARUMA-003,gaia-dr3:783921244796958208,AR UMa,"Ridder+23 X-ray converted flux bands, absorption and state mapping","Ridder+23 Table 3 lists low/high-looking flux pairs 2.4/3.2e−13 and 1.3/1.7e−12 in 1–10/0.1–10 keV with reference Szkody+99; native Szkody+99 ASCA/RXTE values are marginal, use different energy bands and fixed NH/model inputs. Ridder+23 §3.2 describes unabsorbed PIMMS conversion but supplies no AR UMa row uncertainty or exact conversion inputs/state labels.",Ridder+23;Szkody+99,"These compiled fluxes must not be mistaken for native direct observations, or for secure simultaneous state-tagged measurements/luminosities.",Reproduce the PIMMS conversion from the exact Szkody+99 spectral model and verify which converted pair maps to each original observation/state; preserve any new uncertainty and absorption convention.,medium,2026-09-23,Open,Open evidence or interpretation question
ARUMA-004,gaia-dr3:783921244796958208,AR UMa,Mason & Gray+07 original radio table,"Mason+24 secondary text reports a persistent ~0.6 mJy level and a flare maximum 1.122±0.195 mJy at 8.4 GHz, and the cited 2003/2004 dates are secondary-reported; the original Mason & Gray+07 full text/table was not retrieved locally.",MasonGray+07_ARUMa;Mason+24_ARUMa,"The original measurement dates, uncertainty conventions, and any state/polarization details are needed for consistent epoch-by-epoch radio comparisons.",Obtain the original ApJ paper and inspect its observing table; promote only values verified against that text and retain any table/epoch distinctions.,low,2026-09-23,Open,Awaiting access to the original source
EUUMA-001,gaia-dr3:4019704731785215360,EU UMa,white dwarf spin period / synchronism,"Somova+03 abstract reports 73.5±1.9 min; Somov+04 describes a 37-min narrow-line-peak oscillation and infers a ≈74-min spin, but also a 45-min line-center modulation consistent with a synchronous curtain. Howell+95 assumes synchronism in the AM Her interpretation; Ramsay+04 describes a polar and finds no quasi-coherent XMM modulation.",Somova+03_EUUMa;Somov+04_EUUMa;Howell+95_EUUMa;Ramsay+04,Classifying EU UMa as asynchronous changes its physical subtype and affects comparisons of spin/orbit ratios across magnetic CVs.,"Check for independent later optical, X-ray or polarimetric timing and establish whether the 37-min feature is coherent and half the WD spin. Until then keep WD spin numeric field blank and candidate values separate.",high,2026-09-23,Open,Open evidence or interpretation question
EUUMA-002,gaia-dr3:4019704731785215360,EU UMa,X-ray flux energy band,"Ridder+23 Table 3 labels 6(+2/−5)×10^-13 erg cm^-2 s^-1 as 1–10 keV, exactly matching Ramsay+04 Table 2’s unabsorbed bolometric hard-component flux. Ramsay+04 gives no source-native 1–10 keV value in the cited table; 0.1–10 is unavailable.",Ramsay+04;Ridder+23,Band and bolometric fluxes are not interchangeable; luminosity and population comparisons would be biased if the compatibility scalar is treated as a band-limited flux.,Reproduce the source-specific 1–10 keV conversion from the original model/spectrum or obtain confirmation from Ridder+23 authors; meanwhile retain the compatibility scalar with a warning and no 0.1–10 value.,high,2026-09-23,Open,Open evidence or interpretation question
EUUMA-003,gaia-dr3:4019704731785215360,EU UMa,cyclotron/accretion-region and pole magnetic fields,"Schwope review Table 1 visually gives Bcyc1=43 MG and Bpd=43 MG; Bcyc2 and Bph are blank. Its cited reference 5 is “Schwope 1995 (in preparation),” and the underlying spectrum/direct source paper was not retrieved.",Schwope+95_EUUMa;Ferrario+15,A secondary table and dipole extrapolation must not be mislabeled as direct photospheric or second-pole field measurements.,Locate the underlying cyclotron spectrum or original Schwope reference; verify the Bcyc1 value and centered-dipole assumption. Keep Bph blank and Bpd separately typed until verified.,medium,2026-09-23,Open,Open evidence or interpretation question
EUUMA-004,gaia-dr3:4019704731785215360,EU UMa,UV-derived accretion rates and distance,"Sanad+15 quotes state-dependent rates using d=80 pc (Ramsay+04 model distance), Mwd=1 M_sun, Rwd=7e8 cm and LUV=2πfd²; the line-to-bolometric Lacc conversion is not explicit. Gaia/Bailer-Jones geometric distance is about 287 pc.",Sanad+15_EUUMa;Ramsay+04;BailerJones+21_EUUMa,Rates scale with distance and adopted WD inputs; treating them as direct measured mass transfer would distort accretion comparisons.,"If these rates are used quantitatively, retrieve the publisher paper/full derivation and recompute from documented flux-to-Lacc assumptions using a justified distance, preserving the original published model values separately.",medium,2026-09-23,Open,Open evidence or interpretation question
V1043CEN-001,gaia-dr3:6179636986011888512,V1043 Cen,"WD mass, mass ratio and inclination","Thomas+00 cyclotron/RV branch gives Mwd≈0.39 Msun, i≈66 deg and q=M2/Mwd≈1.1 for M2≈0.45; its stability-motivated branch is Mwd≈0.64 Msun, i≈45.3 deg but conflicts with the observed cyclotron spectrum. Gänsicke+00 obtains ≈0.40 Msun from the IUE radius at assumed 200 pc. Beuermann+20 rescales that same angular radius to Gaia d≈172 pc and obtains Rwd≈9.5e8 cm and implied Mwd≈0.57 Msun at fixed 15,000 K. Thomas+00 also discusses an evolved-donor branch Mwd≈0.31, M2≈0.25, still outside its stability criterion. No branch is an independent dynamical WD mass.",Thomas+99_V1043Cen;Gaensicke+00_V1043Cen;Beuermann+20_V1043Cen,The WD mass and q determine whether the binary solution is dynamically stable and materially change comparisons of long-period polar masses with other radio-emitting WD populations. Choosing or averaging branches without a direct constraint would imply unsupported evolutionary conclusions.,"Retain all branches as model-dependent. For a preferred value, obtain phase-resolved donor/RV constraints and a joint cyclotron/FUV solution with Gaia distance, and verify whether the donor is evolved or out of thermal equilibrium. No scalar WD mass is currently selected.",high,2026-09-24,Open,Open evidence or interpretation question
V1043CEN-002,gaia-dr3:6179636986011888512,V1043 Cen,radio-emission-region field and emission site,"Barrett+20 Table 2 gives B=3563±730 G only under the assumption of fundamental electron-cyclotron-maser emission from the donor corona; the source is not spatially resolved to a component, and Table 1/text report strong polarization in the first detection but no polarization in the second without mapping the epochs/states. Thomas+00 independently finds 56 MG optical cyclotron field in a WD accretion region. These fields describe different emitting regions and mechanisms.",Barrett+20;Thomas+99_V1043Cen;Ridder+23,Mistaking the conditional kG radio-emission field for a WD field would erase the distinction between radio and optical diagnostics and distort the field distribution of the catalog.,Keep the 3.56-kG value conditional and separate. Confirm with epoch-resolved radio spectra/polarization and an optical accretion-state record; localize the source if possible before assigning the emitting region or mechanism.,medium,2026-09-24,Open,Open evidence or interpretation question
V1043CEN-003,gaia-dr3:6179636986011888512,V1043 Cen,X-ray flux band and absorption convention,"The exact 4XMM-DR11 source is 0.591 arcsec from Gaia and has one detection with mean catalog 0.2–12 keV flux 9.96521±0.382865e-13 erg cm-2 s-1. Ridder+23 Table 3 approximates 1–10 keV as the full band minus 0.2–0.5 and 0.5–1 keV, and 0.1–10 as the full band assuming negligible 10–12 keV photons; it imposes a ≥10% error floor. The source-specific absorption correction/ECF convention is not stated. Thomas+00 ROSAT values are separately model-fit unabsorbed 0.1–2.4 keV fluxes.",Webb+20;Ridder+23;Thomas+99_V1043Cen,Bandpass and absorption differences can produce false X-ray luminosity/state comparisons with radio observations and other CV classes.,"Retain 4XMM native-band flux separately from Ridder conversions. Inspect the DR11 detection-level band flux/error and catalogue ECF assumptions, then reproduce the two Ridder values and determine whether they are absorbed or unabsorbed.",medium,2026-09-24,Open,Open evidence or interpretation question
V1043CEN-004,gaia-dr3:6179636986011888512,V1043 Cen,WD spin versus orbital period / small asynchronism,Thomas+00 and van der Heyden+02 phase the polarimetric emission on the 4.19021016-h orbital ephemeris and use the conventional synchronized-polar interpretation. Gänsicke+00 explicitly notes that more accurate ephemerides are needed to test for a small residual asynchronism. No independent spin period or beat period was found in the searched source literature.,Thomas+99_V1043Cen;Gaensicke+00_V1043Cen;vanDerHeyden+02_V1043Cen,A confirmed asynchronous spin would change the physical subtype and the clock interpretation used in comparisons among magnetic CVs.,Keep the numerical WD-spin field blank and synchronization labeled as the polar interpretation. Resolve only with modern high-speed timing/polarimetry spanning enough cycles to separate Porb and Pspin.,medium,2026-09-24,Open,Open evidence or interpretation question
J1503-2207-001,gaia-dr3:6231616192056505984,J1503-2207,system_classification; white_dwarf_identification_status,Woudt+12 §2.17 calls it one of two new polars and reports Swift X-ray confirmation of magnetic accretion. Oliveira+17 Table 1 says polar candidate; §6.1.8 describes only probable WD Zeeman features without a field fit. Oliveira+20 groups low-state polars; Schwope+24 Table A1 compiles class Polar.,Woudt+12_CSS1503;Oliveira+17_CSS1503;Oliveira+20_CSS1503;Schwope+24_eROSITA,Confirmation level changes magnetic-CV class counts and whether the WD identification is considered secure. Later catalog labels are not independent follow-up.,"Choose whether public class should read “reported polar” with a candidate qualifier, or “polar candidate” pending source-specific polarimetry/cyclotron evidence or a secure Zeeman fit.",medium,2026-09-24,Open,Open evidence or interpretation question
J1503-2207-002,gaia-dr3:6231616192056505984,J1503-2207,xray_flux_1_10_kev_unabsorbed_compiled; xray_flux_0p1_10_kev_unabsorbed_compiled,"Ridder+23 Table 3 reports 1.5±0.2e-12 (1–10 keV) and 2.0±0.2e-12 (0.1–10 keV), converted from 2SXPS with source-class assumptions/PIMMS. Native 2SXPS values are observed/unabsorbed 0.3–10 keV 1.772/1.780e-12; Schwope+24 gives observed eROSITA 0.2–2.3 keV 5.35489e-13.",Ridder+23;Evans+20;Swift2SXPS_Docs;Schwope+24_eROSITA,"Bandpass, absorption convention and model assumptions affect cross-source X-ray comparisons; these values are not interchangeable or contemporaneous.","For precision comparisons, reproduce Ridder+23 source-specific hardness-ratio decision, NH and PIMMS conversions or adopt a uniform catalog-band set; retain all current fluxes separately pending that choice.",medium,2026-09-24,Open,Open evidence or interpretation question
J1503-2207-003,gaia-dr3:6231616192056505984,J1503-2207,radio_emission_region_field; radio_emission_mechanism_status,"Barrett+20 Table 2 gives 3563±730 G under fundamental ECM and donor-corona assumptions. Circular polarization is observed, but emission site/mechanism are not independently located; Oliveira+17 probable Zeeman features give no numerical WD field.",Barrett+20;Oliveira+17_CSS1503,The radio-region value could be confused with a WD surface or accretion field.,Decide whether to display this conditional radio-region field in the public catalog; keep it excluded from WD surface/polar/accretion field fields.,medium,2026-09-24,Open,Open evidence or interpretation question
BMCRB-001,gaia-dr3:1374430388449392000,BM CrB,Orbital period precision and TESS reliability,"Gänsicke+09 Table 1 gives 84.3(3) min; Kolbin+23 p. 4 gives 84.0653±0.0002 min from LS photometry and a low-state r-band ephemeris; Hernández-Díaz+25 Table A1 gives 84.07210±0.00330 min from one TESS sector. The TESS target has Tmag=17.663, in the paper’s 17<T<19 uncertain-reliability regime. The latter two differ by 0.0068 min (about 2.06σ if quoted errors are independent).",GansickeDillon+09_BMCrB;Kolbin+23_BMCrB;HernandezDiaz+25_BMCrB,A claimed period change or selected high-precision period could affect synchronization and evolutionary comparisons; the published TESS methodology flags this target brightness as uncertain.,Inspect the TESS light curve and source-specific PSD S/N/recovery or obtain an independent timed epoch before preferring one value or inferring Pdot. Until then retain values separately and do not infer Pdot.,medium,2026-09-24,Open,Scientific judgment requested
BMCRB-002,gaia-dr3:1374430388449392000,BM CrB,"Szkody+05 primary-text verification of polar classification, polarization, 33 MG cyclotron field, and approximate 1.4 h period","Kolbin+23 full text and Ferrario+15 Table 2 quote Szkody+05 for circular polarization up to 9%, a cyclotron spot field near 33 MG, and an approximate period; Gänsicke+09 independently lists an 84.3(3) min period. Szkody+05 DOI metadata resolves, but the original paper body was not retrieved.",Szkody+05;Kolbin+23_BMCrB;Ferrario+15;GansickeDillon+09_BMCrB,The secondary-reported spot field and polarization are important to component-specific magnetic comparisons.,"Provide or retrieve the Szkody+05 paper and verify the BM CrB row, observing band/state, cyclotron harmonic identification, and exact period/polarimetry values; otherwise keep these claims labeled secondary.",medium,2026-09-24,Open,Awaiting access to the original source
BMCRB-003,gaia-dr3:1374430388449392000,BM CrB,4XMM/Ridder X-ray band conversion and absorption convention,The exact 4XMM-DR11 slim row gives Flux8=2.07296±1.54933×10^-14 erg cm^-2 s^-1 in 0.2–12 keV for ObsID 0300870501. Ridder+23 Table 3 lists 1–10 keV=1.6±1.5×10^-14 and 0.1–10 keV=2.1±1.5×10^-14. Section 3.2 describes subtracting bands 1 and 2 for 1–10 keV and using the full-band error; the exact per-detection band vector and source-specific NH/model are not in the saved slim source row. Hilton+09 reports a contemporaneous <0.0160 ct/s 3-sigma pn limit under high background.,4XMMDR11_BMCrB;Ridder+23;Hilton+09_BMCrB;Webb+20,"Comparisons across CV classes can be biased if compiled X-ray fluxes mix native observed catalog fluxes, approximate bands, and absorption-corrected fluxes.","Verify the full 4XMM-DR11 per-detection band fluxes and Ridder conversion for ObsID 0300870501, then document the source-specific NH and absorbed/unabsorbed convention. Preserve all three records until reproduced.",medium,2026-09-24,Open,Scientific judgment requested
BMCRB-004,gaia-dr3:1374430388449392000,BM CrB,Radio-emission mechanism and conditional kG field,Barrett+20 reports a VLA X-band 43±15 μJy continuum value and CP=-100±41%; its custom S/N=10.3 is not Stokes-I/error (≈2.9). Table 2’s 3210±365 G requires fundamental ECM and a radio-region interpretation; the emitting component/site is not directly localized.,Barrett+20;Ridder+23,A conditional radio-plasma field must not enter WD-surface-field comparisons or imply an established radio mechanism.,Choose whether the community-facing catalog should expose 3210±365 G in a separately typed conditional radio-region field or only preserve it in provenance notes; it must remain separate from WD fields.,medium,2026-09-24,Open,Scientific judgment requested
BMCRB-005,gaia-dr3:1374430388449392000,BM CrB,"Stream-model M1, inclination, q, and Roche-lobe assumptions","Kolbin+23’s Hα stream fit uses M1=0.65 M_sun, i=55 deg, bright-segment elongation 7 deg, and a Roche-lobe-filling donor as model inputs. A separate compact-emitter eclipse scenario would require q≈0.0016, which the authors call uncharacteristic.",Kolbin+23_BMCrB,"These values can be mistaken for dynamical masses, measured mass ratio, inclination, or confirmed semidetached status if copied into scalar physical-property fields.","Confirm the public-catalog convention for displaying non-measured model inputs. Current measured WD mass, measured q, and measured inclination fields are left unset; the scenarios are preserved only as labeled model rows.",low,2026-09-24,Open,Scientific judgment requested
MRSER-001,gaia-dr3:1203639265875666304,MR Ser,White-dwarf photospheric temperature,"Araujo-Betancor+05 Table 5 gives 14,200±900 K from a low-state HST/STIS WD atmosphere fit. Schwope+93 §3.4 derives 8,500–10,500 K from low-state optical residuals but reports an ≈18,000 K alternative from mixed-state IUE/optical flux ratio. Mukai & Charles+86 uses a ≈9,000 K optical blackbody component, later described by Araujo-Betancor+05 as somewhat arbitrary; Szkody+88 ≈20,000 K is secondary-reported and questioned because Lyα is absent.",AraujoBetancor+05_STLMi;Schwope+93_MRSer;MukaiCharles+86_MRSer;Ferrario+15,"The component temperature affects comparisons of WD thermal state and accretion history; values trace different wavelength ranges, epochs and model assumptions.","Confirm the public catalog should prefer the 14,200±900 K low-state photospheric HST fit and retain all other state/method-specific estimates as separate measurements; do not average them.",medium,2026-09-24,Open,Scientific judgment requested
MRSER-002,gaia-dr3:1203639265875666304,MR Ser,White-dwarf mass and mass-ratio convention,"Schwope+93 defines q=M1/M2=2.69(+0.43/−0.34), assumes a ZAMS donor M2=0.13±0.02 M_sun, estimates M1=0.35(+0.11/−0.10) M_sun and later uses 0.5 M_sun as a model input. Shahbaz & Wood+96 defines q=M2/M1=0.10±0.05 and derives M2=0.07±0.08 M_sun with i=45±5 deg. The inherited 0.67±0.70 M_sun field is not a direct measurement in either paper.",Schwope+93_MRSer;ShahbazWood+96_STLMi;MukaiCharles+86_MRSer,"Mass ratios use opposite conventions, and mass/model choices affect evolutionary comparisons and inferred WD properties.",Choose whether the compatibility table should leave a single WD mass unset while exposing both source-specific solutions and assumptions in the measurement ledger; do not promote the later 0.5 M_sun model input or unclear 0.67±0.70 value as measured.,high,2026-09-24,Open,Scientific judgment requested
MRSER-003,gaia-dr3:1203639265875666304,MR Ser,X-ray flux band and absorption conversion,"Ramsay+94 reports a low-state ROSAT PSPC rate 0.0187±0.0039 ct/s and an absorbed-blackbody fit with physically implausible emitting fraction. Ridder+23 Table 3 lists 1–10 keV=1.5×10^−12 and 0.1–10 keV=1.8×10^−12 erg s^−1 cm^−2, with X-ray reference Ramsay+94. Ridder+23 §3.2 describes generic catalogue conversions, but Table 3 does not map the exact MR Ser detector row, count-rate/band inputs, NH or absorbed/unabsorbed convention.",Ramsay+94;Ridder+23,Flux band and absorption conventions materially affect comparisons with other CVs and any later luminosity calculation.,Trace the MR Ser entry to its exact ROSAT/catalog measurement and reproduce the Table 3 conversion/model; until then label these values as Ridder+23 converted summary fluxes and keep them separate from the native count rate.,medium,2026-09-24,Open,Scientific judgment requested
MQDRA-001,gaia-dr3:1597621426298361216,MQ Dra,classification / donor Roche-lobe filling / pre-polar status,Schmidt+05 §§5–6/Table 3 proposes a possible pre-polar and underfilling donor. Szkody+08 §3/Table 2 finds ellipsoidal K-band modulation compatible with filling/near-filling; noncontact 0.82–0.94 R_contact models also fit.,Schmidt+05_MQDra §§5–6/Table 3; Szkody+08_MQDra §3/Table 2,Detached/semi-detached state and pre-polar interpretation affect subtype/evolutionary comparisons; evidence does not establish one pathway.,Retain magnetic CV/LARP as confirmed and pre-polar as proposed/disputed; review competing fill-state models before choosing donor state.,high,2026-09-24,Open,Scientific judgment requested
MQDRA-002,gaia-dr3:1597621426298361216,MQ Dra,white-dwarf photospheric effective-temperature display,Szkody+03 gives ≤10000 K from a DA comparison under adopted radius/distance. Szkody+08 infers ≈8400 K from SED and adopts 8000 K at logg=8 without formal uncertainty. Szkody+04 secondarily reports Ferrario+02 5000–8000 K; original Ferrario model not accessed.,Szkody+03_MQDra §3; Szkody+08_MQDra §6; Szkody+04_MQDra §1,A single displayed WD temperature affects temperature comparisons; sources mix an upper limit and a model adoption.,"If one value is needed, choose 8000 K with caveat or show ≤10000 K; retain all alternatives separately.",medium,2026-09-24,Open,Scientific judgment requested
MQDRA-003,gaia-dr3:1597621426298361216,MQ Dra,X-ray converted-band flux and absorption convention,Szkody+04 has original two-epoch spectral fits with NH fixed at 1.3e20 cm-2. 4XMM-DR11 has two detections and native mean 0.2–12 keV flux. Ridder+23 gives approximate 1–10/0.1–10 keV catalog conversions; exact source band-vector/NH/absorption mapping was not reconstructed.,Szkody+04_MQDra Table 2; 4XMMDR11_MQDra; Ridder+23 §3.2/Table 3,Band and absorption conventions affect cross-source comparisons and luminosities.,Reproduce exact 4XMM conversion if possible or retain Ridder values as approximate; keep original Szkody fit and native catalog flux separate.,medium,2026-09-24,Open,Open evidence or interpretation question
APCRB-001,gaia-dr3:1223491257550872192,AP CrB,Thorstensen & Fenton full text,"Original 2002 full text inaccessible; abstract supports about 2.53 h and M4-ish ellipsoidal donor, while exact 151.865 +/- 0.009 min is quoted in full Gänsicke+04.",ThorstensenFenton+02_APCrB;Gaensicke+04_APCrB,The refined period is important for period placement and timing; detailed ephemeris/method inspection could reveal aliases or conventions.,"When full text is available, verify period table, uncertainty convention, ephemeris and distance method; retain quoted value provisionally.",medium,2026-09-24,Open,Open evidence or interpretation question
APCRB-002,gaia-dr3:1223491257550872192,AP CrB,white dwarf effective temperature,"Gänsicke+04 best FUV fit is about 17,500 K, combined optical-FUV SED points near 23,000 K; Schwope+06 proposes an unseen UV cyclotron component.",Gaensicke+04_APCrB;Schwope+06_APCrB;Ferrario+15,A single Teff could bias cross-class comparisons.,"Keep the 17,000-23,000 K range and both diagnostics pending simultaneous UV-optical modeling/new data.",medium,2026-09-24,Open,Open evidence or interpretation question
APCRB-003,gaia-dr3:1223491257550872192,AP CrB,X-ray flux conversion,"Ridder+23 Table 3 gives approximate 1-10 and 0.1-10 keV fluxes attributed to Voges+99/ROSAT, but source-specific conversion model, absorption and epoch mapping are not shown; Tovmassian+01 gives a separate pointed PSPC fit.",Ridder+23;Voges+99;ROSATBSC_APCrB;Tovmassian+01_APCrB,"Band fluxes are unsafe to compare without model, absorption convention and epoch.",Trace conversion inputs or preserve Ridder and Tovmassian values separately; do not merge/convert until model is known.,medium,2026-09-24,Open,Open evidence or interpretation question
APCRB-004,gaia-dr3:1223491257550872192,AP CrB,companion spectral type,Source-specific work uses M4/M4.5 templates or M3-M5 bracket; West+08 survey lists M3 for unresolved spectrum and 418 pc single-star distance.,Tovmassian+01_APCrB;Gaensicke+04_APCrB;Schwope+06_APCrB;West+08_APCrB,Donor subtype affects donor-sequence inferences; survey classification is not a direct donor-only spectrum.,Retain M4-M4.5 as preferred donor template; retain West M3 separately and do not adopt 418 pc as system distance.,low,2026-09-24,Open,Open evidence or interpretation question
APCRB-005,gaia-dr3:1223491257550872192,AP CrB,magnetic field geometry,Gänsicke+04 gives 144 +/-15 MG photospheric Zeeman field in centered-dipole model; Schwope+06 gives distinct 110 MG optical cyclotron accretion-region diagnostic; phase-resolved spectropolarimetry recommended.,Gaensicke+04_APCrB;Schwope+06_APCrB;Tovmassian+01_APCrB,Measurements probe different regions and must not be collapsed into one scalar; topology remains uncertain.,Keep field components separate and leave pole value blank pending phase-resolved spectropolarimetry.,medium,2026-09-24,Open,Open evidence or interpretation question
HER1-001,gaia-dr3:1325655193647771008,Her 1,counterpart identity,"Old input at RA=244.95543, Dec=+14.88610 (16:19:49.30 +14:53:09.96) resolves to unrelated PG 1617+150; Barrett+17 Table 2 and Szkody+04 Table 1 identify SDSS J162608.16+332827.8 at 16:26:08.16 +33:28:27.8; SIMBAD exact name/Gaia DR3 1325655193647771008 agree.",Barrett+17_Her1 Tables 2–3; Szkody+04_Her1 Table 1; GaiaDR3_Her1; SIMBAD_Her1; SIMBAD_Her1_oldpos,Wrong association would corrupt all derived physical properties.,Resolved in this audit: accept SDSS/Gaia source; retain old field object only in audit history.,high,2026-09-24,Resolved,Resolved with evidence or reassigned outside the member sample
HER1-002,gaia-dr3:1325655193647771008,Her 1,classification,Szkody+04 calls strong-He-II target one of best polar candidates; Szkody+24 uses 3.17 h BLS/partial eclipse and favors likely high-accretion SW Sex rather than polar/IP. Neither confirms magnetic status.,Szkody+04_Her1 §3.4; Szkody+24_Her1 §3.5/Fig. 6,Taxonomy affects population comparisons and whether magnetic-CV properties are assigned.,"Review classification when independent polarimetry, spin modulation, or further spectroscopy is available; retain SW Sex candidate as provisional.",high,2026-09-24,Open,Open evidence or interpretation question
HER1-003,gaia-dr3:1325655193647771008,Her 1,orbital period,"Barrett+20 Table 2 lists 3.00? h without derivation; Szkody+24 finds a 3.17 h detrended BLS period and partial eclipse, but quotes no uncertainty and says more data needed.",Barrett+20_Her1 Table 2; Szkody+24_Her1 §3.5/Fig. 6,A period difference changes binary placement and any synchronization inference.,Confirm the period/alias with longer photometric and spectroscopic coverage; do not average or use as WD spin.,medium,2026-09-24,Open,Open evidence or interpretation question
HER1-004,gaia-dr3:1325655193647771008,Her 1,radio flux density,Barrett+17 Table 3 gives 218±22 microJy RCP-only in 15A-24A on 2015-05-07; Barrett+20 gives 48±17 microJy Stokes I for semester 15A with no exact block/date. Table 4 peak is a distinct map statistic. Ridder+23 excludes the later report as below 3 sigma by its criterion.,"Barrett+17_Her1 Tables 1,3,4; Barrett+20 Table 1; Ridder+23 p.6",Radio variability/polarization and emission comparisons depend on which flux/measurement convention applies.,Check original visibilities or observing logs and establish whether the 2017 and 2020 fluxes are separate epochs/reductions; keep both until reconciled.,high,2026-09-24,Open,Open evidence or interpretation question
HER1-005,gaia-dr3:1325655193647771008,Her 1,distance and radio luminosity,"Barrett+20 Table 2 lists 1030 pc, close to 1/parallax from Gaia DR2 0.9711±0.6630 mas (S/N≈1.46); exact transformation is not explained. Gaia EDR3 BJ geometric posterior is 2429.7 pc (1765.8–3750.3), with photogeometric median 1990.6 pc. Published radio luminosity 1241×10^21 erg/s depends on 1030 pc and assumed 256 MHz bandwidth.",Barrett+20 Table 2/footnote; GaiaDR2_Her1; BailerJones+18_Her1; BailerJones+21_Her1,Distance choice changes absolute magnitude and radio luminosity substantially.,Confirm intended Gaia DR2 distance transformation and rederive luminosity only after radio flux and distance convention are settled; retain both posteriors.,medium,2026-09-24,Open,Open evidence or interpretation question
HER1-006,gaia-dr3:1325655193647771008,Her 1,2015 low-state spectrum access,"Szkody+24 reports June 2015 spectrum about five times fainter with narrow Balmer and little/no He II, citing Szkody+18; publisher and ADS PDF endpoints did not return original full text.",Szkody+24_Her1 §3.5; Szkody+18_Her1 (abstract/metadata only)； DOI 10.3847/1538-3881/aa9ede,The accretion-state evidence informs SW Sex versus polar interpretation.,Obtain and inspect Szkody+18 full text and target-specific table/spectrum before treating the low-state details as primary-verified.,medium,2026-09-24,Open,Open evidence or interpretation question
V1007HER-001,gaia-dr3:1347851790791563136,V1007 Her,Orbital-period comparison and possible period evolution,"Greiner+98 Eq. 2: 0.08328388(8) d = 119.928787 min; Hernández-Díaz+25 CDS Table A.1: TESS sectors 52/53 final Fourier period 119.94464±0.00093 min (four method values span 119.9000–119.9800 min; CorrFlag=1). Nominal difference from the old precise ephemeris is about 0.95 s, larger than quoted formal errors; the TESS paper classifies 17<Tmag<19 detections as uncertain and V1007 Her has Tmag=18.470±0.034.",Greiner+98_V1007Her;HernandezDiaz+25_V1007Her,Selecting one period or inferring Pdot/asynchronism can affect orbital-phase work and evolutionary comparisons; the TESS uncertainty is method/data-quality dependent.,"Keep both published values and all TESS method estimates separate. If a single high-precision modern ephemeris or Pdot is needed, obtain phase-resolved follow-up timing and test the TESS detection at its reported faint-source reliability; do not infer asynchronous spin from the period difference.",high,2026-09-24,Open,Scientific judgment requested
V1007HER-002,gaia-dr3:1347851790791563136,V1007 Her,15A X-band radio flux and short-timescale variability,"Barrett+17 printed Table 3 gives 165±25 μJy for 15A-25A (2015-03-09 UTC 08:16:36; 291 s; RCP-only). The CDS/VizieR table34 exact row for that same Obs-ID gives 24±4 μJy and +100±20%. Barrett+20 Table 1 gives Stokes I 38±9 μJy, RR=75±15, LL=0±16, CP=+100±29% for Semester 15A, but does not print a source-specific block/date. Barrett+17 Table 5 gives a next-day 15A-25B 3σ X-band upper limit <33 μJy (2015-03-10 UTC 08:20:18; 291 s).",Barrett+17_V1007Her;Barrett17_CDS_V1007Her;Barrett+20,The factor-of-several flux discrepancy changes radio luminosity and apparent variability. The publications may refer to an archival re-reduction rather than independent measurements; blindly averaging would be unjustified.,"If a preferred source flux is needed for quantitative population work, inspect the original calibrated 15A-25A/25B visibility data and reduction/flux-scale lineage or obtain an author clarification. Until then retain the printed original, CDS-served row, later Barrett+20 Stokes values, and next-day limit as distinct records.",high,2026-09-24,Open,Scientific judgment requested
V1007HER-003,gaia-dr3:1347851790791563136,V1007 Her,Cyclotron harmonic assignment and magnetic-field region,"Greiner+98 optical humps near 4500/5700 Å give 50±4 MG for 3rd/4th harmonics under kT=20 keV, viewing angle ~70 deg, log Lambda=3.5; assigning the humps to 2nd/3rd harmonics gives ~70 MG. Barrett+20 independently gives 3210±365 G only under fundamental ECM from a putative donor corona.",Greiner+98_V1007Her;Barrett+20,Harmonic degeneracy and field location change comparisons of WD/accretion fields and radio-emission-region fields across populations.,"Keep both MG cyclotron alternatives, the kG radio-plasma estimate, and the absence of a photospheric Zeeman measurement distinct. Near-IR/phase-resolved cyclotron spectroscopy would be needed to resolve the harmonic assignment; no immediate catalog choice is warranted.",medium,2026-09-24,Open,Scientific judgment requested
V1007HER-004,gaia-dr3:1347851790791563136,V1007 Her,170.59 d long-term photometric modulation / third-body interpretation,"Yang+17 Table 2 reports a 170.59±0.12 d PTF/CRTS photometric modulation (0.90 mag amplitude). Chavez+22 models a third body with P2=25.98 h, M3=148 M_Jup and a=0.021 AU, but its predicted 0.73 mag change does not match the observed 0.97 mag and the authors call the explanation only marginal. No tertiary detection is reported.",Yang+17_V1007Her;Chavez+22_V1007Her,"The period is not orbital/spin/radio recurrence, and assigning a tertiary would add an unconfirmed system component that could distort evolutionary interpretations.",Retain it as a long-term photometric modulation and label the third-body scenario a model hypothesis only. Independent orbital/tertiary evidence would be required before changing source classification.,medium,2026-09-24,Open,Scientific judgment requested
V1007HER-005,gaia-dr3:1347851790791563136,V1007 Her,"WD and donor masses/radii, donor spectral type, and mass-transfer rate","Greiner+98 infer M2=0.16 M_sun, R2=0.2 R_sun and M4–M4.5 from Porb with a main-sequence mass-radius relation; no donor features are detected. Chavez+22 use Knigge-sequence values M1=0.75, R1=0.0107, M2=0.15, R2=0.1923 R_sun, q=M2/M1=0.20 and log Mdot=-10.09 as model inputs. No direct dynamical WD or donor component measurement is reported in the inspected sources.",Greiner+98_V1007Her;Chavez+22_V1007Her,Model assumptions could be mistaken for measured component properties in cross-population comparisons and online catalog filters.,Keep compatibility measurement fields blank for direct masses/temperatures and preserve published sequence estimates only in the provenance ledger with explicit model/inference status. Obtain dynamical/spectroscopic follow-up if component values are required.,medium,2026-09-24,Open,Scientific judgment requested
V1007HER-006,gaia-dr3:1347851790791563136,V1007 Her,Harrison & Campbell (2015) full-text visual verification,"The official publisher-hosted PDF text extraction contains the V1007 Her subsection (WISE W1 noisy/suggestive of ellipsoidal variation; W2 weak single maximum; colors indicate cyclotron contribution), but direct local PDF download failed and no page image was available in this run. No WD or donor component value depends on this paper.",Harrison+15_V1007Her,"The source-specific prose was accessible as publisher PDF text, but its table/figure page was not locally rendered for visual verification.","If a WISE-derived donor or accretion-state claim is needed later, obtain an accessible local copy and inspect the V1007 Her subsection/Fig. 56 and photometry table. Otherwise retain the current qualitative-only use and access limitation.",low,2026-09-24,Open,Open evidence or interpretation question
V1323HER-001,gaia-dr3:4611319954072608384,V1323 Her,orbital period / interpretation,Anzolin+08 RV solution 4.402±0.014 h lists 4.029±0.014 and 4.846±0.014 h aliases and does not confirm Gänsicke+05 160.21±0.12 min. Bruch+24 TESS prose gives 0.20193(7) d but Table 3 gives 0.20191(2) d (Class C); Dağ+26 interprets ≈4.85 h as orbital from same archival TESS data.,Gaensicke+05_IPs;Anzolin+08_V1323Her;Bruch+24_V1323Her;Dag+26_V1323Her,"Period choice affects geometry, donor prediction, spin/orbit ratio and population comparison; agreement is alias consistency, not independent TESS observations.",Keep all values. Provisional catalog scalar uses Table 3. Obtain new phase-resolved spectroscopy/independent orbital timing and resolve prose/table difference before treating period as definitive.,high,2026-09-24,Open,Scientific judgment requested
V1323HER-002,gaia-dr3:4611319954072608384,V1323 Her,2015 radio flux and Stokes provenance,"Barrett+17 print: X 147±23 μJy at 8.7 GHz LCP-only Mar 9; C 121±20 μJy at 5.4 GHz RCP-only Mar 10. VizieR table34: X 45 μJy/−87%, C 108 μJy/+57%, no errors. Barrett+20: C Stokes I 43±9, RR 80±12, LL 0±11, CP +100±20%; X I 23±9, RR 0±15, LL 53±15, CP −100±40%; exact dates/ObsIDs not printed.",Barrett+17_V1323Her;VizieRBarrett17_V1323Her;Barrett+20,Flux and Stokes conventions materially affect radio-emission comparisons.,"Retain products separately. Obtain calibrated measurement sets/reduction logs or independent VLA re-reduction to map channel-only, electronic-table and Stokes products before selecting a Stokes-I value.",high,2026-09-24,Open,Scientific judgment requested
V1323HER-003,gaia-dr3:4611319954072608384,V1323 Her,X-ray model / WD mass / Lacc / Mdot,"Anzolin+08 Table 4 contains alternative Models A–C. Sect.4.2 gives BB bolometric flux 2.6–5.6e−12, Lacc>1.1e33 d800² and Mdot~1e16 d800²; later it gives BB flux 2.9e−13, Lacc>1.3e32 d500², Mdot>0.8–1e15 d500², and WD mass 0.61–0.76 Msun, while another passage gives ≥0.52 Msun at kTmax≥24 keV. Rendered pp.10–11 confirm mismatch.",Anzolin+08_V1323Her,The discrepancy changes inferred accretion power/rate and WD mass in cross-system comparisons.,"Check for erratum/author clarification and reconcile component decomposition, model and state. Ledger preserves all claims; no single secure Lacc, Mdot or WD mass adopted.",high,2026-09-24,Open,Scientific judgment requested
V1323HER-004,gaia-dr3:4611319954072608384,V1323 Her,spin period derivative / timing provenance,"Gänsicke+05 optical spin 1520.510±0.066 s; Anzolin+08 X-ray spin 1528±6 s; Bruch+25 TESS LC1/2/3/5 cluster near 1520.37–.39 s, LC4=1520.494±.014 s flagged outlier. Bruch+25 finds later values consistent with Petrik+15 and questions Andronov+11 spin-up; Petrik+15 currently available only through Mukai secondary page.",Gaensicke+05_IPs;Anzolin+08_V1323Her;Bruch+25_V1323Her;MukaiIPHome_V1323Her;Petrik+15_V1323Her,"A claimed torque/Pdot may depend on cycle counts, timing method or a discrepant datum.",Obtain Petrik+15 and Andronov+11 originals and fit one documented timing solution; no Pdot adopted meanwhile.,medium,2026-09-24,Open,Scientific judgment requested
V1323HER-005,gaia-dr3:4611319954072608384,V1323 Her,donor subtype / component quantities,Anzolin+08 predicts M3±1 from old 4.4 h period and assumes donor supplies all K-band flux; Gänsicke+05 detects no late donor features. Provisional TESS period is about 4.846 h. No donor spectrum/dynamical mass in checked papers.,Anzolin+08_V1323Her;Gaensicke+05_IPs;Bruch+24_V1323Her;Dag+26_V1323Her,"Period-based model value could be mistaken for measured donor type, mass or temperature.","Retain M3±1 as legacy prediction only. If comparison requires donor properties, compute sequence estimates under both period choices and clearly label them; measured subtype needs spectral/IR decomposition.",medium,2026-09-24,Open,Scientific judgment requested
V1323HER-006,gaia-dr3:4611319954072608384,V1323 Her,radio field and luminosity convention,"Barrett+20 Table 2 gives 3210±365 G assuming donor-coronal fundamental ECM (ν≈2.8B MHz); location is not uniquely resolved and this is not WD surface B. Table 2 radio luminosity is 5277×10^21 erg/s with 256 MHz footnote, while the printed convention/formula appears not to include standard 4π.",Barrett+20,Confusing radio-region B with WD field or per-steradian radio power with isotropic power biases population comparisons.,"Keep field conditional and component-labeled. Verify the luminosity formula, 4π, bandwidth, flux and distance convention before recalculation/use.",high,2026-09-24,Open,Scientific judgment requested
V1323HER-007,gaia-dr3:4611319954072608384,V1323 Her,derived diagnostics tied to orbital alias,"Anzolin+08 spin/orbit ratio≈0.096 and M3±1 donor prediction use 4.402 h. TESS sources favor ≈4.846 h, changing both; no component measurements independently settle the choice.",Anzolin+08_V1323Her;Bruch+24_V1323Her;Dag+26_V1323Her,Historical derived values can propagate an obsolete alias into donor and IP population comparisons.,"If needed, recompute under both candidate orbits with assumptions explicit; do not silently replace Anzolin model inputs.",medium,2026-09-24,Open,Scientific judgment requested
AMHER-001,gaia-dr3:2123837555230207744,AM Her,"WD mass, radius and temperature model branch","Pala+22 reanalyzes the Gänsicke+06 HST UV data with Gaia EDR3 and reports 0.63 (+0.10/-0.08) Msun, R=0.013 (+0.0017/-0.0014) Rsun, and 19,248 (+486/-450) K; the original fit using Thorstensen d=79 (+8/-6) pc reported 0.78 (+0.12/-0.17) Msun, 7.61 (+1.6/-1.0)e8 cm, and 19,800 +/-700 K. Both depend on atmosphere fits and a WD mass-radius relation; neither is dynamical.",Gaensicke+06_AMHer; Pala+22; BailerJones+21_AMHer,These values affect comparisons of WD masses and thermal states across magnetic and non-magnetic CVs.,"Keep both fit branches in source comparisons; verify whether the intended community-facing default should be the Gaia-rescaled Pala+22 solution, and preserve the non-dynamical/model label.",medium,2026-09-24,Open,Open evidence or interpretation question
AMHER-002,gaia-dr3:2123837555230207744,AM Her,Magnetic-field component and geometry,Young+81 directly identifies 13 MG Zeeman absorption from an accreting polar-cap region; Wickramasinghe & Martin+85 find a poor-viewing-geometry centered-dipole fit near 22 MG and a better offset-dipole active pole near 14 MG; Bailey+91 IR cyclotron fit gives 14.5 +/-0.3 MG; Campbell+08 low-state IR cyclotron model gives 13.6 (+1.0/-0.8) MG with non-1sigma fit ranges.,Young+81_AMHer; WickramasingheMartin+85_AMHer; Bailey+91_AMHer; Campbell+08_STLMi; Mason+24_AMHer,"Treating a polar-cap Zeeman value, global field geometry and cyclotron-column fields as one WD surface field would bias population comparisons.","Keep the distinct measurements and models separate; if a single field summary is required, choose which component and field geometry it represents. Do not average these values.",high,2026-09-24,Open,Open evidence or interpretation question
AMHER-003,gaia-dr3:2123837555230207744,AM Her,Donor mass ratio and binary inclination,"Southwell+95 reports irradiation-affected K2=198 +/-3 km/s, v sin i=92 +/-9 km/s, and uncorrected q=M2/M1=0.47 +/-0.08 as a lower estimate; corrected solutions are not unique. Davey & Smith+96 prefer i=45-60 deg using assumed q=0.6 and M2=0.26 Msun. Mason+24 obtains i=50.2 +/-2.0 deg from a low-state TESS/Wilson-Devinney model. Mason Table 1 sequence predicts M2=0.20 and R2=0.289 Rsun, but Table 2 reverses these and its prose uses M2=0.289 Msun.",Southwell+95_AMHer; DaveySmith+96_AMHer; Mason+24_AMHer,"Mass ratio and inclination control inferred component masses, donor evolutionary state and Roche geometry.",Verify the original Southwell correction and Mason+24 Table 1/Table 2/prose donor-value inconsistency before adopting a unique donor mass or a q-based component mass. Retain the inclination methods separately.,high,2026-09-24,Open,Open evidence or interpretation question
AMHER-004,gaia-dr3:2123837555230207744,AM Her,"X-ray flux band, absorption convention, epoch and state","Ridder+23 Table 3 quotes 1.1 +/-0.1e-10 erg cm-2 s-1 in 1-10 keV from 4XMM-DR11-derived catalog bands and applies a 10% error floor. It does not give an AM Her 0.1-10 keV counterpart value; the underlying exact 4XMM detection ID, native flux row and absorption convention have not been matched here. ROSAT/4XMM soft-band flux varies substantially between epochs.",Ridder+23; Webb+20; BailerJones+21_AMHer,An assumed absorption correction or accretion state can change X-ray luminosity and radio/X-ray comparisons by large factors.,"Query the exact 4XMM-DR11 detection(s) within the published source region; inspect native 0.2-12 keV Flux8, observation date, variability flags and any AM Her source-specific spectral fit. Do not label Ridder's converted value unabsorbed meanwhile.",high,2026-09-24,Open,Open evidence or interpretation question
AMHER-005,gaia-dr3:2123837555230207744,AM Her,Donor temperature and irradiation,"Young+81 classifies the visible low-state donor spectrum as M4.5 V; Bailey+91 fits a 3250-K M-dwarf atmosphere template; Mason+24 repeats T2=3290 +/-70 K from Gänsicke+01. Southwell+95 finds phase-dependent weakening of Na I and cannot determine an unbiased subtype; these temperatures are template/secondary-reported values, not a direct irradiation-independent donor Teff.",Young+81_AMHer; Bailey+91_AMHer; Southwell+95_AMHer; Mason+24_AMHer,"Donor temperature and spectral type support donor-sequence/evolution comparisons, but irradiation and spectral templates can shift the inferred subtype.",Retrieve and inspect the cited Gänsicke+01 donor analysis if a direct donor temperature is needed; otherwise preserve all values as spectral/template or secondary-reported estimates.,medium,2026-09-24,Open,Awaiting additional data or reanalysis
V1432-001,gaia-dr3:4193346037615507968,V1432 Aql,white dwarf mass,RXTE shock model Rana+05: 1.21±0.10 Msun; eclipse geometry Mukai+03: <0.67 Msun; NuSTAR Shaw+20: 0.76(+0.09/−0.08); Swift+NuSTAR Wang+21: 0.85±0.07; Wang Table 4 also reports Ramsay (2000) 0.98 with 90% interval 0.78–1.19. These methods/models are not interchangeable.,Rana+05;Mukai+03_V1432Aql;Shaw+20_V1432Aql;Wang+21_V1432Aql,WD mass changes interpretation of the system and population comparisons; estimates span incompatible spectral and eclipse-model branches.,"Keep all results with methods and confidence conventions. If a single community-facing preferred value is required, choose only after checking the original Ramsay article and resolving model systematics; do not average.",high,2026-09-24,Open,Open evidence or interpretation question
V1432-002,gaia-dr3:4193346037615507968,V1432 Aql,WD effective temperature / HST UV component,"Schmidt & Stockman+01 fit a ~35,000 K blackbody or 25,000–30,000 K atmosphere to dereddened UV-optical flux; their variable eclipse spectra also support stream/other emission, and later Mukai+03 finds a donor-caused X-ray eclipse. Rana+05 kTbb=88±2 eV and Wang+21 ~50 eV are soft X-ray accretion components, not photospheric temperatures.",SchmidtStockman+01_V1432Aql;Mukai+03_V1432Aql;Rana+05;Wang+21_V1432Aql,Treating the UV or X-ray hot component as a secure WD Teff biases cooling-age and WD-temperature comparisons.,Keep the HST blackbody and atmosphere branches as candidate hot-component fits. Decide whether a white-dwarf photospheric Teff is publishable only after reviewing the original HST component decomposition and extinction assumptions.,high,2026-09-24,Open,Open evidence or interpretation question
V1432-003,gaia-dr3:4193346037615507968,V1432 Aql,WD magnetic field,Rana+05 tentatively infers 28–35 MG by assigning a circular-polarization peak to the 6th–8th cyclotron harmonic; no cyclotron spectrum and poor optical polarization data. Ferrario+15 lists ~30 MG as a secondary compilation. Barrett+20 gives 3563±730 G only under fundamental ECM from a donor corona.,Rana+05;Ferrario+15;Barrett+20,A kG radio-plasma field and an MG accretion-region/WD field are different physical quantities; mixing them would corrupt WD-field comparisons.,"Keep the 28–35 MG value explicitly tentative and region-specific, keep 3.56 kG as conditional donor-corona radio field, and do not quote a secure global WD surface field without direct cyclotron/Zeeman evidence.",high,2026-09-24,Open,Open evidence or interpretation question
V1432-004,gaia-dr3:4193346037615507968,V1432 Aql,orbital period derivative,"Boyd+14 reports quadratic eclipse ephemeris dPorb/dt/P=−1.38(29)×10^-11 yr yr^-1 using a 15-year, multi-source timing compilation. Littlefield+15 finds no evidence for derivative in its 28-month eclipse set but explicitly says the result does not contradict Boyd’s longer dataset.",Boyd+14_V1432Aql;Littlefield+15_V1432Aql,A changing orbital period affects long-term timing and could be confused with the WD spin derivative or beat evolution.,"For any adopted orbital Pdot, harmonize eclipse-time datasets, time standards and error reweighting; otherwise retain the long-baseline claim and the shorter-baseline nondetection separately.",medium,2026-09-24,Open,Open evidence or interpretation question
V1432-005,gaia-dr3:4193346037615507968,V1432 Aql,spin ephemeris and beat period,"Staubert+03 combined and optical-only fits give different Pdot_spin values; Mukai+03 and Boyd+14 use different baselines/models; Littlefield+15 cubic polynomial and exponential spin ephemerides both fit. Published beat periods range ~49.6 d (1992) to ~61.7 d (2013), so the inherited single 49.8955 d is epoch-specific at best.",Staubert+03_V1432Aql;Mukai+03_V1432Aql;Boyd+14_V1432Aql;Littlefield+15_V1432Aql,Beat phase controls accretion geometry and timing residuals; one fixed period can misphase observations across years.,"Keep fit-specific ephemerides, epochs and models in the measurement table. Do not select one extrapolation as a measured current period without a common timing refit.",high,2026-09-24,Open,Open evidence or interpretation question
V1432-006,gaia-dr3:4193346037615507968,V1432 Aql,X-ray flux absorption convention,Rana+05 Table 4 reports 1–10 keV average 2.13×10^-11 and says fluxes correct local absorbers only while setting interstellar NH=0; nearby prose calls hard flux unabsorbed. Ridder+23 Table 3 gives 2.1×10^-11 (1–10 keV) and 4.1×10^-11 (0.1–10 keV) without a source-specific conversion input or error.,Rana+05;Ridder+23,An ambiguous absorption correction or noncontemporaneous catalog flux can bias radio/X-ray luminosity and accretion-state comparisons.,Inspect the exact Rana Table 4 note/model and match Ridder’s V1432 row to its 4XMM detection/model/NH. Until then retain separate flux rows without calling either Ridder value unabsorbed.,high,2026-09-24,Open,Open evidence or interpretation question
V1432-007,gaia-dr3:4193346037615507968,V1432 Aql,radio detection significance and emission site,"Barrett+20 lists a detection with custom S/N=9.3, but Table 1 Stokes I=15±5 μJy (~3σ) and CP=+100±47% (~2.1σ). The source is unresolved; a donor-coronal fundamental ECM origin is proposed, not localized.",Barrett+20,"Detection thresholds affect sample membership, and the emission site determines whether the conditional kG field can be compared to WD fields.","Preserve Barrett’s published detection plus raw Stokes measurements. For thresholded population work, apply a consistent Stokes-I threshold; do not treat the donor-corona mechanism as confirmed.",medium,2026-09-24,Open,Open evidence or interpretation question
V1432-008,gaia-dr3:4193346037615507968,V1432 Aql,donor classification and component parameters,"Schmidt & Stockman+01 say an M4 V donor was detected in I band and cite Patterson+95; the original Patterson full text was not retrieved. Mukai+03 uses M2=0.31 or 0.22 Msun as assumptions; Wang+21 M2=0.22±0.02 is a CV donor-sequence/Roche-lobe estimate, not a dynamical mass. No donor Teff or secure q is found.",Patterson+95_V1432Aql;SchmidtStockman+01_V1432Aql;Mukai+03_V1432Aql;Wang+21_V1432Aql,"Donor mass and subtype inform evolutionary and orbital-period comparisons, but a model value may be mistaken for measurement.",Retrieve/check Patterson+95 original I-band spectrum and retain model masses separately from direct donor quantities; seek dynamical velocities or resolved donor spectrum before adopting q/Teff.,medium,2026-09-24,Open,Open evidence or interpretation question
V1432-009,gaia-dr3:4193346037615507968,V1432 Aql,nova-history / synchronization pathway interpretation,Boyd+14 presents a pre-record nova as the origin of asynchronism and projects synchronization near 2100. Wang+21 argues the low inferred Mdot contradicts a recent-nova classification under the short synchronization-timescale picture; its rate and timing extrapolation are also model-dependent.,Boyd+14_V1432Aql;Wang+21_V1432Aql;Littlefield+15_V1432Aql,A speculative post-nova history could be mistaken for an established evolutionary pathway connecting populations.,"Keep both as hypotheses, label model assumptions, and do not use the proposed nova/resynchronization scenario as an established sequence or catalog classification.",medium,2026-09-24,Open,Open evidence or interpretation question
V1432-010,gaia-dr3:4193346037615507968,V1432 Aql,legacy distance input and dependent luminosities,Historical ~230 pc distance is quoted by Schmidt & Stockman+01 from Watson+95 and used in older Rana+05 luminosities/accretion-rate estimates; HST discussion adjusts it to ~200 pc for assumed I-band extinction. Current Gaia EDR3/Bailer-Jones geometric posterior is 449.66 pc. Original Watson distance method/error has not been independently checked.,SchmidtStockman+01_V1432Aql;Rana+05;BailerJones+21,Reusing old distance-dependent luminosities or Mdot alongside the Gaia distance without rescaling mixes incompatible assumptions.,"If historical luminosities or the Rana Mdot are quantitatively reused, retrieve Watson+95 and decide whether to recompute explicitly from the newer posterior. Keep old published inputs distinct meanwhile.",medium,2026-09-24,Open,Open evidence or interpretation question
J1955-001,gaia-dr3:4240284979281473920,J1955+0045,period assignment / spin and orbit,"Tovmassian+17 Table 3/body assign photometric 81.29 min to WD spin and RV 83.599 min to orbit, while its abstract reverses the method labels; Babina+24 refines spin to 0.05645351(14) d and observes beat 2.0425(145) d; Bruch+25 TESS LC#1/2 report 4877.50(13)/4877.407(91) s with unstated confidence convention; Bernardini+13 reports X-ray 6100±120 and 4960±80 s, and the latter printed hour conversion is arithmetically inconsistent. No paper establishes Pdot/synchronization rate.",Bernardini+13_IGRJ19552;Tovmassian+17_IGRJ19552;Babina+24_J1955_RU;Bruch+25_J1955;Barrett+20;Ridder+23,Clock misassignment propagates into spin/orbit/beat comparisons and any synchronization-evolution claim.,Please choose the display convention for canonical spin/orbit values and whether the X-ray candidates remain unassigned. Keep all measurements separate until then; verify Bruch uncertainty convention from publisher copy if possible.,high,2026-09-24,Open,Scientific judgment requested
J1955-002,gaia-dr3:4240284979281473920,J1955+0045,WD/accretion-region magnetic field,Tovmassian+17 infer ~16 MG only if an ~8000 Å continuum turnover is the 8th cyclotron harmonic; they say it could be 35% lower and B>~20 MG is very unlikely. No Zeeman or individual harmonics were detected; Bernardini+13 only reports an IR excess/cyclotron contribution.,Bernardini+13_IGRJ19552;Tovmassian+17_IGRJ19552;Babina+24_J1955_RU;Bruch+25_J1955;Barrett+20;Ridder+23,Using 16 MG as a direct mean/polar photospheric field would miscompare physical field components across CV populations.,Decide whether RAWDOG should expose the conditional ~16 MG estimate and qualitative <~20 MG discussion in separate fields or keep the numeric estimate only in the measurement ledger.,high,2026-09-24,Open,Scientific judgment requested
J1955-003,gaia-dr3:4240284979281473920,J1955+0045,WD mass,Bernardini+13 Sect. 3.3/Table 5 gives 0.77 +0.02/-0.03 Msun from a Suleimanov post-shock spectral model; Tovmassian+17 adopts 0.75 Msun as a Doppler-map input. No dynamical WD mass was found.,Bernardini+13_IGRJ19552;Tovmassian+17_IGRJ19552;Babina+24_J1955_RU;Bruch+25_J1955;Barrett+20;Ridder+23,Mass-distribution comparisons can mix model-dependent X-ray masses with dynamical masses or adopted map inputs.,Decide which population tables may include the X-ray model estimate; retain the 0.75 Msun map input as assumed only. Verify whether Bernardini explicitly defines the mass interval confidence level outside Table 5.,medium,2026-09-24,Open,Scientific judgment requested
J1955-004,gaia-dr3:4240284979281473920,J1955+0045,radio flux uncertainty,"Barrett+20 original VLA Table 1 gives 79±5 μJy; Ridder+23 Table 3 repeats 79±8 μJy with an asterisk because the catalog imposes a minimum 10% error. Same detection, not an independent observation.",Bernardini+13_IGRJ19552;Tovmassian+17_IGRJ19552;Babina+24_J1955_RU;Bruch+25_J1955;Barrett+20;Ridder+23,The uncertainty convention affects radio significance and comparisons of flux errors.,Choose which uncertainty is shown in the main compatibility catalog; keep both provenance rows and do not average.,medium,2026-09-24,Open,Scientific judgment requested
QQVUL-001,gaia-dr3:1833014187092198912,QQ Vul,mass_ratio,"Catalán+99 main text/equation defines q=M2/M1=0.54±0.14, while Table 4 labels q=M1/M2 and prints 0.54±0.08. Schwope+00 uses Q=M1/M2=1.75; Watson+03 reports q=M2/M1=0.63 under its Roche-tomography assumptions.",Catalan+99_QQVul; Schwope+00_QQVul; Watson+03_RocheTomography,The ratio convention affects inferred component masses and any cross-population comparison.,Verify whether Catalán+99 has an erratum or author clarification; until then retain both statements and never use its table q as canonical.,high,2026-09-24,Open,Open evidence or interpretation question
QQVUL-002,gaia-dr3:1833014187092198912,QQ Vul,white_dwarf_mass; inclination,"Optical/tomographic solutions give M1≈0.54–0.66 M_sun, while Cropper+98 Ginga spectral fits give 1.12–1.13 M_sun (90% interval 0.95–1.30). Inclinations conflict: Schwope+00 50–70 deg; Catalán+99 best 65±7 and upper≈72; Watson+03 Table 3 72–90 but prose excludes >72. Cropper (1998) original polarimetry gives approximate i≈50 deg and pole colatitude≈40 deg from a simple geometry argument.",MukaiCharles+87_QQVul; Catalan+99_QQVul; Watson+03_RocheTomography; Cropper+98Mass_QQVul; Cropper+98Polarimetry_QQVul; Schwope+00_QQVul,The selected mass and inclination would materially change QQ Vul’s location in WD-mass comparisons and any evolutionary interpretation.,Keep measurements by method separate. Check original Cropper polarimetry and Watson+03 text/table interpretation (or author clarification) before choosing a preferred inclination/mass branch.,high,2026-09-24,Open,Open evidence or interpretation question
QQVUL-003,gaia-dr3:1833014187092198912,QQ Vul,companion_spectral_type,Catalán+99 directly classifies donor as M4V from TiO; Mukai & Charles 1986 gives M2–4 template range; queried SIMBAD record says M2 D with no traceable citation.,Catalan+99_QQVul; MukaiCharles+86_QQVul; SIMBAD_QQVul,"Subtype enters donor-sequence predictions for mass, radius and evolutionary state.",Locate the provenance of SIMBAD M2 D and check whether its source predates the direct M4V spectroscopy; keep M4V as the primary measured classification for now.,medium,2026-09-24,Open,Open evidence or interpretation question
QQVUL-004,gaia-dr3:1833014187092198912,QQ Vul,white_dwarf_magnetic_field,Belle+00 states field strength was not directly measured; quotes assumed typical 20–30 MG and indirect <10–30 MG possibility. Ferrario+15 table lists uncertain Bcyc1=30: MG. No primary cyclotron/Zeeman measurement was confirmed.,Belle+00_QQVul; Ferrario+15; Schwope+00_QQVul,"Confusing a prior, accretion-region estimate, cyclotron-region field and WD surface field could create a false magnetic-field trend.",Obtain and follow the primary citation chain behind Ferrario+15 Bcyc1=30: before using any numeric WD-field value; retain the fields as component-specific claims.,high,2026-09-24,Open,Open evidence or interpretation question
QQVUL-005,gaia-dr3:1833014187092198912,QQ Vul,radio_detection_significance,"Barrett+20 reports Stokes I=92±39 uJy (nominal 2.36σ) and a custom combined significance score 36.9 based on a product of distance, flux and polarized-flux terms; RR=0±56 uJy, LL=134±58 uJy and CP=−100±60%. Ridder+23 has no repeat QQ Vul row.",Barrett+20; Ridder+23,Counting this as a secure radio detection changes population statistics and radio-luminosity comparisons.,"For the community catalog, decide whether to label this as published detection / low-significance candidate; preserve Stokes measurements and the paper’s custom score either way.",high,2026-09-24,Open,Open evidence or interpretation question
QQVUL-006,gaia-dr3:1833014187092198912,QQ Vul,white_dwarf_spin_period,"QQ Vul is classified as a polar and is conventionally treated as synchronized, but no independent WD spin period was found in inspected papers. Existing compatibility field had stored Porb as spin.",Schwope+00_QQVul; Belle+00_QQVul,A synchronism assumption represented as a second independent clock can contaminate spin/orbit distributions.,Use the orbital period as measured and leave the independent WD-spin numeric field blank; retain synchronism only as interpretation unless an independent spin measurement is found.,medium,2026-09-24,Open,Open evidence or interpretation question
QQVUL-007,gaia-dr3:1833014187092198912,QQ Vul,inclination_polarimetry_primary_access,Cropper (1998) original full text is now retrieved and checked. Sect. 5 gives approximate i≈50 deg and magnetic-pole colatitude beta≈40 deg using simple polarization geometry; not a 40–50 deg interval.,Cropper+98Polarimetry_QQVul; Catalan+99_QQVul; Watson+03_RocheTomography,This primary inclination estimate is part of the competing geometry literature used to interpret mass solutions.,Closed for access/provenance: original paper checked and its approximate geometry is recorded. Its result remains a competing method-dependent estimate under QQVUL-002.,medium,2026-09-24,Resolved,Resolved with evidence or reassigned outside the member sample
AEAQR-001,gaia-dr3:4226332451596335616,AE Aqr,white-dwarf magnetic field / magnetic moment,"Bookbinder & Lamb+87 infer mu≈7.5e30 G cm3 / B≈0.06 MG under assumed 1 Msun and R=5e8 cm; Li+16 summarizes estimates <=2, 1–5, and ~50 MG; Mauche+06 pure dipole braking gives mu≈1e34/B≈50 MG but conflicts with observed spin evolution; Blinova+19 simulations use ~0.29–0.33 MG. Abada-Simon+93 B>=250 G applies to modeled radio plasmoids only.",BookbinderLamb+87_AEAqr;Li+16_AEAqr;Mauche+06_AEAqr;Blinova+19_AEAqr;Abada-Simon+93,No direct WD photospheric Zeeman/cyclotron field found; conflating model families/radio field would distort population comparisons.,Keep each model estimate in separate component-specific fields; select a canonical model only if a use case requires it.,high,2026-09-24,Open,Open evidence or interpretation question
AEAQR-002,gaia-dr3:4226332451596335616,AE Aqr,"WD/donor masses, q and inclination","Echevarría+08 derive M1=.63±.05, M2=.37±.04 at i=70±3°, q=M2/M1=.60±.02 under donor Roche-fill/corotation assumptions. Ramírez & Echevarría+21 report unstable Halpha K1=114±8 (2000),115±6 (2008), rejected variable Hbeta=185±11 (1991); 2000 Halpha plus assumed i yields .69±.06/.47±.07, while authors retain 2008 masses. Earlier solutions span higher M1 at lower i.",Echevarria+08_AEAqr;Echevarria+21_AEAqr,Masses are model-derived and sensitive to K1 and assumed i; not direct component masses.,Keep solutions separate; choose default only if needed for a specific catalog view.,high,2026-09-24,Open,Open evidence or interpretation question
AEAQR-003,gaia-dr3:4226332451596335616,AE Aqr,orbital period ephemeris,"Echevarría+08 absorption ephemeris P=.4116554800(2)d, HJD0=2439030.78496(9); Li+16 uses .411655610d and a different timing epoch. Ramírez & Echevarría+21 fix the 2008 period. The values differ by ~0.011 s, beyond printed formal precision.",Echevarria+08_AEAqr;Li+16_AEAqr;Echevarria+21_AEAqr,Long-baseline phase predictions depend on ephemeris/cycle count.,Inspect Li+16 orbital ephemeris derivation and cycle count; label by validity epoch and do not average.,medium,2026-09-24,Open,Open evidence or interpretation question
AEAQR-004,gaia-dr3:4226332451596335616,AE Aqr,candidate pulsed radio emission,"Madzime+21 UFS MSc dissertation reports candidate MeerKAT L-band modulation P~33.13±.02s in one ~45 min 2019-02-25 session, strongest early/lower channel. It differs from Li+16 WD spin 33.07673996s; no independent validation or robust phase-coherent significance found.",Madzime+21_AEAqr;Li+16_AEAqr,Treating a thesis-only pulse as confirmed could change source classification and population comparisons.,Independent follow-up or raw-data reanalysis with significance/pulse-fraction and phase-coherent test against Li+16 before confirmation.,high,2026-09-24,Open,Open evidence or interpretation question
AEAQR-005,gaia-dr3:4226332451596335616,AE Aqr,MeerKAT L-band flux products,Madzime+21 gives 1.284 GHz image peak 2.64±.07 mJy but Table 4.3 channel mean 3.95±.13 mJy; same session channel means range 4.82–2.98 mJy over .941–1.626 GHz. Not simultaneous with Barrett+20.,Madzime+21_AEAqr;Barrett+20,Estimator choice affects low-frequency spectrum; no single spectrum should combine non-simultaneous epochs.,Check image versus visibility/channel averaging on raw data or author estimator; retain products separately meanwhile.,medium,2026-09-24,Open,Open evidence or interpretation question
AEAQR-006,gaia-dr3:4226332451596335616,AE Aqr,240 GHz uncertainty,Abada-Simon+93 §3.1 prose gives 48.6±8.8 mJy and calls it 5.5 sigma; scanned Table 1 appears ±1.6 mJy.,Abada-Simon+93,Error changes spectral-fit weighting and broadband comparison.,Inspect a better scan/erratum or contact source author if needed; no preferred error adopted.,medium,2026-09-24,Open,Open evidence or interpretation question
AEAQR-007,gaia-dr3:4226332451596335616,AE Aqr,compiled 1–10 keV flux convention,Ridder+23 Table 3 gives 5.1±.5e-12 erg cm-2 s-1 in 1–10 keV with Eracleous+91 cited and min 10% error. Native Eracleous table has three Einstein 0.1–3.5 keV epochs; Ridder conversion inputs/absorption convention are unstated.,Eracleous+91;Ridder+23,The compilation must not be mistaken for a same-band original spectral measurement.,Recover conversion recipe or continue to retain both measurements separately.,medium,2026-09-24,Open,Open evidence or interpretation question
AEAQR-008,gaia-dr3:4226332451596335616,AE Aqr,source taxonomy,AE Aqr is a secure magnetic CV and rapid-spin WD system; IP/DQ Her is historical classification and propeller/pulsar-like describes physical models; candidate pulsed-radio evidence is unconfirmed.,Echevarria+08_AEAqr;Li+16_AEAqr;Blinova+19_AEAqr;Madzime+21_AEAqr,Evolutionary/speculative labels could be mistaken for established classes.,Use multi-label observational class and mark model interpretation separately; no single evolutionary sequence inferred.,medium,2026-09-24,Open,Open evidence or interpretation question
V388PEG-001,gaia-dr3:2725143108496515840,V388 Peg,"orbital period, spin period, and synchronization","Tovmassian+00 gives spectroscopic Porb=0.14063 d (3.37512 h); candidate range 0.14002–0.14092 d is a searched range, not an uncertainty. Photometric/cyclotron period matches within ~1 min over 1 yr, but paper says absolute synchronism is unproven and interprets the photometric period as WD spin. Harrison & Campbell+15 report sparse/noisy WISE modulation roughly half the binary period and do not plot it. Zengin Çamurdan+23 reports corrected photometric periods but exact V388 Peg value is inaccessible in the publisher preview. TESS sector 55 final period is 202.756±0.010 min but Tmag=17.495±0.060, near the paper’s increasing-unreliability threshold; ACF=202.4000 min, other methods blank.",Tovmassian+00_V388Peg;HarrisonCampbell+15_V388Peg;ZenginCamurdan+23_V388Peg;HernandezDiaz+25_V388Peg,Mislabeling a light-curve modulation as orbital or spin changes the inferred synchronization state and evolutionary comparisons.,Obtain Zengin Çamurdan+23 full text and inspect the T100 ephemeris/data; retain spectroscopic 3.37512 h orbital value and all distinct photometric periods until resolved. Do not assume synchronization.,high,2026-09-24,Open,Awaiting access to the original source
V388PEG-002,gaia-dr3:2725143108496515840,V388 Peg,white dwarf magnetic field by emitting region and method,"Tovmassian+00 obtains ~20 MG from a homogeneous one-temperature accretion-plasma cyclotron model (kT~20 keV, θ~80°, logΛ~5.7; parameters trade off; no resolved harmonics/Zeeman lines). Harrison & Campbell+15 suggest ~25 MG only if WISE W2 humps are cyclotron. Barrett+20 reports 3563±730 G only under n=1 donor-coronal electron-cyclotron-maser assumption.",Tovmassian+00_V388Peg;HarrisonCampbell+15_V388Peg;Barrett+20,The kG radio plasma estimate and MG cyclotron-region model do not measure the same component; treating them as one WD surface field would be physically wrong.,Keep three component/method-specific values in the measurement ledger; do not adopt a direct WD photospheric field without a resolved Zeeman/cyclotron diagnostic.,high,2026-09-24,Open,Open evidence or interpretation question
V388PEG-003,gaia-dr3:2725143108496515840,V388 Peg,"X-ray flux, bandpass and spectral model","Tovmassian+00 RASS 0.1–2.4 keV unabsorbed 5.5e-13 erg cm-2 s-1 assumes 40 eV blackbody+20 keV bremsstrahlung from only 24 photons. Zengin Çamurdan+23 preview reports Swift 2014 0.3–10 keV unabsorbed 3.6e-12 for assumed 30 keV bremsstrahlung. Ridder+23 Table 3 compiles 2SXPS/Evans+20 1–10 keV 4.1±0.8e-12 but lists 0.1–10 keV 6±2e-11; the broad-band value is ~15 times the narrower-band value. Epochs, models/conversions and absorption convention differ or are not source-specifically documented.",Tovmassian+00_V388Peg;ZenginCamurdan+23_V388Peg;Ridder+23;Evans+20,The band/model discrepancy affects X-ray-to-radio comparisons and any luminosity/accretion-rate inference.,Inspect Zengin full spectral-fit table and Swift observation details; retrieve Evans/2SXPS source product and Ridder conversion; preserve native/model-dependent products separately until reconciled.,high,2026-09-24,Open,Open evidence or interpretation question
V388PEG-004,gaia-dr3:2725143108496515840,V388 Peg,distance and donor spectral type,Tovmassian+00 estimates 300–600 pc by assuming an M4/M5 donor and rough Av≈0.37; no direct donor subtype is measured there. Gaia EDR3 Bailer-Jones exact source-ID geometric posterior is 721.052 (+76.735/-54.343) pc; photogeometric alternative 705.117 (+70.836/-57.170) pc. Ridder+23 rounds the geometric-like Gaia distance to 720(+80/-50) pc.,Tovmassian+00_V388Peg;BailerJones+21_V388Peg;Ridder+23,An assumed donor subtype and old model distance must not be treated as measured donor properties or as a current astrometric distance.,"Retain Gaia/Bailer-Jones posterior as the catalog astrometric distance; keep Tovmassian’s model-dependent distance as historical context and M4/M5 as assumed, not measured.",medium,2026-09-24,Resolved,Resolved with evidence or reassigned outside the member sample
V388PEG-005,gaia-dr3:2725143108496515840,V388 Peg,2023 T100/X-ray paper source access,"Zengin Çamurdan+23 is source-specific and reports a T100 period update, Swift spectral analysis, log Lx and Mdot, but the publisher preview exposes only abstract/source-section snippets; direct full-text request returned 403 and no accessible full PDF was found. Detailed ephemeris, observation IDs, tables, uncertainties and fit parameters remain unseen.",ZenginCamurdan+23_V388Peg,The missing text may revise timing and affect validation of the published X-ray/Mdot products.,Check institutional/library access or obtain author manuscript/full text; transcribe the V388 Peg ephemeris and spectral table if available. Meanwhile label only the preview-verified results and access limitation.,medium,2026-09-24,Open,Awaiting access to the original source
V2400-001,gaia-dr3:4112610784274894208,V2400 Oph,orbital period and sideband assignment,Langford+22 directly measure Pspin=927.7±0.1 s and Pbeat=1003.4±0.2 s but find no orbital-frequency power; conditional beat relation gives 3.41573±0.00967 h. Suleimanov+19 compiles 3.408 h; Buckley+95 discusses ~3.41 h and aliases around 2.7/3.4 h; NASA IPHome rounds ~3.43 h.,Langford+22_V2400Oph; Buckley+95_V2400Oph; Suleimanov+19_V2400Oph; NASAIPHome_V2400Oph,Orbital clock interpretation affects binary-period comparisons and inferred donor/evolutionary state; none of the compiled or beat-derived numbers is a directly measured orbital period.,Keep the main orbital-period field unset. Obtain/review an independent spectroscopic orbital solution or the Joshi+19 original timing paper and document exactly which sideband relation underlies any future inferred value. Do not average the estimates.,high,2026-09-24,Open,Scientific judgment requested
V2400-002,gaia-dr3:4112610784274894208,V2400 Oph,white-dwarf mass,"Competing model results include 0.59±0.05 Msun (Revnivtsev+04, primary scan inaccessible), 0.62(+0.06/−0.05) (Yuasa+10), 0.67(+0.06/−0.05) (Shaw+20), 0.72±0.05 (Suleimanov+19), 0.74±0.04 and 0.75±0.04 (Xu+19 independent estimators), 0.81±0.10 (Brunschweiger+09), plus a Hayashi+23 model-dependent lower bound >0.9 Msun. No direct dynamical mass was found.",Revnivtsev+04_V2400Oph; Yuasa+10_V2400Oph; Brunschweiger+09_V2400Oph; Suleimanov+19_V2400Oph; XuYuLi+19_V2400Oph; Shaw+20_V2400Oph; Hayashi+23_V2400Oph,"A single preferred mass would materially change component comparisons and could bias interpretation of accretion geometry; the values use different epochs, spectral models, line diagnostics and flow assumptions.",Retain each estimate separately with its method and uncertainty. Obtain the original Revnivtsev paper and compare the assumptions/systematics across spectral and line-redshift methods before selecting any summary value; no averaging or automatic newest-value preference.,high,2026-09-24,Open,Scientific judgment requested
V2400-003,gaia-dr3:4112610784274894208,V2400 Oph,magnetic-field component and model,Buckley+95 gives approximate optical polarized-flux B≈8 MG; Vaeth+97 cyclotron models give Bpole≈9–20 MG or 15–27 MG for another inclination/assumed accretion family; Suleimanov+19 gives Bsp=4.6±0.1 MG from hard-X-ray/corotation modeling. No direct Zeeman photospheric measurement was found.,Buckley+95_V2400Oph; Vaeth+97_V2400Oph; Suleimanov+19_V2400Oph,These quantities diagnose different field components/models; conflating them would distort comparisons of WD fields among magnetic CVs and WD pulsars.,Keep optical cyclotron/polarization fields distinct from the PSR-model field and mark the photospheric Zeeman field missing. Review the model-specific emitting region/geometry before choosing any compact catalog display.,high,2026-09-24,Open,Scientific judgment requested
V2400-004,gaia-dr3:4112610784274894208,V2400 Oph,X-ray flux convention and epoch,Ridder+23 Table 3 lists 4.4±0.4×10^-11 erg cm^-2 s^-1 in 1–10 keV with an asterisk/error floor and approximate 4XMM-band subtraction; exact 4XMM-DR11 slim row gives observed/catalog 0.2–12 keV flux (4.77104±0.01556)×10^-11 and flags variability/two detections. Absorption correction is not documented for the conversion and neither epoch is simultaneous with radio.,Ridder+23; Webb+20; 4XMMDR11_V2400Oph,A converted or absorption-corrected flux could be miscompared with spectral-fit fluxes/luminosities and radio measurements.,"Keep the native catalog-band value separate. Retrieve individual 4XMM observations/response assumptions and reproduce the 1–10 keV conversion, including absorbed/unabsorbed convention and exact epoch; do not treat the 10% floor as a spectral uncertainty.",medium,2026-09-24,Open,Awaiting additional data or reanalysis
V2400-005,gaia-dr3:4112610784274894208,V2400 Oph,inaccessible primary references and journal-version check,Revnivtsev+04 primary scan returned 403 and its radius is available only in a mirrored transcription; Joshi+19 is cited by Langford+22 for 2000/2001/2009/2014 X-ray timing/accretion-mode results but its original full text was not retrieved; Ridder+26 full arXiv v2 is checked but final journal text not compared.,Revnivtsev+04_V2400Oph; Joshi+19_V2400Oph; Langford+22_V2400Oph; Ridder+26_Broadband,The primary-source access gaps limit independent verification of one WD mass/radius and detailed epoch-by-epoch spin/beat-state interpretations; the radio journal version may have final copy edits.,Provide institutional/ADS scan access to Revnivtsev+04 and Joshi+19 or verify the relevant pages/tables from another primary source; compare the final Ridder+26 publisher article to the checked arXiv v2 before treating all page/table details as final.,medium,2026-09-24,Open,Awaiting access to the original source
V2400-006,gaia-dr3:4112610784274894208,V2400 Oph,Gaia epoch-2000 coordinate frame label,"Gaia DR3 VizieR response column metadata describes RAJ2000/DEJ2000 as CDS-added ICRS at epoch 2000.0, while the same response top-level Coosys header advertises FK5 J2000; Gaia-native coordinates are ICRS J2016.0. The positional match itself is secure.",GaiaDR3+22; SIMBAD_V2400Oph,"The difference is only tens of milliarcseconds here, but confusing propagated ICRS coordinates with FK5/J2000 can create inconsistent cross-catalog positions in an online release.",Check the CDS coordinate serialization/documentation and choose an explicit field label/provenance; until then preserve the raw query and describe this J2000 pair as the Gaia/CDS-added values with a frame-metadata caveat.,low,2026-09-24,Open,Open evidence or interpretation question
V2400-007,gaia-dr3:4112610784274894208,V2400 Oph,donor properties and component assumptions,"Langford+22 reports that the donor is not detected; Vaeth+97 obtains M2≈0.37 Msun from a period–mass relation and Hellier+Beardmore+02 uses it in simulations; Langford+22 uses 0.2–0.3 Msun as an illustrative QPO input. No measured donor spectral type, Teff, mass, or radius was found.",Vaeth+97_V2400Oph; HellierBeardmore+02_V2400Oph; Langford+22_V2400Oph,A donor-sequence prediction or adopted simulation value could be mistaken for a measured component and drive unsupported evolutionary classification.,Keep direct donor fields unknown; show the .37 and .2–.3 Msun values only as labeled relation/model inputs. Seek a donor-sensitive spectrum or a source-specific dynamical solution before adopting a subtype or mass.,medium,2026-09-24,Open,Scientific judgment requested
RXAND-001,gaia-dr3:374510294830244992,RX And,Gaia astrometric and CMD quality,"Gaia DR3 RUWE=2.81942, astrometric excess noise=0.21575 mas with significance 61.72, phot_variable_flag=VARIABLE, BP/RP SNR=4.33/6.48, and BP/RP color uncertainty≈0.30 mag. Bailer-Jones geometric distance is 196.595 pc [195.703,197.531], but formal posterior does not include all unresolved-binary/systematics concerns.",GaiaDR3_RXAnd;BailerJones+21_RXAnd,A too-precise distance or static CMD placement could bias inferred luminosity and component comparisons.,"Decide whether the website/catalog should publish this formal Gaia posterior and derived unresolved-system M_G with a prominent astrometric/photometric quality flag, or suppress its symmetric compatibility distance uncertainty in favor of the p16/p84 interval.",high,2026-09-24,Open,Scientific judgment requested
RXAND-002,gaia-dr3:374510294830244992,RX And,J2000 coordinate frame metadata,"Gaia DR3 RAJ2000/DEJ2000 column definitions say ICRS at epoch 2000.0, while the VizieR response Coosys header says FK5/J2000; SIMBAD returns the same numerical coordinates as ICRS ep=2000.0.",GaiaDR3_RXAnd;SIMBAD_RXAnd,Coordinate frame and epoch distinctions are required for reproducible counterpart matching and positional propagation.,Confirm the preferred display convention for the derived epoch-2000 coordinates; until then retain native Gaia ICRS J2016.0 separately and expose the header/column metadata conflict.,medium,2026-09-24,Open,Scientific judgment requested
RXAND-003,gaia-dr3:374510294830244992,RX And,Donor spectral classification and temperature,"Coppejans+16 labels K5±2 from the Knigge donor sequence; Harrison+18 local near-IR/EQW fit favors an M2 donor, near-solar [Fe/H]=+0.07, and says it is not K-type, while discussing substantial non-stellar contamination. Teff 3500 K (M2V) and 4500 K (K5V) are template/model inputs.",Coppejans+16;Knigge+06_DonorSequence;Harrison+18_ZCamDonors,"Donor type/temperature affects component luminosities, Roche-lobe and evolutionary comparisons.","Choose how to display the donor subtype: retain M2 as the best source-specific fit with contamination caveat plus K5±2 as legacy sequence value, or leave a single preferred type unresolved. Do not adopt either template temperature as a direct measurement.",high,2026-09-24,Open,Scientific judgment requested
RXAND-004,gaia-dr3:374510294830244992,RX And,Compiled masses and inclinations,"Harrison+18 quotes RKCat M1=1.14 Msun, M2=0.48 Msun and i=51 deg; Coppejans+16 Table 1 gives i=55 deg via Patterson (2011); Sepinsky+02 rise fit assumes M1=0.8 Msun, log g=8.2 and i=41 deg. None is a new dynamical mass in the checked passages.",Harrison+18_ZCamDonors;Coppejans+16;Sepinsky+02_RXAnd,"Promoting a compilation or fit input to a measurement can mislead mass, geometry and evolutionary comparisons.",Decide whether to keep the compiled 1.14/0.48 Msun values in the broad table as explicitly labeled historical catalog values or remove them from scalar component fields; retain Sepinsky fit values only as model inputs.,high,2026-09-24,Open,Scientific judgment requested
RXAND-005,gaia-dr3:374510294830244992,RX And,Orbital-period original provenance,"Coppejans+16 Table 1 gives 5.03743(2) h / 0.209893(1) d and explicitly cites Kaitchuck (1989). The primary bibliographic record and DOI were checked, but the original article full text was not accessed; Araujo-Betancor+05 also carries a 302.2 min compiled period.",Kaitchuck+89_RXAnd;Coppejans+16;AraujoBetancor+05_STLMi,"The value is appropriate for the orbital-period comparison field, but a primary ephemeris check would establish error convention and method.","Retrieve or inspect Kaitchuck+89 full text and verify the ephemeris, uncertainty convention, and measurement method; retain the current quoted value as secondary-carried until then.",medium,2026-09-24,Open,Scientific judgment requested
RXAND-006,gaia-dr3:374510294830244992,RX And,X-ray flux convention and catalog conversion,"Native 2SXPS mean power-law 0.3–10 keV flux is 6.809e−12 observed / 8.85e−12 unabsorbed erg cm−2 s−1. Ridder+23 Table 4 reports 7±2e−13 in 1–10 keV and 1.0±0.1e−11 in 0.1–10 keV (10% floor), converted from catalog data using hardness-ratio guided soft-component assumptions; RX And source-specific fit/absorption is not fully tabulated.",2SXPS_RXAnd;Evans+20;Ridder+23,"These values refer to different bands, models, averaging, and absorption conventions; mixing them can create an apparent order-of-magnitude inconsistency or misstate X-ray luminosity.",Reproduce Ridder’s RX And PIMMS/conversion choices or retrieve source-level spectrum/flux products and then choose which quantity belongs in each compatibility column; preserve all current results separately.,high,2026-09-24,Open,Scientific judgment requested
RXAND-007,gaia-dr3:374510294830244992,RX And,Primary-text access for WD/state and low-state details,"Sion+01, Sepinsky+02, Schreiber+02 and Kaitchuck+89 were checked only through original ADS abstracts/bibliographic records in this pass. Numeric WD fits and period values are therefore abstract/secondary-level, while Coppejans+16 and Harrison+18 full texts are local and checked.",Sion+01_RXAnd;Sepinsky+02_RXAnd;Schreiber+02_RXAnd;Kaitchuck+89_RXAnd,"Full texts could change model assumptions, confidence conventions, or details behind the carried interpretation.",Retrieve the four original papers and compare the full fit/ephemeris/state sections with the ledger; do not broaden current values beyond their stated component/state and access status.,medium,2026-09-24,Open,Scientific judgment requested
TTARI-001,gaia-dr3:78395045917118976,TT Ari,WD mass; mass ratio,Wu+02 abstract q=M2/M1=0.19±0.04; Bruch+19 quotes uncertain M1=1.24/M2=0.23 M_sun. Suleimanov+24 derives q=0.24–0.29 and M1=0.62–1.0 from disk precession/donor sequence. Wu full text inaccessible.,Wu+02_TTAri;Bruch+19_TTAri;Suleimanov+24_TTAri,Mass/q affect population and evolutionary comparisons.,Retrieve Wu+02 full paper and reconcile its mass/q derivation and convention with Suleimanov+24; retain alternatives until then.,high,2026-09-24,Open,Awaiting access to the original source
TTARI-002,gaia-dr3:78395045917118976,TT Ari,WD Teff; donor subtype,Gaensicke+99 author abstract and later papers report low-state WD Teff≈39000 K/M3.5 secondary; original fit tables/full text unavailable.,Gaensicke+99_TTAri;Coppejans+15;AraujoBetancor+05_STLMi,Atmosphere/template estimates could be mistaken for direct component measurements.,"Obtain Gänsicke+99 full paper; transcribe atmosphere grid, errors, mass/gravity assumptions, donor decomposition and distance branch. Keep approximate low-state values meanwhile.",medium,2026-09-24,Open,Awaiting access to the original source
TTARI-003,gaia-dr3:78395045917118976,TT Ari,period transcription/interpretation,"Wu+02 day period converts to 3.3012096 h but Bruch prints 3.3012086 h. Bruch abstract gives 8.90 h, conclusion 8.93 h for low-state oscillation. Superhumps are disk signals; earlier IP interpretation rejected.",Wu+02_TTAri;Bruch+19_TTAri;Coppejans+15;Suleimanov+24_TTAri,Mislabeling a photometric modulation as WD spin/beat biases synchronization and evolutionary comparisons.,"Check Wu+02 original period and Bruch+19 source data/table; retain both published forms, assign no spin interpretation without verification.",medium,2026-09-24,Open,Awaiting additional data or reanalysis
TTARI-004,gaia-dr3:78395045917118976,TT Ari,historical radio upper limit,Coppejans+15 `2.3 reports Cordova et al. (1983) VLA <0.44 mJy at 4885 MHz/50 MHz during low state; original paper not accessed.,Coppejans+15,Historical state-dependent limit informs radio variability comparisons.,"Locate Cordova et al. (1983) original paper and verify epoch, limit convention and state; leave labeled secondary-reported meanwhile.",low,2026-09-24,Open,Open evidence or interpretation question
TTARI-005,gaia-dr3:78395045917118976,TT Ari,Swift 2SXPS flux model provenance,"Exact row has power-law flux, Gam1=1.664, Pow=2 and HasSpec=0; ReadMe defines Pow=2 as fitted spectrum but HasSpec indicates no custom-built spectrum.",2SXPS_TTAri;Evans+20,Assumed spectrum/absorption affect flux and comparison with Ridder ASCA conversion.,Inspect Evans+20/Swift record for flags; document spectrum provenance before preferring 2SXPS flux. Keep both outputs model-dependent.,medium,2026-09-24,Open,Awaiting additional data or reanalysis
TTARI-006,gaia-dr3:78395045917118976,TT Ari,radio mechanism/field component,"Coppejans+15 measures highly CP flare; gyrosynchrotron and ECME considered. B<100 G applies only to a large gyrosynchrotron region, not WD surface.",Coppejans+15,Using radio CP/region field as WD magnetism could change class and population interpretation.,Keep non-magnetic CV classification and no WD surface field. Require mechanism-specific evidence/component labels before radio-region field is used in cross-population comparisons.,medium,2026-09-24,Open,Scientific judgment requested
IMERI-001,gaia-dr3:5091939988633728640,IM Eri,"distance, absolute magnitude, radio luminosity",Hewitt+20 Table 1 uses Gaia DR2 inverse parallax 191.2 +/- 1.4 pc; Bailer-Jones DR2 geometric posterior is 190.128 pc (p16/p84 188.708/191.569); Bailer-Jones EDR3 geometric posterior is 185.472 pc (184.563/186.448). Ridder+23 Table 4 rounds to 185.5(+1.0/-0.9) pc.,Hewitt+20;GaiaDR2_IMEri;BailerJones+18_IMEri;GaiaDR3_IMEri;BailerJones+21_IMEri;Ridder+23,Distance choice shifts unresolved M_G and radio luminosity; a uniform catalog distance convention may matter for population comparisons.,"Review whether the community-facing scalar should remain the EDR3 geometric posterior or display the published DR2-based Hewitt distance alongside it; current wide-table Gaia distance and derived M_G use EDR3 geometric posterior, while the observational catalog preserves Ridder+23.",medium,2026-09-24,Open,Open evidence or interpretation question
IMERI-002,gaia-dr3:5091939988633728640,IM Eri,orbital period interpretation,"Armstrong+13 Table 2 gives spectroscopic f_orb=6.86649(2) cycles d-1 and Porb=0.1456348(4) d; its 2012 photometric orbital-like signal is 6.870(1) cycles d-1, equivalent to 0.1455604 +/- 0.0000212 d. Kato+20 describes the 2018 signal as 0.1456(1) d and cites Armstrong ephemeris 0.1456346(2) d.",Armstrong+13_IMEri;Kato+19_IMEri;Hewitt+20,"Orbital, photometric, negative-superhump, and superorbital periods must not be conflated; the photometric peak differs by about 6.4 s but is low precision.",Keep the precise spectroscopic value in p_orb_h; decide whether the 2012/2018 photometric signals should be displayed as separate orbital-like signals or only in the measurement ledger.,medium,2026-09-24,Open,Open evidence or interpretation question
IMERI-003,gaia-dr3:5091939988633728640,IM Eri,system classification and state labels,Armstrong+13 calls IM Eri a nova-like CV; Kato (2019) identifies Z Cam-type behavior and IW And-type standstill-brightening-damping cycles; Kato+20 documents the 2018 IW And-type state. The 2012 negative superhumps indicate a disk-tilt interpretation but are not a WD magnetic signature.,Armstrong+13_IMEri;Kato+18_IWAnd;Kato+19_IMEri,A single static subtype would hide state-dependent phenomenology and could distort comparisons among non-magnetic CV subpopulations.,"Choose a catalog display convention for state-dependent classification (for example, keep non-magnetic CV as primary class and list nova-like/Z Cam/IW And behavior as dated phenomenology); no evolutionary sequence is implied.",low,2026-09-24,Open,Scientific judgment requested
IMERI-004,gaia-dr3:5091939988633728640,IM Eri,X-ray flux and spectral model provenance,Exact 2RXS row has 41.93 +/- 7.263 counts and no accepted source-specific spectral fit; Boller+16 says spectral fits require at least 100 counts. Ridder+23 Table 4 gives unabsorbed 1-10 and 0.1-10 keV fluxes via generic 7-keV MEKAL/PIMMS assumptions and Galactic NH.,2RXS_IMEri;Boller+16;Ridder+23,The fluxes are model-converted non-simultaneous estimates; presenting them as fitted source fluxes or temperatures would overstate the evidence.,Keep original ROSAT count rate/HR separate from Ridder+23 converted fluxes and retain the explicit generic-model caveat; no source-specific spectral fit should be adopted without a new analysis.,medium,2026-09-24,Open,Open evidence or interpretation question
IMERI-005,gaia-dr3:5091939988633728640,IM Eri,2012 negative-superhump amplitude convention,Armstrong+13 Table 2 reports 0.08 mag; Kato+20 Sec. 2 calls the 2012 negative superhumps 0.16 mag. The two papers do not establish in the checked text whether this is semi-amplitude versus peak-to-peak or a reporting/transcription difference.,Armstrong+13_IMEri;Kato+19_IMEri,The factor-of-two difference affects variability-amplitude comparisons across CV states and populations.,Inspect Armstrong+13 light-curve amplitude definition and Kato+20 Fig. 3/reporting convention; keep both values and do not average until clarified.,low,2026-09-24,Open,Open evidence or interpretation question
IXVEL-001,gaia-dr3:5515820034889610112,IX Vel,subclass/state-dependent classification,Historical UX UMa/nova-like literature; Kato+21 low-amplitude Z Cam-type behavior/standstills; Kára+23 RW Sex-class disc/outflow interpretation.,BeuermannThomas+90_IXVel;Hewitt+20;Kato+21_IXVel;Kara+23_IXVel,A single subtype could hide distinct photometric and spectroscopic phenomenology and distort cross-population comparisons.,Choose a community-facing display convention. Current audit keeps non-magnetic CV broad class and stores dated labels separately; no evolutionary sequence is asserted.,low,2026-09-25,Open,Scientific judgment requested
IXVEL-002,gaia-dr3:5515820034889610112,IX Vel,mass-transfer/accretion rate,Beuermann & Thomas/Linnell Table 5: 7.9±1.0e-9 Msun yr-1; Linnell Table 9 final FUSE/STIS model: 5.0±1.0e-9; Hewitt illustrative SED curve uses 7e-9 and is not fitted.,BeuermannThomas+90_IXVel;Linnell+07_IXVel;Hewitt+20,These values depend on different model setups/epochs and must not be averaged or treated as direct measurements.,"Keep alternatives separate. If a single value is needed for comparison, specify the model/epoch and whether a model-derived rate is acceptable.",medium,2026-09-25,Open,Open evidence or interpretation question
IXVEL-003,gaia-dr3:5515820034889610112,IX Vel,white-dwarf effective temperature,"Long+94 expects 50,000–75,000 K by analogy but fits the HUT continuum with a disc-only model; Linnell+07 adopts 60,000±10,000 K and derives the WD radius from a 60,000 K carbon-WD model.",Long+94_IXVel;Linnell+07_IXVel;Kara+23_IXVel,Treating an adopted model temperature as a direct measurement would bias WD-temperature comparisons.,Decide whether the wide-table WD Teff field should retain an explicitly flagged model value or remain blank with the result only in the ledger.,medium,2026-09-25,Open,Open evidence or interpretation question
IXVEL-004,gaia-dr3:5515820034889610112,IX Vel,X-ray flux band/absorption provenance,4XMM-DR11 native 0.2–12 keV flux (4.16888±0.02546)e-12; Ridder+23 converted 1–10 and 0.1–10 keV values (2.2±0.2 and 4.2±0.4)e-12 with generic band conversion/error floor; Rodriguez+25 eRASS1 0.2–2.3 keV flux 2.895±0.118e-12. Different surveys/epochs; Ridder IX Vel absorption convention unspecified.,4XMMDR11_IXVel;Ridder+23;Webb+20;eRASS1_IXVel;Rodriguez+25_IXVel,These are not same-band/same-state fluxes; absorption convention changes luminosity interpretation.,"Keep native and converted products separate. For a community summary, decide which band/convention to display or verify exact Ridder input/absorption pathway.",medium,2026-09-25,Open,Open evidence or interpretation question
IXVEL-005,gaia-dr3:5515820034889610112,IX Vel,approximately 25 s flickering versus WD spin,"Beuermann & Thomas+90 cites Warner et al. (1985) for low-amplitude non-constant ~25 s optical flickering; original timing paper not retrieved, and checked sources do not establish a stable WD spin clock.",BeuermannThomas+90_IXVel;Linnell+07_IXVel;Kara+23_IXVel,Mislabeling flickering as spin would create a false WD clock in comparisons with pulsars or magnetic CVs.,"If a spin claim is needed, inspect Warner et al. (1985) original timing analysis; keep current spin field blank.",medium,2026-09-25,Open,Open evidence or interpretation question
IXVEL-006,gaia-dr3:5515820034889610112,IX Vel,Gaia astrometric quality/systematic context,"RUWE=0.975865 and duplicated_source=false are nominal, but astrometric excess noise=0.19163206 mas with significance 46.875946. Exact counterpart remains supported by Gaia/SIMBAD and multiple X-ray identities.",GaiaDR3_IXVel;SIMBAD_IXVel;4XMMDR11_IXVel;eRASS1_IXVel,The very small formal parallax uncertainty and normal RUWE may understate astrometric systematics in an unresolved interacting binary.,"Before precision parallax interpretation, check Gaia astrometric caveats and later independent astrometry; do not change the secure counterpart on this flag alone.",low,2026-09-25,Open,Open evidence or interpretation question
ZCAM-001,gaia-dr3:1123169888190445568,Z Cam,mass ratio and component masses,"Shafter+83 scanned Table VI defines q=M2/M1=0.71 +/-0.10 and gives M1=0.99 +/-0.15, M2=0.70 +/-0.03 Msun, i=57 +/-11. Coppejans+16 q=1.4 +/-0.2 is the reciprocal convention. Saitou+12 gives M2 uncertainty +/-0.15 and i=68 from Hartley; Harrison+18/RKCat reports M1=1.00 +/-0.06 and M2=0.77 +/-0.03; Boneva+24 reports M2=0.70 +/-0.02.",Shafter+83_ZCam;Coppejans+16;Saitou+12;Harrison+18_ZCamDonors;Boneva+24_ZCamATCnc;Hartley+05_ZCam,Component masses and q convention affect population comparisons and any Roche geometry; compilations conflict in uncertainties and inclination interpretation.,"Choose which mass branch, if any, the community-facing summary should display; retain all ledger rows and conventions until the source-chain differences are resolved.",high,2026-09-25,Open,Open evidence or interpretation question
ZCAM-002,gaia-dr3:1123169888190445568,Z Cam,donor spectral type and temperature,"Wade+81 full thesis gives minimum-light K5-or-later, most likely K7; Harrison+18 JHK spectrum/equivalent-width/model analysis favors early-M/M1.3-M1.6 but notes contamination and adopts T2=3575 K as a light-curve input. Boneva+24 repeats the Harrison result.",Wade+81_ZCamThesis;Coppejans+16;Harrison+18_ZCamDonors;Boneva+24_ZCamATCnc,"Donor type, temperature and Roche-radius interpretation affect evolutionary and CMD comparisons; the estimates use different wavelength regions and model assumptions.","Decide whether the public display should show both historical optical K7 and later infrared early-M interpretations, or select one only after reviewing the original donor spectra/contamination assumptions.",high,2026-09-25,Open,Open evidence or interpretation question
ZCAM-003,gaia-dr3:1123169888190445568,Z Cam,WD effective temperature,"Hartley+05 abstract favors a uniform metal-enriched 57,000 K WD model; an alternative 29% at 72,000 K plus 71% at 26,000 K fits slightly better but was not required. Harrison+18 uses 26,000 K as a WISE light-curve model input. Boneva+24 Table 2 associates 150,000 K with Knigge+97, whose original quantity was not checked.",Hartley+05_ZCam;Harrison+18_ZCamDonors;Boneva+24_ZCamATCnc;Knigge+97_ZCam,"WD temperature comparisons can be biased if model inputs, heated patches, and UV disc/wind components are treated as photospheric measurements.","Retrieve/inspect Hartley+05 and Knigge+97 full original text and decide which WD photosphere solution, if any, merits a compact preferred field; retain all alternatives in ledger.",high,2026-09-25,Open,Open evidence or interpretation question
ZCAM-004,gaia-dr3:1123169888190445568,Z Cam,distance and Gaia astrometric quality,"Thorstensen+03 raw pi_abs=8.9 +/-1.7 mas; parallax+proper-motion posterior 164(+88/-42) pc; body reports final 160(+65/-37) pc while Table 4 gives 163(+68/-38) pc after distance-modulus prior 6.2 +/-1.5 mag. Gaia DR3 pi=4.663355 +/-0.025915 mas; Bailer-Jones geometric posterior 213.497 pc [212.243,214.740]. Exact Gaia DR2 query gives 4.436867 +/-0.040324 mas; Harrison+18 prints 4.467 +/-0.05 mas and allows ~0.3 mas systematics. Gaia DR3 RUWE=1.7625 and excess-noise significance=91.0.",Thorstensen+03_ZCam;GaiaDR2_ZCam;GaiaDR3_ZCam;BailerJones+21_ZCam;Harrison+18_ZCamDonors,Distance changes affect luminosities and separate historical model assumptions from Gaia astrometry; the DR2 paper/archive mismatch and elevated DR3 excess noise may matter despite exact counterpart identity.,Confirm whether the Gaia EDR3 geometric posterior remains the catalog reference distance after review of Gaia astrometric systematics/variability; retain body/table distance reports and DR2 query/paper values separately; do not invert or average parallaxes.,high,2026-09-25,Open,Open evidence or interpretation question
ZCAM-005,gaia-dr3:1123169888190445568,Z Cam,white dwarf radius,"Saitou+12 Table 1 reports 5.8(+1.1/-1.2)e8 cm from a mass-radius relation. Boneva+24 repeats 5.4e8 cm in prose, then Eq. (2)/Table 2 reports 3.11e8 cm and 0.004 +/-0.002 Rsun using M1=0.99 Msun; evaluating the printed equation with its stated inputs gives about 5.33e8 cm, not 3.11e8.",Saitou+12;Hartley+05_ZCam;Anderson+88_ZCam;Boneva+24_ZCamATCnc;Shafter+83_ZCam,WD radius is a core physical comparison and the Boneva output is not reproducible from its stated formula/mass.,Check Boneva equation/typesetting or calculation with the authors/source model; until then use neither Boneva 3.11e8 cm nor its converted solar-radius entry as a preferred value.,high,2026-09-25,Open,Open evidence or interpretation question
ZCAM-006,gaia-dr3:1123169888190445568,Z Cam,X-ray band fluxes and absorption,"Saitou+12 presents Suzaku spectral fits over 0.35-40 keV and hard 2-10 keV luminosity at assumed d=163 pc; Ridder+23 Table 4 values 4.7 +/-0.5e-12 (1-10 keV) and 5.7 +/-0.6e-12 (0.1-10 keV) are asterisked PIMMS/MEKAL conversions and unabsorbed estimates, using an approximately 11-keV characteristic temperature. Neither is simultaneous with 2014 VLA data.",Saitou+12;Ridder+23,"Bandpass, absorption and assumed distance determine interpretation of flux/luminosity comparisons.","If a preferred X-ray comparison value is needed, choose native Suzaku model products or the approximate converted catalog bands explicitly; preserve epoch, model and absorption convention.",medium,2026-09-25,Open,Open evidence or interpretation question
ZCAM-007,gaia-dr3:1123169888190445568,Z Cam,historical radio upper-limit provenance,"Coppejans+16 Sec. 2.1 summarizes old upper limits, including roughly <0.1 mJy at 4.885 GHz and limits 1.1/4.6 mJy at 5 GHz and 25 mJy at 10.6 GHz; exact paper-to-limit mapping and original confidence conventions were not fully reconstructed from Fuerst+86, Nelson & Spencer+88, and Woodsworth & Hughes+77.",Coppejans+16,Historical radio sensitivity comparisons can be wrong if a limit is assigned to the wrong epoch/frequency/source or confidence level.,"Inspect the original three historical radio papers and map each limit to observation date, state, bandwidth, and confidence before including them in public-facing comparisons.",low,2026-09-25,Open,Open evidence or interpretation question
ZCAM-008,gaia-dr3:1123169888190445568,Z Cam,Gaia astrometric/photometric quality,"Exact Gaia DR3 counterpart is supported by name, Gaia ID, published Tycho-2 position/proper motion and propagated position, but Gaia RUWE=1.7625, astrometric_excess_noise=0.2507 mas with significance=91.0, phot_variable_flag=VARIABLE, BP/RP flux-over-error 6.99/11.82 and BP/RP excess factor=1.5252.",GaiaDR3_ZCam;SIMBAD_ZCam;Coppejans+16;Harrison+18_ZCamDonors,Formal parallax/color errors may understate uncertainty for an unresolved variable accreting binary; affects precision CMD inference but not identity.,Review Gaia DR3 astrometric/photometric caveats or any later independent astrometry before treating the formal parallax precision or Gaia color as a component diagnostic.,medium,2026-09-25,Open,Open evidence or interpretation question
RWSEX-001,gaia-dr3:3769067109159364608,RW Sex,component masses and q convention,"Beuermann+92 is accessible through its ADS abstract but the original numerical mass table/full article could not be retrieved. Vande Putte+03 quotes Beuermann M1/M2=1.35±0.10 and K1=92±3 km/s; Hernandez+17 repeats M1≈0.84, M2≈0.62 Msun, i=34±6 deg, q=M2/M1≈0.74. Vande Putte+03 independently finds q=M2/M1≈0.64 from K1/K2.",Beuermann+92_RWSex;VandePutte+03_RWSex;Hernandez+17_RWSex,Component masses and mass ratio inform binary structure; silently mixing reciprocal q conventions would corrupt comparisons.,"If these values will be public-facing, retrieve the original Beuermann scan/tables and verify the mass solution and uncertainty; retain q convention explicitly. Current ledger labels the older masses secondary-transcribed and does not average solutions.",high,2026-09-25,Open,Awaiting access to the original source
RWSEX-002,gaia-dr3:3769067109159364608,RW Sex,Vande Putte q and mass uncertainties,"VandePutte+03 Table 9 prints q=M2/M1=0.64±0.08 and M1=0.99±0.18 Msun; §4.2.1 prose prints q=0.64±0.36 and M1=0.99±0.30 Msun. Direct first-order propagation from Table 5 K1=92±3 and K2=144±18 km/s gives q=0.639±0.083, consistent with Table 9 but not the prose uncertainty.",VandePutte+03_RWSex,The uncertainty propagates into WD mass comparisons and model priors.,Check the original journal typeset table/body and any erratum; decide whether the prose is a typographical error. Both printed values and the reproducible ratio are retained.,medium,2026-09-25,Open,Open evidence or interpretation question
RWSEX-003,gaia-dr3:3769067109159364608,RW Sex,WD temperature and conditional continuum temperature,"Linnell+10 Table 11 uses Teff(WD)=50,000 K, but §7/conclusion says the WD contribution is small and the data cannot determine Teff; Greenstein & Oke+82’s ~7,000 K blackbody and 400 pc distance are conditional on an F-star interpretation and may represent a cooler irradiated component.",Linnell+10_RWSex;GreensteinOke+82_RWSex;Hernandez+17_RWSex,Treating model choices or a composite red continuum as a WD photospheric measurement would bias WD/CMD comparisons.,"Keep the WD Teff as not directly determined; if a component temperature is needed, identify an independent WD-sensitive observation/model and distinguish it from disk/spot/irradiated-region temperatures.",high,2026-09-25,Open,Open evidence or interpretation question
RWSEX-004,gaia-dr3:3769067109159364608,RW Sex,distance and extinction branches,"Gaia EDR3/Bailer-Jones geometric posterior is 221.635 [220.657,222.708] pc; photogeometric posterior is 222.039 [220.696,223.129] pc. Hewitt+20 Gaia DR2 gives 236.5±5.0 pc; Beuermann+92 about 150 pc by Bailey method; Coppejans+15 lists 150±37 pc with its own conservative error; Linnell+10 Hipparcos value 289(+689/-119) pc; Greenstein & Oke+82’s 400 pc is conditional on an F-star interpretation. E(B−V) values/adoptions include <0.03, 0, 0.014, and 0.02.",BailerJones+21_RWSex;Hewitt+20;Beuermann+92_RWSex;Coppejans+15;Linnell+10_RWSex;GreensteinOke+82_RWSex;Mauche+88_RWSex,"Distance and reddening affect absolute magnitudes, luminosities, and UV-derived Mdot branches.","Use the Gaia EDR3 geometric posterior in the compatibility fields; retain historical/model branches. Before publishing extinction-corrected CMD values or selecting an Mdot branch, verify any independent parallax/extinction and the original Bailey-method details.",medium,2026-09-25,Open,Open evidence or interpretation question
RWSEX-005,gaia-dr3:3769067109159364608,RW Sex,circular polarization percentage,"Coppejans+15 Table 3 gives 3σ Stokes-V flux limits <13.8 and <12.9 uJy beam−1, alongside I peak fluxes 33.6 and 26.8 uJy beam−1. Its §5.3 separately states a 3σ CP-fraction upper limit of 12.9%. Naive ratios of the table values are 41.1% and 48.1%; the paper’s estimator or epoch linkage is not stated in the text/table.",Coppejans+15,A percentage entered into the wrong flux field would misstate polarization and mechanism constraints.,Inspect the authors’ polarization calculation/Appendix or original data reduction; decide whether the source-level 12.9% claim can be assigned to either epoch. Wide-table per-epoch percent remains NA; absolute flux limits and source-level text claim are preserved separately.,medium,2026-09-25,Open,Open evidence or interpretation question
RWSEX-006,gaia-dr3:3769067109159364608,RW Sex,X-ray band conversion and absorption convention,Ridder+23 Table 4 lists 4.4±0.5e-12 erg cm−2 s−1 (1–10 keV) and 5.6±0.6e-12 (0.1–10 keV; 10% error-floor asterisk) with X-ray ref 9=Evans+20/2SXPS. Ridder+23 §3.2 describes catalog count-rate conversions using NH and assumed spectral models but does not label the RW Sex values absorbed or unabsorbed explicitly; no RW Sex spectrum was retrieved.,Ridder+23;Evans+20,Band and absorption conventions change luminosities and comparisons with radio/X-ray populations.,Retrieve the exact 2SXPS source record and reproduce the count-to-flux conversion/model/NH; until then retain as reported model-converted fluxes and do not label them unabsorbed or simultaneous.,medium,2026-09-25,Open,Open evidence or interpretation question
RWSEX-007,gaia-dr3:3769067109159364608,RW Sex,tentative 6–7 min color timescale vs WD spin,"Greenstein & Oke+82 Appendix reports a “suggestion” of 6–7 min periodicity in a short 1973 U−V color series, with a hot-spot/disk-aspect interpretation; it also cites 600–1200 s variability from Hesser et al. 1972. No inspected follow-up paper establishes a coherent WD spin.",GreensteinOke+82_RWSex;Prinja+03_RWSex;VandePutte+03_RWSex;Coppejans+15;Hewitt+20,Misclassifying a disk color timescale as a spin period would alter synchronization and magnetic-population comparisons.,"If a spin value is to be published, locate/reanalyze the original photometry and later timing literature; current spin field stays empty and the tentative range remains separately labeled.",medium,2026-09-25,Open,Open evidence or interpretation question
RWSEX-008,gaia-dr3:3769067109159364608,RW Sex,donor template vs donor-sequence prediction,"VandePutte+03 finds a best skew-map match to K5 template, with ~10% donor light near 8000 Å; its period relation expects K9±3. The paper notes template-grid/signal limitations. Donor masses differ by method: Beuermann ~0.62, VandePutte 0.75±0.35 from i/K1/K2, and 0.63±0.18 from the period–mass relation; Linnell adopts 0.674 from Knigge sequence.",VandePutte+03_RWSex;Beuermann+92_RWSex;Linnell+10_RWSex;Knigge+06_DonorSequence,"Donor spectral type, mass and temperature can be confused with template or population-sequence outputs.","For a precise donor subtype/Teff or mass, obtain a higher-S/N donor-dominated spectrum or reconcile the original dynamical solution; do not convert K5/K9 into a measured Teff.",medium,2026-09-25,Open,Open evidence or interpretation question
RWSEX-009,gaia-dr3:3769067109159364608,RW Sex,Gaia astrometric quality,"Exact Gaia DR3 match has RUWE=1.088 but astrometric_excess_noise=0.1645 mas with significance 38.08; duplicated_source=false, 21 matched transits, 13 visibility periods, and phot_variable_flag=NOT_AVAILABLE.",GaiaDR3_RWSex;SIMBAD_RWSex,"Formal parallax precision and CMD placement may understate unresolved-binary/systematic effects, though the counterpart identity is secure.",Review any later independent astrometry or Gaia quality guidance before treating the posterior’s formal precision as the full uncertainty; preserve the current posterior and quality fields.,medium,2026-09-25,Open,Open evidence or interpretation question
RWSEX-010,gaia-dr3:3769067109159364608,RW Sex,accretion rate and distance-dependent models,Greenstein & Oke+82 estimates ~1e-8 Msun yr−1 (possibly 3e-8 under an alternate continuum assumption); Linnell+10 fits 5.75e-9 at 289 pc or 2e-9 at 150 pc; Hewitt+20 Table 4 selects 8e-9 from a simple blackbody disc model with fixed system inputs and says curves are not SED fits.,GreensteinOke+82_RWSex;Linnell+10_RWSex;Hewitt+20;Hernandez+17_RWSex,Accretion-rate inference is distance/model dependent and could be mistaken for a directly measured transfer rate.,Keep each method/distance branch separate; choose a value only for a stated modeling purpose and document adopted distance/WD mass/disk law. No value is selected in this audit.,medium,2026-09-25,Open,Open evidence or interpretation question
V1084-001,gaia-dr3:1326482511724121344,V1084 Her,magnetic classification,Rodríguez-Gil+09 finds significant circular polarization and argues the system is magnetic; Wörpel+20 finds no secure IP spin and favors non-magnetic; Bruch+23 adopts the non-magnetic interpretation.,RodriguezGil+09_V1084Her;Worpel+20_V1084Her;Bruch+23_V1084Her,Changes population comparisons and the interpretation of the polarization signal.,Decide whether to retain a disputed class or adopt a provisional magnetic/non-magnetic class after review of the original timing/polarimetry evidence.,high,2026-09-25,Open,Open evidence or interpretation question
V1084-002,gaia-dr3:1326482511724121344,V1084 Her,spin/beat period interpretation,Rodríguez-Gil+09 19.38 +/- 0.39 min CP modulation could be 2(omega-Omega) or 2omega; Wörpel+20 1549 s signal is marginal (~1e-2) and phase folding limited.,RodriguezGil+09_V1084Her;Worpel+20_V1084Her;Patterson+02_V1084Her,Spin assignment affects magnetic classification and WD spin comparisons.,Check whether a later timing/polarimetry analysis resolves the mode assignment; do not fill the WD spin field until then.,high,2026-09-25,Open,Open evidence or interpretation question
V1084-003,gaia-dr3:1326482511724121344,V1084 Her,orbital/superhump period records,"Patterson+02 establishes Porb=0.120560(14)d and reports negative superhump 0.11696d; Eq. 3 repeats an orbital epoch at HJD 2453383.813, 1000d later than Eq. 1. Bruch+23 gives TESS 0.11692d; Dağ+26 explicitly calls 2.807h a negative superhump.",Patterson+02_V1084Her;Bruch+23_V1084Her;Dag+26_V1084Her,Confusing these signals would corrupt orbital-period and spin/beat comparisons.,Verify Patterson Eq. 3 epoch against source errata or author record; preserve each period with its published interpretation.,medium,2026-09-25,Open,Open evidence or interpretation question
V1084-004,gaia-dr3:1326482511724121344,V1084 Her,counterpart/printed coordinates,"Mickaelian+02 p.1 printed DSS RA 16:43:49.71 is ~50 arcsec from Gaia/SIMBAD, while article states its candidate lies 7.2 arcsec from the X-ray position; exact SIMBAD identifiers link the V1084 Her, RX J, 1RXS and Gaia names.",Mickaelian+02_V1084Her;SIMBAD_V1084Her;GaiaDR3_V1084Her,A coordinate transcription error could otherwise lead to a false counterpart match.,Check original journal scan or erratum for the printed coordinate; retain exact-name Gaia association unless contrary evidence emerges.,high,2026-09-25,Open,Open evidence or interpretation question
V1084-005,gaia-dr3:1326482511724121344,V1084 Her,historical distance and uncertainty,"Ak+08 Table 1 gives model distance 305 pc without an uncertainty. Coppejans+15 repeats 305 +/- 137 pc but footnote ordering assigns 45% uncertainty to V1084 Her and 25% to RW Sex, inconsistent with V1084 value if interpreted as stated. Gaia EDR3 geometric posterior median is 465.464 pc.",Ak+08_V1084Her;Coppejans+15;BailerJones+21_V1084Her,A wrong uncertainty affects distance-derived luminosities and CMD comparisons.,Confirm Coppejans footnote ordering/possible typo; keep old model and Gaia posterior separate.,medium,2026-09-25,Open,Open evidence or interpretation question
V1084-006,gaia-dr3:1326482511724121344,V1084 Her,X-ray flux absorption/band convention,Ridder+23 Table 4 gives approximate converted 1–10 and 0.1–10 keV fluxes but does not specify a V1084-specific absorption convention. Wörpel+20 provides an independent absorbed XMM fit and calls Table 6 flux/luminosity bolometric.,Ridder+23;Worpel+20_V1084Her,"Mixing absorbed, unabsorbed, band-limited and bolometric quantities biases X-ray comparisons.",Retain records separately; confirm the conversion convention from Ridder supplementary material/source or 2SXPS model metadata.,medium,2026-09-25,Open,Open evidence or interpretation question
V603-001,gaia-dr3:4266547566124966912,V603 Aql,orbital period,Hewitt+20 Table 1 gives 0.1382009(4) d from Peters & Thorstensen+06; Arenas+00 reports an independent 0.1385±0.0002 d Hβ velocity period. Original P&T full table has not been retrieved; P&T abstract only confirms five old novae were studied.,PetersThorstensen+06_V603Aql;Hewitt+20;Arenas+00_V603Aql,The period anchors binary comparisons and the two published determinations differ beyond the quoted precision.,Retrieve and inspect P&T+06 V603 table/notes; confirm the 0.1382009(4) transcription and preserve any epoch/method difference.,medium,2026-09-25,Open,Open evidence or interpretation question
V603-002,gaia-dr3:4266547566124966912,V603 Aql,distance and distance-dependent FUV accretion rates,"Harrison+13 HST-FGS parallax 4.011±0.137 mas and distance 249(+9/−8) pc; Gaia DR2 parallax 3.191±0.069 mas; Schaefer+18 reports 5.4σ disagreement and likely HST systematic error; Gaia EDR3/Bailer-Jones geometric distance 315.407593 [311.865845,318.376343] pc. Sion+15 FUV models use the HST distance.",Harrison+13_V603Aql;Schaefer+18_V603Aql;GaiaDR3_V603Aql;BailerJones+21_V603Aql;Sion+15_V603Aql,Distance changes luminosities and inferred disk Mdot; old FUV solutions cannot be rescaled without a new fit.,Retain all measurements separately; decide whether the Sion+15 FUV models should be re-fit at the Gaia posterior distance before using those Mdot values in population summaries.,high,2026-09-25,Open,Open evidence or interpretation question
V603-003,gaia-dr3:4266547566124966912,V603 Aql,2013 VLA radio reductions,Barrett+17 Tables 3–4 list epoch-specific polarized-channel fluxes and Stokes-I image statistics for 13B-17A/B; Barrett+20 Table 1 gives 13B semester C/X summary values 22±3 and 32±7 μJy with high CP but no epoch mapping; Hewitt+20 notes flux-scale concerns for Barrett+17. These cannot safely be averaged or treated as independent epochs.,Barrett+17_V603Aql;Barrett+20;Hewitt+20,Radio variability and population luminosities depend on which reduction/product is used.,Check NRAO archive calibrated visibility data or author clarification to map Barrett+20 summary rows to 13B-17A/B and resolve flux-calibration lineage; keep ledger values separate meanwhile.,high,2026-09-25,Open,Open evidence or interpretation question
V603-004,gaia-dr3:4266547566124966912,V603 Aql,WD/donor masses and inclination,"Arenas+00 reports q=0.24±0.05, M1=1.2±0.2 M_sun, M2=0.29±0.04 M_sun, i=13±2°; solution assumes Hβ semiamplitude traces the WD, empirical disk line-width/q relations, and a Roche-filling main-sequence donor. Sion+15 also uses M1 grid points; Retter & Naylor compile wider ranges.",Arenas+00_V603Aql;Sion+15_V603Aql;RetterNaylor+00_V603Aql,Treating a model-dependent solution as precise component measurements biases CV physical-property distributions.,Decide whether these values remain tagged conditional/model-dependent in any community-facing aggregate; do not present them as direct component measurements.,medium,2026-09-25,Open,Open evidence or interpretation question
V603-005,gaia-dr3:4266547566124966912,V603 Aql,magnetic-field component and interpretation,"Barrett+20 gives radio-emission-region B=3210±365 G under a maser interpretation and discusses a possible donor-coronal origin; it separately argues a WD field, if present, must be <1 kG under disk-truncation assumptions. No direct WD surface field found; historical IP/spin claims are unconfirmed.",Barrett+20;Patterson+97_V603Aql;MukaiOrio+05_V603Aql;Sion+15_V603Aql,Confusing radio-region B with WD surface B would change magnetic-CV classification and population comparisons.,Keep the measurements in separate component/field columns; require direct Zeeman/cyclotron/WD-polar evidence before adopting a WD field.,high,2026-09-25,Open,Open evidence or interpretation question
V603-006,gaia-dr3:4266547566124966912,V603 Aql,X-ray flux convention and conversion,"Ridder+23 Table 4 reports 6.7±1.1×10−13 (1–10 keV) and 4.3±0.4×10−12 erg cm−2 s−1 (0.1–10 keV), derived from catalog information with generic model conversions; asterisk imposes a 10% error floor. Evans+20 is the underlying 2SXPS catalog, not the source-specific fit.",Ridder+23;Evans+20,"Cross-population flux/luminosity comparisons can mix absorption conventions, bands and spectral assumptions.",Verify the exact source-specific 2SXPS model/NH and Ridder conversion inputs or mark these values as approximate catalog estimates in downstream comparisons.,medium,2026-09-25,Open,Open evidence or interpretation question
V603-007,gaia-dr3:4266547566124966912,V603 Aql,2018 VLA date and ObsID,"Ridder+26 Table 3 and figures list V603 Aql on 2018-01-25; article text associates the epoch with ObsID 19A-166, which appears inconsistent with the calendar date/program context.",Ridder+26_Broadband,The epoch matters for independent-observation counts and state matching.,Resolve the VLA archive program/ObsID and correct the date or identifier if the paper has a transcription error.,low,2026-09-25,Open,Open evidence or interpretation question
V603-008,gaia-dr3:4266547566124966912,V603 Aql,candidate high-frequency optical signals,"Patterson+97 revisits a historical 23.46(1) or 22.46(1) cycles d−1 claim; its own 1994 data include weak 22.390(5) and 22.82(2) cycles d−1 features, which may be harmonic/sideband or spin-related. Authors do not claim a secure WD rotation period; later X-ray/photometry does not establish an IP spin.",Patterson+97_V603Aql;MukaiOrio+05_V603Aql;Sion+15_V603Aql,A mistaken spin assignment would affect WD rotation and magnetic-class comparisons.,Keep candidates out of the adopted spin field unless later timing/polarimetry uniquely resolves the frequency mode.,medium,2026-09-25,Open,Open evidence or interpretation question
ILT-001,gaia-dr3:855784912471554176,ILT J1101+5521,distance,"Rodriguez+26 optical spectrum fit: 300±30 pc; deRuiter+25 broadband SED: 333±25 pc (337±25 with Gaia prior); Gaia EDR3 geometric 504 pc [395,652], photogeometric 710 pc [615,845].",deRuiter+25;Rodriguez+26;BailerJones+21_ILTJ1101,"Distance changes luminosities, absolute magnitude and inferred radii; SED results lie below geometric parallax posterior.",Choose display-distance convention or show Gaia posterior plus both SED fits; do not average.,high,2026-09-25,Open,Open evidence or interpretation question
ILT-002,gaia-dr3:855784912471554176,ILT J1101+5521,radio/orbital/spin period,Published 125.52978±0.00002 min converts to 7531.7868±0.0012 s topocentric; Rodriguez cites a distinct 7531.1699±0.0012 s barycentric value from private communication; RV orbit 7530±390 s.,deRuiter+25;Rodriguez+26,Clock identity and synchronization affect polar/asynchronous interpretation.,Verify/reprocess barycentric timing and obtain multi-night RV ephemeris; keep all periods separate meanwhile.,high,2026-09-25,Open,Open evidence or interpretation question
ILT-003,gaia-dr3:855784912471554176,ILT J1101+5521,WD identity and magnetic class,"M4.5V donor is spectroscopic; blue excess and DA+M fit favor a WD, but no direct WD Balmer/Zeeman/cyclotron signature or field measurement.",deRuiter+25;Rodriguez+26,Whether WD LPT classification is confirmed affects population counts; magnetic CV/WD-pulsar connection is not established.,Retain “WD favored by SED; magnetic/polar status unconfirmed” unless direct WD evidence is judged sufficient.,high,2026-09-25,Open,Open evidence or interpretation question
ILT-004,gaia-dr3:855784912471554176,ILT J1101+5521,radio pulse orbital phase,"deRuiter+25 places pulses at donor superior conjunction; Rodriguez+26 finds phase 0.33–0.35, about 0.1 cycle after RV maximum, conditional on radio=orbital period.",deRuiter+25;Rodriguez+26,Phase relation constrains orbital gating versus independent spin clock and emission geometry.,Resolve with phase-connected radio ephemeris and consecutive-night spectroscopy; retain both published results meanwhile.,medium,2026-09-25,Open,Open evidence or interpretation question
ILT-005,gaia-dr3:855784912471554176,ILT J1101+5521,M-dwarf subtype and SED assumptions,"M4.5V is best but M4V not excluded. Rodriguez fixed log g=8 WD model, 10-Gyr solar Baraffe donor, 10% donor inflation and E(B−V)=0.01; Table 1 prints E(B−V)=0.01±0.001.",deRuiter+25;Rodriguez+26,Assumptions affect component parameters and comparison; extinction notation differs within paper.,Keep outputs model-labeled; decide whether to record extinction as fixed or with table uncertainty.,medium,2026-09-25,Open,Open evidence or interpretation question
GLEAM0704-001,gaia-dr3:5566254014771398912,GLEAM-X J0704-37,distance and exact Gaia posterior,"Rodriguez+25/+26 composite SED fit 380±10 pc; discovery YMW16 0.4±0.1 kpc and NE2001 1.8±0.5 kpc then adopted 1.5±0.5 kpc; exact Gaia DR3 parallax −0.223±0.981 mas yields Bailer-Jones geometric 3.010 [1.566,6.045] kpc and photogeometric 3.859 [3.273,4.252] kpc. Rodriguez+25 Appendix E.1 prints 3.9(+3.0/−1.5) kpc, whose center resembles photogeometric but interval resembles geometric.",Hurley-Walker+24;Rodriguez+25;Rodriguez+26;BailerJones+21_GLEAMXJ0704;GaiaDR3_GLEAMXJ0704,"Distance controls luminosities and absolute magnitude; the poor/negative parallax is not a direct distance, and the exact Bailer-Jones row does not unambiguously reproduce the appendix notation.","Decide whether 380 pc remains the compatibility display as a model-dependent SED distance while all alternatives are shown, and verify which Bailer-Jones posterior Rodriguez+25 intended (or whether its text is a typo). Do not average the methods.",high,2026-09-25,Open,Open evidence or interpretation question
GLEAM0704-002,gaia-dr3:5566254014771398912,GLEAM-X J0704-37,WD identity and magnetic classification,"M-dwarf RV orbit and blue continuum favor a compact WD; Rodriguez+25/+26 fit a DA WD+M model and argue against an NS, but no WD Balmer/Zeeman/cyclotron signature or WD field is directly measured. Radio coherency motivates magnetism but does not measure it.",Hurley-Walker+24;Rodriguez+25;Rodriguez+26,A confirmed-WD versus WD-favored label affects RAWDOG population counts and comparison with magnetic CVs/WD pulsars.,"Choose whether the WD+M composite-spectrum inference qualifies for the confirmed-WD sample, or should remain a favored/inferred WD classification pending direct WD evidence; retain magnetic/polar status as unconfirmed meanwhile.",high,2026-09-25,Open,Open evidence or interpretation question
GLEAM0704-003,gaia-dr3:5566254014771398912,GLEAM-X J0704-37,"radio recurrence, orbit, spin and long timing term",Radio recurrence 10496.5522±0.0008 s; two-night RV orbit 10496±5 s (one-night 10500±500 s). The ~6.27±0.23 yr sinusoid with 60.5±11.2 light-second projected amplitude may be timing noise or orbital/super-orbital motion. The fitted radio Pdot includes zero; 3σ upper limit <3.9e−11 s/s.,Hurley-Walker+24;Rodriguez+25;Rodriguez+26,Treating radio recurrence as WD spin or the long sinusoid as an orbit would change magnetic/synchronization and evolutionary interpretation.,Keep recurrence and RV orbit as separate measurements; decide only after phase-connected timing clarifies the long-term residuals whether any spin or additional orbit is supported.,high,2026-09-25,Open,Open evidence or interpretation question
GLEAM0704-004,gaia-dr3:5566254014771398912,GLEAM-X J0704-37,SED component values and reddening assumptions,"WD/donor temperatures, radii, WD mass, distance, q, inclination and filling factor come from a composite MCMC model: DA Koester log g=8, BT-DUSTY solar log g=5, 10-Gyr Baraffe donor, imposed 10% radius inflation, and E(B−V) tied to Edenhofer dust map. A fixed E(B−V)=0.3 branch lowers the fitted WD mass from 1.02 to 0.82 M_sun.",Rodriguez+25;Rodriguez+26,"These are model-dependent component estimates, not independent dynamical measurements or Gaia single-star parameters.",Keep each quantity tagged as an SED/model result with the assumptions and alternative extinction branch; decide whether the data-dictionary category should call these inferred rather than measured component properties.,medium,2026-09-25,Open,Open evidence or interpretation question
GLEAM0704-005,gaia-dr3:5566254014771398912,GLEAM-X J0704-37,weak H-alpha emission origin,"Rodriguez+25 finds weak H-alpha with a possible ~330 km/s component outside the M dwarf, but only one orbit of spectra was available and chromospheric activity remains an alternative; Rodriguez+26 retains the need for follow-up.",Rodriguez+25;Rodriguez+26,The line origin bears on accretion state and whether the radio source is interacting through a compact-object magnetosphere.,Obtain multi-epoch phase-resolved H-alpha spectroscopy; leave accretion or magnetic-channeling interpretation unresolved.,medium,2026-09-25,Open,Open evidence or interpretation question
CHIME1634-001,name:chime-ilt-j1634-plus-44,CHIME/ILT J1634+44,counterpart_identity_and_astrometry,"Bloot+25 LOFAR position is 16:34:30 +44:50:10 (±2 arcsec, stated 3 sigma); its GALEX FUV candidate is 0.57 arcsec away and UNIONS detections are nearby. Dong+25 VLA position is 16:34:29.96 +44:50:13.5 (reported 1-sigma upper uncertainties 0.5 and 1.1 arcsec), about 3.53 arcsec from the LOFAR position. The FUV candidate is about 4.08 arcsec from the VLA center. Dong+25 HSC source lies outside 2 sigma but within 3 sigma, is classified extended, has 5.8% chance alignment, and lacks GALEX UV detection. A 0.46 arcsec/yr scale over the 2016–2023 interval is within Bloot+25’s <1 arcsec/yr limit, but no proper motion is measured. Gaia DR3 query finds no source inside 18.006 arcsec.",Bloot+25;Dong+25;SIMBAD_CHIME1634;GaiaDR3_CHIME1634,Association of the optical/UV candidate determines whether the WD evidence can be used and whether any Gaia/CMD information belongs to this system.,"Keep Gaia ID unassigned. Obtain high-resolution, multi-epoch astrometry and deeper UV/optical imaging/spectroscopy tied to the VLA position; determine whether the GALEX/UNIONS and HSC sources are the same object and whether either is physically associated.",high,2026-09-25,Open,Open evidence or interpretation question
CHIME1634-002,name:chime-ilt-j1634-plus-44,CHIME/ILT J1634+44,white_dwarf_vs_neutron_star_classification,"Bloot+25 argues for a WD-containing system from marginal GALEX/UNIONS photometry and a conditional WD SED fit. Dong+25 finds the HSC source potentially extended with 5.8% chance alignment, no GALEX UV detection, and argues the high circular polarization, radio energy and microstructure are more pulsar-like; active magnetars are constrained by X-rays but NS-like alternatives remain.",Bloot+25;Dong+25;Ng+25_ATel17474;Lundy+25_ATel17478,Classification affects whether this source belongs in a WD-hosting subset and any comparison with CVs or WD pulsars.,"Retain LPT as confirmed and WD host as candidate. Seek secure optical/UV counterpart, spectroscopy, parallax, or other component-specific evidence before promoting the WD classification.",high,2026-09-25,Open,Open evidence or interpretation question
CHIME1634-003,name:chime-ilt-j1634-plus-44,CHIME/ILT J1634+44,period_clock_interpretation,"Bloot+25 measures an 841.24808 s pulse clock, a 4206.2406 s alternative interpulse timing solution, and proposes 2103.1061–2103.1141 s or 1402.0814–1402.0853 s orbital periods in 5:2/5:3 models. Dong+25 measures 841.245895 s with a significant negative derivative and a ~4206 s burst-arrival pattern, but states there is no evidence for the specific 2103 s orbit. Zhan+26 instead treats 841 s as orbit and 4206 s as spin-orbit beat in a double-WD model.",Bloot+25;Dong+25;Zhan+26,"Confusing spin, orbital, beat, interpulse and burst-recurrence clocks would create a false Porb or evolutionary interpretation.","Keep all clocks separate and Porb unset. Confirm with a phase-coherent secondary-clock measurement, optical spectroscopy/eclipses, or independently measured orbital motion.",high,2026-09-25,Open,Open evidence or interpretation question
CHIME1634-004,name:chime-ilt-j1634-plus-44,CHIME/ILT J1634+44,distance,Bloot+25 DM=22.5±5.5 pc cm−3 gives 1.0–1.6 kpc with NE2001 and 1.5–4.3 kpc with YMW16. Dong+25 mean DM=25.0±0.2 gives 1.4 and 3.0 kpc with the same respective models. No Gaia parallax or independent distance is available.,Bloot+25;Dong+25;GaiaDR3_CHIME1634,Distance controls luminosity estimates and the conditional WD/companion SED solutions.,"Keep model-specific estimates separate. Revise only after a secure counterpart and parallax, or a better calibrated distance method, is available.",high,2026-09-25,Open,Open evidence or interpretation question
CHIME1634-005,name:chime-ilt-j1634-plus-44,CHIME/ILT J1634+44,lofar_peak_stokes_flux,"Bloot+25 Table 1 lists 383±52 mJy and its note calls this Stokes V. Detailed Table 2 gives 383±52 mJy in Stokes I and −346±33 mJy in Stokes V for the 2016-05-19 pulse. The catalog value matches Table 2 Stokes I, not the Table 1 Stokes-V label.",Bloot+25,A Stokes mislabel would distort polarization fraction and radio-flux comparisons.,Preserve both table values in the ledger and label the compatibility flux as Stokes I from Table 2; check for a published correction or author clarification before changing the adopted component.,high,2026-09-25,Open,Open evidence or interpretation question
CHIME1634-006,name:chime-ilt-j1634-plus-44,CHIME/ILT J1634+44,wd_temperature_mass_and_companion_limit,"Bloot+25 gives Teff=15,000–33,000 K and MWD≥0.78 Msun only if the marginal UV/optical detections are a homogeneous-surface WD SED; it quotes a lower distance bound >1.9 kpc. Dong+25 allows ~20,000–40,000 K only if the HSC source is real. Bloot+25 abstract/conclusion says earlier than M7 is ruled out, while §4.1 says M6 is excluded at 4.3 kpc and Figure 9 makes the limit distance dependent.",Bloot+25;Dong+25,Treating these conditional fits or companion templates as measured component properties would overstate what the data establish.,"Keep temperatures/mass as conditional model rows, not adopted direct values. Resolve counterpart identity and use Figure 9 with any justified distance before quoting a single companion spectral-type cutoff.",high,2026-09-25,Open,Open evidence or interpretation question
ASKAP174508-001,gaia-dr3:5946454415417964032,ASKAP J174508.9-505149,distance and absolute magnitude,"Rose+26 gives a broad parallax posterior 570(+620/-190) pc and a Bailer-Jones photogeometric posterior 6500(+2600/-1100) pc, then adopts 400–9100 pc; Knigge+26 v1 obtains 322(+70/-61) pc from a two-component SED. Imbrogno+26 uses 570 pc for luminosities. Gaia parallax S/N is only about 1.9 and astrometric excess noise is 3.84 mas with RUWE 1.996.",Rose+26;Imbrogno+26;Knigge+26;GaiaDR3_ASKAP174508,"Luminosities, radio power, absolute magnitude and inferred system scale vary strongly with distance; the photogeometric prior may be biased by binary/accretion light.","Keep all methods and the broad range separate. Before publishing a preferred point distance or component CMD position, verify with improved astrometry or resolved component photometry; do not invert the low-S/N parallax as a precise distance.",high,2026-09-25,Open,Open evidence or interpretation question
ASKAP174508-002,gaia-dr3:5946454415417964032,ASKAP J174508.9-505149,Gaia G/BP/RP photometry and CMD,"Nature main text/abstract gives G=19.45+/-0.04, Methods gives 19.40+/-0.04, and Supplementary Table 1 gives 19.64+/-0.039; exact Gaia DR3 ID query gives 19.449984+/-0.039153. BP-RP=1.079 is flagged by BP/RP excess factor 2.894 and the neighbor 0.9 arcsec away.",Rose+26;Knigge+26;GaiaDR3_ASKAP174508;VizieR_GaiaDR3_ASKAP174508,A mistaken G input shifts absolute magnitude/SED scale; blended BP/RP color can misplace the system on a CMD and be mistaken for an intrinsic component color.,Use exact Gaia G as the catalog photometry value while preserving the manuscript conflict. Keep BP/RP as observed blended values and exclude them from intrinsic-color/CMD interpretation unless a resolved/deblended measurement is verified.,high,2026-09-25,Open,Open evidence or interpretation question
ASKAP174508-003,gaia-dr3:5946454415417964032,ASKAP J174508.9-505149,UV extinction correction and WD temperature,"Rose+26 published UV table has FUV/NUV=21.36/21.36 AB after the notebook multiplies observed flux by CCM89 attenuation, which dims it. The authors' 2026-07-06 public code commit adds corrected inputs FUV=18.31 and NUV=17.97 and loads that CSV in the fitting notebook; its cached blackbody output is 36460+/-7304 K, chi2_red=11.74. The published Rose fit is 26641+/-4139 K, chi2_red=4.27. Knigge+26 v1 DA SED fit gives 14500(+5000/-1200) K with different photometry/model assumptions. No formal journal correction/replacement fit was located.",Rose+26;Knigge+26;RoseCode_ASKAP174508,The UV input correction materially changes the fitted hot-component temperature; none of these broad-band blackbody/SED values is a direct WD photospheric measurement.,"Retain the published value and post-publication corrected-input/cached result as separate records. Before adopting a single Teff, verify whether the repository correction is author-approved as a replacement result and obtain a clean, preferably spectroscopic or UV-atmosphere analysis with deblended inputs.",high,2026-09-25,Open,Open evidence or interpretation question
ASKAP174508-004,gaia-dr3:5946454415417964032,ASKAP J174508.9-505149,"donor mass, temperature and evolutionary state",Rose+26 period-density relation gives M2=0.0963+/-0.0047 Msun (Methods rounds to 0.096+/-0.008) and empirical M6–M6.5/~2800 K; Knigge+26 v1 SED fit gives 0.052+/-0.008 Msun and ~1800 K by constraining the donor to a semi-empirical CV sequence. No donor absorption spectrum or dynamical mass is available.,Rose+26;Knigge+26,The competing model values differ across the hydrogen-burning boundary and change conclusions about period-bouncer status and donor evolution.,"Keep both model families separate and label assumptions. Resolve only with donor spectroscopy, dynamical constraints or independently validated resolved near-IR data; do not silently select the lower-error or newer estimate.",high,2026-09-25,Open,Open evidence or interpretation question
ASKAP174508-005,gaia-dr3:5946454415417964032,ASKAP J174508.9-505149,orbital/radio/X-ray clocks and magnetic subtype,SOAR emission-line RVs give Porb=1.368+/-0.053 h; phase-connected radio recurrence is 4841.89(+0.12/-0.14) s; X-ray period is 4868+/-22 s. These are broadly consistent but no separate WD spin is identified. Radio cutoff modulation ~29 ks and X-ray long modulation 52+/-2 ks are distinct and poorly constrained. Rose defers polar/asynchronous-polar/IP subtype; Imbrogno discusses IP/asynchronous-polar behavior.,Rose+26;Imbrogno+26,Equating recurrence/orbital/spin/beat clocks would create a false synchronization or evolutionary classification.,Retain spectroscopic Porb as the compatibility orbital value and keep each clock separately labeled. Resolve spin/subtype with long-baseline phase-resolved spectroscopy/polarimetry or a distinct stable spin signal.,high,2026-09-25,Open,Open evidence or interpretation question
ASKAP174508-006,gaia-dr3:5946454415417964032,ASKAP J174508.9-505149,WD component properties and magnetic field,"No direct WD spectrum, dynamic WD mass, cooling age, or Zeeman/cyclotron surface-field measurement was found. Rose adopts MWD=0.83+/-0.23 Msun as a CV mean; Knigge fixes 0.8 Msun. Imbrogno's kT=0.14 keV and ~1 km radius are a small accretion component. Rose's >0.96 kG is a conditional local radio-emission-region bound; its MG dipole is a chosen model.",Rose+26;Imbrogno+26;Knigge+26,"Model priors, plasma temperatures and radio-emission-site fields can be mistaken for WD mass, photospheric temperature, radius or surface field.",Continue to mark these as priors/model outputs. A direct component claim needs WD-atmosphere/spectropolarimetric data and an independently constrained binary mass function.,high,2026-09-25,Open,Open evidence or interpretation question
ASKAP174508-007,gaia-dr3:5946454415417964032,ASKAP J174508.9-505149,VISTA/VHS near-IR flux deblending,Knigge+26 reports Gaussian versus Moffat PSF magnitudes differing by 0.2–0.6 mag; the neighbor is brighter and fit diagnostics show only slight elongation toward the target. Their formal errors are 0.1–0.2 mag and do not encompass this systematic; a false deblend remains possible.,Knigge+26,The Ks flux drives the brown-dwarf donor mass/temperature in the SED fit.,Keep both PSF solutions with methods and uncertainties. Verify with higher-resolution resolved near-IR imaging/spectroscopy before treating Ks flux or the donor component as established.,high,2026-09-25,Open,Open evidence or interpretation question
ASKAP174508-008,gaia-dr3:5946454415417964032,ASKAP J174508.9-505149,period-bouncer/evolutionary interpretation,Knigge+26 v1 calls the system likely post-period-minimum based on the donor-sequence-constrained SED mass; its own paper notes Porb=1.368+/-0.053 h can be pre- or post-minimum. Rose+26's Roche period-density donor estimate is above the sub-stellar boundary. The accreting magnetic-CV/LPT classification itself is secure.,Rose+26;Knigge+26,"This distinction materially changes claims about evolutionary pathways connecting CVs, WD pulsars and LPTs; the catalog must not encode a model claim as an established sequence.",Keep 'period bouncer' as a proposed model interpretation only. Do not claim a unique evolutionary pathway without an independently secure donor mass/state and comparative population evidence.,high,2026-09-25,Open,Open evidence or interpretation question
VVPUP-001,gaia-dr3:5719598950133755392,VV Pup,K-band radio significance and radio-emission-site interpretation,Barrett+20 Table 1: X-band Stokes I 79±14 μJy (~5.6σ); K-band 49±29 μJy (~1.7σ) but composite S/N=4.5. Table 2 7530±365 G assumes fundamental donor-coronal ECM; §4.2 also discusses accretion-column sites.,Barrett+20,"Counting a marginal K point as a second secure detection, or treating a conditional kG plasma field as a WD surface field, affects radio-incidence and field-population comparisons.","If band-specific incidence or source-site claims are needed, inspect/reprocess VLA visibility/source-finding products and confirm K-band Stokes-I significance and centroid. Until then preserve the reported point and composite S/N separately; keep ECM/donor-corona B conditional.",medium,2026-09-25,Open,Awaiting additional data or reanalysis
FRLYN-001,gaia-dr3:719893044876142848,FR Lyn,Historical cyclotron field and optical circular polarization from Szkody+05,"Kolbin+23 full text states Szkody+05 cyclotron harmonics correspond to 44 MG and optical circular polarization reached 30%; Dillon+08 full text independently describes cyclotron humps and up to -30% optical CP, citing Szkody+05. The accessible Szkody abstract confirms spectropolarimetry established a polar but gives no field value. Direct ADS PDF returned HTTP 403 and publisher PDF endpoint returned anti-bot HTML.",Kolbin+23_FRLyn;Dillon+08;Szkody+05,"Historical field affects comparison with the newer 28.5±1.5 MG mean photospheric field and ~34 MG local cyclotron spot; original field component, harmonic assignment, phase/state and uncertainty remain unverified.","If this historical comparison is needed for a paper or population analysis, provide/access Szkody et al. (2005) full text and verify its FR Lyn spectrum, table/figure, polarization sign/phase, and field derivation. Until then retain 44 MG as a secondary-reported value only; do not select or average it.",medium,2026-09-25,Open,Awaiting access to the original source
HUAQR-001,gaia-dr3:6911950900211768704,HU Aqr,Orbital eclipse-timing interpretation and period derivative,"Schwarz+09 Table 2a provides poor linear, quadratic (Pdot=-7.3e-12 s/s), sinusoidal (~13 yr), and combined fits; Bours+14 §5.2 gives a quadratic Pdot=-5.2e-12 s/s but rejects the old single-planet solution and finds no unique fit to all data; Schwope & Thinius+18 publisher abstract (full text inaccessible) says the steep 2010-2013 O-C decline slowed before mid-2016. The timings are accretion-spot egress markers and can move with spot/state changes.",Schwarz+09;Bours+14_HUAqr;SchwopeThinius+18_HUAqr;Schwope+25_HUAqr,A secular orbital derivative materially affects evolutionary comparisons and a planet/Applegate interpretation is not established by these timing fits.,"Keep the Bours+14 reference ephemeris period for catalog indexing, but do not use a single Pdot in population analysis until full Schwope & Thinius+18 data/fit context and the timing-marker systematics are reviewed; choose whether population plots should show only P_orb or separately tagged model-dependent Pdot candidates.",high,2026-09-25,Open,Scientific judgment requested
HUAQR-002,gaia-dr3:6911950900211768704,HU Aqr,Mass-ratio convention in Watson+03,"Watson+03 Table 3 prints q=0.25 with M1=0.61 and M2=0.15 Msun, numerically consistent with M2/M1; the paper's method prose defines the opposite convention in one place. §7.2 compares the q=0.25 reconstruction with Heerlein and Schwope values, while Schwope+11 and Schwope+25 explicitly define Q=MWD/M2≈4.6.",Watson+03_RocheTomography;Schwope+11_HUAqr;Schwope+25_HUAqr,A silently inverted ratio can corrupt binary mass-ratio comparisons and period-dependent donor analysis.,Keep Watson's printed q=0.25 and masses as separate historical table values without adopting or inverting the ratio; decide whether the codebook should label its convention unresolved or annotate the likely M2/M1 interpretation.,medium,2026-09-25,Open,Scientific judgment requested
HUAQR-003,gaia-dr3:6911950900211768704,HU Aqr,Possible photospheric Zeeman field 20: MG,"Ferrario+15 Table 2 lists BZeem,phot=20: MG and cites Schwope+93a, Schwope+97 and Glenn+94b in the HU Aqr row; the colon marks an uncertain secondary-table value. The primary cyclotron/accretion-region field from Schwope+03 is near 34 MG, and Ferrario+15 separately lists Bcyc1=37 MG.",Ferrario+15;Schwope+03_HUAqr,Photospheric Zeeman and accretion-region cyclotron fields are different diagnostics; mixing them changes the inferred WD field and population comparison.,"Locate the original spectrum/source behind the Ferrario+15 20: MG table entry, inspect its component and method, and adopt it only if a primary photospheric field result is confirmed; otherwise retain as secondary-only/unresolved.",high,2026-09-25,Open,Open evidence or interpretation question
HUAQR-004,gaia-dr3:6911950900211768704,HU Aqr,Ridder+23 compiled X-ray flux source-state/spectrum mapping,Ridder+23 Table 3 gives 3.3e-14 erg cm-2 s-1 (1-10 keV) and 5.4e-14 erg cm-2 s-1 (0.1-10 keV) without per-row uncertainties or an explicit HU Aqr epoch/model mapping. Schwarz+09 reports epoch-resolved unabsorbed bolometric XMM fluxes: intermediate-state soft/hard components substantially brighter than low-state October 2003 and May 2005 values.,Ridder+23;Schwarz+09,"These flux products have different energy bands, state, and absorption/bolometric conventions; substituting one for another can misstate the accretion state or X-ray luminosity.","Trace Ridder+23's HU Aqr Table 3 inputs to the exact XMM observation/model and record its bandpass, absorption convention and uncertainty if recoverable; until then preserve compiled and epoch-specific values separately.",medium,2026-09-25,Open,Open evidence or interpretation question
CMPHE-001,gaia-dr3:4972697024889419520,CM Phe,orbital_period_alias,Hoard+01 abstract reports candidate periods 0.1344 d and 0.2683 d and explicitly leaves the true orbital period ambiguous. Woudt & Warner+02 §2.7 favors the longer double-wave/ellipsoidal interpretation and gives 0.2689 +/-0.0007 d; Rawls et al. AAS abstract reports 0.2683 d.,Hoard+01_CMPhe;WoudtWarner+02_FaintCVs;RawlsAAS211_CMPhe,The orbital period controls population placement and any period/evolution comparisons; the short and long aliases differ by a factor of two.,"If adopting 6.4536 h as the preferred orbit, confirm that the double-wave interpretation is sufficient despite the inaccessible full Hoard+01 article; otherwise publish both candidate aliases without a canonical scalar.",high,2026-09-25,Open,Scientific judgment requested
CMPHE-002,gaia-dr3:4972697024889419520,CM Phe,subtype_classification,Froning+12 and Hewitt+20 call CM Phe NL; Hewitt+20 §§2.11/4.3 says likely DN with missed outbursts because of faint absolute magnitude and sparse long-term light curve; Rawls et al. AAS abstract reports nine-year VY Scl-like luminosity changes possibly due to mass-transfer changes.,Froning+12_FUSECV;Hewitt+20;RawlsAAS211_CMPhe,Subtype affects comparison of accretion state and radio limits among non-magnetic CVs. The evidence does not establish a unique subtype or evolutionary path.,"Choose whether the online/catalog grouping should retain NL as historical discovery class with a “likely DN / VY Scl-like behavior” qualifier, or use a broader uncertain-CV subtype. Full Rawls dataset/paper would resolve the reported long-term behavior.",medium,2026-09-25,Open,Scientific judgment requested
CMPHE-003,gaia-dr3:4972697024889419520,CM Phe,radio_observing_frequency_range,Hewitt+20 Methods describes 856 MHz bandwidth centered at 1.284 GHz (nominal 0.856-1.712 GHz); Ridder+23 Table 4 labels 0.43-2.1 GHz.,Hewitt+20;Ridder+23,Bandpass labels affect comparison of spectral behavior and radio luminosity across catalog populations.,Use MeerKAT configured band 0.856-1.712 GHz for the observation row; check whether Ridder+23 intended a broader comparison interval or contains a table error before retaining its band as a system-level value.,medium,2026-09-25,Open,Scientific judgment requested
CMPHE-004,gaia-dr3:4972697024889419520,CM Phe,radio_specific_luminosity_upper_limit,"Hewitt+20 Table 3 prints flux density <30 uJy and specific luminosity <4.6e15 erg s-1 Hz-1; the paper gives d=315.1 pc and Lnu=4πd²Fnu, which yields about 3.56e15. With preferred EDR3 d=308.39825 pc, the same flux limit yields 3.41e15.",Hewitt+20;BailerJones+21_CMPhe,Radio luminosity limits are used in population comparisons; a mismatch changes the limit by about 30% and may indicate an unstated flux threshold or a table calculation error.,"Check Hewitt+20’s image RMS/peak map and exact unrounded 3-sigma limit or author-calculation convention; until then retain the published 4.6e15 and locally reproducible values as separate claims, without selecting one as verified.",high,2026-09-25,Open,Scientific judgment requested
CMPHE-005,gaia-dr3:4972697024889419520,CM Phe,donor_mass_and_spectral_type,Hoard+01 abstract and Hewitt+20 report M2-5 spectral type from TiO. Hewitt+20 §4.5 assumes M2=0.5 Msun (roughly M0) for an SED model because the model is insensitive to donor mass and invokes a possibly evolved donor.,Hoard+01_CMPhe;WoudtWarner+02_FaintCVs;Hewitt+20;HoardWachter+98_CMPhe,The assumed mass is not a measured donor mass and is not straightforwardly matched to the M2-5 spectrum; component mass/evolution comparisons would be biased if the model input is used as a measurement.,Keep the 0.5 Msun value only as a model assumption unless the primary spectroscopy/dynamical source is recovered; verify whether the spectral type and model donor assumption can be reconciled by the evolved-donor interpretation.,medium,2026-09-25,Open,Scientific judgment requested
CMPHE-006,gaia-dr3:4972697024889419520,CM Phe,inaccessible_primary_source_chain,Hoard+01 and Hoard & Wachter+98 full text were inaccessible (abstract/secondary reporting only); Hewitt+20 cites Jaidee & Lynga 1969 for the corrected historical identification but its original text was not retrieved. Exact SIMBAD/Gaia DR3 identifier membership independently secures the current counterpart.,Hoard+01_CMPhe;HoardWachter+98_CMPhe;JaideeLynga+69_CMPhe;Hewitt+20;SIMBAD_CMPhe;GaiaDR3_CMPhe,"Detailed photometric alias interpretation, original donor spectral classification, and historical identity correction have a weaker citation chain than the later measurements.","If community-facing text needs the original evidence, obtain Hoard+01/Hoard & Wachter+98/Jaidee & Lynga+69 full texts and verify the exact photometric/spectroscopic/identity chain. Current Gaia counterpart assignment does not depend on resolving the 1969 paper.",medium,2026-09-25,Open,Scientific judgment requested
CMPHE-007,gaia-dr3:4972697024889419520,CM Phe,xray_flux_band_and_model_convention,2SXPS exact source products give 0.3-10 keV observed/unabsorbed power-law catalogue fluxes; Ridder+23 Table 4 reports 1-10 and 0.1-10 keV converted unabsorbed comparison fluxes with a minimum 10% error floor. The soft-band value extrapolates below Swift/XRT 0.3 keV coverage; none is simultaneous with 2019 radio.,2SXPS_CMPhe;Evans+20;Ridder+23,"X-ray/radio comparisons are sensitive to bandpass, absorption correction, spectral assumptions, and epoch/state.","Before deriving an X-ray luminosity or comparing with radio, choose a uniform spectrum/band and epoch treatment or retain each as a separate model-dependent estimate; do not treat Table 4 values as native Evans fluxes.",medium,2026-09-25,Open,Scientific judgment requested
CMPHE-008,gaia-dr3:4972697024889419520,CM Phe,published_absolute_visual_magnitude,"Hewitt+20 Table 1 reports V=14.8-15.8 and M_V=7.3-8.3, but gives no explicit extinction correction/method in the table; numerical ranges resemble a distance-modulus transform using 315.1 pc.",Hewitt+20,Absolute magnitude is used to argue for a low-state/faint DN interpretation; an unreported extinction correction or state selection can affect subtype inference.,Recover Hewitt+20 calculation or source VSX photometry and extinction convention before treating M_V range as corrected physical luminosity; retain as published apparent-derived estimate only.,medium,2026-09-25,Open,Scientific judgment requested
V347PUP-001,gaia-dr3:5553468275089335040,V347 Pup,mass_ratio_inclination_component_masses,"Buckley+90 q=.46+/-.04, i=87+/-3 deg, M1=1.2+/-.1 Msun uses empirical M2~.55 and emission K=134+/-9 as WD motion. Thoroughgood+05 uncorrected branch gives q=.73+/-.05, i=85.0+/-2.1, M1=.73+/-.05, M2=.54+/-.06; corrected donor-line branch gives q=.83+/-.05, i=84.0+/-2.3, M1=.63+/-.04, M2=.52+/-.06. q=M2/M1.",Buckley+90_V347Pup;Thoroughgood+05_V347Pup;Hewitt+20,Component masses and q are central to population/evolution comparisons; methods and assumptions differ.,"Choose whether compatibility values should use the later donor-line irradiation-corrected branch with historical alternatives retained, or expose no canonical branch. Do not average.",high,2026-09-25,Open,Scientific judgment requested
V347PUP-002,gaia-dr3:5553468275089335040,V347 Pup,magnetic_classification,"Buckley+90 calls IP/DQ Her speculative, partly from Lx/Lopt~4; CP<.5% rules out a polar but leaves IP possible. Hewitt+20 reports no coherent optical pulsations and no strong magnetic evidence. non_magnetic_cv is not measured B=0.",Buckley+90_V347Pup;Hewitt+20;Thoroughgood+05_V347Pup,Class assignment affects comparison across magnetic and non-magnetic populations; neither IP nor zero field is established.,Decide whether public class remains non_magnetic_cv with explicit historical IP caveat or uses a broader CV/magnetic-status-uncertain label.,high,2026-09-25,Open,Scientific judgment requested
V347PUP-003,gaia-dr3:5553468275089335040,V347 Pup,donor_spectral_type_and_evolution,Thoroughgood+05 best-fit template M0.5V and calls possible evolution tentative. It reports Diaz & Hubeny+99 as K0-K5V/possible later subgiant; original full text was inaccessible.,Thoroughgood+05_V347Pup;DiazHubeny+99_V347Pup;Hewitt+20,Donor type/evolution affects interpretation of the low donor mass and period comparisons.,"If one subtype is needed, retain M0.5V as checked template result and mark K0-K5/subgiant as unresolved secondary report until Diaz & Hubeny+99 is checked.",medium,2026-09-25,Open,Open evidence or interpretation question
V347PUP-004,gaia-dr3:5553468275089335040,V347 Pup,distance_and_extinction,"Buckley+90 174-380 pc; Thoroughgood+05 490+/-130 pc from donor light/main-sequence MV and E(B-V)=.05; it reports Mauche+94 340-590 and Diaz & Hubeny+99 510+/-160. Hewitt+20 Gaia DR2 295.8+/-1.4; exact BJ EDR3 geometric posterior 290.347565 [289.274597,291.501740]. Methods differ.",Buckley+90_V347Pup;Thoroughgood+05_V347Pup;Mauche+94_V347Pup;DiazHubeny+99_V347Pup;Hewitt+20;BailerJones+21_V347Pup,Distance affects radio/X-ray luminosity and absolute magnitude; older donor/extinction estimates are model dependent.,Keep EDR3 geometric posterior in current fields and preserve historical estimates. Confirm this preferred choice for public use; do not average estimates.,medium,2026-09-25,Open,Scientific judgment requested
V347PUP-005,gaia-dr3:5553468275089335040,V347 Pup,radio_detection_status_and_band,"Hewitt+20 Table 3 <30 microJy, RMS 10 microJy and Lnu<3.1e15. Section 4.1 rejects 28+/-14 microJy: below 5 sigma, offset ~2 arcsec, beam-inconsistent. Setup is 856 MHz centered 1.284 GHz (0.856-1.712); Ridder+23 labels 0.43-2.1.",Hewitt+20;Ridder+23;BailerJones+21_V347Pup,A false detection or band mismatch affects radio-emitter and spectral comparisons.,Use nondetection and primary configured band 0.856-1.712 GHz; preserve Ridder band as discrepancy until intent is known.,high,2026-09-25,Open,Scientific judgment requested
V347PUP-006,gaia-dr3:5553468275089335040,V347 Pup,xray_flux_band_model_and_state,Ridder+23 Table 4 has 1-10 flux 1.7+/-0.4e-13 and 0.1-10 2.1+/-0.6e-13. Its section 3.2 describes 2SXPS hardness/model conversions. Exact 2SXPS 142122 has observed 0.3-10 PowFlux 1.248+/-0.331e-13 and unabsorbed 2.474+/-0.656e-13. 0.1-10 extrapolates below Swift/XRT 0.3 keV; historical HEAO flux was transient/high.,Ridder+23;Evans+20;2SXPS_V347Pup;Buckley+90_V347Pup,"X-ray/radio comparisons depend on band, absorption, spectrum, state and epoch.",Keep native and converted values separate; choose uniform comparison band/model/state treatment. Trace exact Ridder object-level conversion if possible.,medium,2026-09-25,Open,Open evidence or interpretation question
V347PUP-007,gaia-dr3:5553468275089335040,V347 Pup,direct_accretion_rate_vs_sed_model_input,"Hewitt+20 Table 4 lists Mdot=6e-9 Msun/yr; section 4.5 says rate was varied and selected by visual SED resemblance, not fit, with WD/donor light omitted.",Hewitt+20;Thoroughgood+05_V347Pup,Model input could be mistaken for measured Mdot in accretion/evolution comparisons.,Retain only as an SED-model-selected rate unless an independent direct Mdot estimate is located.,medium,2026-09-25,Open,Open evidence or interpretation question
V347PUP-008,gaia-dr3:5553468275089335040,V347 Pup,inaccessible_original_reference_chain,Thoroughgood+05 full text checked; Diaz & Hubeny+99 and Mauche+94 original full texts not retrieved. Still+98 publisher metadata/abstract checked; its full article not independently read. Related claims are secondary reports.,DiazHubeny+99_V347Pup;Mauche+94_V347Pup;Still+98_V347Pup;Thoroughgood+05_V347Pup,"Donor subtype, distance/extinction and spiral claims have weaker provenance than directly checked mass/orbit/radio papers.",Obtain and check Diaz & Hubeny+99 and Mauche+94 original tables if needed for public claims; otherwise retain as explicitly secondary.,medium,2026-09-25,Open,Open evidence or interpretation question
UGEM-001,gaia-dr3:674214551557961984,U Gem,white_dwarf_mass_and_k1,"Echevarria+07 adopts optical H-alpha wing K1=107±2 km/s and K2=310±5 with i=69.7±0.7, giving M1=1.20±0.05 Msun. Long & Gilliland+99 abstract reports GHRS photospheric K1=107.1±2.1 and M1=1.12 Msun for i=67°, K2=294.7. Naylor+05 gives M1=0.91±0.01/sin^3(i), or 1.02–1.32 Msun for i=62–74°, but omits K2 systematics. Unda-Sanzana+06 optical spectra produce K1 estimates 80–~150 and cannot recover 107; they identify bright-spot asymmetry at high velocities.",Echevarria+07_UGem;LongGilliland+99_UGem;Naylor+05_UGem;UndaSanzana+06_UGem,"WD mass and q inform population comparisons, but the H-alpha tracer and uncertainty assumptions are disputed; choosing one value silently would overstate precision.","For community display, decide whether to expose all conditional branches without a canonical M1, or choose a provisional solution and document which velocity/inclination evidence is prioritized. Obtain Long & Gilliland full scanned article if its detailed model assumptions are needed.",high,2026-09-25,Open,Scientific judgment requested
UGEM-002,gaia-dr3:674214551557961984,U Gem,white_dwarf_radius_and_photospheric_state,Naylor+05 FUV/parallax photometric radius is 5.7±0.4×10^8 cm; Long+06 FUSE uniform-WD Obs.1 model gives 5.0±0.2×10^8 cm at log g=8.5 (4.8–5.3×10^8 across log g=9–8) and 3.4×10^8 at log g=8.5 in Obs.2. Naylor+05 gravitational-redshift/inclination branch gives 4.13±0.44×10^8 cm at the lowest i and remains inconsistent by about 2.5σ. WD Teff also changes with outburst state and assumed gravity; 60–70 kK belt is non-unique.,Naylor+05_UGem;Long+06_UGem;LongGilliland+99_UGem;HarrisonJohnson+04_UGem,A single radius or temperature could mix different epochs and model branches and misrepresent WD structure/cooling.,"Keep state-specific model outputs and radius methods separate; if the wide table needs one scalar, decide whether to leave it blank or identify an explicitly provisional branch.",high,2026-09-25,Open,Scientific judgment requested
UGEM-003,gaia-dr3:674214551557961984,U Gem,donor_spectral_type_and_temperature,"Echevarria+07 TiO template fit is M6 V (~5% light in fitted region). Naylor+05 best spectroscopic templates are M4–M5 but mass/radius/luminosity/photometric temperature compare to M2; high metallicity is proposed as an explanation, not measured. Long & Gilliland+99 calls donor M4 in abstract.",Echevarria+07_UGem;Naylor+05_UGem;LongGilliland+99_UGem,Donor subtype/evolution comparisons can be biased if a template fit or mass-sequence inference is treated as an intrinsic measured type.,"For catalog display, decide whether to show the competing spectral diagnostics in separate fields and leave intrinsic donor Teff/type unselected; no numeric Teff was found in the checked papers.",medium,2026-09-25,Open,Scientific judgment requested
UGEM-004,gaia-dr3:674214551557961984,U Gem,distance_and_gaia_astrometric_quality,"Gaia DR3 parallax is 10.704757±0.033765 mas and Bailer-Jones geometric posterior is 93.057 pc [92.720,93.367], but RUWE=2.406, astrometric excess noise=0.229934 mas with significance=45.58, and Gaia marks photometry variable. HST/FGS original 1999 parallax is 10.37±0.50 mas (96.4±4.6 pc); Harrison & Johnson+04 Table 3 gives a later 9.96±0.37 mas, corresponding to 100.4±3.7 pc as cited by Long+06. The differences are modest but Gaia formal precision should not be read without quality context.",GaiaDR3_UGem;BailerJones+21_UGem;Harrison+99_UGem;HarrisonJohnson+04_UGem;Long+06_UGem,"Distance affects unresolved M_G, radio/X-ray luminosities, and UV WD-radius normalization; RUWE/excess-noise may make formal posterior precision optimistic.","Decide whether Bailer-Jones geometric posterior remains the compatibility distance with a prominent quality caveat, or whether the catalog should expose Gaia and HST values as co-equal alternatives. Do not average them.",medium,2026-09-25,Open,Scientific judgment requested
UGEM-005,gaia-dr3:674214551557961984,U Gem,radio_short_timescale_variability,"Coppejans+16 §4.2 states the shortest significant variation is 69 min and reports 27.0±7.7 μJy followed by <17.5 μJy. Table A1 lists two adjacent Obs.2 bins at MJD 57080.15979 and 57080.17264, each 1110 s, with 27.0±7.7 μJy then <23.7 μJy; their midpoint separation is 1110 s (18.5 min). Table 3 gives whole Obs.2 <16.8 μJy.",Coppejans+16,The variability timescale and limit affect radio duty-cycle and cross-population comparisons.,Retain both the paper’s 69-min prose claim and the exact table bins; verify from original visibility timestamps or author clarification before publishing a single variability timescale.,medium,2026-09-25,Open,Scientific judgment requested
UGEM-006,gaia-dr3:674214551557961984,U Gem,reddening_and_intrinsic_CMD_values,"Long+06 says reddening is not directly measured, cites Verbunt+87 E(B−V)=0 with upper limit 0.03 from absent 2200 Å feature, and assumes negligible reddening from NH. Harrison & Johnson+04 assumes AV=0 for outburst photometry. Gaia DR3 GSP-Phot returns AG=0.4338 and E(BP−RP)=0.2376, but its single-star model is inappropriate for this unresolved variable CV. The inherited Gaia GSP-Phot distance (94.3003 pc, bounds 93.91–94.61 pc) and Teff=4481.9 K are also single-star model outputs and are excluded from component values; the prior M_G derived from that distance is retained only as a superseded legacy calculation.",Long+06_UGem;HarrisonJohnson+04_UGem;GaiaDR3_UGem,Dereddening changes CMD interpretation; Gaia model extinction must not be substituted for a measured binary reddening.,Keep M_G explicitly uncorrected and decide whether to publish no intrinsic color/M_G until original reddening evidence and an appropriate binary treatment are reviewed. Do not interpret GSP-Phot distance or Teff as CV component measurements; keep them in explicit pipeline-output fields only.,medium,2026-09-25,Open,Scientific judgment requested
UGEM-007,gaia-dr3:674214551557961984,U Gem,inaccessible_original_full_texts,"Long & Gilliland+99 and Marsh+90 primary abstracts were checked but their complete original scanned articles were not accessible in this pass; exact orbital period is visible in Echevarria+07 and Coppejans+16, while Long & Gilliland masses/K1 are quoted by Naylor+05 and the abstract. Historical 1977/1980s radio upper limits are summarized in Coppejans+16 but their original reports were not individually read.",LongGilliland+99_UGem;Marsh+90_UGem;Naylor+05_UGem;Coppejans+16,"Detailed original timing, calibration, and historical radio-limit methods cannot be fully checked from abstracts/secondary quotations.","If those values are needed for release-level claims, obtain the original scanned Long & Gilliland and Marsh papers and the historical radio reports; otherwise keep the stated access limitations in the public provenance record.",low,2026-09-25,Open,Open evidence or interpretation question
UGEM-008,gaia-dr3:674214551557961984,U Gem,xray_comparison_fluxes,"Ridder+23 Table 4 reports 1–10 and 0.1–10 keV fluxes from approximate 4XMM-DR11 conversions (full band minus soft bands for 1–10; full 0.2–12 used as approximate 0.1–10). Errors are raised to at least 10% and star-marked. A source-specific absorption convention/fit is not given, and radio observations are non-simultaneous.",Ridder+23;Webb+20,"X-ray/radio ratios depend on bandpass, spectral model, absorption convention, and state.","Keep these as approximate catalog-comparison fluxes; before luminosity/population comparison, choose a common X-ray band/model and retain an explicit absorption convention or return to native 4XMM products.",medium,2026-09-25,Open,Scientific judgment requested
UGEM-009,gaia-dr3:674214551557961984,U Gem,radio_mechanism_and_legacy_limits,"Coppejans+16 finds the sample more consistent with synchrotron than coherent emission from low polarization, but U Gem had insufficient S/N for a spectral index and no source-specific mechanism is established. Its 1977/1980s upper limits are secondary summaries only; original reports were not retrieved.",Coppejans+16,Mechanism labels can prematurely connect non-magnetic CV radio emission to a specific jet or evolutionary pathway; old limits have weaker provenance.,"Retain mechanism as an interpretation, not a measurement; inspect original older radio references only if those historical limits are used quantitatively.",low,2026-09-25,Open,Open evidence or interpretation question
YZCNC-001,gaia-dr3:683908812437792000,YZ Cnc,eclipse_status,"Shafter & Hessman (1988) state YZ Cnc does not eclipse; van Paradijs+94 does not establish eclipses. Coppejans+16 §2.4 calls it eclipsing, while Table 1 gives i=15 deg from Patterson+11; Harrison+04 Table 3 lists 38 +/-10 deg cited to Shafter & Hessman, and Patterson+11 Table 1 uses rough i≈40 deg.",ShafterHessman+88_YZCnc;vanParadijs+94_YZCnc;Coppejans+16;Harrison+04_YZCnc;Patterson+11_YZCnc,"Inclination and eclipse geometry affect physical parameter inference, orbital phasing and comparison of radio emission with the binary plane.","For community display, decide whether to publish all conflicting claims without a canonical eclipse/inclination classification, or commission a targeted reanalysis of original photometry and ephemerides.",high,2026-09-25,Open,Scientific judgment requested
YZCNC-002,gaia-dr3:683908812437792000,YZ Cnc,distance,"Gaia EDR3 geometric posterior 233.49 pc (p16 231.68, p84 235.03); ground parallax 4.4 +/-1.7 mas and Bayesian 222(+50/-42) pc; HST parallax 3.34 +/-0.45 mas with LK-corrected distance ~320 +/-40 pc; K-band template lower bound >=290 pc; Dhillon+00 secondarily quotes ~130 pc from Patterson+84.",BailerJones+21_YZCnc;Thorstensen+03_YZCnc;Harrison+04_YZCnc;Dhillon+00_IRCVIII;SherringtonJameson+83_YZCnc;Patterson+84_YZCnc,Distance controls luminosities and absolute magnitudes; several methods have different assumptions and one old estimate is secondary-only.,"Adopt Gaia geometric posterior as current catalog distance while keeping alternatives; if a single community luminosity is needed, decide whether to retain Gaia only or show method-separated historical estimates. Retrieve/recheck Patterson+84 original before using its ~130 pc claim.",medium,2026-09-25,Open,Scientific judgment requested
YZCNC-003,gaia-dr3:683908812437792000,YZ Cnc,mass_ratio_q_m2_over_m1,"Shafter & Hessman+88 infer q≈0.22, M2≈0.17 Msun and likely M1≈0.75–0.90 under an H-alpha K1 relation; Zhao+05 report q=0.28±0.03, M1=0.46±0.06 and M2=0.13±0.01 using H-beta velocity/superhump calibration; Dai+26 derive q=0.175±0.011 from the newer epsilon(q) relation. None is a dynamical mass ratio.",ShafterHessman+88_YZCnc;Zhao+05_YZCnc;Patterson+01_EpsilonQ;Dai+26_YZSH;Patterson+05_EpsilonQ,WD/donor masses and q drive evolutionary and population comparisons; a canonical branch would materially affect interpretation.,"Keep model/calibration branches separate and unselected until a dynamical q or improved phase-resolved component-velocity solution is available; if a provisional value is needed, specify calibration and systematic budget.",high,2026-09-25,Open,Scientific judgment requested
YZCNC-004,gaia-dr3:683908812437792000,YZ Cnc,superhump_period,"Patterson+79 timing during the 1978 supermaximum changes from about 0.09204 d early to 0.0905 d late; Zhao+05 use historical 0.09204 d; Dai+26 report plateau common positive-superhump 0.09043(27) d. These values are stage/state dependent, not competing measurements of one invariant period.",Patterson+79_YZCnc;Zhao+05_YZCnc;Dai+26_YZSH;vanParadijs+94_YZCnc,Superhump period and derived epsilon/q depend on stage; silently selecting or averaging periods distorts q and evolutionary diagnostics.,"Display early, late and modern plateau values with their event/stage; choose a canonical value only if the catalog defines a stage-specific convention.",medium,2026-09-25,Open,Scientific judgment requested
YZCNC-005,gaia-dr3:683908812437792000,YZ Cnc,white_dwarf_effective_temperature,Urban & Sion+06 Table 2 fits Teff≈23000 K to a low-S/N composite IUE spectrum; WD accounts for 24% versus 76% disc FUV and paper says first estimates are approximate. No formal source-specific uncertainty.,UrbanSion+06_DNe,"A precise WD Teff is often used for accretion-rate/cooling comparisons, but this fit is strongly composite/model dependent.",Keep as approximate model output with explicit warning; for a precise Teff obtain a WD-dominated spectrum or reanalysis with component/continuum constraints.,medium,2026-09-25,Open,Scientific judgment requested
YZCNC-006,gaia-dr3:683908812437792000,YZ Cnc,xray_flux_1_10_erg_cm2_s,Ridder+23 Table 4 values 8.5±0.8e-12 (1–10 keV) and 1.5±0.2e-11 (0.1–10 keV) are approximate 4XMM-DR11 catalog conversions with >=10% errors; exact YZ XMM detection/epoch and absorption convention are not stated there. Hakala+04 separately gives direct 2002 XMM fit fluxes and a model bolometric flux.,Ridder+23;Hakala+04_YZCnc;Webb+20,"Fluxes may be interpreted as simultaneous with radio or directly comparable to source-specific spectral fits, affecting radio/X-ray ratios.",Retain all values separately and request exact 4XMM-DR11 detection row/ID and conversion assumptions before deriving a source-specific luminosity or radio/X-ray ratio.,medium,2026-09-25,Open,Scientific judgment requested
YZCNC-007,gaia-dr3:683908812437792000,YZ Cnc,white_dwarf_spin_period_candidate,A ~26 s optical oscillation is cited secondarily to Pezzuto+92 for one night; Hakala+04 did not recover it and warns short X-ray peaks are consistent with red noise. Original Pezzuto full text was not retrieved.,Pezzuto+92_YZCnc;Hakala+04_YZCnc,Calling it WD spin would imply a secure rapid rotator and could alter classification/evolution interpretation.,Do not list a confirmed WD spin unless original full text and an independent repeat establish coherence and physical origin.,high,2026-09-25,Open,Scientific judgment requested
YZCNC-008,gaia-dr3:683908812437792000,YZ Cnc,proper_motion_ra_cosdec,"Gaia DR3 +21.9649/-55.1096 mas yr-1; HST FGS +17.5±0.9/-51.8±0.8; Coppejans+16 Table 1 gives +38±8/-58±8 from Skinner, Thorstensen & Lépine 2014. Gaia and HST agree more closely than the older compiled RA component.",GaiaDR3_YZCnc;Harrison+04_YZCnc;Coppejans+16,Proper motion affects epoch propagation and astrometric identity checks; disagreement could indicate old catalog/frame or reduction differences.,Trace the 2014 compilation to its exact source and coordinate convention/epoch; retain Gaia as current astrometry unless a correction emerges.,low,2026-09-25,Open,Scientific judgment requested
YZCNC-009,gaia-dr3:683908812437792000,YZ Cnc,companion_k_band_fraction_upper_limit,Dhillon+00 finds no donor spectral features and places a 20±5% K-band secondary contribution upper limit using M5V template; >=290 pc distance follows from donor sequence and surface-brightness assumptions. Sherrington & Jameson+83 K=14.365±0.08 is unresolved total system. This conflicts with Gaia 233 pc posterior.,Dhillon+00_IRCVIII;SherringtonJameson+83_YZCnc;SmithDhillon+98_CVDonors;BailerJones+21_YZCnc,Misreading the M5V template/derived lower limit as a direct donor measurement or independent geometric distance would bias binary properties.,"Keep the >=290 pc result marked model dependent; do not adopt M5 or donor Teff without donor detection. If resolving distance conflict, re-evaluate template/scaling assumptions and K epoch/state.",medium,2026-09-25,Open,Scientific judgment requested
YZCNC-010,gaia-dr3:683908812437792000,YZ Cnc,distance,Dhillon+00 attributes an approximate ~130 pc prior distance to Patterson+84 based on H-beta/continuum discussion; Patterson+84 original full text was not retrieved during this audit.,Patterson+84_YZCnc;Dhillon+00_IRCVIII,"This is a large discrepancy if treated as a real geometric distance, but current claim is secondary-only and method may be obsolete.",Retrieve and inspect the original Patterson+84 YZ Cnc entry/method before retaining a precise value; meanwhile label as secondary report only and exclude from preferred distance.,low,2026-09-25,Open,Scientific judgment requested
SUUMA-001,gaia-dr3:1091051096255456384,SU UMa,orbital_period_ephemeris,"Thorstensen, Wade & Oke+86 primary abstract gives 0.076351±0.000043 d; Coppejans+16 Appendix A1 uses 0.07637533(13) d as a refined phase ephemeris attributed to private communication.",ThorstensenWadeOke+86_SUUMa;Coppejans+16,"The precise ephemeris changes radio orbital phase, while the refined value is not a separately published analysis.","For phase-sensitive comparisons, decide whether to use the private-communication ephemeris as a distinct adopted phase clock; retain both values and their provenance.",medium,2026-09-25,Open,Scientific judgment requested
SUUMA-002,gaia-dr3:1091051096255456384,SU UMa,distance,"Gaia EDR3 geometric posterior 220.14 pc (p16–p84 219.06–221.21) and photogeometric 220.22 pc; older estimates include 260 pc, Thorstensen+03 260(+190/−90) pc or alternate 403(+230/−162), and Urban & Sion+06 270 pc from weak parallax plus other priors.",BailerJones+21_SUUMa;Thorstensen+03_SUUMa;Coppejans+16;Patterson+11_SUUMa;UrbanSion+06_DNe,Distance choice shifts luminosity and absolute-magnitude comparisons; the legacy estimates combine heterogeneous priors.,Use the Gaia geometric posterior for the compatibility field while retaining all literature branches; review if a population analysis requires a non-Gaia distance scale.,medium,2026-09-25,Open,Scientific judgment requested
SUUMA-003,gaia-dr3:1091051096255456384,SU UMa,white_dwarf_and_donor_model_properties,"Urban & Sion+06 low-S/N IUE WD+disc fit gives about 28,000 K with adopted Mwd=0.8 Msun and i=41°; its FUV shares are 55/45 and Mdot has order-of-magnitude uncertainty. Knigge+06 gives superhump-sequence estimates M2=0.105±0.023 Msun and R2=0.167±0.012 Rsun; nearby donor-sequence M5/~3100 K is not a SU UMa spectrum.",UrbanSion+06_DNe;Knigge+06_DonorSequence,"Treating fit inputs, a low-S/N composite temperature, or a sequence node as direct component measurements would bias component/population comparisons.",Keep model outputs and assumed inputs distinct in the machine-readable ledger; no direct donor type/temperature or dynamical masses are adopted. Confirm this is the preferred presentation for later catalog display.,medium,2026-09-25,Open,Scientific judgment requested
SUUMA-004,gaia-dr3:1091051096255456384,SU UMa,historical_radio_detection,"Coppejans+16 reports Benz+83 4.75-GHz outburst detection around 1.3 mJy and quiescent <0.4 mJy, but the 2.4-arcmin Effelsberg beam contains a nearby unclassified 33±9 μJy source 0.34 arcmin away. Benz+83 full table was not accessible; details are secondary-reported.",Benz+83_SUUMa;Coppejans+16,The historical source association affects whether the system has a long-baseline radio history distinct from the 2015 VLA detections.,Keep the 1983 claim flagged as secondary and potentially confused; retrieve the original full article or observing record before using its flux as a secure SU UMa measurement.,high,2026-09-25,Open,Scientific judgment requested
SUUMA-005,gaia-dr3:1091051096255456384,SU UMa,xray_flux_band_conversion,"Ridder+23 Table 4 reports 1–10 and 0.1–10 keV fluxes converted from Collins & Wheatley+10 MEKAL using PIMMS, average characteristic kT=11 keV and unabsorbed flux; no source-specific error, epoch/state or simultaneous radio match is supplied.",Collins+10;Ridder+23,These comparison-band fluxes are not native measurements at the radio epochs and can mislead radio/X-ray correlations if treated as simultaneous or directly fitted values.,Keep fluxes labelled as model-dependent conversions and non-simultaneous; do not calculate a matched radio/X-ray ratio without an explicit state/epoch model.,medium,2026-09-25,Open,Scientific judgment requested
QSVIR-001,gaia-dr3:3612227169936143360,QS Vir,system_classification_and_accretion_state,O’Donoghue+03 proposes weak transfer/hibernating-CV interpretation; Matranga+12 detects narrow X-ray eclipses and fits (1.694±0.046)×10^-13 M_sun/yr in 2006; Parsons+11/+16 favor detached/pre-CV with donor at 96–97% Roche fill; Drake+14 estimates ~10^-16 M_sun/yr from 1999 HST photospheric metals and diffusion.,ODonoghue+03_QSVir;Matranga+12_QSVir;Parsons+11_QSVir;Parsons+16_QSVir;Drake+14_QSVir;Ridder+25_QSVir,"Materially affects whether QS Vir is labeled detached/pre-CV, hibernating CV, or low-rate accretor and whether radio emission is connected to mass transfer.","Keep class/state values epoch- and method-specific. Please decide whether the community catalog should use a broad PCEB/pre-CV primary label with CV-accretion evidence as a secondary flag, or another explicit scheme; do not merge the published accretion rates.",high,2026-09-25,Open,Scientific judgment requested
QSVIR-002,gaia-dr3:3612227169936143360,QS Vir,white_dwarf_magnetic_field_and_spin,Parsons+16 infers ~100 kG (~0.1 MG) weak WD field from Mg II 4481 Å line broadening and favors that over rapid rotation; the same broadening if rotational implies Pspin~700 s. Parsons+11 says Mg II indicates the WD is not rapidly rotating; Matranga+12 places a conservative B<1 MG limit from Balmer core widths/no Zeeman or cyclotron features.,Parsons+11_QSVir;Matranga+12_QSVir;Parsons+16_QSVir,"Confusing a tentative photospheric field, a conditional spin estimate, or an upper limit with a direct field/spin measurement would bias the magnetic-CV versus weak-field comparison.","Do not adopt a measured spin or field. If a preferred display value is required, decide whether to show ~0.1 MG as tentative inference alongside <1 MG limit or leave only the upper limit. Spectropolarimetry around Mg II is needed to discriminate.",high,2026-09-25,Open,Scientific judgment requested
QSVIR-003,gaia-dr3:3612227169936143360,QS Vir,orbital_period_derivative_and_circumbinary_models,"Qian+10 proposed a ~7.86 yr circumbinary planet; Parsons+10b found a large ~250 s timing deviation, rejected Qian’s solution, and fit an approximate ~14 yr eccentric body; Horner+13 found proposed configurations dynamically unstable (<1000 yr); Pulley+25 reports new minima invalidate the recent models and publishes a quadratic ephemeris with coefficient −8.6(6)×10^-13 d cycle^-2.",Qian+10_QSVir;Parsons+10b_QSVir;Horner+13_QSVir;Pulley+25_QSVir,"A fitted quadratic term, a physical Pdot, and a circumbinary companion are different claims; conflation creates a false evolutionary/planetary inference.",Retain the ephemeris coefficient as an empirical fit only; do not publish a physical Pdot or companion without a justified model and updated timing analysis. Confirm any future interpretation against new eclipse timings.,high,2026-09-25,Open,Scientific judgment requested
QSVIR-004,gaia-dr3:3612227169936143360,QS Vir,vla_2022_december_epoch_date,"Ridder+25 §2.1 states VLA observations on 2022-11-28, 2022-12-28, 2023-01-09, while Tables 2–4 label the middle epoch 2022-12-22. Corrigendum corrects spectral-index signs but does not address this mismatch.",Ridder+25_QSVir;Ridder+25corr_QSVir,The date sets radio observation state/phase and the relationship to Swift observations on 2022-12-31.,Check the VLA project archive (22B-257) or authors’ data/products to establish the middle epoch’s true date; until then retain the table’s 2022-12-22 label and flag the prose conflict.,medium,2026-09-25,Open,Scientific judgment requested
QSVIR-005,gaia-dr3:3612227169936143360,QS Vir,catalog_xray_flux_provenance_and_state,Rawdog inherited 8.5±0.9×10^-13 erg cm^-2 s^-1 at 1–10 keV with Webb+20 as sole citation. Ridder+23 Table 4 is the source of the converted comparison flux; §3.2 says 4XMM-DR11 full-band minus Bands 1–2 and that errors are floored at 10%. The value is not a source-specific spectral fit or contemporaneous with radio.,Webb+20;Ridder+23;4XMMDR11_QSVir;Ridder+25_QSVir,Mislabeling a catalogue-based approximate conversion as a direct XMM spectral measurement or simultaneous radio/X-ray datum can bias radio/X-ray luminosity comparisons.,"Keep Webb+20 as catalogue paper and Ridder+23 as conversion/source table; preserve the 10% error floor, band convention, and epoch/state limitation. Do not calculate a simultaneous radio/X-ray ratio from it.",medium,2026-09-25,Open,Scientific judgment requested
QSVIR-006,gaia-dr3:3612227169936143360,QS Vir,historical_radio_measurements,Ridder+25 cites older radio-flare and upper-limit claims from the 1980s; original observation papers/tables and exact epoch/frequency details were not retrieved in this audit.,Ridder+25_QSVir,Historical values may alter the radio variability baseline and would be unsafe to blend with modern VLA epochs without original methods and state information.,"Retrieve and inspect the original Dulk/Bastian/Chanmugam papers and any follow-up limits; add values only with exact observing frequency, epoch, flux convention and original-table citation.",medium,2026-09-25,Open,Scientific judgment requested
LSIV083-001,gaia-dr3:4339398736975240192,LS IV -08 3,ROSAT_Xray_counterpart,Stark+08 calls 1RXS J165630.2-083442 the likely optical counterpart; exact RASS-BSC separation ~9.7 arcsec with 10 arcsec position error. 2RXS is ~8.2 arcsec from Gaia. Pointed 1WGA is ~16.7 arcsec away with a 90% 50-arcsec radius; SIMBAD does not list the WGA alias.,Stark+08_LSIV-08-3; Voges+99; Boller+16; WGACAT_LSIV083; SIMBAD_LSIV083,Association affects X-ray luminosity and radio/X-ray comparison.,Retain as probable; confirm with higher-resolution X-ray data/archive astrometry before calling the ROSAT flux securely matched.,medium,2026-09-25,Open,Scientific judgment requested
LSIV083-002,gaia-dr3:4339398736975240192,LS IV -08 3,orbital_period_ephemeris,Stark+08 reports 0.1952894(10) d. Bruch & Diaz+17 reports refined 0.1952913(3) d from 2015 line-phase offsets and baseline-scaled uncertainty. Hewitt+20 repeats Stark. The two measurements differ by 1.9e-6 d (~1.8 sigma from quoted errors).,Stark+08_LSIV-08-3; Bruch+Diaz+17_LSIV-08-3; Hewitt+20,The period sets long-term phase predictions and errors are method dependent.,"For phase-sensitive use, review retaining Bruch & Diaz as compatibility value; keep both values and uncertainty methods.",medium,2026-09-25,Open,Scientific judgment requested
LSIV083-003,gaia-dr3:4339398736975240192,LS IV -08 3,reddening_intrinsic_CMD,Stark+08 DIB 5780 gives E(B−V)~0.50 if narrow component alone or ~0.24 for narrow+broad (authors prefer latter); DIB 4430 gives ~0.12. Schlegel full-column is ~0.47 and not source-specific. IX Vel color comparison suggests ~0.10; authors deem 0.10–0.20 plausible.,Stark+08_LSIV-08-3,Extinction shifts CMD color and absolute magnitude; arbitrary selection would bias intrinsic comparisons.,"Keep observed Gaia CMD values. If intrinsic CMD needed, determine source-specific reddening from updated 3D dust or spectroscopy; preserve published branches.",medium,2026-09-25,Open,Scientific judgment requested
LSIV083-004,gaia-dr3:4339398736975240192,LS IV -08 3,component_model_inputs,"Bruch & Diaz+17 arbitrary overlay uses i=60°, M2=.43 Msun, q=.52 from M1=.83 in prose, but Fig. 5 caption says M1=.75. Hewitt+20 SED inputs M1=.75, M2=.45 Msun, i=57°, Mdot=5e-9 Msun/yr are explicitly unknown/estimated. None are source-specific measurements.",Bruch+Diaz+17_LSIV-08-3; Hewitt+20; Knigge+11 as cited by Bruch,Mislabeling assumptions as measurements would bias component comparisons.,Keep out of measured-value fields. Decide only whether future public display needs a separate model-assumptions section.,high,2026-09-25,Open,Scientific judgment requested
LSIV083-005,gaia-dr3:4339398736975240192,LS IV -08 3,MeerKAT_offset_feature,Hewitt+20 Table 3 reports <33 uJy; §4.2 notes and rejects a roughly 3-sigma feature about 6 arcsec from optical position.,Hewitt+20,Treating the feature as detection changes the radio status and population comparison.,Retain upper limit; verify astrometry from raw images if available before representing as a candidate.,medium,2026-09-25,Open,Scientific judgment requested
LSIV083-006,gaia-dr3:4339398736975240192,LS IV -08 3,historical_simbad_spectral_type,"SIMBAD object type is CV*, but its sp_type field says sdB. Stark+08 documents earlier OB/hot-subdwarf classification and reclassifies as UX UMa CV; the SIMBAD label appears legacy rather than a component spectrum.",SIMBAD_LSIV083; Stark+08_LSIV-08-3; Bruch+Diaz+17_LSIV-08-3,Using stale sdB metadata as a WD/donor type would misidentify physical components.,Retain as historical/conflicting metadata only; any public type must include source/date and not assign sdB to a component.,medium,2026-09-25,Open,Scientific judgment requested
V341ARA-001,gaia-dr3:5818105674344768768,V341 Ara,Fr_2-11_nebular_origin,"Frew (2008, Appendix B.2) favors ambient low-excitation H II gas photoionized by disk/WD and a wind bow shock; Bond & Miszalski (2018, §6) allow chance ISM-cloud encounter or old nova ejecta; Castro Segura et al. (2021, §§3.6.1, 4.1) suggest a possible ~900-1000 yr shell from proper-motion back-projection; Iłkiewicz et al. (2026, §3.2, Fig. 3) report layered W2/H-alpha morphology, favor wind/ISM structure, but explicitly cannot exclude a shell.",Frew2008_Thesis_V341Ara; BondMiszalski+18_V341Ara; CastroSegura+20_V341Ara; Ilkiewicz+26_V341Ara,A shell identification affects nova recurrence and evolutionary comparisons; current evidence does not establish one origin.,"Keep origin unresolved. Future expansion/kinematic and abundance measurements, especially nitrogen, are needed to distinguish ejecta from ambient gas/wind cavity.",high,2026-09-25,Open,Scientific judgment requested
V341ARA-002,gaia-dr3:5818105674344768768,V341 Ara,orbital_period,"Bond & Miszalski (2018) report 0.15216 +/-0.00002 d = 3.65184 +/-0.00048 h from 2006 H-alpha RVs. Castro Segura et al. (2021) combine 2006, 2017 and 2018 RVs across ~27000 cycles and report 0.15220606(6) d = 3.6529454 +0.0000016/-0.0000013 h. The ~3.98 s difference is ~2.3 times the older formal error; Castro Segura say separate-season estimates agree within errors.",BondMiszalski+18_V341Ara; CastroSegura+20_V341Ara,"The orbital clock controls phase, velocity-derived q, and period-dependent population comparisons.","Retain both values and provisionally use the long-baseline combined ephemeris. Reconcile per-season velocities, aliases, epoch convention and covariance before calling the old value discrepant or superseded.",medium,2026-09-25,Open,Scientific judgment requested
V341ARA-003,gaia-dr3:5818105674344768768,V341 Ara,mass_ratio_and_WD_mass,"Castro Segura et al. (2021) report q=M2/M1=0.51 +/-0.03(stat) +0.4/-0.2(sys), depending on donor irradiation correction and disk-shadow geometry. An expected sequence donor M2≈0.26 Msun gives M1≈0.5 Msun (≈0.55 Msun with no shadowing); authors say the low result suggests K velocities may be proxies and needs confirmation. Hewitt et al. (2020) Table 4 assumes M1=0.75 and M2=0.27 Msun for SED.",CastroSegura+20_V341Ara; Hewitt+20,Treating a sequence/model inference as a WD mass measurement would bias WD-mass and evolutionary comparisons.,Keep q with separate statistical/systematic errors and leave the wide-table WD mass blank pending independent donor absorption or dynamical constraints.,high,2026-09-25,Open,Scientific judgment requested
V341ARA-004,gaia-dr3:5818105674344768768,V341 Ara,xray_flux_absorption_convention,"Native 2SXPS row 187732 gives 0.3-10 keV observed flux 1.309e-12 and power-law-unabsorbed flux 1.58e-12 erg cm-2 s-1. Ridder et al. (2023) convert to 1-10 keV 1.2 +/-0.2e-12 and 0.1-10 keV 1.5 +/-0.3e-12, but Table 4 does not mark absorbed/unabsorbed. Castro Segura et al. (2021) separately fit two Swift epochs with a low-count two-component model.",Evans+20; Ridder+23; CastroSegura+20_V341Ara,"Absorption and spectral model affect comparison of X-ray output across CVs, WD pulsars and transients.",Keep native observed/unabsorbed 2SXPS and Ridder comparison fluxes separate. Verify exact model/conversion inputs and absorbed convention before selecting one comparison flux.,medium,2026-09-25,Open,Scientific judgment requested
V341ARA-005,gaia-dr3:5818105674344768768,V341 Ara,extinction_intrinsic_Gaia_CMD,Frew (2008) derives nebular E(B-V)=0.04 +/-0.04 from Fr 2-11's Balmer decrement and reports total-to-infinity map E(B-V)=0.144. Neither is a binary-specific Gaia correction; Gaia photometry is unresolved variable accretion-system light. M_G is retained without extinction and BP-RP is observed.,Frew2008_Thesis_V341Ara; GaiaDR3_V341Ara; BailerJones+21_V341Ara,Reddening choices change intrinsic CMD color and extinction-corrected M_G and may not describe the unresolved binary.,Leave intrinsic color and extinction-corrected M_G blank until an applicable source-specific reddening and extinction law are justified; record whether nebular decrement is applicable to the binary.,medium,2026-09-25,Open,Scientific judgment requested
V341ARA-006,gaia-dr3:5818105674344768768,V341 Ara,Fr_2-11_integrated_Hbeta_flux,"Frew (2008) Appendix B.2.1 prose reports log F(H-beta)=-11.4 erg cm-2 s-1, corresponding to 3.98e-12 erg cm-2 s-1. Table B.1 footnote on the same printed page reports F(H-beta)=1.05e-14 erg cm-2 s-1 with c(H-beta)=0.06. These differ by about 379x. The prose value gives H-alpha/H-beta≈2.8 using the prose log F(H-alpha)=-10.95, consistent with the stated intrinsic Balmer ratio; the footnote value does not. Both original-text claims are visually checked; neither is silently preferred.",Frew2008_Thesis_V341Ara,The Balmer decrement supports the cited E(B-V) and nebular interpretation. Choosing the wrong integrated flux would misstate nebular brightness and potentially undermine reddening provenance.,"Keep both claims separately ledgered. Verify against the thesis source image/original reduced SHASSA measurement or a Frew erratum/author clarification; determine whether Table B.1 value has a transcription, exponent, or aperture-definition issue before adopting a single integrated flux.",high,2026-09-25,Open,Scientific judgment requested
V3885-001,gaia-dr3:6688624794231054976,V3885 Sgr,binary_inclination_and_disk_corrections,"Hartley+05 gives i>65 deg as a pure estimate; Ribeiro & Diaz+07 formal interval 45–75; Linnell+09 adopts 65±2 and fits the SED; Hewitt+20 uses 60 deg as model input; Gilmozzi & Selvelli+24 adopt 60±15 after reporting Bruch ~65, la Dous <50 and Puebla ~30–50 from prior literature. Some underlying original values are only secondarily checked.",Hartley+05_V3885Sgr;RibeiroDiaz+07_V3885Sgr;Linnell+09_V3885Sgr;Hewitt+20;GilmozziSelvelli+24_V3885Sgr;Bruch+21_V3885Sgr;LaDous+91_V3885Sgr;PueblaDiazHubeny+07_V3885Sgr,Inclination corrections affect disk luminosity and accretion-rate estimates; choosing one branch may change population comparisons.,"Keep each model/literature branch separate; do not publish one canonical inclination. For a single-value analysis, choose a method-specific branch and inspect the original sources and eclipse evidence.",high,2026-09-25,Open,Scientific judgment requested
V3885-002,gaia-dr3:6688624794231054976,V3885 Sgr,xray_flux_absorption_and_conversion_convention,"2SXPS row 175084 gives 0.3–10 keV power-law observed 3.821e-12 and unabsorbed 5.22e-12 erg cm-2 s-1. Ridder+23 gives 4.8±0.5e-12 (1–10 keV) and 6.1±0.6e-12 (0.1–10 keV), with 10% error floor and 7-keV MEKAL assumption for novalikes lacking source fit; absorbed convention/epoch is unspecified.",2SXPS_V3885Sgr;Evans+20;Ridder+23,"Band, absorption convention and assumed spectrum change X-ray luminosity and radio/X-ray comparisons; values are not known simultaneous.",Keep native 2SXPS observed/unabsorbed products and Ridder comparison bands separate. Choose a preferred value only after checking source-specific spectrum/NH and observation epoch.,medium,2026-09-25,Open,Scientific judgment requested
V3885-003,gaia-dr3:6688624794231054976,V3885 Sgr,meerkat_frequency_band_label,Hewitt+20 configures 856 MHz bandwidth centered 1.284 GHz (0.856–1.712 GHz); Ridder+23 labels the same 256±26 μJy point as 0.43–2.1 GHz. Compatibility band uses the primary setup and retains Ridder label in the ledger.,Hewitt+20;Ridder+23,Incorrect passband metadata can distort spectral-energy and population comparisons.,Confirm whether Ridder band is a generic label or compilation error; use Hewitt exact setup for frequency-sensitive analysis meanwhile.,medium,2026-09-25,Open,Scientific judgment requested
V3885-004,gaia-dr3:6688624794231054976,V3885 Sgr,legacy_simbad_sdB_spectral_field,"SIMBAD sp_type=sdB cites Bond & Landolt (1971). Its title/abstract describe a peculiar subluminous B-type star and possible WD relation; only abstract metadata checked. Cowley et al. (1977) full article identifies the close accreting binary, later classified as nova-like CV.",SIMBAD_V3885Sgr;BondLandolt+71_V3885Sgr;CowleyCramptonHesser+77_V3885Sgr,Using a legacy preliminary spectrum as a WD atmospheric or donor subtype would misidentify binary components.,Keep sdB only as historical metadata. Retrieve and inspect the full 1971 article if a definitive explanation/correction is needed.,medium,2026-09-25,Open,Awaiting access to the original source
V3885-005,gaia-dr3:6688624794231054976,V3885 Sgr,reddening_reference_chain_and_intrinsic_CMD,Gilmozzi & Selvelli+24 independently derive E(B−V)=0.02±0.02 using the IUE 2175 Å feature. Linnell+09 adopts 0.02 from Bruch & Engel+94 catalog (no error) and cites Verbunt+87 preferred 0 with <0.04 upper bound; Mauche+88 reports the bound secondarily. Original Verbunt/Bruch & Engel source rows were not checked.,GilmozziSelvelli+24_V3885Sgr;Linnell+09_V3885Sgr;BruchEngel+94_V3885Sgr;Verbunt+87_V3885Sgr;MaucheRaymondCordova+88_V3885Sgr,Reddening affects intrinsic color/M_G; current Gaia CMD remains observed unresolved-system values without extinction correction.,Keep branches separate; do not publish intrinsic BP−RP or extinction-corrected M_G until original source chain and appropriate Gaia-band correction are verified.,medium,2026-09-25,Open,Open evidence or interpretation question
V5662-001,gaia-dr3:6749618724313541760,V5662 Sgr,orbital_period_alias,Tappert+04 Table 7: P3=0.062887(37)d (pd=.637 most probable) and P4=0.060972(14)d (pd=.272 important); five aliases total and more observations needed. Hewitt+20 repeats P3 as Porb.,Tappert+04_CTCV;Hewitt+20,"A canonical orbit affects period distributions, donor sequence and evolutionary comparisons.",Keep P3 as a candidate only; use follow-up photometry/spectroscopy to confirm before promoting to secure orbital period.,high,2026-09-25,Open,Scientific judgment requested
V5662-002,gaia-dr3:6749618724313541760,V5662 Sgr,classification_and_subtype,Tappert calls spectrum DN-like with strong H-alpha; Hewitt includes source in novalike sample but allows missed-outburst DN.,Tappert+04_CTCV;Hewitt+20,Subtype labels determine population grouping.,Retain provisional DN-like CV/novalike-sample membership with subtype unresolved unless light-curve/outburst evidence warrants a final label.,high,2026-09-25,Open,Scientific judgment requested
V5662-003,gaia-dr3:6749618724313541760,V5662 Sgr,rosat_counterpart,"2RXS row links to 1RXS at 0.7 arcsec, SIMBAD links 1RXS to V5662/Gaia, but 2RXS centroid is ~19.2 arcsec from Gaia propagated J2000 and has only 18.71+/-5.11 counts.",Boller+16;SIMBAD_V5662Sgr;GaiaDR3_V5662Sgr,The counterpart decides whether ROSAT properties belong to this CV.,Inspect 2RXS images/localization or ROSAT event products and decide whether to accept the catalog link; keep flux qualified pending review.,high,2026-09-25,Open,Open evidence or interpretation question
V5662-004,gaia-dr3:6749618724313541760,V5662 Sgr,xray_flux_band_and_absorption,"Ridder Table 4 has 3.3+/-0.9e-12 (1-10 keV) and 4.2+/-1.1e-12 (0.1-10 keV); §3.2 describes MEKAL 7-keV/PIMMS-type conversion, but source-specific input and absorbed/unabsorbed convention are unstated. Boller flux is separate absorption-corrected ROSAT fit with poorly constrained Gamma.",Boller+16;Ridder+23,"Luminosity comparisons depend on band, assumed spectrum and absorption, and correct counterpart.",Recover source-specific conversion inputs if available; otherwise retain separately with unspecified convention and do not calculate preferred Lx.,medium,2026-09-25,Open,Awaiting additional data or reanalysis
V5662-005,gaia-dr3:6749618724313541760,V5662 Sgr,accretion_state_at_radio_epoch,Hewitt says optical sampling is too poor to determine if V5662 was in low state near 2019-04-01 MeerKAT epoch.,Hewitt+20,Radio emission may depend on accretion state; an incorrect state assignment biases comparison.,Keep state unknown unless contemporaneous observations establish it.,medium,2026-09-25,Open,Open evidence or interpretation question
SSCYG-001,gaia-dr3:1972957892448494592,SS Cyg,distance_and_astrometric_parallax,"HST/FGS solutions span 6.02±0.46 mas (Harrison+99), 6.06±0.44 (Harrison+04), 8.30±0.41 (Nelan & Bond 2013), and 7.3±0.2 mas in the Harrison & McArthur 2016 AAS abstract; Harrison+16 footnote gives 7.41±0.20 mas. Gaia EDR3 geometric posterior is 112.35 pc and VLBI is 114±2 pc.",Harrison+99_SSCyg;HarrisonJohnson+04_SSCyg;NelanBond+13_SSCyg;HarrisonMcArthur+16_AAS227;Harrison+16_SSCyg;BailerJones+21_SSCyg;MillerJones+13_SSCyg,Distance changes luminosities and distance-dependent accretion/WD-atmosphere interpretations; the HST re-reductions are not mutually consistent.,"Keep every astrometric solution separate and use Gaia geometric posterior only for the compatibility distance. If one historical solution is needed, retrieve/compare the 2016 HST/FGS reduction products or obtain clarification from its authors; do not average.",high,2026-09-25,Open,Open evidence or interpretation question
SSCYG-002,gaia-dr3:1972957892448494592,SS Cyg,white_dwarf_effective_temperature,"Sion+10 gives 46 kK at E(B−V)=0.04 and 55 kK at 0.07 with 166 pc; Sion & Godon+15 refits at 114–120 pc and gives 45–50 kK, representative 47 kK, with fixed assumed 0.95 Msun.",Sion+10_SSCyg;SionGodon+15_SSCyg;MillerJones+13_SSCyg;BailerJones+21_SSCyg,"WD heating/accretion comparisons depend on reddening, distance, mass and fit assumptions; averaging would hide model branches.","For a future canonical summary, decide whether to display the updated-distance refit as the preferred model branch while retaining older reddening branches, or show all branches without a single preferred range. No new atmosphere refit is performed here.",medium,2026-09-25,Open,Open evidence or interpretation question
SSCYG-003,gaia-dr3:1972957892448494592,SS Cyg,spin_and_short_period_interpretation,"Accretion-state-dependent DNOs vary 7.81→6.59→2.91→2.85 s in 1996 (Mauche & Robinson 2001); XRISM line width implies 16–44 s only if rotational, while no 10–50 s timing signal was detected (Ishida+26); Sharp+26 reports optical QPO-like peaks 0.25–8 h.",MaucheRobinson+01_SSCyg;Ishida+26_SSCyg;Sharp+26_SSCyg;Bitner+07_SSCyg,Conflating these clocks would produce a false WD spin distribution and could bias comparisons with WD pulsars or LPTs.,Keep numeric wd_spin_period_s blank. Decide later whether a distinct model-inferred spin-candidate field should expose 16–44 s; keep DNOs and optical QPOs in their own component-qualified fields unless independent coherent spin periodicity is detected.,high,2026-09-25,Open,Open evidence or interpretation question
SSCYG-004,gaia-dr3:1972957892448494592,SS Cyg,xray_flux_provenance_and_absorption,"Ridder+23 Table 4 gives 9.0±0.9×10−10 and 4.1(+0.5/−0.4)×10−11 erg cm−2 s−1 in nominal unabsorbed 1–10 keV, based on Swift spectra; the two points are maxima in different bands and their SS Cyg observation IDs/model/NH/conversion are not printed.",Ridder+23;Russell+16,"Flux comparison and luminosity interpretation depend on band conversion, absorption convention and epoch; values are not proven simultaneous with radio.","If exact Swift extraction must be reproduced, identify ObsIDs and fitted model/NH or PIMMS settings in the UK Swift archive/Ridder materials. Retain both published estimates with this limitation until then.",medium,2026-09-25,Open,Open evidence or interpretation question
SSCYG-005,gaia-dr3:1972957892448494592,SS Cyg,donor_spectral_type_and_temperature,"Bitner+07 assigns K4.5 V±0.5 and 4470±140 K from a spectral-type scale with systematics; Harrison+16 IJHK synthetic spectrum gives 4750 K, subsolar Fe/C/Mg, and discusses apparent K3.5 versus inclination-corrected K2.5.",Bitner+07_SSCyg;Harrison+16_SSCyg,"Roche distortion, inclination, irradiation/spots and metallicity affect spectral appearance; a donor Teff should not be interpreted as a unique single-star temperature.","For future online summaries, keep the calibrated subtype/temperature and IJHK atmosphere result as distinct method-tagged measurements; choose a canonical display only if a use case requires one.",medium,2026-09-25,Open,Open evidence or interpretation question
ARSCO-001,gaia-dr3:6050296829033196032,AR Sco,Barrett+Gurwell+25 magnetic-field unit,"Abstract states a 43-MG synchrotron-region field; §4.1 and Table 2 give about 43 G (Table 2: 42.7±0.2 G fast cooling, 20 G slow cooling) and then separately infer a ~15-MG WD polar field at a modeled location. The abstract/body difference is a factor of 10^6. References: BarrettGurwell+25_ARSco; Garnavich+21_ARSco.",Marsh+16;Buckley+17_ARSco;Katz+17_ARSco;Garnavich+21_ARSco;duPlessis+19_ARSco;Pelisoli+22_ARSco;duPlessis+22_ARSco;Lyutikov+20_ARSco;BarrettGurwell+25_ARSco;Buckley+26_ARSco,This changes the inferred local field by six orders of magnitude and the extrapolated WD field by two orders; field location and model are not interchangeable.,"Check for a publisher correction or request author clarification of the abstract unit and the Table 2/body model units. Until then, retain the table/body G result and the abstract MG claim as distinct unresolved entries; do not select a global WD field.",high,2026-09-25,Open,Open evidence or interpretation question
ARSCO-002,gaia-dr3:6050296829033196032,AR Sco,Barrett+Gurwell+25 periods,The 2025 abstract gives Pspin=117.0564 s and a 58.26-s modulation. Its §3.2 gives the periodogram peak 17.053(23) mHz =58.641(79) s and compares it with twice Pelisoli+22 nu_spin=17.0764365689(59) mHz; the 2025 full text elsewhere uses 117.12 s. References: BarrettGurwell+25_ARSco; Pelisoli+22_ARSco.,Marsh+16;Buckley+17_ARSco;Katz+17_ARSco;Garnavich+21_ARSco;duPlessis+19_ARSco;Pelisoli+22_ARSco;duPlessis+22_ARSco;Lyutikov+20_ARSco;BarrettGurwell+25_ARSco;Buckley+26_ARSco,"An incorrect period could conflate a spin fundamental, a harmonic and the beat; the accepted timing solution makes the 220-GHz peak a near-2-spin harmonic, not a new 58-s spin.",Verify abstract numbers against the journal record/corrigendum/authors. Preserve the body periodogram value and published Pelisoli spin/beat clocks separately meanwhile.,high,2026-09-25,Open,Open evidence or interpretation question
ARSCO-003,gaia-dr3:6050296829033196032,AR Sco,220-GHz SMA flux uncertainty,"Barrett & Gurwell §3.1 reports mean S220=124±2 mJy, with range 77–167 mJy; Appendix B Table 3 gives 124±10 mJy for SMA 220 GHz. Reference: BarrettGurwell+25_ARSco.",Marsh+16;Buckley+17_ARSco;Katz+17_ARSco;Garnavich+21_ARSco;duPlessis+19_ARSco;Pelisoli+22_ARSco;duPlessis+22_ARSco;Lyutikov+20_ARSco;BarrettGurwell+25_ARSco;Buckley+26_ARSco,"Flux uncertainty affects spectral-index and SED model constraints, including the inferred field.",Check the paper table/text or any erratum/source data to identify statistical versus calibration uncertainty; keep both published entries until resolved.,medium,2026-09-25,Open,Open evidence or interpretation question
ARSCO-004,gaia-dr3:6050296829033196032,AR Sco,"mass ratio, WD mass and inclination model","Marsh+16 defines q=M2/M1 and q>0.35, with WD allowed mass 0.81–1.29 M_sun. du Plessis+19 uses q=M1/M2 and reports q=3.45(+0.66/-0.45) and MWD=1.00(+0.16/-0.10) M_sun assuming i≈zeta and Roche-lobe filling. du Plessis+22 later finds RVM alpha/zeta fits vary by ~10/~30 degrees over orbital phase. References: Marsh+16; duPlessis+19_ARSco; duPlessis+22_ARSco.",Marsh+16;Buckley+17_ARSco;Katz+17_ARSco;Garnavich+21_ARSco;duPlessis+19_ARSco;Pelisoli+22_ARSco;duPlessis+22_ARSco;Lyutikov+20_ARSco;BarrettGurwell+25_ARSco;Buckley+26_ARSco,Mixing inverse q conventions or promoting zeta to orbital i can change mass conclusions and propagate into evolutionary comparisons.,Retain the published solutions with explicit conventions and model assumptions. Decide whether the 2019 model mass remains suitable for a preferred catalog field after considering phase-resolved fit behavior; no single mass is selected in the ledger.,high,2026-09-25,Open,Open evidence or interpretation question
ARSCO-005,gaia-dr3:6050296829033196032,AR Sco,white-dwarf magnetic field and moment,Field claims refer to different components/methods: Garnavich+21 photospheric Ly-alpha upper limit <=100 MG; Buckley+17 <=500 MG vacuum-dipole spin-down upper scale; Katz+17 abstract ~100 MG but Table 1 Bp=1.1e9–3.6e9*csc(theta) G and mu=4.3e34–1.5e35*csc(theta) G cm3 for mass alternatives; Lyutikov+20 ~1 MG propeller model; Barrett+25 body/Table local ~43-G field and modeled ~15-MG pole if corrected as printed. References listed.,Marsh+16;Buckley+17_ARSco;Katz+17_ARSco;Garnavich+21_ARSco;duPlessis+19_ARSco;Pelisoli+22_ARSco;duPlessis+22_ARSco;Lyutikov+20_ARSco;BarrettGurwell+25_ARSco;Buckley+26_ARSco,"A single catalogued field or moment would conflate a photospheric upper limit, polar field, local emission-region model and theoretical torque estimates.","No single WD field or moment is designated as measured. Verify the Barrett unit issue; retain all other model branches with geometry/mass/torque assumptions, and confirm any use of a preferred field/moment in downstream science.",high,2026-09-25,Open,Open evidence or interpretation question
ARSCO-006,gaia-dr3:6050296829033196032,AR Sco,detached/accretion state and evolutionary interpretation,Marsh+16 report no clear accretion-disc/broad-line evidence and spin-down-powered energetics; Pelisoli+22 finds the donor close to Roche-lobe filling; Lyutikov+20 proposes a transient low-field propeller with mass loading; Barrett+25 argues for a temporarily ceased accretion/IP-like phase; Buckley+26 describes detached or nearly detached WDP binaries.,Marsh+16;Buckley+17_ARSco;Katz+17_ARSco;Garnavich+21_ARSco;duPlessis+19_ARSco;Pelisoli+22_ARSco;duPlessis+22_ARSco;Lyutikov+20_ARSco;BarrettGurwell+25_ARSco;Buckley+26_ARSco,The state classification affects whether a binary-evolution connection is claimed; none of these observations establishes one unique evolutionary path.,"Keep WDP as the observed class. For a database-level detached/semi-detached flag, decide whether to leave it unresolved pending the forthcoming 2020 multiwavelength primary papers; do not promote a proposed IP/polar/LPT evolutionary pathway.",medium,2026-09-25,Open,Open evidence or interpretation question
ARSCO-007,gaia-dr3:6050296829033196032,AR Sco,2020 NICER/MeerKAT and Fermi-LAT claims,"Buckley+26 conference proceedings report coherent NICER spin pulsations, L-band MeerKAT variable/polarized emission closer to spin modulation, and a recent rotational Fermi-LAT signal. The review says the June 2020 campaign results will appear in forthcoming papers and gives no fluxes, period uncertainties, energy bands or calibration. Earlier Singh+20 Fermi analysis is summarized as only a 2-sigma upper limit. References: Buckley+26_ARSco; duPlessis+22_ARSco.",Marsh+16;Buckley+17_ARSco;Katz+17_ARSco;Garnavich+21_ARSco;duPlessis+19_ARSco;Pelisoli+22_ARSco;duPlessis+22_ARSco;Lyutikov+20_ARSco;BarrettGurwell+25_ARSco;Buckley+26_ARSco,New high-energy/radio pulses would add an independent emission component and may alter mechanism interpretation; secondary summaries are insufficient for adoption.,"Locate and inspect the promised primary NICER/MeerKAT/Fermi papers or data release; until verified, record only the proceedings report and do not mark gamma-ray detection confirmed.",high,2026-09-25,Open,Open evidence or interpretation question
ARSCO-008,gaia-dr3:6050296829033196032,AR Sco,legacy magnetic-moment value,The physical table inherited ~8e34 G cm3 attributed to Buckley+17. The checked Buckley text reports a 500-MG spin-down upper field but no direct magnetic-moment value; Katz+17 Table 1 explicitly gives 4.3e34–1.5e35*csc(theta) G cm3 under vacuum-dipole assumptions. References: Buckley+17_ARSco; Katz+17_ARSco.,Marsh+16;Buckley+17_ARSco;Katz+17_ARSco;Garnavich+21_ARSco;duPlessis+19_ARSco;Pelisoli+22_ARSco;duPlessis+22_ARSco;Lyutikov+20_ARSco;BarrettGurwell+25_ARSco;Buckley+26_ARSco,The legacy scalar lacks a traceable formula/radius convention and may be mistaken for a measured moment.,Keep the unsupported 8e34 claim out of the preferred moment field; retain Katz’s explicit mass/angle-dependent model range and record no measured moment.,medium,2026-09-25,Open,Open evidence or interpretation question
J1912-001,gaia-dr3:6712706405280342784,J191213.72-441045.1,white_dwarf_mass_inclination_and_mass_ratio,"Discovery Pelisoli+23 reports M1=1.2 +/- 0.2 Msun and an inclination ceiling below 37 deg from optical/Roche assumptions, including H-beta/L1 geometry. HST/COS Pelisoli+23_J1912UV fits give adopted M1=0.59 +/- 0.05 Msun; updated UV metal-line/Roche analysis gives i=59 +/- 6 deg, and q constraints change. The UV paper says the former mass is about 3 sigma above its fit.",Pelisoli+23;Schwope+23;Pelisoli+23_J1912UV;Meintjes+25_J1912;Minnie+25_J1912,"Changes component masses, binary geometry, and any population/evolutionary comparison; the two results use different tracers and model assumptions.",Choose whether the public wide table should expose the later UV atmosphere/model mass as provisional or leave a scalar blank/unresolved. Preserve both values and methods in the ledger; verify the dynamical line-tracer/Roche correction before adopting a single mass.,high,2026-09-25,Open,Open evidence or interpretation question
J1912-002,gaia-dr3:6712706405280342784,J191213.72-441045.1,wd_radius_and_uv_table_decimal,"Pelisoli+23_J1912UV Table 2 prints individual radii 0.0131, 0.0119, 0.0138 Rsun (each +/-0.004) but the adopted row prints 0.128 +/- 0.040 Rsun. The accepted manuscript PDF table was visually checked; the discrepancy is present in the printed table.",Pelisoli+23;Schwope+23;Pelisoli+23_J1912UV;Meintjes+25_J1912;Minnie+25_J1912,The adopted value is physically inconsistent with the individual fits/mass scale by about a factor of ten; blindly correcting it would invent an unpublished correction.,Ask authors or check a publisher correction/version of record for the adopted radius and the printed radius uncertainties. Keep all literal table values and leave the preferred radius unset until verified.,high,2026-09-25,Open,Open evidence or interpretation question
J1912-003,gaia-dr3:6712706405280342784,J191213.72-441045.1,spin_period_and_long_baseline_timing,"Discovery optical timing gives 319.34903(8) s. Meintjes+25 reports 270.504287(20) cycles/day; direct conversion gives 319.4034407 s, while Fig. 2 prints 5.323392264(40) min (319.4035358 s) and the abstract/§3.2 narrative print 5.32339264(40) min (319.4035584 s). The proceeding says O-C work is planned and no period derivative is reported.",Pelisoli+23;Schwope+23;Pelisoli+23_J1912UV;Meintjes+25_J1912;Minnie+25_J1912,"A period difference could reflect timing/systematics, a period change, or transcription; treating it as a measured spin-down would affect field/torque inference.",Retain the discovery and 2025 values separately. Ask the authors to clarify the frequency-to-period/narrative transcription difference and obtain a phase-connected timing solution/O-C analysis before deriving Pdot or replacing the discovery spin.,medium,2026-09-25,Open,Open evidence or interpretation question
J1912-004,gaia-dr3:6712706405280342784,J191213.72-441045.1,gamma_ray_pulse_candidate,"Minnie+25 reports a possible 0.5-10 GeV pulse at 319.99 +/- 0.34 s using 2009-2024 LAT data. The body gives pre-trials periodogram FAP 1.74e-7 and labels it about 5.74 sigma, while standard Gaussian one/two-sided conversion is about 5.10/5.23 sigma. It gives H-test H~30, Prob(>H)=6.14e-6 (~4.37 sigma); the abstract/Fig. 1 caption pair -log(Pr)=6.76 with ~4.37 sigma, apparently mixing periodogram and H-test statistics. The phase fold uses the discovery ephemeris, but 15-year phase coherence is not demonstrated; no integrated flux is reported.",Pelisoli+23;Schwope+23;Pelisoli+23_J1912UV;Meintjes+25_J1912;Minnie+25_J1912,"This could add a high-energy emission component, but accepting an unconfirmed period/phase claim would affect the source’s emission classification.","Seek an independent Fermi-LAT reanalysis or replication with event selection, trials accounting, H-test probability, phase-connected ephemeris and pulse significance documented. Ask authors to clarify the abstract/caption significance pairing; until then label it a conference-reported candidate only.",high,2026-09-25,Open,Open evidence or interpretation question
J1912-005,gaia-dr3:6712706405280342784,J191213.72-441045.1,detached_state_and_residual_transfer_interpretation,"Discovery/X-ray/UV papers describe a WDP and discuss possible flaring/residual mass transfer; discovery estimates the donor may fill >90% of its Roche lobe, while UV geometry updates the inclination and mass constraints. The 2025 MeerKAT proceeding uses a detached-WDP framing but adds no donor-state measurement.",Pelisoli+23;Schwope+23;Pelisoli+23_J1912UV;Meintjes+25_J1912;Minnie+25_J1912,"Detached versus semi-detached status and residual transfer affect mechanistic/evolutionary comparisons, but the current observations do not establish one unique state.","Keep the observed WDP classification. Before assigning a catalog detached/semi-detached flag, decide what evidence standard to use and seek phase-resolved accretion/donor diagnostics; do not infer an evolutionary sequence from the analogy with AR Sco.",medium,2026-09-25,Open,Open evidence or interpretation question
ASKAP1448-001,name:askap-j144834-685644,ASKAP J144834-685644,CV magnetic subtype and field,CV established; polar proposed; no Zeeman/cyclotron field or He II high-state signature.,Mo+26_ASKAPJ1448,Avoid treating a candidate polar as a measured magnetic subtype.,Obtain deeper/state-resolved spectroscopy and field diagnostics.,medium,2026-09-30,Open,Open evidence or interpretation question
ASKAP1448-002,name:askap-j144834-685644,ASKAP J144834-685644,Distance and component properties,No Gaia distance; pre-bounce/bouncer models require different donors and distances.,Mo+26_ASKAPJ1448,Illustrative SED parameters are not measured component values.,Measure distance and characterize donor; retain model alternatives.,medium,2026-09-30,Open,Open evidence or interpretation question
ASKAP1448-003,name:askap-j144834-685644,ASKAP J144834-685644,Radio clock identification and timing uniqueness,Radio 93.8513(8) min consistent with optical 98.6 +4.2/-4.1 min; timing solution may be nonunique.,Anumarlapudi+25;Mo+26_ASKAPJ1448,"Radio/orbital agreement does not establish WD spin, beat or synchronization.",Obtain additional TOAs and optical RVs; test aliases and phase connection.,medium,2026-09-30,Open,Open evidence or interpretation question
ASKAP1448-004,name:askap-j144834-685644,ASKAP J144834-685644,Radio dates and timing-table consistency,ATCA Tables 1/B1 and Fig. 3 say 2024-06-27; section 2.1.2 says 2024-07-15. Table B1 says 2025-12-25 at MJD 60669 (2024-12-25). Table 2 lists 20 TOAs/MJD 60110-60522; section 3.1 and Mo+26 Appendix A say 18 TOAs.,Anumarlapudi+25;Mo+26_ASKAPJ1448,Date and TOA selection errors affect observation matching and timing replication.,Check original observing logs/TOAs or author clarification; retain table values with explicit caveats.,medium,2026-09-30,Open,Open evidence or interpretation question
ASKAP1448-005,name:askap-j144834-685644,ASKAP J144834-685644,X-ray flux band and model selection,Table 4 supplies absorbed/unabsorbed fits for three models and free/fixed NH without an explicit integration band.,Anumarlapudi+25,Cannot populate fixed 1-10 or 0.1-10 keV columns from an unspecified band.,Confirm fit-flux integration band and confidence convention; retain all model alternatives.,medium,2026-09-30,Open,Open evidence or interpretation question
