id,key,short_citation,filename,doi,local_path,download_url,status,note,full_citation,ads_bibcode,stable_link,verification_status,research_date,original_local_path,local_path_status,local_path_candidates,original_download_url,original_stable_link,original_doi,release_link_repair_note,public_reference_url,public_reference_link_role,public_reference_link_status
1,Abada-Simon+93,Abada-Simon et al. (1993),,10.1086/172479,,https://ui.adsabs.harvard.edu/abs/1993ApJ...406..692A/abstract,original_full_text_checked_locally,"Original ADS scan (9 pages) rendered, OCR checked and relevant pages inspected. Table 1 and §§2–4 report 88/240 GHz data. For 240 GHz on 1990-06-26, §3.1 prose gives 48.6±8.8 mJy (5.5 sigma), while Table 1 scan appears to give ±1.6 mJy; queued as a source discrepancy. Spectral index alpha=0.34–0.59; B0≥250 G applies only to the modeled radio-emitting plasmoids, not WD surface.","Abada-Simon, M., Bastian, T. S., Bookbinder, J. A., Dulk, G. A., & Lecacheux, A. 1993, The Spectrum and Variability of Radio Emission from AE Aquarii, ApJ, 406, 692–701.",1993ApJ...406..692A,https://doi.org/10.1086/172479,original_full_text_checked_locally_scanned_OCR_and_page_render,2026-09-24,,local path verified,,https://ui.adsabs.harvard.edu/abs/1993ApJ...406..692A/abstract,https://doi.org/10.1086/172479,10.1086/172479,,https://doi.org/10.1086/172479,stable link,Automated access restricted
2,Barrett+20,Barrett et al. (2020),,10.1016/j.asr.2020.04.007,,,present,"Present/local. Radio survey of magnetic CVs. Her 1 audit: Table lists Her 1 as AM with K-band VLA flux 48 +/-17 uJy, +100 +/-45 percent circular polarization, Porb=3.00?, distance=1030 pc, and radio-inferred B=7530 +/-365 G; no source-specific WD surface MG field, WD Teff, WD mass, or donor properties are provided. Her 1 identity remains unresolved because the source coordinate in combined_mcv_sources.csv/Barrett table (RA=244.95543, Dec=+14.88610) conflicts with a previous supplemental SDSS/Gaia association. Cas 1 audit: Table lists C-band flux 21 +/-10 uJy, -100 +/-39 percent circular polarization, Porb=3.9396 h, distance=1608 pc, and radio-inferred B=1960 +/-365 G; this is an emission-region estimate, not a WD surface field. J1503-2207 audit: Table lists X-band flux 29 +/-5 uJy, +100 +/-14 percent circular polarization, Porb=2.2228 h, distance=392 pc, and radio-inferred B=3563 +/-730 G; this is an emission-region estimate, not a WD surface field. FR Lyn correction after rendered Table 1 check: FR Lyn has only the Semester 18A X-band row, I=28 +/-4 uJy, RR=12 +/-6, LL=38 +/-6, CP=-52 +/-17%, offset=0.13 +/-0.22 arcsec, composite S/N1=43.3. The 49 +/-29 uJy K-band row with +37 +/-57% CP belongs to VV Pup Semester 13B. FR Lyn has no radio-inferred B entry in Table 2. BM CrB audit: Table lists X-band flux 43 +/-15 uJy, -100 +/-41 percent circular polarization, Porb=1.4040 h, distance=419 pc, and radio-inferred B=3210 +/-365 G; this is an emission-region estimate, not a WD surface field. Hya 1 audit: Pelisoli+24 Appendix explicitly maps Hya 1 to RX J0859.1+0537; the prior Gaia DR3 5745881603063095680 match was a different source, MM Hya. Barrett+20 reports X-band Stokes I 6±6 μJy and custom S/N 7.3, but Ridder+23 treats the point as below 3σ. Its 2.3966 h and 441 pc values are consistent with the RX J0859 literature and Gaia DR2/EDR3 distances; the 3563±730 G inference remains conditional radio-plasma field, not WD surface field. V388 Peg audit: Table lists X-band flux 34 +/-5 uJy, +100 +/-12 percent circular polarization, Porb=3.3751 h, distance=689 pc, and radio-inferred B=3563 +/-730 G; this is an emission-region estimate, not a WD surface field. FL Cet audit: Table lists X-band flux 11 +/-5 uJy, +100 +/-53 percent circular polarization, Porb=1.4523 h, distance=319 pc, and radio-inferred B=3563 +/-730 G; this is an emission-region estimate, not the MG WD/accretion-pole field measured from cyclotron harmonics by Schmidt+05_FLCet. LW Cam audit: Table lists X-band flux 50 +/-4 uJy, -100 +/-9 percent circular polarization, Porb=1.6211 h, distance=542 pc, and radio-inferred B=3563 +/-730 G; Section 4.2 identifies a narrow ~10.295 GHz feature and derives ~3.6 kG for the radio plasma while adopting/citing Bwd~20 MG from Ferrario+15/Tovmassian+01_LWCam. The kG value is not the WD surface field. ST LMi audit: Table lists X-band flux 153 +/-12 uJy, circular polarization entry near -100 +/-20 percent in the OCR/local text, Porb=1.8981 h, distance=113 pc, and radio-inferred B=3210 +/-365 G; this is an emission-region estimate, not a WD surface field. V603 Aql audit: Table lists C-band 22 +/-3 uJy and X-band 32 +/-7 uJy with high circular-polarization fractions and radio-inferred B=3210 +/-365 G; Section 4.2 notes the system was included because RKcat had possible-IP context, but later work associates the photometric period with superhump/disk precession. Barrett+20 argue any WD field must be weak (<1 kG) or it would truncate the disk, so the kG radio value is not a WD surface field. MQ Dra audit: Table lists X-band flux 17 +/-4 uJy with +100 +/-34 percent circular polarization, Porb=4.3912 h, distance=186 pc, and radio-inferred B=3563 +/-730 G; this is an emission-region estimate, not the MG WD/accretion-region field. AP CrB audit: Table lists X-band flux 24 +/-4 uJy with weak circular polarization (-5 +/-22 percent), Porb=2.5310 h, distance=209 pc, and no radio-inferred B value in the summary table. V1007 Her audit: Table lists X-band flux 38 +/-9 uJy with +100 +/-29 percent circular polarization, Porb=1.9988 h, distance=462 pc, and radio-inferred B=3210 +/-365 G; this is an emission-region estimate, not the MG WD/cyclotron field measured by Greiner+98_V1007Her. V1323 Her audit: Table lists C-band flux 43 +/-9 uJy with +100 +/-20 percent circular polarization, Porb=4.4016 h, distance=2244 pc, and radio-inferred B=3210 +/-365 G; this is an emission-region estimate, not a WD surface/accretion-region MG field. AM Her audit: Table lists C-band flux 88 +/-5 uJy, plus additional X/K-band detections summarized elsewhere in the paper; Table 2 gives Porb=3.0942 h, distance=88 pc, and no radio-inferred B value for AM Her. V1432 Aql audit: Table lists X-band flux 15 +/-5 uJy, +100 +/-47 percent circular polarization, Porb=3.3656 h, distance=462 pc, and radio-inferred B=3563 +/-730 G; this is an emission-region estimate, not a WD surface field. J1955+0045 audit: Table lists X-band flux 79 +/-5 uJy with circular polarization -2 +/-6 percent, Porb=1.3932 h, distance=171 pc, and no radio-inferred B value in the summary table. QQ Vul audit: Table lists K-band flux 92 +/-39 uJy with -100 +/-60 percent circular polarization, Porb=3.7084 h, distance=317 pc, and radio-inferred B=7530 +/-365 G; this is an emission-region estimate, not a WD surface/accretion-region MG field. AE Aqr audit: Table lists C-, X-, and K-band detections 5123 +/-9, 5497 +/-11, and 8031 +/-34 uJy with circular polarization 0 +/-1 percent; Table 2 lists Porb=9.8797 h, distance=91 pc, radio flux 8031 uJy, and radio luminosity 1628 (table units), with no radio-inferred B value for AE Aqr. HU Aqr audit: Table 1/2 lists X-band radio flux 44 +/-13 uJy with circular polarization -60 +/-23 percent, Porb=2.0836 h, distance about 192 pc, and no radio-inferred B value; no component masses, Teff, or WD surface field are provided. EQ Cet audit: Table 1 K-band Stokes-I flux 96 +/- 30 microJy and circular polarization +100 +/- 70%; Table 2 7530 +/- 365 G assumes fundamental ECM from donor corona; field uncertainty is based on central frequency/bandwidth, not a WD-surface field measurement. BS Tri: Table 1 gives VLA X band 7.964–10.012 GHz, Stokes I 57±9 μJy, RR 49±16 μJy, LL 0±15 μJy and circular polarization +100±45%; semester 2015A, exact date/state unstated. Table 2 field 3210±365 G is conditional on fundamental ECM and is radio-plasma/donor-coronal context, not WD field. The generic Ridder+23 exclusion of some sub-3σ Barrett detections does not apply to BS Tri (I/σ≈6.3). UZ For: Table 1 reports C-band 78±9 μJy, RR=0±25, LL=85±26 and circular polarization −100±42%; exact date/state not specified. Table 2 radio field 1960±365 G assumes fundamental electron-cyclotron maser radiation from a donor corona and is not the WD field. Tau 4: Table 1 2015A X-band Stokes I=105±32 μJy, RR=0±72, LL=150±74, CP=−100±69%; Table 2 legacy 1.50? h is superseded by K2 and 3210±365 G is conditional fundamental-ECM radio plasma, not WD field.; WX LMi audit: Table 1 reports 2015A VLA C-band Stokes I=73±12 μJy, RR=49±17, LL=26±19, CP=+31±34%; X-band I=52±14 μJy, RR=33±17, LL=48±17, CP=−19±30%. Exact observing dates and source state are not given. Table 2 does not assign WX LMi a radio-inferred magnetic field. The tabulated 17×10^21 erg s−1 radio luminosity is retained as a separate published estimate, based on 99 pc and 73 μJy; the convention/input distance differs from Gaia-based values.; ST LMi audit: Table 1 2015A X-band 7.964–10.012 GHz Stokes I=153±12 μJy, RR=0±30, LL=221±31 μJy, CP=−100±20%; phase/state/date are not specified beyond semester. Table 2 B=3210±365 G is a conditional radio-emission/plasma-region estimate, not WD surface MG field.; AR UMa Table 1: three Semester 13B detections at C/X/K with the tabulated Stokes I, RR, LL, circular polarization, and radio-to-optical positional offsets transcribed separately. The semester is the only table epoch; source accretion state and exact observing dates are not given. Do not conflate these data with the five later 16B measurements summarized by Mason+24. EU UMa: Table 1 reports one 2018A X-band detection (Stokes I, RR/LL and CP); earlier 2013 VLA nondetections and exact limits in Barrett+17 Table 4 are retained separately. V1043 Cen Table 1: semester 18A X-band Stokes I=20±5, RR=0±7, LL=20±8 microJy, CP=−100±53%, centroid offset=0.16±0.60 arcsec, custom total S/N=11.2. The paper says the first detection was highly polarized and a second was not; exact date/state mapping is not tabulated. Table 2 B=3563±730 G assumes donor-coronal fundamental ECM and is not a WD surface field.; AM Her Table 1 C/X/K band Stokes I, RR, LL and CP values and Table 2 Porb=3.0942 h checked. No radio-inferred B is assigned to AM Her in Table 2.; FR Lyn correction: rendered Table 1 p. 1228 lists only Semester 18A X band for FR Lyn: offset 0.13±0.22 arcsec; I 28±4 uJy; RR 12±6; LL 38±6; CP -52±17%; composite S/N1=43.3. The apparent FR Lyn K row 49±29 uJy, CP +37±57% is actually the adjacent VV Pup 13B K row and catalog row 11 was corrected. Table 2 gives older Gaia DR2 distance 550 pc and compiled 1.8876 h; no radio-inferred field for FR Lyn.","Barrett, P., Dieck, C., Beasley, A. J., Mason, P. A., & Singh, K. P. 2020, Radio observations of magnetic cataclysmic variables, Advances in Space Research, 66, 1226–1234.",2020AdSpR..66.1226B,https://doi.org/10.1016/j.asr.2020.04.007,original_full_text_checked_locally,2026-09-25,,local path verified,,,https://doi.org/10.1016/j.asr.2020.04.007,10.1016/j.asr.2020.04.007,,https://doi.org/10.1016/j.asr.2020.04.007,stable link,Reachable in automated check
3,Boller+16,Boller et al. (2016),,10.1051/0004-6361/201525648,,https://www.aanda.org/articles/aa/pdf/2016/04/aa25648-15.pdf,downloaded,"Used as the X-ray catalogue reference for IM Eri via Ridder+23 Table 4; no source-specific physical parameters audited from Boller+16 beyond catalog flux provenance. Used as the X-ray catalogue reference for LS IV -08 3 via Ridder+23 Table 4; no source-specific physical parameters audited from Boller+16 beyond catalog flux provenance. Used as the X-ray catalogue reference for Tau 4 via the RAWDOG/Ridder+23 catalogue link; no source-specific physical parameters audited from Boller+16 beyond catalog X-ray provenance. IM Eri audit: retained only as the X-ray catalog/provenance source behind Ridder+23 fluxes; no stellar component parameters are taken from Boller+16. Tau 4: exact 2RXS row has 29.72±6.24 counts, below the >=100-count threshold stated for acceptable source spectral fits; no source-specific spectral fit adopted.","Boller, T., Freyberg, M. J., Trümper, J., Haberl, F., Voges, W., & Nandra, K. 2016, Second ROSAT all-sky survey (2RXS) source catalogue, A&A, 588, A103.",2016A&A...588A.103B,https://doi.org/10.1051/0004-6361/201525648,catalog_ReadMe_and_original_full_text_checked;2RXS_source_row_checked,2026-09-24,,local path verified,,https://www.aanda.org/articles/aa/pdf/2016/04/aa25648-15.pdf,https://doi.org/10.1051/0004-6361/201525648,10.1051/0004-6361/201525648,,https://doi.org/10.1051/0004-6361/201525648,stable link,Automated access restricted
4,Bonnet-Bidaud+20,Bonnet-Bidaud et al. (2020),,10.1051/0004-6361/201935741,,https://www.aanda.org/articles/aa/pdf/2020/01/aa35741-19.pdf,downloaded,"VV Pup full text checked. Table 4/§3.1.1: XMM EPIC-pn bright phase, wabs NH fixed at 3×10^19 cm−2; bb kT=.142(+.017/−.018) keV; brems kT=39.3(+33.2/−13.5) keV. F(0.5–10)=3.27e−12 erg cm−2 s−1 (absorption convention not labeled), unabsorbed Lx=7.4e30 erg s−1 and total unabsorbed bolometric L=2.0e31 erg s−1. X-ray WD mass is poorly constrained.","Bonnet-Bidaud, J. M., Mouchet, M., Falize, E., Van Box Som, L., Busschaert, C., Buckley, D. A. H., Breytenbach, H., Marsh, T. R., Ashley, R. P., & Dhillon, V. S. 2020, Fast quasi-periodic oscillations in the eclipsing polar VV Puppis from VLT and XMM-Newton observations, Astronomy & Astrophysics, 633, A145.",2020A&A...633A.145B,https://doi.org/10.1051/0004-6361/201935741,original_full_text_checked_locally,2026-09-25,,local path verified,,https://www.aanda.org/articles/aa/pdf/2020/01/aa35741-19.pdf,https://doi.org/10.1051/0004-6361/201935741,10.1051/0004-6361/201935741,,https://doi.org/10.1051/0004-6361/201935741,stable link,Automated access restricted
5,Collins+10,Collins & Wheatley (2010),,10.1111/j.1365-2966.2009.16009.x,,,original_full_text_checked_local_pdf_tables_checked,"User-provided local copy after arXiv copy removal. Audited for SU UMa: RXTE observations spanning six normal outbursts; hard X-ray count rate drops by about a factor of 4 with evidence for a roughly half-day delay after optical rise; quiescent spectrum kT=7.8 +/-0.3 keV, outburst kT=3.8 +/-0.4 keV; quiescent luminosity 2.6e32 (d/260 pc)^2 erg/s and average quiescent accretion rate 4.2e15 g/s. Paper notes SU UMa WD mass has not been directly calculated because of low inclination and adopts average Mwd=0.75 Msun/Rwd=7.7e8 cm for accretion-rate estimates.; SU UMa RXTE PCA campaign (2001) covers six normal outbursts. Mean single-temperature MEKAL kT, hardness evolution, 2–20 keV and 0.01–100 keV model fluxes, and luminosity/accretion-rate estimates checked. The assumed WD mass/radius for accretion-rate estimates are population-average inputs, not SU UMa measurements.","Collins, D. J., & Wheatley, P. J. 2010, X-ray observations of SU UMa throughout six outbursts, MNRAS, 402, 1816–1823.",2010MNRAS.402.1816C,https://doi.org/10.1111/j.1365-2966.2009.16009.x,original_full_text_checked_Table1_Table3_and_spectral_models,2026-09-25,,local path verified,,,https://doi.org/10.1111/j.1365-2966.2009.16009.x,10.1111/j.1365-2966.2009.16009.x,,https://doi.org/10.1111/j.1365-2966.2009.16009.x,stable link,Automated access restricted
6,Coppejans+15,Coppejans et al. (2015),,10.1093/mnras/stv1225,,https://doi.org/10.1093/mnras/stv1225,original full text checked locally,"Original Tables 1–3 checked; two VLA C-band nondetections, 3-sigma thresholds and image RMS values retained as separate epochs. V603 Aql Tables 1–4 checked: two 2014-04 VLA C-band measurements; Table 3 CP and LP entries are 3σ flux-density limits in μJy beam−1, not percentages. Correct DOI is stv1225 (publisher page checked); the previous manifest DOI stv1170 was unrelated.","Coppejans, D. L. et al. 2015, MNRAS, 451, 3801–3813.",2015MNRAS.451.3801C,https://doi.org/10.1093/mnras/stv1225,Original Tables 1–3 checked,2026-09-25,,local path verified,,https://doi.org/10.1093/mnras/stv1225,https://doi.org/10.1093/mnras/stv1225,10.1093/mnras/stv1225,,https://doi.org/10.1093/mnras/stv1225,stable link,Automated access restricted
7,Coppejans+16,Coppejans et al. (2016),,10.1093/mnras/stw2133,,,present,"Already present before this download pass. Audited for RX And: Table 1 gives Z Cam type, Porb=5.03743(2) h from Kaitchuck+89, distance 200 pc, inclination 55 deg; Section 2.2 gives K5 +/-2 secondary from Knigge+06 and no prior radio detections; Table 3 gives 8-12 GHz fluxes 13.6 +/-3.2 and 19.6 +/-4.4 uJy plus one <14.4 uJy non-detection; text reports minute-scale flare up to 95.0 +/-15.0 uJy. Audited for U Gem: Table 1 gives U Gem-type DN, Porb=4.246(7) h from Marsh+90_UGem, distance 102 pc, inclination 70 deg; Section 2.5 summarizes partially eclipsing disk (WD unobscured), recurrence time ~150 d, Porb=0.1769(3) d, Mwd=1.20 +/-0.05 Msun, M6 donor M2=0.42 +/-0.04 Msun from Echevarria+07_UGem, historical radio non-detections; Table 3 gives 8-12 GHz detection 12.7 +/-2.8 uJy and two upper limits <16.8/<17.5 uJy; higher-time table shows variability with 27.0 +/-7.7 uJy then <23.7 uJy after 69 min. Audited for YZ Cnc: Table 1 gives SU UMa type, Porb=2.0862(2) h from vanParadijs+94_YZCnc, distance 260 pc, inclination 15 deg; Section 2.4 calls it an eclipsing SU UMa-type DN with Porb=0.086924(7) d; Table 3 gives superoutburst 8-12 GHz detections 17.4 +/-3.7 and 26.8 +/-5.2 uJy plus one <18.9 uJy upper limit; Table 4 combined spectral index alpha=-2.9 +/-1.5; text says YZ Cnc was not significantly variable on minutes-to-days timescales. Audited for SU UMa: Table 1 gives prototype SU UMa-type DN, Porb=1.832(1) h from ThorstensenWadeOke+86_SUUMa, distance 260 pc, inclination 42 deg; Table 3 gives superoutburst 8-12 GHz fluxes 35.5 +/-3.8, 58.1 +/-5.7, and 19.1 +/-4.9 uJy with CP upper limits <11.4/<17.7/<14.7 uJy and LP upper limits <7.2/<12.0/<9.9 uJy; text reports a flare/decline from 83.1 +/-8.7 to 33.4 +/-9.0 uJy in 27 min during the second observation; Table 4 gives in-band spectral indices alpha=1.0 +/-0.9 and 0.3 +/-0.6 for observations 1 and 2; Appendix A gives updated ephemeris HJD=2450247.986(3)+0.07637533(13). Audited for Z Cam: Table 1 gives prototype Z Cam-type DN, Porb=6.956174(5) h from ThorstensenRingwald+95_ZCam, distance 163 pc, inclination 62 deg; Section 2.1 gives Porb=0.2898406(2) d, Mwd=0.99 +/-0.15 Msun, mass ratio 1.4 +/-0.2 from Shafter+83_ZCam, K7 secondary from SzkodyWade+81_ZCam, previous radio non-detections, and Harrison+14_ZCam mid-IR synchrotron context; Table 3 gives normal-outburst 8-12 GHz fluxes 25.0 +/-3.1, 40.3 +/-5.2, and 33.1 +/-4.4 uJy with CP upper limits <10.2/<16.8/<16.5 uJy and LP upper limits <6.9/<11.1/<13.2 uJy; text says Z Cam was not significantly variable on minutes-to-days timescales; Table 4 gives in-band spectral indices alpha=0.3 +/-1.2, 0.9 +/-1.2, and -0.1 +/-1.1. YZ Cnc component audit: paper provides radio/superoutburst context and notes WD mass/magnetic field/inclination-related properties are insufficiently constrained for the DN sample; no component masses or Teff are given. RX And audit completed: full paper checked, Table 3 and Appendix Table A1 visually reviewed; see RX And source checkpoint.;YZ Cnc full-table audit: Table 1 reports rough i=15 deg from Patterson+11 but Section 2.4 also calls the system eclipsing; Shafter & Hessman+88 report no eclipses and the cited inclination solutions are inconsistent. Preserve the discrepancy for review. Table 2 radio MJDs are 56984.28431, 56985.22726, 56987.32938; these are separate VLA superoutburst epochs.;YZ Cnc full-table audit: Table 1 reports rough i=15 deg from Patterson+11 but Section 2.4 also calls the system eclipsing; Shafter & Hessman+88 report no eclipses and the cited inclination solutions are inconsistent. Preserve the discrepancy for review. Table 2 radio MJDs are 56984.28431, 56985.22726, 56987.32938; these are separate VLA superoutburst epochs.; SU UMa audit cross-check: Table 1 coordinates are J2000-coordinate labels from SIMBAD/2MASS (footnote b), not the propagated Gaia ICRS position. Table 2 gives three separate VLA X-band superoutburst starts MJD 57027.15094, 57028.06830, 57029.43229. Table 3 all three detections; Appendix A1 gives time-resolved bins/phases. The updated ephemeris is attributed to private communication with Thorstensen et al. (1986).","Coppejans, D. L., Körding, E. G., Miller-Jones, J. C. A., Rupen, M. P., Sivakoff, G. R., Knigge, C., Groot, P. J., Woudt, P. A., Waagen, E. O., & Templeton, M. 2016, Dwarf novae are significant radio emitters, MNRAS, 463, 2229–2241.",2016MNRAS.463.2229C,https://doi.org/10.1093/mnras/stw2133,original_full_text_checked_local_pdf_tables_rendered_and_visual_checked,2026-09-24,,local path verified,,,https://doi.org/10.1093/mnras/stw2133,10.1093/mnras/stw2133,,https://doi.org/10.1093/mnras/stw2133,stable link,Automated access restricted
8,Eracleous+91,"Eracleous, Halpern & Patterson (1991)",,10.1086/170716,,,original_full_text_checked_locally,"Local original paper text and relevant Einstein spectral table rendered/checked. AE Aqr has three IPC fits in Table 2 (0.1–3.5 keV), sequences 3247, 8415, 10624; fluxes/luminosities assume the paper’s 80 pc distance. Keep distinct from Ridder+23 compiled 1–10 keV estimate.","Eracleous, M., Halpern, J., & Patterson, J. 1991, X-Ray Spectra of Cataclysmic Variables from the Einstein Observatory, ApJ, 382, 290–300.",1991ApJ...382..290E,https://doi.org/10.1086/170716,original_full_text_checked_locally_and_table_rendered,2026-09-24,,local path verified,,,https://doi.org/10.1086/170716,10.1086/170716,,https://doi.org/10.1086/170716,stable link,Automated access restricted
9,Evans+20,Evans et al. (2020),,10.3847/1538-4365/ab7db9,,,present,"User-provided local copy after arXiv copy removal. Used as the X-ray catalogue reference for V347 Pup via Ridder+23 Table 4; no source-specific physical parameters audited from Evans+20 beyond catalog flux provenance. Used as the X-ray catalogue reference for RW Sex via Ridder+23 Table 4; no source-specific physical parameters audited from Evans+20 beyond catalog flux provenance. Used as the X-ray catalogue reference for V341 Ara via Ridder+23 Table 4; no source-specific physical parameters audited from Evans+20 beyond catalog flux provenance. Used as the X-ray catalogue reference for V388 Peg via Ridder+23 Table 3; no source-specific physical parameters audited from Evans+20 beyond catalog flux provenance. Used as the X-ray catalogue reference for J1503-2207 via Ridder+23 Table 3; no source-specific component parameters audited from Evans+20 beyond catalog flux provenance. V388 Peg audit: retained only as the Swift/2SXPS catalog source behind Ridder+23 X-ray fluxes; no stellar component parameters are taken from Evans+20. V347 Pup audit: retained only as the Swift/2SXPS/X-ray catalog source behind Ridder+23 fluxes; no stellar component parameters are taken from Evans+20. V388 Peg audit: retained as underlying Swift/2SXPS flux-catalog source behind Ridder+23 Table 3; no binary-component measurements adopted from Evans+20.; V341 Ara: exact VizieR IX/58/2SXPS row 187732 saved under [local artifact withheld]; catalogue origin only, not an independent component measurement.","Evans, P. A., et al. 2020, The Swift X-ray Telescope Point Source Catalogue (2SXPS), ApJS, 247, 54.",2020ApJS..247...54E,https://doi.org/10.3847/1538-4365/ab7db9,original_2SXPS_catalogue_metadata_and_exact_VizieR_record_checked,2026-09-25,,local path verified,,,https://doi.org/10.3847/1538-4365/ab7db9,10.3847/1538-4365/ab7db9,,https://doi.org/10.3847/1538-4365/ab7db9,stable link,Reachable in automated check
10,Hewitt+20,Hewitt et al. (2020),,10.1093/mnras/staa1747,,,present,"MeerKAT study of 11 novalike CVs; local PDF text audited for CM Phe table values Porb=0.2689(7) d, distance 315.1 +/-3.8 pc, radio non-detection <30 microJy at 0.43-2.1 GHz, radio luminosity upper limit 4.6e15 erg/s/Hz, Hoard+01 M2-5 donor citation, identity-confusion note, and disk SED assumptions Mwd=0.75 Msun, M2=0.5 Msun, i=57 deg, Mdot=0.7e-9 Msun/yr. Audited for IM Eri: Table 1 gives distance 191.2 +/-1.4 pc and Porb=0.1456348(4) d from Armstrong+13_IMEri; Section 2.5 identifies IM Eri as a non-eclipsing novalike with blue-shifted He I 5876 and super/suborbital signals; Table 3 gives first radio detection 99 +/-26 microJy, Lnu=4.3 +/-1.1e15 erg/s/Hz, alpha=1.2 +/-1.6; Table 4 uses assumed M1=0.75 Msun, M2=0.24 Msun, i=57 deg, Mdot=2.5e-9 Msun/yr for a disk SED model and notes the IM Eri Mdot is particularly uncertain because no UV data and assumed binary parameters. Audited for V347 Pup: Table 1 gives distance 295.8 +/-1.4 pc and Porb=0.231936060(6) d from Thoroughgood+05_V347Pup; Section 2.9 summarizes eclipsing novalike/SW Sex-like nature, possible historical IP suggestion but no coherent optical pulsations/no strong magnetic evidence, q=0.83 +/-0.05, M1=0.63 +/-0.04 Msun, M2=0.52 +/-0.06 Msun, i=84.0 +/-2.3 deg, and M0.5V donor; Table 3 gives radio non-detection <30 microJy; Section 4.1 notes a weak 28 +/-14 microJy signal was rejected as below 5sigma/offset/not beam-consistent; Table 4 uses Mdot=6e-9 Msun/yr. Audited for IX Vel: Table 1 gives distance 90.6 +/-0.2 pc and Porb=0.193929(2) d from BeuermannThomas+90_IXVel; Section 2.1 describes IX Vel as brightest night-sky CV, gives M1=0.80 +0.16/-0.11 Msun and M2=0.52 +0.10/-0.07 Msun from Beuermann & Thomas, Mdot=5e-9 Msun/yr and i=57 +/-2 deg from Linnell+07_IXVel, and P-Cygni UV wind outflows ~3000 km/s; Table 3 gives MeerKAT non-detection <42 microJy and Lnu<0.4e15 erg/s/Hz; Section 4.4 gives SED-preferred Mdot~7e-9 Msun/yr. Audited for RW Sex: Table 1 gives distance 236.5 +/-5.0 pc and Porb=0.24507(20) d from Beuermann+92_RWSex; Section 2.7 summarizes non-eclipsing novalike, q=0.74 +/-0.10, i=28-40 deg, Linnell+10_RWSex Mdot~5e-9 Msun/yr, K5 donor spectrum from VandePutte+03_RWSex, and disk wind ~4550 km/s; Table 3 gives MeerKAT 0.43-2.1 GHz integrated radio flux 82 +/-23 uJy, Lnu=5.5 +/-1.6e15 erg/s/Hz, alpha=-1.5 +/-1.0; Table 4 SED-model parameters use M1=0.84 Msun, M2=0.62 Msun, i=34 deg, and Mdot=8e-9 Msun/yr, while text notes Linnell+10 optimum Mdot=5.75e-9 Msun/yr at old Hipparcos distance and that Gaia lowered the distance. Audited for LS IV -08 3: Table 1 gives distance 211.0 +/-2.8 pc and Porb=0.1952894(10) d from Stark+08_LSIV-08-3; Section 2.6 describes it as an optically bright novalike with no previous radio observations; Table 3 gives MeerKAT 0.43-2.1 GHz nondetection <33 microJy and Lnu<1.8e15 erg/s/Hz; Table 4 uses assumed/default SED parameters M1=0.75 Msun, M2=0.45 Msun, i=57 deg, and Mdot=5e-9 Msun/yr. Audited for V341 Ara: Table 1 gives distance 156.1 +/-2.0 pc and Porb=0.15216(2) d from BondMiszalski+18_V341Ara; Section 2.3 summarizes novalike classification plus Fr 2-11 and bow-shock nebula context; Table 3 gives MeerKAT 0.43-2.1 GHz nondetection <27 microJy and Lnu<0.8e15 erg/s/Hz; Table 4 uses assumed/default SED parameters M1=0.75 Msun, M2=0.27 Msun, i=30 deg, and Mdot=3.5e-9 Msun/yr. Audited for V3885 Sgr: Table 1 gives distance 132.7 +/-1.4 pc and Porb=0.20716071(22) d from RibeiroDiaz+07_V3885Sgr; Section 2.2 summarizes Hartley+05_V3885Sgr q/mass/inclination constraints and Linnell+09_V3885Sgr Mdot=5 +/-2e-9 Msun/yr; Table 3 gives MeerKAT 0.43-2.1 GHz detection 256 +/-25 uJy, Lnu=5.4 +/-0.5e15 erg/s/Hz, alpha=-0.6 +/-0.7; Table 4 uses SED inputs M1=0.675, M2=0.473, i=60 deg, and Mdot=8e-9 Msun/yr; text summarizes earlier ATCA detections from Koerding+11_V3885Sgr. Audited for V5662 Sgr: Table 1 gives distance 168.6 +/-5.2 pc, Porb=0.062887(37) d from Tappert+04_CTCV, V=15.4-18.0, and M_V=9.3-11.9; Section 2.4 calls it faint/little-studied with shortest period in sample, notes unusually strong H-alpha and possible missed-outburst dwarf nova status; Table 3 gives MeerKAT 0.43-2.1 GHz non-detection <24 uJy and Lnu<0.8e15 erg/s/Hz; Table 4 uses assumed/default SED inputs M1=0.75, M2=0.09, i=57 deg, Mdot=0.005e-9 Msun/yr. Audited for V603 Aql: Table 1 gives distance 313.4 +/-6.7 pc and Porb=0.1382009(4) d from Peters & Thorstensen (2006); Section 2.10 repeats Arenas+00 q=0.24 +/-0.05, M1=1.2 +/-0.2 Msun, M2=0.29 +/-0.04 Msun, i=13 +/-2 deg and Retter & Naylor Mdot=9.2e-9 to 9.47e-8 Msun/yr. Table 3 gives MeerKAT detection 233 +/-36 uJy at 0.43-2.1 GHz, Lnu=27 +/-4e15 erg/s/Hz, alpha=0.2 +/-1.1; Table 4/SED model uses M1=1.2, M2=0.29, i=13, and preferred disk Mdot~3e-9 Msun/yr. IX Vel Table 2/3 checked: MeerKAT on 2018-10-31 00:44:37.1 UTC for 6246 s; 0.43–2.1 GHz integrated limit <42 uJy, RMS 14 uJy/beam, beam 5.9x4.1 arcsec, PA -50.3 deg. Published Lnu <0.4x10^15 erg s-1 Hz-1 uses 90.6 pc. No spectral index for the nondetection.; V341 Ara: Table 2 has MeerKAT start/integration; Table 3 gives 0.43-2.1 GHz <27 uJy integrated non-detection and Lnu<0.8e15 erg s-1 Hz-1 using 156 pc. Table 4 SED inputs (M1=0.75, M2=0.27 Msun, i=30 deg, Mdot=3.5e-9 Msun/yr) are assumptions, not measurements.","Hewitt, D. M., Pretorius, M. L., Woudt, P. A., Fender, R. P., Buckley, D. A. H., & Warner, B. 2020, A MeerKAT survey of nearby nova-like cataclysmic variables, MNRAS, 496, 2542–2557.",2020MNRAS.496.2542H,https://doi.org/10.1093/mnras/staa1747,original_publisher_full_text_checked_locally_tables_rendered,2026-09-25,,local path verified,,,https://doi.org/10.1093/mnras/staa1747,10.1093/mnras/staa1747,,https://doi.org/10.1093/mnras/staa1747,stable link,Automated access restricted
11,Marsh+16,Marsh et al. (2016),,10.1038/nature18620,,https://arxiv.org/abs/1607.08265,original_full_text_checked_local_pdf,"Original Nature discovery/system paper checked locally, including Extended Data Tables 1–3, notes and appendices. Porb=0.14853528(8) d; WD spin/beat frequencies; M5 donor, K2=295±4 km/s, mass function 0.395±0.016 M_sun, allowed masses, Roche/distance model, FUV WD non-detection T<9750 K, Swift X-ray timing limit and discovery radio observations.","Marsh, T. R., Gänsicke, B. T., Hümmerich, S., et al. 2016, A radio-pulsing white dwarf binary star, Nature, 537, 374–377.",2016Natur.537..374M,https://doi.org/10.1038/nature18620,original_full_text_checked_local_pdf; extended_data_tables_and_notes_checked,2026-09-25,,local path verified,,https://arxiv.org/abs/1607.08265,https://doi.org/10.1038/nature18620,10.1038/nature18620,,https://doi.org/10.1038/nature18620,stable link,Reachable in automated check
12,Mauche+02,Mauche & Mukai (2002),,10.1086/339454,,,present,"User-provided local copy; official/ADS access failed during automated download attempt. Text extracted locally during TT Ari audit. ASCA spectra show TT Ari/KR Aur are poorly fit by absorbed blackbodies and well fit by thermal plasma; TT Ari needs two MEKAL components at kT~7 keV and kT~0.7 keV, interpreted as boundary-layer plasma in a nonmagnetic CV. TT Ari audit: original ASCA article and rendered Table 1 checked. 1994 high-state 0.5–10 keV fits favor 2T MEKAL (~7.4 and 0.68 keV, 90% intervals); these are plasma, not WD Teff. Ridder+23 later PIMMS-converts this model to unabsorbed bands.","Mauche, C. W., & Mukai, K. 2002, “The X-ray spectra of VY Sculptoris stars are not blackbodies,” ApJ, 566, L33–L36.",2002ApJ...566L..33M,https://doi.org/10.1086/339454,original_full_text_checked_locally_table_1_rendered,2026-09-24,,local path verified,,,https://doi.org/10.1086/339454,10.1086/339454,,https://doi.org/10.1086/339454,stable link,Reachable in automated check
13,Ramsay+94,Ramsay et al. (1994),,10.1093/mnras/270.3.692,,https://articles.adsabs.harvard.edu/pdf/1994MNRAS.270..692R,present,EU UMa included in the ROSAT soft-excess/energy-balance sample; no cyclotron component estimate or geometry correction was possible.,"Ramsay, G., Mason, K. O., Cropper, M., Watson, M. G., & Clayton, K. L. (1994), “ROSAT observations of AM Herculis systems,” Monthly Notices of the Royal Astronomical Society, 270, 692–706.",1994MNRAS.270..692R,https://doi.org/10.1093/mnras/270.3.692,original_full_text_checked_locally,2026-09-23,,local path verified,,https://articles.adsabs.harvard.edu/pdf/1994MNRAS.270..692R,https://doi.org/10.1093/mnras/270.3.692,10.1093/mnras/270.3.692,,https://articles.adsabs.harvard.edu/pdf/1994MNRAS.270..692R,download URL,Reachable in automated check
14,Ramsay+04,Ramsay et al. (2004a),,10.1111/j.1365-2966.2004.07732.x,,https://arxiv.org/abs/astro-ph/0309110,present,"EU UMa XMM-Newton model, UV atmosphere fit, state and flux claims checked in full text; Table 2 errors are 90% confidence and hard component flux is bolometric.","Ramsay, G., Cropper, M., Mason, K. O., Córdova, F. A., & Priedhorsky, W. (2004), “XMM–Newton observations of three short-period polars: V347 Pav, GG Leo and EU UMa,” Monthly Notices of the Royal Astronomical Society, 347, 95–100.",2004MNRAS.347...95R,https://doi.org/10.1111/j.1365-2966.2004.07732.x,original_full_text_checked_locally,2026-09-23,,local path verified,,https://arxiv.org/abs/astro-ph/0309110,https://doi.org/10.1111/j.1365-2966.2004.07732.x,10.1111/j.1365-2966.2004.07732.x,,https://arxiv.org/abs/astro-ph/0309110,download URL,Reachable in automated check
15,Rana+05,Rana et al. (2005),,10.1086/429283,,https://arxiv.org/abs/astro-ph/0505241,original_full_text_checked_locally,"Downloaded/user-provided local copy and text-extracted to tmp/pdfs/text/Rana+05.txt. Detailed X-ray timing, spectroscopy, and optical polarization study of V1432 Aql; audited for Pspin=12150.72 +/-1.14 s ROSAT peak, Porb=12116.2824 +/-0.0043 s citation, asynchronous-polar interpretation over the 4050 s alternative, Mwd=1.21 +/-0.10 Msun from RXTE multitemperature post-shock model, kTbb=88 +/-2 eV soft component, tentative B=28-35 MG polarization/cyclotron-harmonic estimate, and three-hot-spot accretion geometry. ArXiv record was web-verified for DOI/journal metadata and abstract summary: spin period 12150 s, RXTE mass 1.2 +/-0.1 Msun, blackbody 80-90 eV, and multi-footprint accretion geometry.
V1432 Aql full-text audit (2026-09-24): Table 4 average 0.2–1 keV flux 0.54×10^-11, soft bolometric 0.66×10^-11, and 1–10 keV hard flux 2.13×10^-11 erg cm^-2 s^-1. The table note says fluxes correct for local absorbers only and set interstellar NH=0; see review item V1432-006. Reports RXTE shock-model WD mass 1.21±0.10 Msun, soft X-ray component kTbb=88±2 eV, tentative 28–35 MG field inferred by assigning circular-polarization peak to 6th–8th cyclotron harmonic, and model-derived Mdot=2.7×10^15 g s^-1. Full text checked locally; the field and mass are model-dependent.","Rana, V. R., Singh, K. P., Barrett, P. E., & Buckley, D. A. H. 2005, X-Ray Emission and Optical Polarization of V1432 Aquilae: An Asynchronous Polar, The Astrophysical Journal, 625, 351–367.",2005ApJ...625..351R,https://doi.org/10.1086/429283,original_full_text_checked_locally,2026-09-24,,local path verified,,https://arxiv.org/abs/astro-ph/0505241,https://doi.org/10.1086/429283,10.1086/429283,,https://doi.org/10.1086/429283,stable link,Reachable in automated check
16,Russell+16,Russell et al. (2016),,10.1093/mnras/stw1238,,,present,"User-provided local copy after arXiv copy removal. Audited for SS Cyg: local PDF text gives 2010 April radio campaign plus previous/subsequent outbursts; radio emission is reproducible, switches on with initial hard X-ray flare/boundary-layer arrival, remains compact and unquenched through outburst, peak 7.9 GHz flux ~1 mJy, brightness temperature >5.4e6 K, unresolved size <0.3 au, and synchrotron/jet interpretation favored over thermal free-free or coherent emission. Table 6 lists LR and LX ranges for flaring/plateau/decay phases; paper uses Mwd=0.81 Msun from Bitner+07_SSCyg and distance 114 pc from MillerJones+13_SSCyg.","Russell, D. M., Fender, R. P., & Lewis, F. 2016, MNRAS, 460, 3720–3732.",2016MNRAS.460.3720R,https://doi.org/10.1093/mnras/stw1238,original_full_text_checked_local_pdf,2026-09-25,,local path verified,,,https://doi.org/10.1093/mnras/stw1238,10.1093/mnras/stw1238,,https://doi.org/10.1093/mnras/stw1238,stable link,Automated access restricted
17,Saitou+12,Saitou et al. (2012),,10.1093/pasj/64.4.88,,,present,"Full original article checked. Suzaku observation 2009-04-10 (MJD 54931.147), 65 ks; outburst onset optically but X-ray quiescent. Table 1 compiles legacy orbital/component properties. The 2-10 keV luminosity is tied to assumed d=163 pc. Ridder+23 band fluxes are later approximate PIMMS/MEKAL conversions, not native Saitou band fluxes.","Saitou, K., Tsujimoto, M., Ebisawa, K., & Ishida, M. 2012, Suzaku Observation of the Dwarf Nova Z Camelopardalis in Quiescence and at the Onset of an Outburst, PASJ, 64, 88.",2012PASJ...64...88S,https://doi.org/10.1093/pasj/64.4.88,original_full_text_checked_local_text_and_online_PDF;Table_1_and_spectral_analysis_checked,2026-09-25,,local path verified,,,https://doi.org/10.1093/pasj/64.4.88,10.1093/pasj/64.4.88,,https://doi.org/10.1093/pasj/64.4.88,stable link,Automated access restricted
18,Schwarz+09,Schwarz et al. (2009),,10.1051/0004-6361/200811485,,https://www.aanda.org/articles/aa/pdf/2009/12/aa11485-08.pdf,present,"XMM monitoring of HU Aqr in intermediate and low states; local PDF text audited for eclipse ephemerides, intermediate-state blackbody temperatures 34/25 eV in adopted model, deep-low-state Lx~4.7e28 erg/s and plasma kT~3.5/2.0 keV, complex O-C behavior, and Applegate-energy context using M2=0.2 Msun and MWD=0.88 Msun from Vogel-in-prep. HU Aqr audit for current row: used for XMM intermediate/low-state X-ray context, period-wandering linear/sinusoidal ephemerides, and older assumed MWD=0.88 Msun/M2=0.2 Msun context only; the blackbody temperatures in eV are X-ray spectral components, not WD photospheric Teff.","Schwarz, R., Schwope, A. D., Vogel, J., et al. 2009, Hunting high and low: XMM monitoring of the eclipsing polar HU Aquarii, Astronomy & Astrophysics, 496, 833–840.",2009A&A...496..833S,https://doi.org/10.1051/0004-6361/200811485,original_full_text_checked_local_pdf_and_Table_3_rendered,2026-09-25,,local path verified,,https://www.aanda.org/articles/aa/pdf/2009/12/aa11485-08.pdf,https://doi.org/10.1051/0004-6361/200811485,10.1051/0004-6361/200811485,,https://doi.org/10.1051/0004-6361/200811485,stable link,Automated access restricted
19,Schwope+07,Schwope et al. (2007),,10.1051/0004-6361:20066928,,https://arxiv.org/abs/astro-ph/0703561,present,"Local PDF/text and arXiv record inspected for EF Eri. XMM low-state observations give Lx~2e29 erg/s, kT<~2 keV, optical/UV/IR SED photospheric WD temperature near 10000 K (10500 +/-1000 in one fit), and residual accretion/cyclotron-dominated low-state interpretation rather than pure coronal emission.","Schwope, A. D., Staude, A., Koester, D., & Schwarz, R. 2007, XMM-Newton observations of EF Eridani: the textbook example of low-accretion rate polars, A&A, 469, 1027–1031.",2007A&A...469.1027S,https://doi.org/10.1051/0004-6361:20066928,original_full_text_checked_local_pdf,2026-09-23,,local path verified,,https://arxiv.org/abs/astro-ph/0703561,https://doi.org/10.1051/0004-6361:20066928,10.1051/0004-6361:20066928,,https://arxiv.org/abs/astro-ph/0703561,download URL,Reachable in automated check
20,Still+01,Still & Mukai (2001),,10.1086/376752,,,present,User-provided local copy after arXiv copy removal. UZ For: original XMM-Newton paper checked in full. The source was in a deep low state for most of a 22 ks pointing; a 1.1 ks burst had an acceptable absorbed bremsstrahlung fit and UV counterpart. Ridder+23 Table 3 compiles model-converted unabsorbed band fluxes using this reference.,"Still, M., & Mukai, K. 2001, A Burst from the Direction of UZ Fornacis with XMM-Newton, The Astrophysical Journal Letters, 562, L71–L74.",2001ApJ...562L..71S,https://doi.org/10.1086/376752,original_full_text_checked_local_pdf,2026-09-23,,local path verified,,,https://doi.org/10.1086/376752,10.1086/376752,,https://doi.org/10.1086/376752,stable link,Reachable in automated check
21,Szkody+99,Szkody et al. (1999),,10.1086/307505,,,present,"Local copy present but text not extracted in current cache. Used as AR UMa X-ray/EUV reference through Ridder+23 Table 3 and Gaensicke+01 discussion; Gaensicke+01 quotes Szkody+99 EUVE/X-ray column density NH=(6-10)e18 cm^-2. No stellar component parameters taken directly from this source in the current AR UMa row.; AR UMa original full text checked. ASCA low-state and RXTE high-state detections are marginal; fitted spectral inputs, observing states, and native bands are recorded separately in the measurement ledger. Ridder+23 Table 3 fluxes are model conversions and must not be read as direct flux measurements in its listed bands.","Szkody, P., Vennes, S., Schmidt, G. D., Wagner, R. M., Fried, R., Shafter, A. W., & Fierce, E. 1999, ASCA, RXTE, EUVE, and optical observations of the high magnetic field cataclysmic variable AR Ursae Majoris, ApJ, 520, 841–848.",1999ApJ...520..841S,https://doi.org/10.1086/307505,original_full_text_checked_local_pdf,2026-09-23,,local path verified,,,https://doi.org/10.1086/307505,10.1086/307505,,https://doi.org/10.1086/307505,stable link,Reachable in automated check
22,Voges+99,Voges et al. (1999),,,,https://articles.adsabs.harvard.edu/pdf/1999A%26A...349..389V,downloaded,"Used as the X-ray catalogue reference for AP CrB/RX J1554.2+2721 via Ridder+23 Table 3; no source-specific physical parameters audited from Voges+99 beyond catalog flux provenance. Used as the X-ray catalogue reference for V1007 Her/RX J1724.0+4114 via Ridder+23 Table 3; no source-specific physical parameters audited from Voges+99 beyond catalog flux provenance. BS Tri: Ridder+23 Table 3 attributes ROSAT-catalog X-ray fluxes to Voges+99; the fluxes are catalogue-count-rate/model conversions, not an object-specific spectral fit.; FR Lyn exact ROSAT BSC I/10A/1rxs query for 1RXS J085413.1+390543: 0.1242±0.02048 ct s-1; HR1=-0.90±0.06; HR2=-1.0±1.67; exposure 420 s. Ridder+23 converts catalog rate to listed bands with generic model assumptions.","Voges, W., Aschenbach, B., Boller, T., et al. 1999, The ROSAT all-sky survey bright source catalogue, A&A, 349, 389–405.",1999A&A...349..389V,https://articles.adsabs.harvard.edu/pdf/1999A%26A...349..389V,catalog_reference_identified_local_pdf,2026-09-23,,local path verified,,https://articles.adsabs.harvard.edu/pdf/1999A%26A...349..389V,https://articles.adsabs.harvard.edu/pdf/1999A%26A...349..389V,,,https://articles.adsabs.harvard.edu/pdf/1999A%26A...349..389V,stable link,Reachable in automated check
23,Vogel+07,"Vogel, Schwope & Gaensicke (2007)",,10.1051/0004-6361:20066099,,https://arxiv.org/abs/astro-ph/0611758,present,Local full paper and arXiv text checked. WX LMi/HS 1023+3900: long-baseline photometric ephemeris 0.11592364(43) d; dM4.5±0.5 donor; model/template distances 85/100 pc; phase-dependent two-spot cyclotron solution B=61.4/69.6 MG (typical ±0.5 MG under fixed geometry); WD photosphere Teff<8000 K from XMM/OM model; low Mdot ~1.5e-13 Msun/yr; likely donor underfilling/pre-polar interpretation. Full source-specific measurements and alternatives in ledger.,"Vogel, J., Schwope, A. D., & Gänsicke, B. T. 2007, An in-depth study of the pre-polar candidate WX Leonis Minoris, A&A, 464, 647–658.",2007A&A...464..647V,https://doi.org/10.1051/0004-6361:20066099,original_full_text_checked_local_pdf_and_arxiv,2026-09-23,,local path verified,,https://arxiv.org/abs/astro-ph/0611758,https://doi.org/10.1051/0004-6361:20066099,10.1051/0004-6361:20066099,,https://arxiv.org/abs/astro-ph/0611758,download URL,Reachable in automated check
24,Webb+20,Webb et al. (2020),,10.1051/0004-6361/201937353,,,present,"Already present before this download pass. Used as the X-ray catalogue reference for U Gem via Ridder+23 Table 4; no source-specific physical parameters audited from Webb+20 beyond catalog flux provenance. Used as the X-ray catalogue reference for YZ Cnc via Ridder+23 Table 4; no source-specific physical parameters audited from Webb+20 beyond catalog flux provenance. Used as the X-ray catalogue reference for IX Vel via Ridder+23 Table 4; no source-specific physical parameters audited from Webb+20 beyond catalog flux provenance. Used as the X-ray catalogue reference for QS Vir via Ridder+23 Table 4; no source-specific physical parameters audited from Webb+20 beyond catalog flux provenance. Used as the X-ray catalogue reference for V1084 Her via Ridder+23 Table 4; no source-specific physical parameters audited from Webb+20 beyond catalog flux provenance. No YZ Cnc component parameters are used from Webb+20 beyond catalog X-ray flux provenance. No V1084 Her component parameters are used from Webb+20 beyond catalog X-ray flux provenance. Used as the X-ray catalogue reference for ST LMi via Ridder+23 Table 3; no source-specific component parameters are used from Webb+20 beyond catalog flux provenance. Used as the X-ray catalogue reference for MQ Dra via Ridder+23 Table 3; no source-specific physical parameters audited from Webb+20 beyond catalog flux provenance. Used as the X-ray catalogue reference for V1323 Her via Ridder+23 Table 3; no source-specific physical parameters audited from Webb+20 beyond catalog flux provenance. Used as the X-ray catalogue reference for AM Her via Ridder+23 Table 3; no source-specific component parameters audited from Webb+20 beyond catalog flux provenance. Used as the X-ray catalogue reference for J1955+0045 via Ridder+23 Table 3; no source-specific component parameters are used from Webb+20 beyond catalog flux provenance. V2400 Oph audit: retained only as catalog X-ray provenance through Ridder+23/Webb+20-style X-ray catalogue context; no source-specific stellar component parameters are used from Webb+20.; ST LMi audit: corrected inherited DOI from the mistyped 10.1051/0004-6361/202037353 to the publisher DOI 10.1051/0004-6361/201937353. VizieR IX/59 source 201094618010003 (4XMM J110539.7+250628) is positionally consistent with the confirmed Gaia DR3 counterpart; the catalogue flux is 0.2–12 keV and is not a source-specific spectral fit. V1043 Cen exact 4XMM-DR11 slim-source query: 4XMM J131317.1-325913, 0.591 arcsec from Gaia DR3, one detection, SC_SUM_FLAG=0, SC_VAR_FLAG=1, 0.2–12 keV mean catalog flux (9.96521±0.382865)e-13 erg cm-2 s-1. Native catalog flux is retained separately from Ridder+23 approximate band conversions; the source-specific absorption convention remains unresolved.; AM Her X-ray reference is the 4XMM catalogue source context adopted by Ridder+23; no source-specific Webb+20 spectral fit or unabsorbed flux is claimed. IX Vel native underlying source flux was queried from 4XMM-DR11 slim catalogue; Webb+20 is the 4XMM-DR9 journal paper, not the DR11 dataset citation.","Webb, N. A., et al. 2020, The XMM-Newton serendipitous survey. IX. The fourth XMM-Newton serendipitous source catalogue, A&A, 641, A136.",2020A&A...641A.136W,https://doi.org/10.1051/0004-6361/201937353,original_catalog_paper_and_4XMM_DR9_row_checked,2026-09-23,,local path verified,,,https://doi.org/10.1051/0004-6361/201937353,10.1051/0004-6361/201937353,,https://doi.org/10.1051/0004-6361/201937353,stable link,Automated access restricted
25,Ridder+23,Ridder et al. (2023),,10.1093/mnras/stad038,,https://doi.org/10.1093/mnras/stad038,original_full_text_checked_local_pdf,"Original Table 4 and Section 3.2 checked; approximate converted X-ray bands have unspecified V1084-specific absorption convention. DOI corrected from stad027 to stad038 after checking the original article header and publisher page. V603 Aql Table 4 fluxes are generic catalog conversions and are approximate, non-simultaneous with the radio observations.; FR Lyn Table 3: Gaia EDR3/Bailer-Jones distance 480(+50/-40) pc; ROSAT BSC (Voges+99) fluxes 2.4±1.1e-13 (1-10 keV) and 6.5±1.1e-13 erg cm-2 s-1 (0.1-10 keV). Approximate PIMMS/model-converted catalog fluxes under §3.2 assumptions, not a source-specific spectral fit.; SU UMa Table 4 reproduces 8–12 GHz radio detections 19.1±4.9 and 58.1±5.8* μJy; cites Coppejans+16. X-ray reference code [5] is Collins & Wheatley (2010); 1–10 and 0.1–10 keV values are band-converted from their MEKAL fit with assumed 11 keV average characteristic temperature and PIMMS. Table4 reports no SU UMa flux errors or epoch/state; values are non-simultaneous with 2015 VLA data.; SU UMa Table 4 X-ray reference [5] is Collins & Wheatley (2010), not a source-specific XMM detection. These displayed comparison-band fluxes are conversions from the Collins model under Ridder+23 §3.2; no uncertainties or source epoch/state are printed for SU UMa.; V341 Ara: Table 4 1-10 and 0.1-10 keV values are comparison-band conversions from 2SXPS, not a source-specific spectral fit. Section 3.2 describes approximate catalogue/HR-based conversions; Table 4 does not specify absorbed/unabsorbed convention for this row. Native 2SXPS observed and power-law-unabsorbed 0.3-10 keV fluxes are separate in the V341 ledger. AR Sco Table 3 lists d=116.5(+0.4/-0.5) pc, 1–10-keV flux 1.80e-12 erg cm-2 s-1 with no printed uncertainty or absorption convention, and 5.5-GHz radio flux 7000(+5000/-2000) uJy; Table 3 reference code 11 points to Marsh+16.","Ridder, M. E., Heinke, C. O., Sivakoff, G. R., & Hughes, A. K. 2023, Radio detections of two unusual cataclysmic variables in the VLA Sky Survey, MNRAS, 519, 5922–5930.",2023MNRAS.519.5922R,https://doi.org/10.1093/mnras/stad038,original_full_text_checked_Table3_and_Sections3.2_and_3.4,2026-09-25,,repaired to existing file,,https://doi.org/10.1093/mnras/stad038,https://doi.org/10.1093/mnras/stad038,10.1093/mnras/stad038,,https://doi.org/10.1093/mnras/stad038,stable link,Automated access restricted
26,Pelisoli+23,Pelisoli et al. (2023),,10.1038/s41550-023-01995-x,,https://arxiv.org/abs/2306.09272,web_verified,"Discovery paper and supplementary information checked, including source identity, Gaia ID, optical ephemerides, mass function and assumptions, MeerKAT pulse figure, polarimetry, and upper limits.","Pelisoli, I., Marsh, T. R., Buckley, D. A. H., et al. 2023, Nature Astronomy, 7, 931-938, A 5.3-minute-period pulsing white dwarf in a binary detected from radio to X-rays.",2023NatAs...7..931P,https://doi.org/10.1038/s41550-023-01995-x; https://arxiv.org/abs/2306.09272,original discovery paper full text and supplementary material checked locally,2026-09-25,,local path verified,,https://arxiv.org/abs/2306.09272,https://doi.org/10.1038/s41550-023-01995-x; https://arxiv.org/abs/2306.09272,10.1038/s41550-023-01995-x,,https://doi.org/10.1038/s41550-023-01995-x,stable link,Reachable in automated check
27,Schwope+23,Schwope et al. (2023),,10.1051/0004-6361/202346589,,https://arxiv.org/abs/2306.09732,web_verified,"XMM-Newton and eROSITA fluxes, bands, models, timing and Table 1 were checked. Observed and unabsorbed fluxes retained separately.","Schwope, A., Marsh, T. R., Standke, A., et al. 2023, Astronomy & Astrophysics, 674, L9, X-ray properties of the white dwarf pulsar eRASSU J191213.9-441044.",2023A&A...674L...9S,https://doi.org/10.1051/0004-6361/202346589; https://arxiv.org/abs/2306.09732,original A&A letter full text and Table 1 checked locally,2026-09-25,,local path verified,,https://arxiv.org/abs/2306.09732,https://doi.org/10.1051/0004-6361/202346589; https://arxiv.org/abs/2306.09732,10.1051/0004-6361/202346589,,https://arxiv.org/abs/2306.09732,stable link,Reachable in automated check
28,deRuiter+25,de Ruiter et al. (2025),,10.1038/s41550-025-02491-0,,https://arxiv.org/abs/2408.11536,publisher article and supplement checked; correction checked,"Discovery paper. Publisher full text, arXiv v2, Supplementary Information, and affiliation-only publisher correction checked. Extended Data Table 1 visually read from publisher PDF page 22.","de Ruiter, I., Rajwade, K. M., Bassa, C. G., et al. 2025, Sporadic radio pulses from a white dwarf binary at the orbital period, Nature Astronomy, 9, 672–684.",2025NatAs...9..672D,https://doi.org/10.1038/s41550-025-02491-0,publisher_full_text_and_supplement_checked_locally; tables/figures checked; correction reviewed,2026-09-25,,local path verified,,https://arxiv.org/abs/2408.11536,https://doi.org/10.1038/s41550-025-02491-0,10.1038/s41550-025-02491-0,,https://doi.org/10.1038/s41550-025-02491-0,stable link,Reachable in automated check
29,Rodriguez+26,Rodriguez et al. (2026),,10.33232/001c.167716,,https://arxiv.org/abs/2604.18688,published in The Open Journal of Astrophysics; version 2 full text checked,"Joint Keck/LRIS spectroscopy and SED/MCMC analysis of ILT J1101 and GLEAM-X J0704. OJAp 9, published 2026-08-19. Tables 1–2 and model assumptions checked. Barycentric radio period is cited from private communication.","Rodriguez, A. C., El-Badry, K., de Ruiter, I., Rajwade, K., Berger, E., Connor, L., & Hurley-Walker, N. 2026, White dwarf + M dwarf Detached Binaries in Long Period Radio Transients: Observed Binary Parameters, Evolution, and Population Constraints, The Open Journal of Astrophysics, 9.",,https://doi.org/10.33232/001c.167716,journal_landing_page_and_arxiv_v2_original_full_text_checked_locally,2026-09-25,,local path verified,,https://arxiv.org/abs/2604.18688,https://doi.org/10.33232/001c.167716,10.33232/001c.167716,,https://doi.org/10.33232/001c.167716,stable link,Reachable in automated check
30,Hurley-Walker+24,Hurley-Walker et al. (2024),,10.3847/2041-8213/ad890e,,https://arxiv.org/abs/2408.15757,"ApJL 976, L21; arXiv v2 full text and tables checked locally","Discovery/multiwavelength paper for GLEAM-X J0704-37; arXiv/PDF inspected. Reports MWA/GLEAM-X discovery, MeerKAT localization, Gaia DR3 5566254014771398912 counterpart, Pradio=10496.5522 +/-0.0008 s in the preferred fit with ~6.27 yr timing modulation, DM=36.541 +/-0.005 pc/cm3, RM=-7 +/-1 rad/m2, strong linear and circular polarization, no persistent UHF source to 30 uJy/beam, initial M3V classification, Swift/UVOT nondetection, XMM 0.3-10 keV nondetection, and a WD/M-dwarf magnetic-interaction or polar-like interpretation. Discovery-paper distance 1.5 +/-0.5 kpc is superseded by Rodriguez+25/+26 spectro-photometric distance.","Hurley-Walker, N., McSweeney, S. J., Bahramian, A., et al. 2024, A 2.9 hr Periodic Radio Transient with an Optical Counterpart, The Astrophysical Journal Letters, 976(2), L21.",2024ApJ...976L..21H,https://doi.org/10.3847/2041-8213/ad890e,arxiv_v2_original_full_text_and_tables_checked_locally; publisher citation/DOI checked,2026-09-25,,local path verified,,https://arxiv.org/abs/2408.15757,https://doi.org/10.3847/2041-8213/ad890e,10.3847/2041-8213/ad890e,,https://doi.org/10.3847/2041-8213/ad890e,stable link,Reachable in automated check
31,Rodriguez+25,Rodriguez (2025),,10.1051/0004-6361/202553684,,https://arxiv.org/abs/2501.03315,"A&A 695, L8; arXiv v2 full text, tables and appendices checked locally","A&A 695, L8 spectroscopy paper for GLEAM-X J0704-37; arXiv/PDF inspected. Keck/LRIS phase-resolved spectra give K_MD=189.4 +/-2.7 km/s, Porb=10496 +/-5 s matching the 10496.5522 s radio period, d=380 +/-10 pc, TWD=7320 +800/-590 K, MWD=1.02 +0.12/-0.13 Msun, TMD=3010 +/-20 K, MMD=0.136 +/-0.003 Msun, RMD/RL=0.680, i=28 +2/-1 deg, radio pulses near ascending node, and no direct WD B-field measurement; optical polarimetry recommended.","Rodriguez, A. C. 2025, Spectroscopic detection of a 2.9-hour orbit in a long-period radio transient, Astronomy & Astrophysics, 695, L8.",2025A&A...695L...8R,https://doi.org/10.1051/0004-6361/202553684,arxiv_v2_original_full_text_tables_and_appendices_checked_locally; formatted Table 2 and Appendix E rendered; A&A publisher PDF fetch returned 403,2026-09-25,,local path verified,,https://arxiv.org/abs/2501.03315,https://doi.org/10.1051/0004-6361/202553684,10.1051/0004-6361/202553684,,https://arxiv.org/abs/2501.03315,download URL,Reachable in automated check
32,Bloot+25,Bloot et al. (2025),,10.1051/0004-6361/202555131,,https://arxiv.org/abs/2507.05078,"Published A&A full text downloaded from University repository; all article sections checked and Tables 1, 3, 4 visually reviewed.","Discovery and WD-candidate interpretation for ILT J163430+445010. Reports 19 LOFAR pulses at 120–167 MHz, DM=22.5±5.5, 841.24808±0.00015 s pulse period, Pdot=−9±3e−12 s/s, alternative 4206.2406±0.0008 s interpulse model, and possible 5:2/5:3 resonance. GALEX/UNIONS photometry is marginal; WD Teff=15000–33000 K and MWD≥0.78 Msun are conditional on a genuine homogeneous WD counterpart. Important internal Stokes-label conflict: Table 1 note labels 383±52 mJy as Stokes V, while Table 2 gives Stokes I=383±52 and V=−346±33 mJy for the same pulse. LOFAR position is ~3.53 arcsec from later VLA position.","Bloot, S., Vedantham, H. K., Bassa, C. G., Callingham, J. R., Best, W. M. J., Liu, M. C., Magnier, E. A., Shimwell, T. W., & Dupuy, T. J. 2025, Strongly polarised radio pulses from a new white-dwarf-hosting long-period transient, Astronomy & Astrophysics, 699, A341.",2025A&A...699A.341B,https://doi.org/10.1051/0004-6361/202555131,published_full_text_checked_local_pdf_tables_rendered,2026-09-25,,local path verified,,https://arxiv.org/abs/2507.05078,https://doi.org/10.1051/0004-6361/202555131,10.1051/0004-6361/202555131,,https://arxiv.org/abs/2507.05078,download URL,Reachable in automated check
33,Dong+25,Dong et al. (2025),,10.3847/2041-8213/adeaab,,https://arxiv.org/abs/2507.05139,"Published ApJL full text downloaded from University repository; timing, optical, X-ray, radio tables and appendices checked.","CHIME/FRB/Pulsar discovery, timing and interpretation for CHIME J1634+44. Reports 89 unique bursts over ~4.5 yr, VLA position 16:34:29.96 +44:50:13.5 (J2000; 0.5/1.1 arcsec reported 1-sigma upper uncertainties), mean DM=25.0±0.2, P=841.245895±0.000006 s, Pdot=−9.03±0.11e−12 s/s, VLA RR=77±1 mJy and LL<1.8 mJy, secondary ~4206 s burst-arrival pattern, and a marginal HSC object with 5.8% chance alignment. Dong+25 explicitly finds no evidence for Bloot+25’s specific 2103-s orbit and argues emission is pulsar-like; WD/NS identity remains unconfirmed. 2023 Swift limits are spectrum-dependent.","Dong, F. A., Shin, K., Law, C., Ng, M., Stairs, I., Bower, G., Cassity, A., Fonseca, E., Gaensler, B. M., Hessels, J. W. T., Kaspi, V. M., Kharel, B., Leung, C., Main, R. A., Masui, K. W., McKee, J. W., Meyers, B. W., Modilim, O., Pandhi, A., Pearlman, A. B., Ransom, S. M., Scholz, P., & Smith, K. 2025, CHIME/FRB Discovery of an Unusual Circularly Polarized Long-Period Radio Transient with an Accelerating Spin Period, The Astrophysical Journal Letters, 988, L29.",2025ApJ...988L..29D,https://doi.org/10.3847/2041-8213/adeaab,published_full_text_checked_local_pdf_tables_and_appendices_checked,2026-09-25,,local path verified,,https://arxiv.org/abs/2507.05139,https://doi.org/10.3847/2041-8213/adeaab,10.3847/2041-8213/adeaab,,https://doi.org/10.3847/2041-8213/adeaab,stable link,Reachable in automated check
34,Rose+26,"Rose et al. (2026), Nature Astronomy, 10, 1166–1178",,10.1038/s41550-026-02882-x,,https://doi.org/10.1038/s41550-026-02882-x,Peer-reviewed version of record and Supplementary Information full text checked; authors' public code and post-publication corrected UV table also checked.,"Discovery/classification, spectroscopy, periods, Gaia identity/distance, radio and X-ray observations, and model-dependent component estimates. Supplementary G magnitude conflicts with main text and exact Gaia DR3; published UV dereddening used the attenuation operation. No direct WD photospheric temperature, mass, surface field, or spin measurement.","Rose, K., Pritchard, J., Murphy, T. et al. 2026, Periodic radio and X-ray emission from an accreting white dwarf binary, Nature Astronomy, 10, 1166–1178. https://doi.org/10.1038/s41550-026-02882-x",,https://doi.org/10.1038/s41550-026-02882-x,peer_reviewed_version_of_record_full_text_and_supplement_checked; ADS_bibcode_unverified,2026-09-25,,local path verified,,https://doi.org/10.1038/s41550-026-02882-x,https://doi.org/10.1038/s41550-026-02882-x,10.1038/s41550-026-02882-x,,https://doi.org/10.1038/s41550-026-02882-x,stable link,Reachable in automated check
35,Imbrogno+26,"Imbrogno et al. (2026), A&A, 710, L27",,10.1051/0004-6361/202660831,,https://doi.org/10.1051/0004-6361/202660831,Full arXiv manuscript and publisher metadata checked; publisher-hosted PDF returned HTTP 403.,"XMM-Newton/Einstein Probe timing and spectroscopy, optical OM caveat, and ASKAP follow-up; all error conventions and adopted distance for luminosity are recorded separately.","Imbrogno, M. et al. 2026, The X-ray emission of the long-period transient and accreting cataclysmic variable ASKAP J174508.9-505149, Astronomy & Astrophysics, 710, L27. https://doi.org/10.1051/0004-6361/202660831",2026A&A...710L..27I,https://doi.org/10.1051/0004-6361/202660831,full_arxiv_manuscript_checked; published_bibcode_crosschecked_in_SIMBAD; publisher_PDF_blocked_403,2026-09-25,,local path verified,,https://doi.org/10.1051/0004-6361/202660831,https://doi.org/10.1051/0004-6361/202660831,10.1051/0004-6361/202660831,,https://doi.org/10.1051/0004-6361/202660831,stable link,Automated access restricted
36,Schwope+99,Schwope et al. (1999),,10.48550/arXiv.astro-ph/9905392,,https://arxiv.org/abs/astro-ph/9905392,present,"Original EQ Cet/RBS0206 identification and magnetic-field paper; published as A&A 348, 861-867. Reports likely Porb~90 or ~146 min, mean photospheric WD field 36 +/-1 MG, accretion/cyclotron field 45 +/-1 MG, inferred polar field 55-60 MG, and model-dependent WD Teff/distance/donor assumptions. EQ Cet audit: 1999 discovery measurements rechecked against local full PDF; period alias later resolved by Schwope+02_RBS.","Schwope, A. D., Schwarz, R., & Greiner, J. 1999, Zeeman lines and a single cyclotron line in the low-accretion rate polar 1RXS J012851.9−233931 (RBS0206), A&A, 348, 861–867.",1999A&A...348..861S,https://arxiv.org/abs/astro-ph/9905392,original_full_text_checked_local_pdf,2026-09-23,,local path verified,,https://arxiv.org/abs/astro-ph/9905392,https://arxiv.org/abs/astro-ph/9905392,10.48550/arXiv.astro-ph/9905392,,https://arxiv.org/abs/astro-ph/9905392,stable link,Reachable in automated check
37,AAVSO_VSOTS_RXAnd,Templeton/AAVSO VSOTS (2007),,,,https://www.aavso.org/vsots_rxand,web_verified,"Web page inspected: AAVSO Variable Star of the Season, RX Andromedae, prepared by Matthew Templeton in October 2007. Useful context-only secondary source for RX And as a transitional Z Cam/VY Scl-like object, its long AAVSO light-curve history, and the statement that HST spectroscopy found a hot 34000 K white dwarf. Page cites Schreiber+02, Sion+01, Sepinsky+02, and AAVSO monographs. Not used as a primary quantitative source; retain original HST/A&A papers for Teff/model values and light-curve analysis.","Templeton, M. 2007, “Variable Star of the Season: RX Andromedae,” AAVSO, October 2007.",,https://www.aavso.org/vsots_rxand,aavso_web_page_inspected_secondary_context_only,,,no local path supplied,,https://www.aavso.org/vsots_rxand,https://www.aavso.org/vsots_rxand,,,https://www.aavso.org/vsots_rxand,stable link,Automated access restricted
38,Anzolin+08_V1323Her,Anzolin et al. (2008),,10.1051/0004-6361:200810402,,https://arxiv.org/abs/0808.1499,original_full_text_checked_local_pdf,"Original full paper, tables, discussion and rendered pp.10–11 checked locally; competing soft-flux, Lacc, Mdot and WD-mass model claims retained separately; prior note saying PDF not local is obsolete.","Anzolin, D., de Martino, D., Bonnet-Bidaud, J. M., & Mouchet, M. 2008, Two new intermediate polars with a soft X-ray component, A&A, 489, 1243–1254.",2008A&A...489.1243A,https://doi.org/10.1051/0004-6361:200810402,original_full_text_checked_local_pdf,2026-09-24,,local path verified,,https://arxiv.org/abs/0808.1499,https://doi.org/10.1051/0004-6361:200810402,10.1051/0004-6361:200810402,,https://arxiv.org/abs/0808.1499,download URL,Reachable in automated check
39,AraujoBetancor+05_STLMi,Araujo Betancor et al. (2005),,10.1086/427914,,https://arxiv.org/abs/astro-ph/0412180,present,"Local text and arXiv record inspected. HST/STIS low-state polar survey. ST LMi: first unambiguous WD-temperature measurement, Twd=10800 K for preferred two-temperature/cold-photosphere model, older estimates 12000-30000 K discussed, Porb=113.9 min tabulated, and distance 115 +/-21 pc. VV Pup: Twd=11900 K and older ~9000 K blackbody estimate superseded; Porb=100.4 min and B=31/56 MG tabulated. MR Ser: Twd=14200 K from FUV WD signature; discusses older MukaiCharles+86 Twd~9000/d=142 pc, Schwope+93 Twd=8500-10000 and M5-M6 donor/d=139 +/-13 pc, and argues FUV-based Twd is more accurate. TT Ari Table 7 lists Porb=198.0 min and WD temperature 39000 K, with reference 15 identified as Gaensicke et al. (1999). U Gem Table 7 compiles Porb=254.7 min and WD temperature 31000 K, with references 19=Sion et al. (1998) and 20=Long & Gilliland (1999). ST LMi: HST/STIS low-state spectrum, 2003-05-28. Table 5 WD models: 10.9(+0.5/-0.4) kK single component; preferred two-component cold photosphere 10.8(+0.5/-0.4) kK with fixed 50 kK hot component. Table 6 model-scaling distances 117(+22/-23) and 115(+21/-22) pc. Errors are driven by assumed WD mass/log g; E(B-V)=0 adopted for best fits, not a measured zero extinction. RX And Table 7 value checked as a compilation carrying Sion+01; it is not an independent fit. VV Pup closeout 2026-09-25: Table 5 preferred two-WD cold component 11.9+/-0.6 kK; single-WD alternative 12.3+/-0.7 kK; hot 50 kK component fixed. Visually checked p.13 distance is 151(+28/-34) pc. U Gem continuation: Table 7 and references 19–20 checked locally; its 31,000 K entry is a compilation from Sion+98 and Long & Gilliland+99, not an independent WD fit.","Araujo-Betancor, S., Gänsicke, B. T., Long, K. S., Beuermann, K., de Martino, D., Sion, E. M., & Szkody, P. 2005, Far-ultraviolet spectroscopy of magnetic cataclysmic variables, The Astrophysical Journal, 622, 589–601.",2005ApJ...622..589A,https://doi.org/10.1086/427914,original_full_text_checked_locally; VV Pup Table 5 and p.13 visually checked,2026-09-25,,local path verified,,https://arxiv.org/abs/astro-ph/0412180,https://doi.org/10.1086/427914,10.1086/427914,,https://doi.org/10.1086/427914,stable link,Reachable in automated check
40,Arenas+00_V603Aql,Arenas et al. (2000),,10.1046/j.1365-8711.2000.03061.x,,https://academic.oup.com/mnras/article/311/1/135/990337,web_verified_primary_fulltext,"Original OUP full HTML/abstract web-verified for Arenas et al. (2000), MNRAS 311, 135-148, 'A spectroscopic study of V603 Aquilae: stellar parameters and continuum-line variations'. The paper directly reports Porb=0.1385+/-0.0002 d, K=20+/-3 km/s, q=0.24+/-0.05, Mwd=1.2+/-0.2 Msun, M2=0.29+/-0.04 Msun, and i=13+/-2 deg, while noting that the mass solution assumes the measured Hbeta semi-amplitude traces the WD and uses the Hbeta FWHM; these are model-dependent dynamical estimates.","Arenas, J., Catalán, M. S., Augusteijn, T., & Retter, A. 2000, A spectroscopic study of V603 Aquilae: stellar parameters and continuum-line variations, MNRAS, 311, 135–148.",2000MNRAS.311..135A,https://academic.oup.com/mnras/article/311/1/135/990337,original_publisher_full_text_checked_online,2026-09-25,,no local path supplied,,https://academic.oup.com/mnras/article/311/1/135/990337,https://academic.oup.com/mnras/article/311/1/135/990337,10.1046/j.1365-8711.2000.03061.x,,https://academic.oup.com/mnras/article/311/1/135/990337,stable link,Automated access restricted
41,Armstrong+13_IMEri,Armstrong et al. (2013),,10.1093/mnras/stt1335,,https://arxiv.org/abs/1307.5479,downloaded,"Downloaded arXiv PDF and text-extracted to tmp/pdfs/text/Armstrong+13_IMEri.txt. Crossref metadata verified earlier in this session: MNRAS, Orbital, superhump and superorbital periods in the cataclysmic variables AQ Mensae and IM Eridani, DOI 10.1093/mnras/stt1335. IM Eri audit: nova-like CV/EC04224-2014; spectra show strong blue continuum, emission lines, occasional weak blueshifted He I 5876 absorption, H-alpha EW ~15 A/FWHM ~800 km/s; photometric signals 6.870(1), 0.354(7), and 7.226(1) c/d; spectroscopic orbital frequency 6.86649(2) c/d / Porb=0.1456348(4) d; interpretation is tilted accretion disk. No component masses, WD Teff, donor subtype, or WD B-field measured.","Armstrong, E., Patterson, J., Michelsen, E., Thorstensen, J. R., Uthas, H., Vanmunster, T., Hambsch, F.-J., Roberts, G., & Dvorak, S. 2013, Orbital, superhump and superorbital periods in the cataclysmic variables AQ Mensae and IM Eridani, MNRAS, 435, 707–717.",2013MNRAS.435..707A,https://doi.org/10.1093/mnras/stt1335,original_full_text_checked_locally;relevant_tables_and_figures_rendered,2026-09-24,,local path verified,,https://arxiv.org/abs/1307.5479,https://doi.org/10.1093/mnras/stt1335,10.1093/mnras/stt1335,,https://arxiv.org/abs/1307.5479,download URL,Reachable in automated check
42,BaileyCropper+91,Bailey Cropper et al. (1991),,10.1093/mnras/253.1.27,,https://doi.org/10.1093/mnras/253.1.27,present_original_full_text_checked,"Original OUP article page/abstract web-verified: Bailey & Cropper (1991), MNRAS 253, 27-34, high-speed eclipse photometry and circular polarimetry of UZ For. The abstract gives Mwd=0.61-0.79 Msun and an accretion-spot radius of about 0.12 Rwd; it constrains system geometry but does not itself provide the adopted cyclotron field value. UZ For: local original PDF checked. Table 2 q=M2/M1; preferred q=0.20 gives M1=0.71 Msun, M2=0.14 Msun, i=81 deg; q=0.15–0.30 gives M1=0.61–0.79 Msun. The mass range comes from eclipse/white-dwarf mass-radius modeling.","Bailey, J., & Cropper, M. 1991, The eclipse light curves of UZ For, Monthly Notices of the Royal Astronomical Society, 253, 27–34.",1991MNRAS.253...27B,https://doi.org/10.1093/mnras/253.1.27,original_full_text_checked_local_pdf,2026-09-23,,local path verified,,https://doi.org/10.1093/mnras/253.1.27,https://doi.org/10.1093/mnras/253.1.27,10.1093/mnras/253.1.27,,https://doi.org/10.1093/mnras/253.1.27,stable link,Automated access restricted
43,Belle+00_QQVul,Belle et al. (2000),,10.48550/arXiv.astro-ph/9911529,,https://arxiv.org/abs/astro-ph/9911529,original_full_text_checked_local_pdf,"Downloaded arXiv PDF and text-extracted to tmp/pdfs/text/Belle+00_QQVul.txt. EUVE simultaneous X-ray/EUV study of QQ Vul; audited for Porb=222.5 min and Schwope ephemeris, evidence for two-pole accretion, stellar eclipse of the X-ray emitting region implying high inclination, accretion-region blackbody temperature ~2e5 K from Nousek+84, explicit statement that QQ Vul magnetic-field strength had not been directly measured, assumed typical ~20-30 MG, and possible relatively low field <10-30 MG from high X-ray/EUV ratio. No photospheric WD Teff, direct B, or donor subtype is provided.","Belle, K. E., Howell, S. B., & Mills, A. 2000, EUVE Observations of the Magnetic Cataclysmic Variable QQ Vulpeculae, Publications of the Astronomical Society of the Pacific, 112, 343–348.",2000PASP..112..343B,https://doi.org/10.1086/316536,original_full_text_checked_local_pdf,2026-09-24,,local path verified,,https://arxiv.org/abs/astro-ph/9911529,https://doi.org/10.1086/316536,10.48550/arXiv.astro-ph/9911529,,https://doi.org/10.1086/316536,stable link,Reachable in automated check
44,Bernardini+13_IGRJ19552,Bernardini et al. (2013),,10.1093/mnras/stt1434,,https://arxiv.org/abs/1308.1230,original_full_text_checked_local_pdf,"Full original article checked locally, including IGR J19552 Sect. 3.3, Table 5 and timing figure. Table 5 gives a Suleimanov et al. post-shock spectral-model MWD=0.77 +0.02/-0.03 Msun, XMM CEMEKL fit parameters, and F0.3-10/Fbol; the mass is model-dependent, not dynamical. The 4960 s timing parenthetical incorrectly states 1.32 h: direct conversion is 1.3778 h, and the article elsewhere discusses ~1.38 h. DOI corrected to the the actual stt1434 record.","Bernardini, F., de Martino, D., Mukai, K., et al. 2013, On the nature of the hard X-ray sources SWIFT J1907.3-2050, IGR J12123-5802 and IGR J19552+0044, MNRAS, 435, 2822–2834.",2013MNRAS.435.2822B,https://doi.org/10.1093/mnras/stt1434,original_full_text_checked_local_pdf,2026-09-24,,local path verified,,https://arxiv.org/abs/1308.1230,https://doi.org/10.1093/mnras/stt1434,10.1093/mnras/stt1434,,https://arxiv.org/abs/1308.1230,download URL,Reachable in automated check
45,Beuermann+00,Beuermann et al. (2000),,10.48550/arXiv.astro-ph/0001183,,https://arxiv.org/abs/astro-ph/0001183,present,"Local PDF/text and arXiv record inspected for EF Eri. A&A Letters accepted paper; low-state optical spectrophotometry finds no donor features, companion later than M9/transition or brown-dwarf-like, WD Teff=9500 +/-500 K, M2<0.06 Msun favored, and very old/post-period-minimum interpretation.","Beuermann, K., Wheatley, P., Ramsay, G., Euchner, F., & Gänsicke, B. T. 2000, Evidence for a substellar secondary in the magnetic cataclysmic binary EF Eridani, A&A, 354, L49–L52.",2000A&A...354L..49B,https://doi.org/10.48550/arXiv.astro-ph/0001183,original_full_text_checked_local_pdf,2026-09-23,,local path verified,,https://arxiv.org/abs/astro-ph/0001183,https://doi.org/10.48550/arXiv.astro-ph/0001183,10.48550/arXiv.astro-ph/0001183,,https://doi.org/10.48550/arXiv.astro-ph/0001183,stable link,Reachable in automated check
46,Beuermann+88_UZFor,Beuermann et al. (1988),,,,https://www.researchgate.net/publication/234538455_EXO_033319-25542_-_A_55-MG_eclipsing_AM_Herculis_binary,present_scanned_original_full_text_checked,"Original author-uploaded article/abstract web-verified: Beuermann, Thomas & Schwope (1988), A&A 195, L15-L18, 'EXO 033319-2554.2 - A 55-MG eclipsing AM Herculis binary'. The abstract gives Porb=0.08786539(1) d, a dM4.5 secondary and d=240 +/-50 pc, an early primary-mass constraint M1>0.93 Msun (90% confidence), and a main cyclotron-region field B=55 +/-3 MG. Later eclipse analyses revise the mass downward; retain both results with provenance. UZ For: scanned original article checked with OCR and page images. Reports an eclipsing AM Her system, dM4.5 secondary, period, distance, early high WD-mass limit and main cyclotron-region field; details and confidence conventions are in the measurement ledger.","Beuermann, K., Thomas, H.-C., & Schwope, A. D. 1988, EXO 033319−2554.2: A 55-MG eclipsing AM Herculis binary, Astronomy & Astrophysics, 195, L15–L18.",1988A&A...195L..15B,https://ui.adsabs.harvard.edu/abs/1988A%26A...195L..15B/abstract,original_scanned_full_text_checked_local_pdf_and_page_images,2026-09-23,,local path verified,,https://www.researchgate.net/publication/234538455_EXO_033319-25542_-_A_55-MG_eclipsing_AM_Herculis_binary,https://ui.adsabs.harvard.edu/abs/1988A%26A...195L..15B/abstract,,,https://ui.adsabs.harvard.edu/abs/1988A%26A...195L..15B/abstract,stable link,Automated access restricted
47,Beuermann+92_RWSex,"Beuermann, Stasiewski & Schwope (1992)",,,,https://ui.adsabs.harvard.edu/abs/1992A%26A...256..433B/abstract,web_verified_primary_abstract,"Original NASA ADS abstract web-verified: Beuermann, Stasiewski & Schwope (1992), A&A 256, 433, 'Phase-resolved spectroscopy of the novalike cataclysmic variable RW Sextantis'. The paper gives Porb=0.24507(20) d, q=M1/M2=1.35 +/-0.10 (equivalent to M2/M1 about 0.74), i=28-40 deg, d about 150 pc, and MV about 4.8. The inclination is not sufficiently constrained for accurate individual masses. 2026-09-25 source audit: original ADS abstract is accessible and supports the spectroscopic ephemeris/method, but the original full article and numerical mass table could not be retrieved. Vande Putte+03 full text and Hernandez+17 full text reproduce K1=92±3 km/s, M1/M2=1.35±0.10, i=28–40 deg, and M1≈0.84, M2≈0.62 Msun; retain those component masses as secondary-transcribed and model-dependent, not newly verified against the inaccessible original table.","Beuermann, K., Stasiewski, U., & Schwope, A. D. 1992, “Phase-resolved spectroscopy of the novalike cataclysmic variable RW Sextantis,” A&A, 256, 433–437.",1992A&A...256..433B,https://ui.adsabs.harvard.edu/abs/1992A%26A...256..433B/abstract,NASA_ADS_abstract_checked_original_full_text_inaccessible;component_values_repeated_in_VandePutte+03_and_Hernandez+17,2026-09-25,,no local path supplied,,https://ui.adsabs.harvard.edu/abs/1992A%26A...256..433B/abstract,https://ui.adsabs.harvard.edu/abs/1992A%26A...256..433B/abstract,,,https://ui.adsabs.harvard.edu/abs/1992A%26A...256..433B/abstract,stable link,Automated access restricted
48,BeuermannThomas+90_IXVel,Beuermann & Thomas (1990),,,,https://ui.adsabs.harvard.edu/abs/1990A%26A...230..326B/abstract,original_full_scan_checked,"Original 13-page ADS scan/OCR and rendered pages checked, including Tables 3 and 6. P=0.193929(2) d; q=M1/M2=1.54±0.10. Component masses, inclination, donor radius, distance and Mdot are irradiation/geometry/ellipsoidal model results; irradiated-donor emission centroid is not center-of-mass K2.","Beuermann, K., & Thomas, H.-C. 1990, Detection of emission lines from the secondary star in IX Velorum (=CPD−48°1577), A&A, 230, 326–338.",1990A&A...230..326B,https://ui.adsabs.harvard.edu/abs/1990A%26A...230..326B/abstract,original_full_text_checked_locally_visual_scan_OCR_tables_and_renders,2026-09-25,,local path verified,,https://ui.adsabs.harvard.edu/abs/1990A%26A...230..326B/abstract,https://ui.adsabs.harvard.edu/abs/1990A%26A...230..326B/abstract,,,https://ui.adsabs.harvard.edu/abs/1990A%26A...230..326B/abstract,stable link,Automated access restricted
49,Bitner+07_SSCyg,Bitner et al. (2007),,10.1086/517496,,https://arxiv.org/abs/astro-ph/0703087,original_full_text_checked_local_pdf,"Original full text, tables, and discussion checked locally. HET donor spectroscopy and ellipsoidal-light-curve analysis; q convention is donor/WD. Mass intervals are model ranges whose midpoints are quoted, not Gaussian 1-sigma errors. No field strong enough to synchronize the WD and K star is evidenced. A few-second value is a secondary-cited DNO claim, not an independently established WD spin.","Bitner, M. A., Robinson, E. L., & Behr, B. B. 2007, The Masses and Evolutionary State of the Stars in the Dwarf Nova SS Cygni, ApJ, 662, 564–573.",2007ApJ...662..564B,https://doi.org/10.1086/517496,original_full_text_checked_local_pdf,2026-09-25,,local path verified,,https://arxiv.org/abs/astro-ph/0703087,https://doi.org/10.1086/517496,10.1086/517496,,https://doi.org/10.1086/517496,stable link,Reachable in automated check
50,Blinova+19_AEAqr,Blinova et al. (2019),,10.1093/mnras/stz1314,,https://arxiv.org/abs/1804.10105,original_full_text_checked_locally,"Downloaded arXiv PDF and text-extracted to tmp/pdfs/text/Blinova+19_AEAqr.txt. Axisymmetric MHD propeller modelling of AE Aqr; audited for representative weak magnetic fields B~2.8-3.3e5 G (0.28-0.33 MG) from matching spin-down, time-averaged disc accretion rate ~4.45-5.5e16 g/s, most disc matter ejected in winds, outflow/energy budget sufficient for flaring, and explicit caveats that model parameters depend on unknown accretion rate/field and the model includes a small/variable disc despite no clear observed disc signatures. This is a model value, not a direct field measurement.","Blinova, A. A., Romanova, M. M., Ustyugova, G. V., Koldoba, A. V., & Lovelace, R. V. E. 2019, Propeller-driven outflows from the white dwarf in AE Aquarii, MNRAS, 487, 1754–1763.",2019MNRAS.487.1754B,https://doi.org/10.1093/mnras/stz1314,original_full_text_checked_locally,2026-09-24,,local path verified,,https://arxiv.org/abs/1804.10105,https://doi.org/10.1093/mnras/stz1314,10.1093/mnras/stz1314,,https://arxiv.org/abs/1804.10105,download URL,Reachable in automated check
51,BondMiszalski+18_V341Ara,Bond & Miszalski (2018),,10.1088/1538-3873/aace3e,,https://arxiv.org/abs/1805.11682,original_arXiv_full_text_checked_locally,"Original full article checked, including classification, H-alpha RV period and Fr 2-11 discussion. Reports 0.15216 +/-0.00002 d and Gaia DR2 distance 156.1 +/-2.0 pc. Considers chance ISM-cloud encounter and old nova-ejecta scenarios; neither is confirmed.","Bond, H. E. & Miszalski, B. 2018, Spectroscopy of V341 Arae: A nearby nova-like variable inside a bow-shock nebula, Publications of the Astronomical Society of the Pacific, 130, 094201.",2018PASP..130i4201B,https://doi.org/10.1088/1538-3873/aace3e,original_full_text_checked_locally; DOI and publisher metadata verified,2026-09-25,,local path verified,,https://arxiv.org/abs/1805.11682,https://doi.org/10.1088/1538-3873/aace3e,10.1088/1538-3873/aace3e,,https://doi.org/10.1088/1538-3873/aace3e,stable link,Reachable in automated check
52,Boyd+14_V1432Aql,Boyd et al. (2014),,10.48550/arXiv.1406.4061,,https://arxiv.org/abs/1406.4061,original_full_text_checked_locally,"Web-verified arXiv record for a 15-year Center for Backyard Astrophysics campaign on the eclipsing asynchronous polar V1432 Aql. Abstract states the WD rotates slower than the orbital period but is catching up, and that at the present rate synchronism should be achieved around 2100; also documents beat-cycle accretion-stream changes. Original full text checked locally in audit dated 2026-09-24.
V1432 Aql full-text audit (2026-09-24): 15-year timing analysis reports quadratic orbital ephemeris Pdot/P=−1.38(29)×10^-11 yr yr^-1; fifth-order spin ephemeris reports average dPspin/dt=−1.042(1)×10^-8 yr yr^-1. Spin changes from 12150.61 s (1992 Oct) to 12143.88 s (2013 Sep), with beat increasing 49.641 to 61.703 d. Its nova timing and ~2100 synchronism date are hypotheses/extrapolations, not direct measurements.","Boyd, D., Patterson, J., Allen, W., et al. 2014, The asynchronous polar V1432 Aquilae and its path back to synchronism, arXiv:1406.4061v2.",2014arXiv1406.4061B,https://arxiv.org/abs/1406.4061,original_full_text_checked_locally,2026-09-24,,local path verified,,https://arxiv.org/abs/1406.4061,https://arxiv.org/abs/1406.4061,10.48550/arXiv.1406.4061,,https://arxiv.org/abs/1406.4061,stable link,Reachable in automated check
53,Bruch+19_TTAri,Bruch (2019),,10.1093/mnras/stz2381,,https://arxiv.org/abs/1909.05696,downloaded,"Downloaded arXiv PDF and text-extracted to tmp/pdfs/text/Bruch+19_TTAri.txt. Forty-year photometry study of TT Ari; audited for Porb=0.13755040 +/-1.7e-7 d (3.3012086 h) from Wu+02, uncertain Wu+02 values M1=1.24 Msun, M2=0.23 Msun, i=29 deg, Gaensicke+99 Twd=39000 K low-state context, negative-superhump average period 0.13295 +/-0.00067 d, QPOs preferentially 18-25 min, and deep-low-state 8.93 h oscillation plus orbital-period modulation. TT Ari audit: local paper checked for orbital/superhump/QPO periods, uncertain Wu masses, Gaia DR2-era distance and low-state variability. Abstract says 8.90 h; conclusion 8.93 h for same low-state oscillation. Printed 3.3012086 h differs slightly from conversion of Wu day value.","Bruch, A. 2019, “TT Arietis: 40 years of photometry,” MNRAS, 489, 2962.",2019MNRAS.489.2962B,https://doi.org/10.1093/mnras/stz2381,original_full_text_checked_locally,2026-09-24,,local path verified,,https://arxiv.org/abs/1909.05696,https://doi.org/10.1093/mnras/stz2381,10.1093/mnras/stz2381,,https://arxiv.org/abs/1909.05696,download URL,Reachable in automated check
54,Buckley+17_ARSco,Buckley et al. (2017),,10.1038/s41550-016-0029,,https://arxiv.org/abs/1612.03185,original_full_text_checked_local_pdf,"Full original paper checked. HIPPO optical linear polarization reaches 40%, circular is at most a few percent. The ~500-MG field is an upper-limit scale obtained by equating spin-down power to vacuum dipole radiation at maximum obliquity; not a direct field measurement. The previously inherited ~8e34-G-cm3 magnetic moment was not found as a directly reported measurement.","Buckley, D. A. H., Meintjes, P. J., Potter, S. B., Marsh, T. R., & Gänsicke, B. T. 2017, Polarimetric evidence of a white dwarf pulsar in the binary system AR Scorpii, Nature Astronomy, 1, 0029.",,https://doi.org/10.1038/s41550-016-0029,original_full_text_checked_local_pdf; methods_and_figures_checked,2026-09-25,,local path verified,,https://arxiv.org/abs/1612.03185,https://doi.org/10.1038/s41550-016-0029,10.1038/s41550-016-0029,,https://doi.org/10.1038/s41550-016-0029,stable link,Reachable in automated check
55,Buckley+95_V2400Oph,Buckley et al. (1995),,,,https://articles.adsabs.harvard.edu/pdf/1995MNRAS.275.1028B,present,"ADS scanned MNRAS paper retrieved and text-extracted locally. Discovery/identification paper for RX J1712.6-2414/V2400 Oph as a polarized intermediate polar: reports circular polarization up to about -5 percent in I, polarimetric/spin period 927.66 s, photometric 1003 s or 1027 s sideband/beat period with 1003 s favored in combined data, inferred Porb~3.41 h from spin-beat relation while noting aliases, low/no orbital radial-velocity modulation and likely low inclination/pole-on geometry. Gives an approximate B~8 MG polarized-flux/cyclotron-model estimate, not a direct Zeeman field measurement.","Buckley, D. A. H., Sekiguchi, K., Motch, C., et al. 1995, MNRAS, 275, 1028.",1995MNRAS.275.1028B,https://ui.adsabs.harvard.edu/abs/1995MNRAS.275.1028B/abstract,original_scanned_full_text_checked_locally,2026-09-24,,local path verified,,https://articles.adsabs.harvard.edu/pdf/1995MNRAS.275.1028B,https://ui.adsabs.harvard.edu/abs/1995MNRAS.275.1028B/abstract,,,https://ui.adsabs.harvard.edu/abs/1995MNRAS.275.1028B/abstract,stable link,Automated access restricted
56,Campbell+08_STLMi,Campbell et al. (2008),,10.1086/589179,,https://arxiv.org/abs/0807.1143,present,"Local PDF/text plus arXiv record inspected. Phase-resolved IRTF/SPEX infrared cyclotron modeling of AM Her and ST LMi. For ST LMi: Porb=114 min context, adopted/quoted Mwd~0.7 Msun, likely Twd~11000 K, M5-M6 secondary, and distance 115-138 pc from prior work. JHK light-curve modeling gives i=55 deg; 2005 extreme-low-state spectra show no cyclotron emission and are fit by an M6 secondary template. 2006 low-state bright-phase cyclotron harmonics yield B=12.1 +/-0.5 MG, kT=3.3 +/-1.8 keV, logLambda=5.7 +/-0.6, beta=128 deg. Notes previous high-state FBW93 fields near 12 MG and a possible Peacock+92 second pole near 16.7 MG, but flags the second-pole evidence as uncertain.; Full local paper checked; corrected the existing arXiv identifier in the DOI field to the journal DOI. The 2006 low-state cyclotron-column fit gives B=12.1±0.5 MG, kT=3.3±1.8 keV, log Lambda=5.7±0.6 with adopted geometry; parameter ranges use a 50% increase in reduced chi-square, not 1-sigma errors. The 2005 extreme-low-state spectrum has no cyclotron emission.; Local original article checked. AM Her low-state 2005-09 IRTF/SPEX phase-resolved IR, dim-phase donor subtraction, and self-eclipsed cyclotron region: mean cyclotron B=13.6 (+1.0/-0.8) MG, kT=4.0 (+1.5/-1.0) keV and log Lambda=5.0 +/-0.6; errors are based on a 50% increase in reduced chi-square, not standard 1-sigma bounds. Geometry i=50 and beta=85 degrees is model context. Existing ST LMi source-specific notes retained.","Campbell, R. K., & Harrison, T. E. 2008, Cyclotron modeling phase-resolved infrared spectroscopy of polars. III. AM Herculis and ST Leonis Minoris, ApJ, 683, 409-423.",2008ApJ...683..409C,https://doi.org/10.1086/589179,original_full_text_checked_local_pdf,2026-09-24,,local path verified,,https://arxiv.org/abs/0807.1143,https://doi.org/10.1086/589179,10.1086/589179,,https://doi.org/10.1086/589179,stable link,Reachable in automated check
57,CastroSegura+20_V341Ara,Castro Segura et al. (2021),,10.1093/mnras/staa2516,,https://arxiv.org/abs/2008.07462,original_arXiv_full_text_and_final_publisher_text_checked,"ArXiv v1 full article and publisher final article checked. Correct final page range MNRAS 501, 1951-1969; inherited 1951-1971 range corrected. Table 1/§3.4.3 gives combined RV ephemeris; §§3.5-3.6 cover X-ray and wind/bow-shock models. SED values are guide models, not direct WD/donor measurements. Final publisher text has WD guide Teff 23,200 K; arXiv TeX contains 23,2000 K typo.","Castro Segura, N., Knigge, C., Acosta-Pulido, J. A., Altamirano, D., del Palacio, S., Hernández Santisteban, J. V., Pahari, M., Rodríguez-Gil, P., Belardi, C., Buckley, D. A. H., Burleigh, M. R., Childress, M., Fender, R. P., Hewitt, D. M., James, D. J., Kuhn, R. B., Kuin, N. P. M., Pepper, J., Ponomareva, A. A., Pretorius, M. L., Rodríguez, J. E., Stassun, K. G., Williams, D. R. A., & Woudt, P. A. 2021, Bow shocks, nova shells, disc winds and tilted discs: the nova-like V341 Ara has it all, Monthly Notices of the Royal Astronomical Society, 501, 1951-1969.",2021MNRAS.501.1951C,https://doi.org/10.1093/mnras/staa2516,original_arxiv_full_text_checked_locally_and_final_publisher_text_checked,2026-09-25,,local path verified,,https://arxiv.org/abs/2008.07462,https://doi.org/10.1093/mnras/staa2516,10.1093/mnras/staa2516,,https://arxiv.org/abs/2008.07462,download URL,Reachable in automated check
58,Chavez+22_V1007Her,Chavez et al. (2022),,10.1093/mnras/stac1112,,https://arxiv.org/pdf/2209.04065,downloaded_and_checked,"Full paper checked locally for V1007 Her. Its third-body explanation is described as only marginal; component values are Knigge-sequence/model assumptions, not direct measurements.","Chavez, C. E., Georgakarakos, N., Aviles, A., Aceves, H., Tovmassian, G., Zharikov, S., Perez-Leon, J. E., & Tamayo, F. 2022, Testing the third-body hypothesis in the cataclysmic variables LU Camelopardalis, QZ Serpentis, V1007 Herculis and BK Lyncis, MNRAS, 514, 4629–4638.",2022MNRAS.514.4629C,https://doi.org/10.1093/mnras/stac1112,original_full_text_checked_local_pdf,2026-09-24,,local path verified,,https://arxiv.org/pdf/2209.04065,https://doi.org/10.1093/mnras/stac1112,10.1093/mnras/stac1112,,https://arxiv.org/pdf/2209.04065,download URL,Reachable in automated check
59,Christian+01,Christian et al. (2001),,,,https://ui.adsabs.harvard.edu/abs/2001IBVS.5032....1C/abstract,original_full_text_checked_local_IBVS_volume,"Original IBVS 5032 article pages 1-3 checked from publisher-hosted scanned volume. Reports Balmer/He I/He II emission and classifies source as CV, probably magnetic; sparse radial velocities suggest P<2 h but are explicitly not definitive. Gives B=16.4 for the 1997 spectrum and a J2000 DSS position; no WD component parameters.","Christian, D. J., Craig, N., Dupuis, J., & Roberts, B. 2001, “EUVE J0854+390: A New Cataclysmic Variable,” Information Bulletin on Variable Stars, No. 5032, 1–3.",2001IBVS.5032....1C,https://real-j.mtak.hu/666/1/vol5001.pdf,original_full_text_checked_locally,2026-09-25,,local path verified,,https://ui.adsabs.harvard.edu/abs/2001IBVS.5032....1C/abstract,https://real-j.mtak.hu/666/1/vol5001.pdf,,,https://real-j.mtak.hu/666/1/vol5001.pdf,stable link,Reachable in automated check
60,Dillon+08,Dillon et al. (2008),,10.1111/j.1365-2966.2008.13170.x,,https://doi.org/10.1111/j.1365-2966.2008.13170.x,original_full_text_checked_local_arxiv_copy,"Full text downloaded from arXiv:0803.0010 and checked, including Table 1 and FR Lyn section. Reports 113.26±0.03 min from 2005-01-03 and labels Porb by assuming synchronism; the later asynchronous solution separates spin and orbit. §3 repeats Szkody+05 cyclotron humps and optical CP up to -30%.","Dillon, M., Gänsicke, B. T., Aungwerojwit, A., Rodríguez-Gil, P., Marsh, T. R., Barros, S. C. C., Szkody, P., Brady, S., Krajci, T., & Oksanen, A. 2008, “Orbital periods of cataclysmic variables identified by the SDSS—III. Time-series photometry obtained during the 2004/5 International Time Project on La Palma,” MNRAS, 386, 1568–1578.",2008MNRAS.386.1568D,https://ui.adsabs.harvard.edu/abs/2008MNRAS.386.1568D/abstract,original_full_text_checked_locally,2026-09-25,,local path verified,,https://doi.org/10.1111/j.1365-2966.2008.13170.x,https://ui.adsabs.harvard.edu/abs/2008MNRAS.386.1568D/abstract,10.1111/j.1365-2966.2008.13170.x,,https://ui.adsabs.harvard.edu/abs/2008MNRAS.386.1568D/abstract,stable link,Automated access restricted
61,Downes+97,Downes et al. (1997),,10.1086/133900,,https://doi.org/10.1086/133900,metadata_verified_secondary_values,"Crossref metadata verified: Downes, Webbink & Shara 1997, ""A Catalog and Atlas of Cataclysmic Variables-Second Edition"", PASP 109, 345, DOI 10.1086/133900. Full text was not locally audited in this Hya 1 pass. Retain only as catalog/identity-trail provenance for the [DWS97] Hya 1 / PG 0911-066 / MM Hya naming issue, not as a source of quantitative physical parameters.","Downes, R., Webbink, R. F., & Shara, M. M. 1997, “A Catalog and Atlas of Cataclysmic Variables—Second Edition,” Publications of the Astronomical Society of the Pacific, 109, 345. https://doi.org/10.1086/133900",,https://doi.org/10.1086/133900,crossref_bibliographic_metadata_verified; full_text_not_audited_context_only,,,no local path supplied,,https://doi.org/10.1086/133900,https://doi.org/10.1086/133900,10.1086/133900,,https://doi.org/10.1086/133900,stable link,Reachable in automated check
62,Echevarria+07_UGem,Echevarria et al. (2007),,10.1086/518562,,https://arxiv.org/abs/0704.1641,original_full_text_checked_local,"arXiv record inspected. High-resolution quiescent spectroscopy of U Gem; abstract gives M6V TiO-band donor contribution about 5 percent, K_em=107 +/-2 km/s, K_abs=310 +/-5 km/s, i=69.7 +/-0.7 deg, Mwd=1.20 +/-0.05 Msun, M_RD=0.42 +/-0.04 Msun, a=1.55 +/-0.02 Rsun, and disk radius R_out/a~0.61 close to L1/a~0.63. Journal reference AJ 134, 262-273; full PDF not downloaded locally in this pass. Audit update 2026-09-25: source-specific original text/tables were checked as recorded in [local artifact withheld]; this update supersedes earlier statements that the full local text had not been accessed where applicable.","Echevarría, J., de la Fuente, E., & Costero, R. 2007, AJ, 134, 262–273.",2007AJ....134..262E,https://doi.org/10.1086/518562,original_full_text_checked_local_tables_sections_2_3_4_6,2026-09-25,,local path verified,,https://arxiv.org/abs/0704.1641,https://doi.org/10.1086/518562,10.1086/518562,,https://doi.org/10.1086/518562,stable link,Reachable in automated check
63,Echevarria+08_AEAqr,Echevarria et al. (2008),,10.1111/j.1365-2966.2008.13248.x,,https://arxiv.org/abs/0804.0291,original_full_text_checked_locally,"Downloaded arXiv PDF and text-extracted to tmp/pdfs/text/Echevarria+08_AEAqr.txt. High-dispersion absorption-line spectroscopy of AE Aqr; audited for revised ephemeris HJD=2439030.78496(9)+0.4116554800(2)E, K2=168.7 +/-1 km/s, K1=101 +/-3 km/s, q=0.6 +/-0.02, inclination near 70 deg, M1=0.63 +/-0.05 Msun, M2=0.37 +/-0.04 Msun, separation 2.33-2.34 Rsun, and phase-dependent secondary line-ratio/spectral-type variation K0-K4 with mean about K2. The donor is oversized for its mass by nearly a factor of two. No WD photospheric Teff or WD magnetic-field measurement is provided.","Echevarría, J., Smith, R. C., Costero, R., Zharikov, S., & Michel, R. 2008, High-dispersion absorption-line spectroscopy of AE Aqr, Monthly Notices of the Royal Astronomical Society, 387, 1563–1574.",2008MNRAS.387.1563E,https://doi.org/10.1111/j.1365-2966.2008.13248.x,original_full_text_checked_locally_and_online_tables,2026-09-24,,local path verified,,https://arxiv.org/abs/0804.0291,https://doi.org/10.1111/j.1365-2966.2008.13248.x,10.1111/j.1365-2966.2008.13248.x,,https://arxiv.org/abs/0804.0291,download URL,Reachable in automated check
64,Fender+19_SSCyg,Fender et al. (2019),,10.1093/mnrasl/slz145,,https://arxiv.org/abs/1909.07241,original_full_text_checked_local_pdf,"Full article checked locally. Late 2016 flare: >20 mJy at 16.75 GHz within <15 min; synchrotron expanding-plasma model gives approximately 0.01c, about 1 G in the emitting plasma, and energy at least 2e33 erg for the adopted model. The field is not a WD surface field.","Fender, R., Bright, J., Mooley, K., & Miller-Jones, J. 2019, Late-outburst radio flaring in SS Cyg and evidence for a powerful kinetic output channel in cataclysmic variables, MNRAS Letters, 490, L76–L80.",2019MNRAS.490L..76F,https://doi.org/10.1093/mnrasl/slz145,original_full_text_checked_local_pdf,2026-09-25,,local path verified,,https://arxiv.org/abs/1909.07241,https://doi.org/10.1093/mnrasl/slz145,10.1093/mnrasl/slz145,,https://arxiv.org/abs/1909.07241,download URL,Reachable in automated check
65,Ferrario+15,"Ferrario, de Martino, & Gänsicke (2015)",,10.1007/s11214-015-0152-0,,https://doi.org/10.1007/s11214-015-0152-0,present,"Review/table of magnetic white dwarfs; arXiv PDF is now local and text-extracted. Table 2 lists MR Ser, LW Cam, and EU UMa values used elsewhere in RAWDOG. For EU UMa/RX J1149.9+2844, Table 2 lists Bcyc1=43 MG and Prot=90.1 min, with references (71) Howell et al. 1995 and (72) Schwope 1995. These are compact review-table values, not independent measurements; use Howell+95_EUUMa/Ramsay+04 for audited period and X-ray/UV parameters. For BM CrB/SDSS J154104.66+360252.9, local Table 2 text lists Bcyc1=33 MG and Prot=84 min, with references (44) Gaensicke et al. 2009 and (45) Szkody et al. 2005; this is a compact review-table value, not an independent measurement. For MQ Dra/SDSS J155331.11+551614.4, local Table 2 lists Bcyc1=58 MG, Teff<10000 K (OCR as .10000), and Prot=263.5 min, with references (152) Szkody et al. 2003 and (154) Schmidt et al. 2005b; this is a compact secondary review-table value. For AP CrB/RX J1554.2+2721, local Table 2 lists Bcyc1=110 MG, BZeem,phot=144 MG, Teff~20000 K, and Prot=151.9 min, with references (93) Thorstensen and Fenton 2002, (94) Gaensicke et al. 2004, and (95) Schwope et al. 2006; this is a compact secondary review-table value. For AM Her/3U1809+50, local Table 2 lists Bcyc1=14 MG, BZeem,phot=13 MG, Teff=19800 K, Prot=185.6 min, and Mwd=0.78 Msun, with references (104) Wickramasinghe and Martin 1985, (105) Bailey et al. 1991, and (106) Gaensicke et al. 2006b; use as a compact secondary review-table value. For V1432 Aql/RX J1940.2-1025, local Table 2 lists Bcyc1=30: MG, no photospheric Zeeman field, Teff~35000 K, Prot=202.5 min, Mwd=1.2 Msun, and Porb=201.9 min, with references (116) Friedrich et al. 1996, (117) Rana et al. 2005, and (118) Schmidt and Stockman 2001; this is a compact secondary review-table value, not an independent measurement. For IGR J19552+0044, local Table 3 of asynchronous cataclysmic variables lists no B value, Prot=4960, Porb=101.7 min, and Mwd=0.77 Msun with references (56) Thorstensen and Halpern 2013 and (65) Bernardini et al. 2013; this predates Tovmassian+17 and is retained only as historical secondary context. For QQ Vul/1E 2003+22.5, local Table 2 lists Bcyc1=30: MG, no photospheric Zeeman field, no Teff, Prot=222.5 min, and Mwd=0.58 Msun, with references (64) Mukai and Charles 1987, (121) Schwope et al. 2000, and (122) Cropper 1998; this is a compact secondary review-table value, not an independent/direct magnetic-field measurement. For AE Aqr/1E 2037.5-0102, local Table 3 of asynchronous/intermediate-polar systems lists no B value, Prot=33.1 s, Porb=592.8 min, and Mwd=0.63 Msun, with references (66) Welsh et al. 1993, (67) de Jager et al. 1994, and (68) Echevarria et al. 2008; this is a compact secondary review-table value. HU Aqr audit: Table 2 lists HU Aqr/RX J2107.9-0517 with Bcyc1=37 MG, uncertain photospheric Zeeman field BZeem,phot=20: MG, Teff=14000 K, Porb=125.0 min, and M=0.9 Msun, citing refs 6,125,126,127 in that review. Used as a secondary review-table cross-check, not as the primary field measurement. V388 Peg audit: Table 2 lists V388 Peg/RX J2157.5+0855 with B=20: MG and Porb=202.5 min, reference (136) Tovmassian et al. (2000). Used only as a secondary review-table cross-check of the Tovmassian+00 cyclotron-model value. V2400 Oph audit: Table 3 lists V2400 Oph/RX J1712.6-2414 with Bcyc=9-27 MG, Prot=927.7 s, Porb=205.8 min, and mass=0.8 Msun, citing refs (47) Buckley et al. 1995, (48) Vaeth 1997, and (2). Used as a secondary review-table cross-check; Buckley+95_V2400Oph and Vaeth+97_V2400Oph are now locally audited primary sources. Secondary compilation; original measurements preferred.","Ferrario, L., de Martino, D., & Gänsicke, B. T. 2015, Magnetic cataclysmic variables, Space Science Reviews, 191, 111-169.",2015SSRv..191..111F,https://doi.org/10.1007/s11214-015-0152-0,secondary_source_full_text_checked_local_pdf,2026-09-24,,local path verified,,https://doi.org/10.1007/s11214-015-0152-0,https://doi.org/10.1007/s11214-015-0152-0,10.1007/s11214-015-0152-0,,https://doi.org/10.1007/s11214-015-0152-0,stable link,Reachable in automated check
66,Gaensicke+01_ARUMa,Gaensicke et al. (2001),,10.1086/321464,,https://arxiv.org/abs/astro-ph/0103131,present,"Local PDF/text plus arXiv record inspected. HST/STIS low-state AR UMa study: photospheric Ly-alpha Zeeman features in ~200 MG field; rough Twd=20000 +/-5000 K and FUV-only best match ~17000 K; UV cyclotron bumps imply low-level Mdot~1e-13 Msun/yr, B~240 MG northern pole and B>~160 MG/lower-limit southern pole; confirms M6 donor and cites Remillard+94 distance/Porb plus Schmidt+96 ~230 MG IUE field. Single-temperature magnetic-WD models fit poorly, so Teff/topology remain uncertain.","Gänsicke, B. T., Schmidt, G. D., Jordan, S., & Szkody, P. 2001, Phase-resolved Hubble Space Telescope/STIS spectroscopy of the exposed white dwarf in the high-field polar AR Ursae Majoris, ApJ, 555, 380–392.",2001ApJ...555..380G,https://doi.org/10.1086/321464,original_full_text_checked_local_pdf,2026-09-23,,local path verified,,https://arxiv.org/abs/astro-ph/0103131,https://doi.org/10.1086/321464,10.1086/321464,,https://doi.org/10.1086/321464,stable link,Reachable in automated check
67,Gaensicke+04_APCrB,Gänsicke et al. (2004),,10.1086/425141,,https://doi.org/10.1086/425141,present,"arXiv/DOI record inspected: Gaensicke et al. 2004, ApJ Letters 613, L141, DOI 10.1086/425141, ""A 150MG magnetic white dwarf in the cataclysmic variable RX J1554.2+2721"". Abstract verifies HST/STIS Zeeman-split Ly-alpha pi and sigma+ absorption, magnetic-WD model field B~144 MG, and 17000<Teff<23000 K, and identifies AP CrB/RX J1554.2+2721 as then the third CV known with B>100 MG. Current row also uses period/geometry/donor details from the paper text as previously summarized; PDF not local. Full arXiv text checked; Ly-alpha Zeeman fit, Teff discussion, refined period quotation and rejected 31 MG assignment inspected. Full arXiv text checked; FUV Zeeman fit, temperature, refined period quotation, rejected 31 MG assignment.","Gänsicke, B. T., Jordan, S., Beuermann, K., de Martino, D., Szkody, P., Marsh, T., & Thorstensen, J. 2004, A 150 MG magnetic white dwarf in the cataclysmic variable RX J1554.2+2721, ApJ, 613, L141-L144.",2004ApJ...613L.141G,https://doi.org/10.1086/425141,original_full_text_and_selected_pages_visually_checked,2026-09-24,,local path verified,,https://doi.org/10.1086/425141,https://doi.org/10.1086/425141,10.1086/425141,,https://doi.org/10.1086/425141,stable link,Reachable in automated check
68,Gaensicke+05_IPs,Gaensicke et al. (2005),,10.1111/j.1365-2966.2005.09138.x,,https://arxiv.org/abs/astro-ph/0504460,original_full_text_checked_local_pdf,Original full paper and tables checked locally; initial H-alpha period candidate and optical spin retained; prior note saying PDF not local is obsolete.,"Gänsicke, B. T., et al. 2005, Cataclysmic variables from a ROSAT/2MASS selection I: Four new intermediate polars, MNRAS, 361, 141–154.",2005MNRAS.361..141G,https://doi.org/10.1111/j.1365-2966.2005.09138.x,original_full_text_checked_local_pdf,2026-09-24,,local path verified,,https://arxiv.org/abs/astro-ph/0504460,https://doi.org/10.1111/j.1365-2966.2005.09138.x,10.1111/j.1365-2966.2005.09138.x,,https://arxiv.org/abs/astro-ph/0504460,download URL,Reachable in automated check
69,Gaensicke+06_AMHer,Gaensicke et al. (2006),,10.1086/499358,,https://arxiv.org/abs/astro-ph/0511100,web_verified,"arXiv/DOI record inspected: Gaensicke et al. 2006, ApJ, ""FUSE and HST/STIS far-ultraviolet observations of AM Herculis in an extended low state"", DOI 10.1086/499358. Abstract verifies deep-low-state FUSE/STIS spectra dominated by the WD, faint-phase fit Twd=19800 +/-700 K and Mwd=0.78 +0.12/-0.17 Msun adopting Thorstensen distance 79 +8/-6 pc, hot spot 34000-40000 K over ~10 percent of the WD surface, stable low-state FUV properties across 2002/3 epochs, and absence of photospheric metal absorption lines above ~1e-3 solar abundances. PDF not local.; Original local PDF and extracted text checked. Faint-phase 2002-2003 FUSE/STIS fits give Teff=19,800 +/-700 K, Mwd=0.78 (+0.12/-0.17) Msun and Rwd=7.61 (+1.6/-1.0) x 10^8 cm using Thorstensen d=79 (+8/-6) pc and a Wood CO-WD mass-radius relation. The hot cap is 34,000-40,000 K over about 10% of the WD surface; it is not the global photospheric Teff.","Gänsicke, B. T., et al. 2006, FUSE and HST/STIS far-ultraviolet observations of AM Herculis in an extended low state, ApJ, 639, 1039-1052.",2006ApJ...639.1039G,https://doi.org/10.1086/499358,original_full_text_checked_local_pdf,2026-09-24,,local path verified,,https://arxiv.org/abs/astro-ph/0511100,https://doi.org/10.1086/499358,10.1086/499358,,https://doi.org/10.1086/499358,stable link,Reachable in automated check
70,Gaensicke+99_TTAri,Gaensicke et al. (1999),,,,https://www.researchgate.net/publication/234367892_TT_Arietis_the_low_state_revisited,web_verified_author_copy,"Original author-uploaded article/abstract web-verified: Gansicke et al. (1999), A&A 347, 178-184, 'TT Arietis: the low state revisited'. The 1982-85 low-state optical/UV spectroscopy finds the WD and secondary exposed when accretion nearly ceased; the low-state WD model gives Teff~39000 K, while the distance depends strongly on the adopted WD mass (roughly 125-385 pc over their explored mass range). Use this as a low-state model result, not a permanent unambiguous photospheric measurement. TT Ari audit: original author-copy abstract checked; full article/fit tables unavailable. Low-state WD Teff~39000 K and M3.5 are approximate secondary-carried results; TTARI-002 remains open.","Gänsicke, B. T., et al. 1999, “TT Arietis: the low state revisited,” A&A, 347, 178–184.",1999A&A...347..178G,https://ui.adsabs.harvard.edu/abs/1999A%26A...347..178G/abstract,original_author_copy_abstract_only_full_text_not_accessible,2026-09-24,,no local path supplied,,https://www.researchgate.net/publication/234367892_TT_Arietis_the_low_state_revisited,https://ui.adsabs.harvard.edu/abs/1999A%26A...347..178G/abstract,,,https://ui.adsabs.harvard.edu/abs/1999A%26A...347..178G/abstract,stable link,Automated access restricted
71,Garnavich+21_ARSco,Garnavich et al. (2021),,10.3847/1538-4357/abd4db,,https://arxiv.org/abs/2012.09868,original_full_text_checked_local_pdf,Original HST/COS FUV paper checked. Phase-trough spectrum yields WD photospheric estimate 11500±500 K; pulse-linked polar hotspots 23000–28000 K. Ly-alpha non-distortion gives a conditional field upper limit near 100 MG; no direct field detection. Distinguish from Marsh+16 phase-averaged <9750-K non-detection.,"Garnavich, P., Littlefield, C., Lyutikov, M., & Barkov, M. 2021, Peeking Between the Pulses: The Far-UV Spectrum of the Previously Unseen White Dwarf in AR Scorpii, The Astrophysical Journal, 908, 195.",,https://doi.org/10.3847/1538-4357/abd4db,original_full_text_checked_local_pdf; HST_COS_methods_and_figures_checked,2026-09-25,,local path verified,,https://arxiv.org/abs/2012.09868,https://doi.org/10.3847/1538-4357/abd4db,10.3847/1538-4357/abd4db,,https://doi.org/10.3847/1538-4357/abd4db,stable link,Reachable in automated check
72,GreensteinOke+82_RWSex,Greenstein & Oke (1982),,10.1086/160069,,https://adsabs.harvard.edu/pdf/1982ApJ...258..209G,web_verified_primary_ads_pdf,"Original ADS PDF web-verified: Greenstein & Oke (1982), ApJ 258, 209-216, 'RW Sextantis, a disk with a hot, high-velocity wind'. The abstract describes a disk-dominated UV-to-optical spectrum, a near-7000 K red component only under an assumed F-star interpretation, an accretion rate near 1e-8 Msun/yr (possibly up to ~3e-8 in the paper's discussion), UV absorption to terminal velocities ~4500 km/s, and a wind mass-loss estimate near 1e-12 Msun/yr. These are historical disk/wind inferences, not WD Teff or WD magnetic-field measurements. 2026-09-25 source audit: full original text inspected. The ~7000 K continuum component and 400 pc distance are conditional on an F-star interpretation, not WD Teff or adopted distance; Mdot and wind mass-loss rates are model estimates with explicit assumptions.","Greenstein, J. L., & Oke, J. B. 1982, “RW Sextantis, a disk with a hot, high-velocity wind,” ApJ, 258, 209–216.",1982ApJ...258..209G,https://adsabs.harvard.edu/pdf/1982ApJ...258..209G,original_full_text_checked_locally_and_NASA_ADS_PDF;abstract_tables_discussion_and_appendix_checked,2026-09-25,,no local path supplied,,https://adsabs.harvard.edu/pdf/1982ApJ...258..209G,https://adsabs.harvard.edu/pdf/1982ApJ...258..209G,10.1086/160069,,https://adsabs.harvard.edu/pdf/1982ApJ...258..209G,stable link,Reachable in automated check
73,Greiner+98_V1007Her,"Greiner, Schwarz & Wenzel (1998)",,10.1046/j.1365-8711.1998.01469.x,,https://arxiv.org/pdf/astro-ph/9711280,downloaded_and_checked,"Original discovery paper for RX J1724.0+4114. Full local text and relevant source, spectrum, period, geometry, and cyclotron passages checked; selected pages visually rendered.","Greiner, J., Schwarz, R., & Wenzel, W. 1998, Discovery of the high-field polar RX J1724.0+4114, MNRAS, 296, 437–441.",1998MNRAS.296..437G,https://doi.org/10.1046/j.1365-8711.1998.01469.x,original_full_text_checked_local_pdf_and_relevant_pages_rendered,2026-09-24,,local path verified,,https://arxiv.org/pdf/astro-ph/9711280,https://doi.org/10.1046/j.1365-8711.1998.01469.x,10.1046/j.1365-8711.1998.01469.x,,https://arxiv.org/pdf/astro-ph/9711280,download URL,Reachable in automated check
74,Harrison+14_ZCam,Harrison (2014),,10.1088/2041-8205/791/1/L18,,https://doi.org/10.1088/2041-8205/791/1/L18,web_verified,Original abstract and indexed author text checked; direct full-text download failed. Coppejans+16 reports the 12-micron peak flux and summarizes the WISE variability as likely synchrotron near optical outburst maximum. This is not evidence identifying the 8-12 GHz emission mechanism.,"Harrison, T. E. 2014, The WISE Light Curves of Z Camelopardalis During Outburst: Evidence for Synchrotron Emission?, ApJL, 791, L18.",2014ApJ...791L..18H,https://doi.org/10.1088/2041-8205/791/1/L18,original_abstract_and_author_text_index_checked;direct_full_text_fetch_unavailable;Coppejans_table_crosschecked,2026-09-25,,no local path supplied,,https://doi.org/10.1088/2041-8205/791/1/L18,https://doi.org/10.1088/2041-8205/791/1/L18,10.1088/2041-8205/791/1/L18,,https://doi.org/10.1088/2041-8205/791/1/L18,stable link,Reachable in automated check
75,Harrison+18,Harrison et al. (2018),,10.3847/2515-5172/aabd39,,https://ui.adsabs.harvard.edu/abs/2018RNAAS...2....5H/abstract,web_verified_primary_metadata,"Original NASA ADS/Crossref bibliographic record web-verified: Harrison (2018), Research Notes of the AAS 2, 5, 'The Magnetic Field Strength and Probable Orbital Period for the Polar RX J0502.8+1624', DOI 10.3847/2515-5172/aabd39. The publisher and ADS PDF mirrors were blocked by bot protection in this pass, so the quantitative B=12.3 MG, shock temperature kT=14 keV, and candidate periods 1.55 h or 3.11 h remain secondary-traced from Littlefield+20 rather than directly extracted from the original note.","Harrison, T. E. 2018, The Magnetic Field Strength and Probable Orbital Period for the Polar RX J0502.8+1624, Research Notes of the AAS, 2, 5.",2018RNAAS...2....5H,https://doi.org/10.3847/2515-5172/aabd39,primary_metadata_verified_original_full_text_inaccessible,2026-09-23,,no local path supplied,,https://ui.adsabs.harvard.edu/abs/2018RNAAS...2....5H/abstract,https://doi.org/10.3847/2515-5172/aabd39,10.3847/2515-5172/aabd39,,https://doi.org/10.3847/2515-5172/aabd39,stable link,Reachable in automated check
76,Hartley+05_V3885Sgr,Hartley et al. (2005),,10.1111/j.1365-2966.2005.09577.x,,https://academic.oup.com/mnras/article/363/1/285/1301772,web_verified,"arXiv record inspected. MNRAS paper on spectroscopy/Doppler tomography of V3885 Sgr. Abstract verifies broad disk absorption/emission, anti-phased narrow emission consistent with irradiated secondary, He II/N III/C III/C IV likely formed in outflow, q>0.7, M1 constrained to 0.55-0.80 Msun, i>65 deg, and first unambiguous detection of spiral waves in a novalike disk. Full PDF not downloaded locally in this pass. Audit update: original full text and relevant tables checked; model/measurement distinctions entered in the source ledger.","Hartley et al. 2005, Spiral waves and the secondary star in the nova-like variable V3885 Sgr, MNRAS, 363, 285–300.",2005MNRAS.363..285H,https://academic.oup.com/mnras/article/363/1/285/1301772,original_full_text_checked_locally,2026-09-25,,local path verified,,https://academic.oup.com/mnras/article/363/1/285/1301772,https://academic.oup.com/mnras/article/363/1/285/1301772,10.1111/j.1365-2966.2005.09577.x,,https://academic.oup.com/mnras/article/363/1/285/1301772,stable link,Automated access restricted
77,Hartley+05_ZCam,Hartley et al. (2005),,10.1086/428375,,https://doi.org/10.1086/428375,web_verified,"Original abstract accessible but full article text not retrieved. The 57,000 K uniform WD model, alternative 72,000/26,000 K surface model, and recent-outburst context are documented in the abstract and checked against later full-text summaries. Do not imply a full-original-text review.","Hartley, L. E., Long, K. S., Froning, C. S., & Robinson, E. L. 2005, The Far-Ultraviolet Spectrum of Z Camelopardalis in Quiescence and Standstill, ApJ, 623, 425–441.",2005ApJ...623..425H,https://doi.org/10.1086/428375,original_abstract_only;values_crosschecked_in_AraujoBetancor_2005_and_Harrison_2018,2026-09-25,,no local path supplied,,https://doi.org/10.1086/428375,https://doi.org/10.1086/428375,10.1086/428375,,https://doi.org/10.1086/428375,stable link,Reachable in automated check
78,HellierBeardmore+02_V2400Oph,Hellier & Beardmore (2002),,10.1046/j.1365-8711.2002.05199.x,,https://arxiv.org/abs/astro-ph/0201473,present,"MNRAS/arXiv paper retrieved and text-extracted locally. RXTE observations confirm X-rays pulse at the 1003 s beat cycle, with no X-ray orbital/spin modulation; optical line profiles vary on orbital, spin, and beat cycles. The authors adopt a low inclination near 10 deg, argue only about 25 percent of accreting material participates in pole-flipping, and infer much of the flow is a ring/structure of dense diamagnetic blobs rather than a coherent stream or conventional disk. They cite Buckley+95/Vaeth+97 for B=9-27 MG and use Mwd=0.80 Msun and M2=0.37 Msun only as simulation/adopted parameters, not measurements.","Hellier, C., & Beardmore, A. P. 2002, MNRAS, 331, 407–416.",2002MNRAS.331..407H,https://doi.org/10.1046/j.1365-8711.2002.05199.x,original_full_text_checked_locally,2026-09-24,,local path verified,,https://arxiv.org/abs/astro-ph/0201473,https://doi.org/10.1046/j.1365-8711.2002.05199.x,10.1046/j.1365-8711.2002.05199.x,,https://arxiv.org/abs/astro-ph/0201473,download URL,Reachable in automated check
79,Hoard+01_CMPhe,Hoard et al. (2001),,10.1086/319541,,https://doi.org/10.1086/319541,web_verified_primary_abstract,"Original article abstract web-verified: Hoard, Wachter & Kim-Quijano (2001), PASP 113, 482-489, 'Optical Photometry of the Double-lined Cataclysmic Variable Phoenix 1'. The abstract reports candidate periods 0.1344 d and 0.2683 d, favors the longer double-wave/ellipsoidal interpretation less strongly, and identifies an M2-5 secondary; it explicitly states that the true orbital period remains ambiguous. The later Woudt & Warner+02 alias choice of 0.2689 d is therefore kept with its own provenance and caveat.; CM Phe structured audit: abstract reports candidate 0.1344 d and 0.2683 d periods and leaves the true orbital period ambiguous; detailed full text inaccessible.","Hoard, D. W., Wachter, S., & Kim-Quijano, M. J. 2001, PASP, 113, 482–489.",2001PASP..113..482H,https://doi.org/10.1086/319541,primary_abstract_web_checked_full_text_inaccessible,2026-09-25,,local path verified,,https://doi.org/10.1086/319541,https://doi.org/10.1086/319541,10.1086/319541,,https://doi.org/10.1086/319541,stable link,Reachable in automated check
80,Hoard+07,Hoard et al. (2007),,10.1086/522694,,https://arxiv.org/abs/0708.2729,present,"Local PDF/text and arXiv record inspected. Spitzer IRS mid-IR SED of EF Eri; model uses 9500 K WD, L5 donor, B~13 MG cyclotron component, and optically thin circumbinary dust; cyclotron not dominant beyond ~3 micron.","Hoard, D. W., Howell, S. B., Brinkworth, C. S., Ciardi, D. R., & Wachter, S. 2007, The mid-infrared spectrum of the short orbital period polar EF Eridani from the Spitzer Space Telescope, ApJ, 671, 734–740.",2007ApJ...671..734H,https://doi.org/10.1086/522694,original_full_text_checked_local_pdf,2026-09-23,,local path verified,,https://arxiv.org/abs/0708.2729,https://doi.org/10.1086/522694,10.1086/522694,,https://doi.org/10.1086/522694,stable link,Reachable in automated check
81,Howell+06,Howell et al. (2006),,10.1086/507603,,https://arxiv.org/abs/astro-ph/0607140,present,"Local PDF/text and arXiv record inspected. ApJ 652:709-723. Reports EF Eri low-state Zeeman-split WD absorption, B=13.8 +/-1 MG surface field, spectroscopic ephemeris T0=HJD2453716.61108(5)+0.05626586(80)E, H-alpha from substellar companion/chromospheric activity, and conditional M2=0.055 Msun for Mwd=0.6 or 0.087 Msun for Mwd=0.95.","Howell, S. B., Walter, F. M., Harrison, T. E., Huber, M. E., Becker, R. H., White, R. L., & Szkody, P. 2006, Mass determination and detection of the onset of chromospheric activity for the sub-stellar object in EF Eridani, ApJ, 652, 709–723.",2006ApJ...652..709H,https://doi.org/10.1086/507603,original_full_text_checked_local_pdf,2026-09-23,,local path verified,,https://arxiv.org/abs/astro-ph/0607140,https://doi.org/10.1086/507603,10.1086/507603,,https://doi.org/10.1086/507603,stable link,Reachable in automated check
82,Howell+06_VVPup,Howell et al. (2006),,10.1086/500540,,https://arxiv.org/abs/astro-ph/0512339,downloaded_arXiv_full_text_checked,Full arXiv PDF downloaded and checked locally. Low-state IR spectroscopy: active pole 30.5 MG; normal M7V donor; K2=414±27 km/s; M1=.73±.05 M_sun; M2=.10±.02 M_sun; adopted i=75±6 deg; low-state Mdot≈10^-13 M_sun/yr. Walker ephemeris quoted as HJD 2427889.6474+0.0697468256E. Local Howell+06.pdf is a different EF Eri article.,"Howell, S. B., Harrison, T. E., Campbell, R. K., Cordova, F. A., & Szkody, P. 2006, Low State, Phase-Resolved IR Spectroscopy of VV Puppis, The Astronomical Journal, 131, 2216–2222.",2006AJ....131.2216H,https://doi.org/10.1086/500540,original_full_text_downloaded_and_checked_locally,2026-09-25,,local path verified,,https://arxiv.org/abs/astro-ph/0512339,https://doi.org/10.1086/500540,10.1086/500540,,https://doi.org/10.1086/500540,stable link,Reachable in automated check
83,HowellCiardi+01,Howell Ciardi et al. (2001),,10.48550/arXiv.astro-ph/0101572,,https://arxiv.org/abs/astro-ph/0101572,present,"Local PDF/text and arXiv record inspected. K-band spectroscopy of LL And and EF Eri; for EF Eri reports water absorption consistent with L4-5/L5 donor, Teff~1650 K, theoretical secondary mass 0.04-0.055 Msun, and brown-dwarf-like/post-period-minimum interpretation.","Howell, S. B. & Ciardi, D. R. 2001, Spectroscopic discovery of brown dwarf-like secondary stars in the cataclysmic variables LL Andromedae and EF Eridani, ApJL, 550, L57–L59.",2001ApJ...550L..57H,https://doi.org/10.1086/319499,original_full_text_checked_local_pdf,2026-09-23,,local path verified,,https://arxiv.org/abs/astro-ph/0101572,https://doi.org/10.1086/319499,10.48550/arXiv.astro-ph/0101572,,https://doi.org/10.1086/319499,stable link,Reachable in automated check
84,Johnson+14_V603Aql,Johnson et al. (2014),,10.1088/2041-8205/780/2/L25,,https://arxiv.org/abs/1310.6802,web_verified,"Web/arXiv record inspected. Nova Aquilae 1918 / V603 Aql long-baseline light-curve paper, published in ApJ Letters 780, L25. Uses 22721 archival magnitudes from 1898-1918 and 1934-2013, transformed to Johnson B/V, and finds V603 Aql faded at 0.44 +/-0.04 mag per century since 1938 after the 1918 eruption had ended. Used for evolutionary/hibernation context only; it does not provide WD/donor component parameters.","Johnson, B. D., Sion, E. M., Szkody, P., et al. 2014, Nova Aquilae 1918 (V603 Aql) Faded by 0.44 mag/century from 1938–2013, The Astrophysical Journal Letters, 780, L25.",2014ApJ...780L..25J,https://arxiv.org/abs/1310.6802,original_full_text_checked_locally,2026-09-25,,no local path supplied,,https://arxiv.org/abs/1310.6802,https://arxiv.org/abs/1310.6802,10.1088/2041-8205/780/2/L25,,https://arxiv.org/abs/1310.6802,stable link,Reachable in automated check
85,Kafka+07_STLMi,Kafka et al. (2007),,10.1086/511785,,https://arxiv.org/abs/astro-ph/0612298,present,"Local PDF/text plus arXiv record inspected. AJ 133, 1645. Photometric/spectroscopic study of ST LMi in 2005-2006 high/low states. Confirms 114 min synchronized polar context and one-pole accretor literature. Reports extreme low state near V~18.5, low-state V~17.5 with occasional low-level accretion, TiO-dominated low-state spectra, and H-alpha structure from the secondary when accretion ceases. Identifies the broad 6275 Angstrom feature as H-alpha sigma-minus Zeeman absorption from the WD photosphere/near-pole region; 340 Angstrom separation from H-alpha pi implies B=16.8 MG, explicitly noting this surface value differs from cyclotron-hump/accretion-column estimates.; Full local paper checked. The 6275-A H-alpha sigma-minus Zeeman feature gives 16.8 MG from a 340-A separation; it is visible at selected phases and traces a pole-facing photospheric/near-pole region, not a global mean field. The paper distinguishes it from cyclotron field estimates formed in the accretion column.","Kafka, S., Howell, S. B., Honeycutt, R. K., Robertson, J. W., & other coauthors 2007, A photometric and spectroscopic study of the cataclysmic variable ST LMi during 2005–2006, AJ, 133, 1645–1657.",2007AJ....133.1645K,https://doi.org/10.1086/511785,original_full_text_checked_local_pdf,2026-09-23,,local path verified,,https://arxiv.org/abs/astro-ph/0612298,https://doi.org/10.1086/511785,10.1086/511785,,https://doi.org/10.1086/511785,stable link,Reachable in automated check
86,Kaitchuck+89_RXAnd,Kaitchuck (1989),,10.1086/132587,,https://ui.adsabs.harvard.edu/abs/1989PASP..101.1129K/abstract,web_verified_primary_metadata,"Original NASA ADS bibliographic page web-verified: Kaitchuck (1989), PASP 101, 1129, 'The Orbital Period of RX Andromedae'. The primary record confirms the timing paper and its DOI; the exact ephemeris value 0.209893(1) d remains carried from Coppejans+16 because the ADS record exposes no abstract text in this session. The exact period 0.209893(1) d is checked in Coppejans+16 Table 1 with the attribution to this paper; primary article text remains inaccessible in this pass.","Kaitchuck, R. H. 1989, The Orbital Period of RX Andromedae, PASP, 101, 1129–1131.",1989PASP..101.1129K,https://doi.org/10.1086/132587,primary_ADS_bibliographic_record_checked; exact_ephemeris_secondary_carried_from_Coppejans+16; full_text_not_accessed,2026-09-24,,no local path supplied,,https://ui.adsabs.harvard.edu/abs/1989PASP..101.1129K/abstract,https://doi.org/10.1086/132587,10.1086/132587,,https://doi.org/10.1086/132587,stable link,Reachable in automated check
87,Kato+18_IWAnd,Kato (2019),,10.1093/pasj/psy138,,https://arxiv.org/abs/1811.05038,downloaded,"Downloaded arXiv PDF and text-extracted to tmp/pdfs/text/Kato+18_IWAnd.txt. Crossref metadata verified earlier in this session: PASJ, Three Z Camelopardalis-type dwarf novae exhibiting IW Andromedae-type phenomenon, DOI 10.1093/pasj/psy138. IM Eri audit: identifies IM Eri with V507 Cyg and FY Vul as Z Cam-type dwarf novae showing IW And-type standstill-brightening-damping oscillation sequences; Fig. 3 shows cycles throughout ASAS-SN observations. No stellar component parameters measured.","Kato, T. 2019, Three Z Camelopardalis-type dwarf novae exhibiting IW Andromedae-type phenomenon, PASJ, 71, 20.",2019PASJ...71...20K,https://doi.org/10.1093/pasj/psy138,original_full_text_checked_locally;Figure_3_and_classification_checked,2026-09-24,,local path verified,,https://arxiv.org/abs/1811.05038,https://doi.org/10.1093/pasj/psy138,10.1093/pasj/psy138,,https://arxiv.org/abs/1811.05038,download URL,Reachable in automated check
88,Kato+19_IMEri,Kato et al. (2020),,10.1093/pasj/psz130,,https://arxiv.org/abs/1911.01587,downloaded,"Downloaded arXiv PDF and text-extracted to tmp/pdfs/text/Kato+19_IMEri.txt. arXiv record lists related DOI 10.1093/pasj/psz130 and accepted PASJ publication. IM Eri audit: 2018 IW And-type state, three cycles of damping oscillation terminated by brightening; two periods 4-5 d and 34-43 d; behavior typical of IW And-type object and compatible with thermal-viscous disk instability in a tilted disk. Negative superhumps were not detected in the 2018 IW And state, in contrast to Armstrong+13 2012 novalike-state negative superhumps. No WD/donor component parameters measured.","Kato, T., et al. 2020, IW And-type state in IM Eridani, PASJ, 72, 11.",2020PASJ...72...11K,https://doi.org/10.1093/pasj/psz130,original_full_text_checked_locally_and_online;relevant_sections_and_figures_checked,2026-09-24,,local path verified,,https://arxiv.org/abs/1911.01587,https://doi.org/10.1093/pasj/psz130,10.1093/pasj/psz130,,https://arxiv.org/abs/1911.01587,download URL,Reachable in automated check
89,Kato+23_ARUMa,Kato (2023),,10.48550/arXiv.2305.13754,,https://arxiv.org/abs/2305.13754,present,"Local PDF/text plus arXiv record inspected. Long-term photometry of AR UMa: long-lasting high state began in 2022 Oct after ~8 yr or more mostly low state and three short-lived precursor brightenings; refined best orbital period P=0.08050066(1) d, consistent with Schmidt+99 radial-velocity period.","Kato, T. 2023, Long-term photometry of AR UMa during an unusually long high state, arXiv:2305.13754.",2023arXiv230513754K,https://arxiv.org/abs/2305.13754,original_full_text_checked_local_preprint,2026-09-23,,local path verified,,https://arxiv.org/abs/2305.13754,https://arxiv.org/abs/2305.13754,10.48550/arXiv.2305.13754,,https://arxiv.org/abs/2305.13754,stable link,Reachable in automated check
90,Katz+17_ARSco,Katz et al. (2017),,10.3847/1538-4357/835/2/150,,https://arxiv.org/abs/1609.07172,original_full_text_checked_local_pdf,"Original model paper checked. Abstract order-of-magnitude field is ~100 G at companion and ~1e8 G at WD, while Table 1 vacuum-dipole spin-down alternatives give mu=4.3e34–1.5e35*csc(theta) G cm3 and Bp=1.1e9–3.6e9*csc(theta) G across WD masses. These are different model claims, not measurements.","Katz, J. I. 2017, AR Sco: A Precessing White Dwarf Synchronar?, The Astrophysical Journal, 835, 150.",2017ApJ...835..150K,https://doi.org/10.3847/1538-4357/835/2/150,original_full_text_checked_local_pdf; equations_and_tables_checked,2026-09-25,,local path verified,,https://arxiv.org/abs/1609.07172,https://doi.org/10.3847/1538-4357/835/2/150,10.3847/1538-4357/835/2/150,,https://arxiv.org/abs/1609.07172,download URL,Reachable in automated check
91,Khangale+20,Khangale et al. (2020),,10.1093/mnras/staa080,,https://arxiv.org/abs/2001.06036,present,"Local PDF/text and arXiv record inspected for UZ For. MNRAS accepted paper with simultaneous SALT/MeerKAT observations. Reports dM4.5 secondary from literature, Porb~126.5 min, MeerKAT peak 30.7 +/-5.4 microJy/beam at 1.28 GHz, Doppler-map model M1=0.71 Msun/q=0.2/i=81 deg, circularly polarized cyclotron humps at ~4500, 6000, 7700/7800 A as n=4,3,2, B~57 MG, and caveat that one field/one spot may not fit all humps. UZ For: local full paper checked. Adds the SALT/MeerKAT 2018 data, 57 MG cyclotron overlay, phase-dependent optical polarization and caveats for a second spot/pole; quotes a disputed earlier VLA flux from Barrett+17.","Khangale, Z. N., Woudt, P. A., Potter, S. B., et al. 2020, A spectroscopic, photometric, polarimetric, and radio study of the eclipsing polar UZ Fornacis: the first simultaneous SALT and MeerKAT observations, Monthly Notices of the Royal Astronomical Society, 492, 4298–4312.",2020MNRAS.492.4298K,https://doi.org/10.1093/mnras/staa080,original_full_text_checked_local_pdf,2026-09-23,,local path verified,,https://arxiv.org/abs/2001.06036,https://doi.org/10.1093/mnras/staa080,10.1093/mnras/staa080,,https://arxiv.org/abs/2001.06036,download URL,Reachable in automated check
92,Knigge+06_DonorSequence,Knigge (2006),,10.1111/j.1365-2966.2006.11096.x,,https://ui.adsabs.harvard.edu/abs/2006MNRAS.373..484K/abstract,original_full_text_checked_local_pdf_tables_and_equations_checked,"Original NASA ADS abstract web-verified: Knigge (2006), MNRAS 373, 484-502, 'The donor stars of cataclysmic variables'. The paper builds a complete semi-empirical donor sequence for CVs with Porb <= 6 h and provides donor masses, spectral types, temperatures, radii, and other physical/photometric parameters as functions of orbital period. RX And K5±2 classification is a donor-sequence classification cited by Coppejans+16, not a direct RX And spectrum; Harrison+18 infrared/EQW work favors M2 with contamination caveats.; Table 1 gives superhump-derived, correlated donor estimates for SU UMa: M2=0.105±0.023 M⊙, R2=0.167±0.012 R⊙ at Porb=1.8324 h; errors do not include all calibration/systematic uncertainty. Table 2 contains no observed SU UMa donor spectral type. The nearby semi-empirical donor-sequence node is not an object-specific measurement.; Full Table 1/2/3 and Eq. 6 checked locally for SU UMa. The M2/R2 values are correlated superhump-based estimates; no direct donor spectral type appears in Table 2.","Knigge, C. 2006, The donor stars of cataclysmic variables, MNRAS, 373, 484–502.",2006MNRAS.373..484K,https://doi.org/10.1111/j.1365-2966.2006.11096.x,original_full_text_checked_Table1_Table2_Table3_and_Eq6,2026-09-25,,local path verified,,https://ui.adsabs.harvard.edu/abs/2006MNRAS.373..484K/abstract,https://doi.org/10.1111/j.1365-2966.2006.11096.x,10.1111/j.1365-2966.2006.11096.x,,https://doi.org/10.1111/j.1365-2966.2006.11096.x,stable link,Automated access restricted
93,Koerding+08_SSCyg,Koerding et al. (2008),,10.1126/science.1155492,,https://arxiv.org/abs/0806.1002,original_full_text_checked_local_pdf,Original full text checked locally. The source is a dwarf nova; its short outburst radio flare is interpreted as synchrotron from an outflow. Flux chronology and spectral/polarization details are retained separately from later Russell+16 campaign measurements.,"Körding, E. G., Rupen, M., Knigge, C., Fender, R., Dhawan, V., Templeton, M., & Muxlow, T. 2008, A transient radio jet in an erupting dwarf nova, Science, 320, 1318–1321.",2008Sci...320.1318K,https://doi.org/10.1126/science.1155492,original_full_text_checked_local_pdf,2026-09-25,,local path verified,,https://arxiv.org/abs/0806.1002,https://doi.org/10.1126/science.1155492,10.1126/science.1155492,,https://arxiv.org/abs/0806.1002,download URL,Reachable in automated check
94,Koerding+11_V3885Sgr,Koerding et al. (2011),,10.1111/j.1745-3933.2011.01158.x,,https://academic.oup.com/mnrasl/article/418/1/L129/1021740,web_verified_primary_abstract,"Original NASA ADS abstract web-verified: Koerding, Knigge, Tzioumis & Fender (2011), MNRAS Letters 418, L129-L132, 'Detection of radio emission from a nova-like cataclysmic variable: evidence of jets?'. The paper presents the first reproducible radio detection of a stable nova-like CV, V3885 Sgr, and concludes that optically thin synchrotron emission from a jet is the most likely origin; IX Vel and AC Cnc were not confirmed at comparable sensitivity. Audit update: original full text and relevant tables checked; model/measurement distinctions entered in the source ledger.","Körding, E., Rupen, M., Knigge, C., et al. 2011, Detection of radio emission from a nova-like cataclysmic variable: evidence of jets?, MNRAS Letters, 418, L129–L132.",2011MNRAS.418L.129K,https://academic.oup.com/mnrasl/article/418/1/L129/1021740,original_publisher_full_text_checked_locally,2026-09-25,,local path verified,,https://academic.oup.com/mnrasl/article/418/1/L129/1021740,https://academic.oup.com/mnrasl/article/418/1/L129/1021740,10.1111/j.1745-3933.2011.01158.x,,https://academic.oup.com/mnrasl/article/418/1/L129/1021740,stable link,Automated access restricted
95,Kolbin+22,Kolbin et al. (2022),,10.1093/mnras/stab3676,,https://arxiv.org/abs/2212.12464,present,"Local PDF/text and arXiv record inspected for BS Tri. MNRAS 511, 20-30. Reports P_orb=0.0668810424(2) d from Borisov+15, Q=5.12 +/-0.35, i=85 +/-0.5 deg, M1=0.60 +/-0.04 Msun, M2=0.116 (~0.12) Msun, R1=0.0125 +/-0.0005 Rsun, R2=0.155 Rsun, accretion-spot cyclotron B=22.7 +/-0.4 MG with Te~7.5 keV, H-alpha Zeeman cool-halo feature B=21.5 +/-1 MG, and assumed irradiated-donor atmosphere Teff=3250 K/logg=5.0. No measured WD photospheric Teff or donor spectral subtype found. Rechecked full text: corrected irradiated-donor K2=390±11 km/s and f(M)=0.411±0.003 Msun. Eclipse/evolutionary-radius model (Roche filling, donor inflation factor 1.15) gives Q=M1/M2=5.12±0.35, i=85±0.5 deg, M1=0.60±0.04 Msun, M2≈0.116 Msun (no formal uncertainty), R1=0.0125±0.0005 Rsun, R2=0.155 Rsun and a=0.62±0.01 Rsun; separate stream tomography gives Q≈6.5 and conflicts with the eclipse solution. Teff=3250 K/log g=5 and Lx=1e32 erg/s are assumed inputs to irradiation corrections. Halpha Zeeman features are assigned to a cool halo near the accretion spot, not WD photosphere. No WD Teff, cooling age, moment or global WD field found.","Kolbin, A. I., Borisov, N. V., Serebriakova, N. A., et al. 2022, On accretion in the eclipsing polar BS Tri, MNRAS, 511, 20–30.",2022MNRAS.511...20K,https://doi.org/10.1093/mnras/stab3676,original_full_text_checked_local_pdf_arxiv_html,2026-09-23,,local path verified,,https://arxiv.org/abs/2212.12464,https://doi.org/10.1093/mnras/stab3676,10.1093/mnras/stab3676,,https://arxiv.org/abs/2212.12464,download URL,Reachable in automated check
96,Kolbin+23_BMCrB,Kolbin et al. (2023),,10.1134/S1063773723030040,,https://arxiv.org/pdf/2304.13655,present_original_full_text_checked_locally,"Correct BM CrB original; prior local-path concern is resolved. Full 13-page translation checked, including Table 1, period/ephemeris, Zeeman discussion, stream model, cyclotron model, and conclusions. Szkody+05 values remain secondary-cited in this paper.","Kolbin, A. I., Borisov, N. V., Burenkov, A. N., Spiridonova, O. I., Bikmaev, I. F., & Suslikov, M. V. 2023, Optical study of the polar BM CrB in low accretion state, Astronomy Letters, 49, 129–140.",2023AstL...49..129K,https://arxiv.org/abs/2304.13655,original_full_text_checked_locally; DOI metadata checked; authenticated ADS query unavailable,2026-09-24,,local path verified,,https://arxiv.org/pdf/2304.13655,https://arxiv.org/abs/2304.13655,10.1134/S1063773723030040,,https://arxiv.org/abs/2304.13655,stable link,Reachable in automated check
97,Kolbin+23_FRLyn,Kolbin et al. (2023),,10.1134/s1063773723080029,,https://arxiv.org/abs/2308.04597,original_full_text_checked_arxiv_2308.04597,"Full paper checked locally (arXiv:2308.04597v1), including figures/captions and references. Pbeat 24.6±0.1 d; Pspin 113.197±0.001 min; Porb 113.55984±0.001 min; H-beta mean visible WD photospheric field 28.5±1.5 MG; cyclotron spot B~34 MG with Te=10 keV. Article states 0.3% asynchronism although signed 1-Porb/Pspin is negative. Historical 44 MG/30% optical CP are reports about Szkody+05; original Szkody body unavailable.","Kolbin, A. I., Suslikov, M. V., Kochkina, V. Yu., Borisov, N. V., Burenkov, A. N., & Oparin, D. V. 2023, “SDSS J085414.02+390537.3—a new asynchronous polar,” Astronomy Letters, 49, 475–485.",2023AstL...49..475K,https://ui.adsabs.harvard.edu/abs/2023AstL...49..475K/abstract,original_full_text_checked_locally_and_rendered,2026-09-25,,local path verified,,https://arxiv.org/abs/2308.04597,https://ui.adsabs.harvard.edu/abs/2023AstL...49..475K/abstract,10.1134/s1063773723080029,,https://doi.org/10.1134/s1063773723080029,DOI,Reachable in automated check
98,Kube+00,Kube et al. (2000),,10.48550/arXiv.astro-ph/9912442,,https://arxiv.org/abs/astro-ph/9912442,present,"Local PDF/text and arXiv record inspected. Eclipse mapping of UZ For HST/FOS C IV stream emission. Table 3 adopts BaileyCropper+91 geometry Q=M1/M2=5, Mtot=0.85 Msun, P=126.526229 min, a=5.49e10 cm, i=81 deg, R1=7.53e8 cm; implies M1=0.708 Msun and M2=0.142 Msun. Cites earlier identification and B=53 MG cyclotron radiation from Beuermann+88_UZFor; no WD Teff/donor Teff measurement. UZ For: local full paper checked. Table 3 adopts, rather than independently measures, the system geometry Q=M1/M2=5 and total mass 0.85 Msun; resulting component masses and radii are model-derived.","Kube, J., Gänsicke, B. T., & Beuermann, K. 2000, Eclipse Mapping of the Accretion Stream in UZ Fornacis, Astronomy & Astrophysics, 356, 490–500.",2000A&A...356..490K,https://arxiv.org/abs/astro-ph/9912442,original_full_text_checked_local_pdf,2026-09-23,,local path verified,,https://arxiv.org/abs/astro-ph/9912442,https://arxiv.org/abs/astro-ph/9912442,10.48550/arXiv.astro-ph/9912442,,https://arxiv.org/abs/astro-ph/9912442,stable link,Reachable in automated check
99,Langford+22_V2400Oph,Langford et al. (2022),,10.3847/1538-3881/ac3010,,https://arxiv.org/abs/2112.07729,present,"AJ/arXiv paper retrieved and text-extracted locally. K2 74.19 d, 1-min cadence V2400 Oph analysis: measures Pbeat=1003.4 +/-0.2 s and Pspin=927.7 +/-0.1 s; no orbital-frequency power at Omega=7.024 cycles/d; QPOs appear at 2-9 cycles/d and dominate short segments. The paper states V2400 Oph has proposed B=9-27 MG from Vaeth+97, component masses M1/M2 are unknown, and Mwd=0.8 Msun plus M2=0.2-0.3 Msun are only illustrative values for QPO/circularization calculations. It supports a diamagnetic-blob interpretation for the complex accretion variability.","Langford, C. C., Littlefield, C., Garnavich, P., et al. 2022, AJ, 163, 118.",2022AJ....163..118L,https://doi.org/10.3847/1538-3881/ac3010,original_full_text_checked_locally,2026-09-24,,local path verified,,https://arxiv.org/abs/2112.07729,https://doi.org/10.3847/1538-3881/ac3010,10.3847/1538-3881/ac3010,,https://doi.org/10.3847/1538-3881/ac3010,stable link,Reachable in automated check
100,Li+16_AEAqr,Li et al. (2016),,10.3847/0004-637X/832/1/35,,https://arxiv.org/abs/1608.06662,original_full_text_checked_locally,"Downloaded arXiv PDF and text-extracted to tmp/pdfs/text/Li+16_AEAqr.txt. Fermi-LAT plus X-ray timing study of AE Aqr; audited for no steady/pulsed gamma-ray detection, 100 MeV-300 GeV flux upper limit 1.3e-12 erg cm^-2 s^-1, extended spin ephemeris T0=45171.500042 barycentered MJD, P=0.00038283263840 d (33.07673996 s), Pdot=5.642e-14 d/d, Pddot=3.43e-19 d^-1, Porb=0.411655610 d, and aWD sin i=2.04 s. Field discussion is explicitly model-dependent: expected B~0.3-30 MG from typical IP/polar magnetic moments plus literature estimates <=2 MG, 1-5 MG, and ~50 MG; no direct surface field measurement.","Li, K.-L., Takata, J., Lazarian, A., et al. 2016, A Multiwavelength Timing Study of AE Aquarii: Evidence for a Pulsar-like White Dwarf?, ApJ, 832, 35.",2016ApJ...832...35L,https://doi.org/10.3847/0004-637X/832/1/35,original_full_text_checked_locally,2026-09-24,,local path verified,,https://arxiv.org/abs/1608.06662,https://doi.org/10.3847/0004-637X/832/1/35,10.3847/0004-637X/832/1/35,,https://doi.org/10.3847/0004-637X/832/1/35,stable link,Reachable in automated check
101,Linnell+07_IXVel,Linnell et al. (2007),,10.1086/517965,,https://arxiv.org/pdf/astro-ph/0612657,original_full_text_checked,"Full 53-page text checked, including Tables 5 and 9. Final model values are Mwd=0.80±0.2 Msun, Msec=0.52±0.10 Msun, Mdot=5±1e-9 Msun/yr, i=57±2 deg, Twd=60000±10000 K, Rwd=0.0150 Rsun and log g=7.99. WD temperature is adopted from Long+94 context; donor subtype M2 is mass-sequence inference.","Linnell, A. P., Godon, P., Sion, E. M., & McCandliss, S. R. 2007, A Synthetic Spectrum and Light-Curve Analysis of the Cataclysmic Variable IX Velorum, ApJ, 662, 1204–1219.",2007ApJ...662.1204L,https://ui.adsabs.harvard.edu/abs/2007ApJ...662.1204L/abstract,original_full_arxiv_v2_text_and_tables_checked_locally,2026-09-25,,local path verified,,https://arxiv.org/pdf/astro-ph/0612657,https://ui.adsabs.harvard.edu/abs/2007ApJ...662.1204L/abstract,10.1086/517965,,https://doi.org/10.1086/517965,DOI,Reachable in automated check
102,Linnell+09_V3885Sgr,Linnell et al. (2009),,10.1088/0004-637X/703/2/1839,,https://arxiv.org/abs/0908.1525,web_verified,"arXiv record inspected. ApJ combined FUSE+HST/STIS synthetic-spectrum analysis of V3885 Sgr. Abstract verifies standard optically thick disk model plus WD contribution using Mwd=0.70 +/-0.10 Msun, M2=0.475 Msun, i=65 +/-2 deg, Twd=57000 +/-5000 K, donor pole Teff=3650 +/-100 K, Hipparcos distance 110 +/-30 pc, and Mdot=5.0 +/-2.0e-9 Msun/yr. These are model/adopted parameters for FUV disk+WD fitting, not a dynamical mass measurement or direct donor atmospheric measurement. Full PDF not downloaded locally in this pass. Audit update: original full text and relevant tables checked; model/measurement distinctions entered in the source ledger.","Linnell, A. P., Godon, P., Hubeny, I., et al. 2009, V3885 Sagittarius: a Comparison with a Range of Standard Model Accretion Disks, ApJ, 703, 1839.",2009ApJ...703.1839L,https://arxiv.org/abs/0908.1525,original_full_text_checked_locally,2026-09-25,,local path verified,,https://arxiv.org/abs/0908.1525,https://arxiv.org/abs/0908.1525,10.1088/0004-637X/703/2/1839,,https://arxiv.org/abs/0908.1525,stable link,Reachable in automated check
103,Linnell+10_RWSex,Linnell et al. (2010),,10.1088/0004-637X/719/1/271,,https://arxiv.org/abs/1006.2832,web_verified,"arXiv record inspected. UV synthetic-spectrum modelling of RW Sex. Abstract verifies that a standard disk model is too blue, disk temperature profile must be flattened, optimum Mdot=5.75e-9 Msun/yr at the older Hipparcos distance of 289 pc, and inclusion of a luminous disk rim is favored. Catalog uses detailed values from local Hewitt+20/Coppejans+15 summaries: Mwd=0.90 Msun, M2=0.674 Msun, i=34 deg, model Teff(WD)=50000 K, EXP=0.15, Mdot~2e-9 to 5.75e-9 Msun/yr depending distance/model; paper notes WD Teff is not actually determined because WD contribution is small. Full PDF not downloaded locally in this pass. 2026-09-25 source audit: full arXiv manuscript checked locally. The 50,000 K WD temperature is explicitly a model choice that the data cannot determine. Mdot alternatives are distance/model dependent: 5.75e-9 Msun/yr at the adopted Hipparcos 289 pc scale and 2.0e-9 Msun/yr at the 150 pc scale; final best-fit table uses the latter.","Linnell, A. P., Godon, P., Hubeny, I., Sion, E. M., & Szkody, P. 2010, “The anomalous accretion disk of the Cataclysmic Variable RW Sextantis,” ApJ, 719, 271–286.",2010ApJ...719..271L,https://doi.org/10.1088/0004-637X/719/1/271,original_full_text_checked_locally;Tables_6_9_10_11_and_conclusions_checked,2026-09-25,,no local path supplied,,https://arxiv.org/abs/1006.2832,https://doi.org/10.1088/0004-637X/719/1/271,10.1088/0004-637X/719/1/271,,https://doi.org/10.1088/0004-637X/719/1/271,stable link,Reachable in automated check
104,Littlefair+05,Littlefair et al. (2005),,10.1051/0004-6361:20052780,,https://arxiv.org/abs/astro-ph/0506073,web_verified,arXiv record/full PDF text inspected for Tau 4. Keck K-band spectrum shows cyclotron-dominated broad hump and no secure secondary absorption; JHK/L-type color interpretation is not reliable evidence for a substellar donor.,"Littlefair, S. P., Dhillon, V. S., & Martín, E. L. 2005, The K-band spectrum of the cataclysmic variable RXJ 0502.8+1624 (Tau 4), A&A, 437, 637–639.",2005A&A...437..637L,https://doi.org/10.1051/0004-6361:20052780,original_full_text_checked_local_pdf,2026-09-23,,local path verified,,https://arxiv.org/abs/astro-ph/0506073,https://doi.org/10.1051/0004-6361:20052780,10.1051/0004-6361:20052780,,https://arxiv.org/abs/astro-ph/0506073,download URL,Reachable in automated check
105,Littlefield+20,Littlefield et al. (2020),,10.48550/arXiv.2004.08923,,https://arxiv.org/abs/2004.08923,web_verified,arXiv record and full PDF text inspected for Tau 4. Gives Porb=0.06636579(23) d; Zeeman absorption B=15 +/-2 MG; Zeeman emission region B=12 +/-1 MG; WD Teff 7000-7750 K with best-fit 7250 K; donor M9 +/-1; non-unique CYCLOPS example Mwd=0.61 Msun and B=15.4-17.5 MG; quotes Harrison+18 B=12.3 MG and kT=14 keV.,"Littlefield, C., Garnavich, P., Szkody, P., Ramsay, G., Howell, S. B., Lima, I. J., Kennedy, M., & Cook, L. M. 2020, Short-cadence K2 observations of an accretion-state transition in the polar Tau 4, arXiv:2004.08923.",2020arXiv200408923L,https://arxiv.org/abs/2004.08923,original_full_text_checked_local_arxiv_v1,2026-09-23,,local path verified,,https://arxiv.org/abs/2004.08923,https://arxiv.org/abs/2004.08923,10.48550/arXiv.2004.08923,,https://arxiv.org/abs/2004.08923,stable link,Reachable in automated check
106,Long+06_UGem,Long et al. (2006),,,,https://arxiv.org/abs/astro-ph/0605266,original_full_text_checked_local,"arXiv/search record inspected. FUSE spectroscopy of U Gem WD: uniform-WD fits give Teff=41000-47000 K at end of outburst and 28000-31000 K in mid-quiescence depending on log g; possible hotter 60000-70000 K component covering 14-32 percent immediately after outburst, but the paper notes other simple second-component models fit comparably well and no unique signature proves a separate WD surface region. Full PDF not downloaded locally in this pass. Audit update 2026-09-25: source-specific original text/tables were checked as recorded in [local artifact withheld]; this update supersedes earlier statements that the full local text had not been accessed where applicable.","Long, K. S., Brammer, G., & Froning, C. S. 2006, ApJ, 648, 541–552.",2006ApJ...648..541L,https://arxiv.org/abs/astro-ph/0605266,original_full_text_checked_local_tables_2_3_sections_3_4,2026-09-25,,local path verified,,https://arxiv.org/abs/astro-ph/0605266,https://arxiv.org/abs/astro-ph/0605266,,,https://arxiv.org/abs/astro-ph/0605266,stable link,Reachable in automated check
107,LongGilliland+99_UGem,Long Gilliland et al. (1999),,10.1086/306721,,https://ui.adsabs.harvard.edu/abs/1999ApJ...511..916L/abstract,primary_abstract_only,"Original NASA ADS abstract web-verified: Long & Gilliland (1999), ApJ 511, 916-924, 'GHRS Observations of the White Dwarf in U Geminorum'. The paper measures the WD velocity amplitude K1=107.1 +/-2.1 km/s and, for i=67 deg and K2=294.7 km/s, gives M1=1.12 Msun and M2=0.41 Msun. Its synthetic-spectrum comparison gives Twd~30000 K. The prior manifest DOI 10.1086/306683 was incorrect and resolved to an unrelated paper. Audit update 2026-09-25: source-specific original text/tables were checked as recorded in [local artifact withheld]; this update supersedes earlier statements that the full local text had not been accessed where applicable.","Long, K. S., & Gilliland, R. L. 1999, ApJ, 511, 916–924.",1999ApJ...511..916L,https://doi.org/10.1086/306721,original_abstract_checked_full_scanned_article_inaccessible,2026-09-25,,no local path supplied,,https://ui.adsabs.harvard.edu/abs/1999ApJ...511..916L/abstract,https://doi.org/10.1086/306721,10.1086/306721,,https://doi.org/10.1086/306721,stable link,Reachable in automated check
108,Marcote+17_ARSco,Marcote et al. (2017),,10.1051/0004-6361/201730948,,https://arxiv.org/abs/1705.00600,original_full_text_checked_local_pdf,Original LBA/ATCA 8.4-GHz paper checked. 2016-10-20 LBA image-plane flux 6.5±0.7 mJy; ATCA 6.2±0.2 mJy; orbit modulation; compact source <=0.02 AU; no resolved jet/outflow evidence.,"Marcote, B., Marsh, T. R., Stanway, E. R., Paragi, Z., & Blanchard, J. M. 2017, Towards the origin of the radio emission in AR Scorpii, the first radio-pulsing white dwarf binary, Astronomy & Astrophysics, 601, L7.",2017A&A...601L...7M,https://doi.org/10.1051/0004-6361/201730948,original_full_text_checked_local_pdf; table_figures_and_radio_epochs_checked,2026-09-25,,local path verified,,https://arxiv.org/abs/1705.00600,https://doi.org/10.1051/0004-6361/201730948,10.1051/0004-6361/201730948,,https://arxiv.org/abs/1705.00600,download URL,Reachable in automated check
109,Marsh+90_UGem,Marsh et al. (1990),,10.1086/169446,,https://ui.adsabs.harvard.edu/abs/1990ApJ...364..637M/abstract,primary_abstract_only,"Original NASA ADS abstract web-verified: Marsh, Horne, Schlegel, Honeycutt & Kaitchuck (1990), ApJ 364, 637-644, 'Doppler Imaging of the Dwarf Nova U Geminorum'. The paper applies Doppler tomography to time-resolved spectra and identifies the bright-spot/stream-disk emission geometry and secondary-star Balmer emission. Its abstract does not expose the exact orbital ephemeris; the 0.1769061911 d value is retained from Echevarria+07/Coppejans+16 summaries. Audit update 2026-09-25: source-specific original text/tables were checked as recorded in [local artifact withheld]; this update supersedes earlier statements that the full local text had not been accessed where applicable.","Marsh, T. R., Horne, K., Schlegel, E. M., Honeycutt, R. K., & Kaitchuck, R. H. 1990, ApJ, 364, 637–644.",1990ApJ...364..637M,https://doi.org/10.1086/169446,original_abstract_checked_full_article_inaccessible,2026-09-25,,no local path supplied,,https://ui.adsabs.harvard.edu/abs/1990ApJ...364..637M/abstract,https://doi.org/10.1086/169446,10.1086/169446,,https://doi.org/10.1086/169446,stable link,Automated access restricted
110,Mason+07,Mason et al. (2007),,10.1051/0004-6361:20065354,,https://arxiv.org/abs/astro-ph/0703763,downloaded_arXiv_full_text_checked,"Full arXiv PDF checked. VLT/FORS1 2004 low-activity time-series spectra detect Halpha/Hbeta Zeeman absorption. Cyclotron fits give B1=31.5 MG, B2=54.6 MG. Simple closed-field dipole assumptions fail to fit all phase-resolved profiles; paper discusses photospheric versus localized halo absorption. No unique mean photospheric field adopted.","Mason, E., Wickramasinghe, D., Howell, S. B., & Szkody, P. 2007, First detection of Zeeman absorption lines in the polar VV Puppis: observations of low activity states, Astronomy & Astrophysics, 467, 277–281.",2007A&A...467..277M,https://doi.org/10.1051/0004-6361:20065354,original_full_text_downloaded_and_checked_locally,2026-09-25,,local path verified,,https://arxiv.org/abs/astro-ph/0703763,https://doi.org/10.1051/0004-6361:20065354,10.1051/0004-6361:20065354,,https://arxiv.org/abs/astro-ph/0703763,download URL,Reachable in automated check
111,Matranga+12_QSVir,Matranga et al. (2012),,10.1088/0004-637X/747/2/132,,https://arxiv.org/abs/1201.2682,web_verified,"Verified through arXiv/Crossref. Title: Detection of accretion X-rays from QS Vir: cataclysmic or a lot of hot air? ApJ 747, 132 (2012), DOI 10.1088/0004-637X/747/2/132, arXiv 1201.2682. Abstract reports XMM-Newton narrow X-ray eclipses, mass transfer/accretion onto the WD, cooling-flow Mdot=1.7e-13 Msun/yr, distance 48 pc, pure wind accretion unlikely, and M-dwarf eclipse luminosity Lx=3e28 erg/s. Used for QS Vir low-accretion/pre-CV context.","Matranga, M., Drake, J. J., Kashyap, V., & Steeghs, D. 2012, Detection of accretion X-rays from QS Vir: cataclysmic or a lot of hot air?, ApJ, 747, 132.",2012ApJ...747..132M,https://doi.org/10.1088/0004-637X/747/2/132,original_full_text_checked_tables_1_2_and_sections_3_2_3_3,2026-09-25,,local path verified,,https://arxiv.org/abs/1201.2682,https://doi.org/10.1088/0004-637X/747/2/132,10.1088/0004-637X/747/2/132,,https://doi.org/10.1088/0004-637X/747/2/132,stable link,Reachable in automated check
112,Mauche+06_AEAqr,Mauche et al. (2006),,10.1111/j.1365-2966.2006.10447.x,,https://arxiv.org/abs/astro-ph/0604314,original_full_text_checked_locally,"Downloaded arXiv PDF and text-extracted to tmp/pdfs/text/Mauche+06_AEAqr.txt. X-ray timing/spin-down update for AE Aqr; audited for rapid spin-down context with Lsd~1e34 erg/s, either Pddot=3.46(56)e-19 d^-1 or additional Pdot=2.0(1.0)e-15 d/d term, and the conclusion that the enhanced spin-down is not simple magnetic-dipole braking. The paper notes pure magnetic-dipole spin-down would imply mu~1e34 G cm3 or B~50 MG, but treats this as an inappropriate/simple-model comparison rather than a measured field.","Mauche, C. W. 2006, The spin-down of AE Aquarii, MNRAS, 369, 1983–1987.",2006MNRAS.369.1983M,https://doi.org/10.1111/j.1365-2966.2006.10447.x,original_full_text_checked_locally,2026-09-24,,local path verified,,https://arxiv.org/abs/astro-ph/0604314,https://doi.org/10.1111/j.1365-2966.2006.10447.x,10.1111/j.1365-2966.2006.10447.x,,https://arxiv.org/abs/astro-ph/0604314,download URL,Reachable in automated check
113,Mickaelian+02_V1084Her,Mickaelian et al. (2002),,10.1051/0004-6361:20011244,,https://doi.org/10.1051/0004-6361:20011244,original full text checked locally,"original full text checked locally; identity, classification, Table 1 and periods; printed DSS RA is about 50 arcsec from the named X-ray/Gaia counterpart.","Mickaelian, A. M. et al. 2002, A&A, 381, 894–904.",2002A&A...381..894M,https://doi.org/10.1051/0004-6361:20011244,original full text checked locally,2026-09-25,,local path verified,,https://doi.org/10.1051/0004-6361:20011244,https://doi.org/10.1051/0004-6361:20011244,10.1051/0004-6361:20011244,,https://doi.org/10.1051/0004-6361:20011244,stable link,Automated access restricted
114,MillerJones+13_SSCyg,Miller Jones et al. (2013),,10.1126/science.1237145,,https://arxiv.org/abs/1305.5846,original_full_text_checked_local_pdf,"Original full text and VLBI astrometry table checked locally. Five 2010–2012 outbursts provide parallax 8.80±0.12 mas, published distance 114±2 pc, and proper motion consistent with Gaia.","Miller-Jones, J. C. A., et al. 2013, An Accurate Geometric Distance to the Compact Binary SS Cygni Vindicates Accretion Disc Theory, Science, 340, 950–952.",2013Sci...340..950M,https://doi.org/10.1126/science.1237145,original_full_text_checked_local_pdf,2026-09-25,,local path verified,,https://arxiv.org/abs/1305.5846,https://doi.org/10.1126/science.1237145,10.1126/science.1237145,,https://arxiv.org/abs/1305.5846,download URL,Reachable in automated check
115,MisseltShafter+95,Misselt Shafter et al. (1995),,10.1086/117406,,https://doi.org/10.1086/117406,metadata_verified_secondary_values,"Crossref metadata verified: Misselt & Shafter 1995, ""Time-resolved CCD photometry of a sample of Palomar-green cataclysmic variable candidates"", AJ 109, 1757, DOI 10.1086/117406. Full text was not locally audited in this Hya 1 pass. Retain as PG-candidate/identity-trail provenance for PG 0911-066/MM Hya only; no RAWDOG WD or donor physical parameters are taken directly from it.","Misselt, K. A., & Shafter, A. W. 1995, “Time-resolved CCD photometry of a sample of Palomar-green cataclysmic variable candidates,” The Astronomical Journal, 109, 1757. https://doi.org/10.1086/117406",,https://doi.org/10.1086/117406,crossref_bibliographic_metadata_verified; full_text_not_audited_context_only,,,no local path supplied,,https://doi.org/10.1086/117406,https://doi.org/10.1086/117406,10.1086/117406,,https://doi.org/10.1086/117406,stable link,Automated access restricted
116,Mukai+03_V1432Aql,Mukai et al. (2003),,10.1086/378318,,https://arxiv.org/abs/astro-ph/0307195,original_full_text_checked_locally,"Web-verified arXiv/ApJ record for RXTE eclipse campaign plus archival ASCA/BeppoSAX observations of V1432 Aql. Abstract gives Porb=12116.3 s, Pspin=12150 s, ~50 d beat period, confirms the eclipse is caused by the secondary, maps compact accretion-region motion with beat phase, and states the amplitude suggests a low-mass WD in contrast to the high X-ray spectral mass. Rana+05 cites an upper limit Mwd<=0.67 Msun from this eclipse-geometry method. Original full text checked locally in audit dated 2026-09-24.
V1432 Aql full-text audit (2026-09-24): confirms the donor causes the 695 s X-ray eclipse; gives the HJD orbital and quadratic spin ephemerides, Pdot_spin=−(9±1)×10^-9 s s^-1, Pbeat≈52 d during the 1998 RXTE campaign, and eclipse-geometry Mwd<0.67 Msun after allowing up to 12 s for vertical extent. The eclipse limit depends on geometry and assumed donor masses 0.31 or 0.22 Msun.","Mukai, K., Hellier, C., Madejski, G., Patterson, J., & Skillman, D. R. 2003, X-Ray Variability of the Magnetic Cataclysmic Variable V1432 Aquilae and the Seyfert Galaxy NGC 6814, The Astrophysical Journal, 597, 479–493.",2003ApJ...597..479M,https://doi.org/10.1086/378318,original_full_text_checked_locally,2026-09-24,,local path verified,,https://arxiv.org/abs/astro-ph/0307195,https://doi.org/10.1086/378318,10.1086/378318,,https://doi.org/10.1086/378318,stable link,Reachable in automated check
117,MukaiCharles+86_MRSer,Mukai Charles et al. (1986),,10.1093/mnras/222.1.1P,,https://articles.adsabs.harvard.edu/pdf/1986MNRAS.222P...1M,original_full_text_checked_local_pdf,"Original 8-page ADS full text retrieved and checked, including Tables 1–3 and the MR Ser section. Table 3 has a 142-pc distance, 0.191 R_sun and 0.153 M_sun donor entries under an assumed Roche-lobe-filling ZAMS donor; spectroscopy compares M5–M6 templates. The 9000 K blackbody decomposition and ~0.5 M_sun WD inference are model-dependent; Araujo-Betancor+05 later calls the temperature choice somewhat arbitrary.","Mukai, K., & Charles, P. A. 1986, Detection of the secondary star in three AM Her systems, Monthly Notices of the Royal Astronomical Society, 222, 1P–8P.",1986MNRAS.222P...1M,https://doi.org/10.1093/mnras/222.1.1P,original_full_text_checked_local_pdf,2026-09-24,,local path verified,,https://articles.adsabs.harvard.edu/pdf/1986MNRAS.222P...1M,https://doi.org/10.1093/mnras/222.1.1P,10.1093/mnras/222.1.1P,,https://articles.adsabs.harvard.edu/pdf/1986MNRAS.222P...1M,download URL,Reachable in automated check
118,MukaiOrio+05_V603Aql,Mukai & Orio (2005),,10.1086/427915,,https://arxiv.org/abs/astro-ph/0412545,web_verified,"Web/arXiv record inspected. Chandra/RXTE plus archival X-ray study of V603 Aql, published in ApJ 622, 602-612. Finds RXTE data contaminated by Galactic Ridge emission; Chandra HETG spectrum is multi-temperature plasma with high aperiodic variability and weak energy dependence. The paper is used here mainly for X-ray/non-IP context: later radio/FUV papers cite it as evidence against an IP interpretation because V603 Aql lacks the strong energy-dependent X-ray variability typical of IPs. No WD Teff, donor properties, or measured WD magnetic-field strength are taken from it.","Mukai, K., & Orio, M. 2005, Chandra Grating Spectroscopy of V603 Aquilae, The Astrophysical Journal, 622, 602–612.",2005ApJ...622..602M,https://arxiv.org/abs/astro-ph/0412545,original_full_text_checked_locally,2026-09-25,,no local path supplied,,https://arxiv.org/abs/astro-ph/0412545,https://arxiv.org/abs/astro-ph/0412545,10.1086/427915,,https://arxiv.org/abs/astro-ph/0412545,stable link,Reachable in automated check
119,Norton+06,Norton et al. (2006),,10.1051/0004-6361:200500232,,https://arxiv.org/abs/astro-ph/0512145,present_full_text_checked,"Original Norton & Tanner paper checked locally and via full article metadata. Optical data show 2333 +/- 5 s modulation; reanalysis of ROSAT data finds a likely 1974 +/- 30 s WD-spin candidate while 1414 s is an alias. The 0.16415 d orbit is cited from Downes et al. (2001), not measured anew. Magnetic moment ~6e33 G cm3 is model-inferred; the later RXTE result is too faint to confirm coherent periods.","Norton, A. J. & Tanner, J. D. 2006, The periods of the intermediate polar RX J0153.3+7446, A&A, 447, L17–L19.",2006A&A...447L..17N,https://doi.org/10.1051/0004-6361:200500232,original_full_text_checked_local_and_web,2026-09-23,,local path verified,,https://arxiv.org/abs/astro-ph/0512145,https://doi.org/10.1051/0004-6361:200500232,10.1051/0004-6361:200500232,,https://arxiv.org/abs/astro-ph/0512145,download URL,Reachable in automated check
120,ODonoghue+03_QSVir,O'Donoghue et al. (2003),,10.1046/j.1365-8711.2003.06973.x,,https://arxiv.org/abs/astro-ph/0307144,web_verified,"Verified through arXiv/Crossref. Title: The DA+dMe eclipsing binary EC13471-1258: its cup runneth over ... just. MNRAS 345, 506 (2003), DOI 10.1046/j.1365-8711.2003.06973.x, arXiv astro-ph/0307144. Abstract gives detached DA+dMe eclipsing binary, Porb=3h37m, total WD eclipse, DA WD Teff=14220 K, log g=8.34, K=138 km/s, v sin i=400 km/s, M3.5-4.0 dMe donor Teff=3100 K, K=266 km/s, weak mass-transfer/hibernating-CV interpretation, and dynamical masses/radii.","O’Donoghue, D., Koen, C., Kilkenny, D., Stobie, R. S., Koester, D., Bessell, M. S., Hambly, N., MacGillivray, H., & Maclean, B. 2003, The DA+dMe eclipsing binary EC13471–1258: its cup runneth over ... just, MNRAS, 345, 506–528.",2003MNRAS.345..506O,https://doi.org/10.1046/j.1365-8711.2003.06973.x,original_full_text_checked,2026-09-25,,local path verified,,https://arxiv.org/abs/astro-ph/0307144,https://doi.org/10.1046/j.1365-8711.2003.06973.x,10.1046/j.1365-8711.2003.06973.x,,https://arxiv.org/abs/astro-ph/0307144,download URL,Reachable in automated check
121,ODonoghue+06,ODonoghue et al. (2006),,10.1111/j.1365-2966.2006.10834.x,,https://arxiv.org/abs/astro-ph/0607266,present,"Original MNRAS article full text checked locally and via publisher/arXiv. Eclipse timings, revised ephemeris and conditional eclipse-geometry/mass modeling reviewed; no measured WD field or photospheric Teff is reported.","O’Donoghue, D., Buckley, D. A. H., Balona, L. A., et al. 2006, First science with the Southern African Large Telescope: peering at the accreting polar caps of the eclipsing polar SDSS J015543.40+002807.2, MNRAS, 372, 151–162.",2006MNRAS.372..151O,https://doi.org/10.1111/j.1365-2966.2006.10834.x,original_full_text_checked_local_pdf_and_publisher_html,2026-09-23,,local path verified,,https://arxiv.org/abs/astro-ph/0607266,https://doi.org/10.1111/j.1365-2966.2006.10834.x,10.1111/j.1365-2966.2006.10834.x,,https://arxiv.org/abs/astro-ph/0607266,download URL,Reachable in automated check
122,Parsons+11_QSVir,Parsons et al. (2011),,10.1111/j.1365-2966.2010.18073.x,,https://arxiv.org/abs/1011.5235,web_verified,"Verified through arXiv/Crossref. Title: A stellar prominence in the white dwarf/red dwarf binary QS Vir: evidence for a detached system. MNRAS 412, 2563 (2011), DOI 10.1111/j.1365-2966.2010.18073.x, arXiv 1011.5235. Abstract reports UVES detection of prominence material crossing the WD line of sight at phase 0.16, log10(N2)=14.10 +/-0.03 cm^-2, prominence temperature ~9000 K, material at least 1.5 stellar radii from M dwarf, Mg II 4481 A absorption indicating the WD is not rapidly rotating, and pre-CV/detached interpretation.","Parsons, S. G., Marsh, T. R., Copperwheat, C. M., Dhillon, V. S., Littlefair, S. P., Gänsicke, B. T., & Hickman, R. 2011, A stellar prominence in the white dwarf/red dwarf binary QS Vir: evidence for a detached system, MNRAS, 412, 2563–2570.",2011MNRAS.412.2563P,https://doi.org/10.1111/j.1365-2966.2010.18073.x,original_full_text_checked,2026-09-25,,local path verified,,https://arxiv.org/abs/1011.5235,https://doi.org/10.1111/j.1365-2966.2010.18073.x,10.1111/j.1365-2966.2010.18073.x,,https://arxiv.org/abs/1011.5235,download URL,Reachable in automated check
123,Parsons+16_QSVir,Parsons et al. (2016),,10.1093/mnras/stw516,,https://arxiv.org/abs/1603.00881,web_verified,"Verified through arXiv/Crossref. Title: The crowded magnetosphere of the post-common-envelope binary QS Virginis. MNRAS 458, 2793 (2016), DOI 10.1093/mnras/stw516, arXiv 1603.00881. Abstract gives high-speed photometry/high-resolution spectroscopy, persistent large prominences, spotted M star, Twd=14220 +/-350 K, Mwd=0.782 +/-0.013 Msun, Rwd=0.01068 +/-0.00007 Rsun, M2=0.382 +/-0.006 Msun, R2=0.381 +/-0.003 Rsun. Mg II broader than expected could be rapid rotation (Pspin~700 s) or weak ~100 kG field; authors favor weak-field interpretation. Concludes QS Vir is most likely a pre-cataclysmic binary just about to become semi-detached.","Parsons, S. G., Hill, C. A., Marsh, T. R., Gänsicke, B. T., Watson, C. A., Steeghs, D., Dhillon, V. S., Littlefair, S. P., Copperwheat, C. M., Schreiber, M. R., & Zorotovic, M. 2016, The crowded magnetosphere of the post-common-envelope binary QS Virginis, MNRAS, 458, 2793–2812.",2016MNRAS.458.2793P,https://doi.org/10.1093/mnras/stw516,original_full_text_checked_tables_1_2_and_sections_4_2_3_6,2026-09-25,,local path verified,,https://arxiv.org/abs/1603.00881,https://doi.org/10.1093/mnras/stw516,10.1093/mnras/stw516,,https://arxiv.org/abs/1603.00881,download URL,Reachable in automated check
124,Patterson+02_V1084Her,Patterson et al. (2002),,10.1086/344587,,https://doi.org/10.1086/344587,original full text checked locally,"Original full text checked locally; orbital/superhump periods, ephemerides and QPO discussion; Eq. 3 printed epoch is retained with a possible 1000-day typo flagged.","Patterson, J. et al. 2002, PASP, 114, 1364–1381.",2002PASP..114.1364P,https://doi.org/10.1086/344587,Original full text checked locally,2026-09-25,,local path verified,,https://doi.org/10.1086/344587,https://doi.org/10.1086/344587,10.1086/344587,,https://doi.org/10.1086/344587,stable link,Reachable in automated check
125,Patterson+03_MMHya,Patterson et al. (2003),,10.1086/379220,,https://arxiv.org/abs/astro-ph/0309100,present,"Audited locally for MM Hya/Hya 1 identity conflict; arXiv and Crossref verify Patterson et al. 2003, ""Superhumps in Cataclysmic Binaries. XXIV. Twenty More Dwarf Novae"", PASP 115, 1308-1329, DOI 10.1086/379220. For MM Hya the audited values are Vmax=13.2, Vmin>16.2, estimated superoutburst recurrence ~400 d, Porb=0.057590(2) d, Psh=0.05868(7) d, and epsilon=0.0189(14). The paper treats MM Hya as a dwarf nova/superhumper and does not support the Barrett+20 Hya 1 AM/polar association without further identity work.","Patterson, Joseph; Thorstensen, John R.; Kemp, Jonathan; Skillman, David A.; Vanmunster, Tonny; Harvey, David A.; Fried, Robert A.; Jensen, Lasse; Cook, Lewis M.; Rea, Robert; Monard, Berto; McCormick, Jennie; Velthuis, Fred; Walker, Stan; Martin, Brian; Bolt, Greg; Pavlenko, Elena; O’Donoghue, Darragh; Gunn, Jerry; Novák, Rudolf; Masi, Gianluca; Garradd, Gordon; Butterworth, Neil; Krajci, Thomas; Foote, Jerry; Beshore, Edward. 2003, “Superhumps in Cataclysmic Binaries. XXIV. Twenty More Dwarf Novae,” Publications of the Astronomical Society of the Pacific, 115(813), 1308–1329. https://doi.org/10.1086/379220.",,https://doi.org/10.1086/379220,original_full_text_checked_locally; arXiv_and_crossref_metadata_verified,2026-09-23,,local path verified,,https://arxiv.org/abs/astro-ph/0309100,https://doi.org/10.1086/379220,10.1086/379220,,https://doi.org/10.1086/379220,stable link,Reachable in automated check
126,Pelisoli+22_ARSco,Pelisoli et al. (2022),,10.1093/mnras/stac2391,,https://arxiv.org/abs/2208.08450,original_full_text_checked_local_pdf,"Original seven-year timing and spectroscopy paper checked, including Table 1 and fit priors. Spin-frequency derivative confirmed at 50 sigma; P/Pdot=5.6e6 yr since 2005. Donor is close to Roche filling from projected rotation; record the radius fraction as model-dependent.","Pelisoli, I., Marsh, T. R., Parsons, S. G., et al. 2022, Long-term photometric monitoring and spectroscopy of the white dwarf pulsar AR Scorpii, Monthly Notices of the Royal Astronomical Society, 516, 5052–5070.",2022MNRAS.516.5052P,https://doi.org/10.1093/mnras/stac2391,original_full_text_checked_local_pdf; timing_tables_spectroscopy_and_appendix_checked,2026-09-25,,local path verified,,https://arxiv.org/abs/2208.08450,https://doi.org/10.1093/mnras/stac2391,10.1093/mnras/stac2391,,https://arxiv.org/abs/2208.08450,download URL,Reachable in automated check
127,Pelisoli+23_J1912UV,Pelisoli et al. (2023),,10.1093/mnras/stad3442,,https://arxiv.org/abs/2311.05558,web_verified_primary_arxiv_abstract,"HST/COS source paper checked in full. The adopted WD radius in Table 2 appears as 0.128 +/- 0.040 Rsun while the three fit rows are 0.0131, 0.0119 and 0.0138 Rsun; preserved literally and sent to review.","Pelisoli, I., Sahu, S., Lyutikov, M., et al. 2024, Monthly Notices of the Royal Astronomical Society, 527, 3826-3836, Unveiling the white dwarf in J191213.72-441045.1 through ultraviolet observations.",2024MNRAS.527.3826P,https://doi.org/10.1093/mnras/stad3442; https://arxiv.org/abs/2311.05558; https://wrap.warwick.ac.uk/id/eprint/181064/1/WRAP-Unveiling-white-dwarf-J191213.72-441045.1-ultraviolet-observations-23.pdf,author accepted manuscript full text and Table 2 visually checked against the published article metadata,2026-09-25,,local path verified,,https://arxiv.org/abs/2311.05558,https://doi.org/10.1093/mnras/stad3442; https://arxiv.org/abs/2311.05558; https://wrap.warwick.ac.uk/id/eprint/181064/1/WRAP-Unveiling-white-dwarf-J191213.72-441045.1-ultraviolet-observations-23.pdf,10.1093/mnras/stad3442,,https://arxiv.org/abs/2311.05558,stable link,Reachable in automated check
128,Pelisoli+24,"Pelisoli et al. (2024), VLASS survey for radio-emitting white dwarfs",,10.1093/mnras/stae1275,,,present,Original full text checked. Appendix source-list row explicitly labels RXJ0859.1+0537 as Hya 1 and reproduces the Barrett+20 AM/X-band entry. This resolves RAWDOG row 12 identity; SIMBAD exact identifier [DWS97] Hya 1 instead resolves to the different system MM Hya / PG 0911-066.,"Pelisoli, I., Chomiuk, L., Strader, J., et al. 2024, A survey for radio emission from white dwarfs in the VLA Sky Survey, MNRAS, 531, 1805–1822.",2024MNRAS.531.1805P,https://doi.org/10.1093/mnras/stae1275,original_full_text_checked_local_pdf,2026-09-23,,local path verified,,,https://doi.org/10.1093/mnras/stae1275,10.1093/mnras/stae1275,,https://doi.org/10.1093/mnras/stae1275,stable link,Automated access restricted
129,PetersThorstensen+06_V603Aql,Peters & Thorstensen (2006),,10.1086/504641,,https://ui.adsabs.harvard.edu/abs/2006PASP..118..687P/abstract,web_verified_primary_abstract,"Original NASA ADS abstract web-verified: Peters & Thorstensen (2006), PASP 118, 687-696, 'Spectroscopy of Five Old Novae: New or Refined Orbital Periods'. The abstract confirms that the paper reports new or refined orbital periods for five old novae. The V603 Aql value 0.1382009(4) d is retained from Hewitt+20/Coppejans+15 tables because the object-specific table was not exposed by the abstract endpoint.","Peters, C. S., & Thorstensen, J. R. 2006, Spectroscopy of Five Old Novae: New or Refined Orbital Periods, Publications of the Astronomical Society of the Pacific, 118, 687–696.",2006PASP..118..687P,https://ui.adsabs.harvard.edu/abs/2006PASP..118..687P/abstract,original_abstract_checked; exact V603 table value secondarily transcribed,2026-09-25,,no local path supplied,,https://ui.adsabs.harvard.edu/abs/2006PASP..118..687P/abstract,https://ui.adsabs.harvard.edu/abs/2006PASP..118..687P/abstract,10.1086/504641,,https://doi.org/10.1086/504641,DOI,Reachable in automated check
130,Prinja+12_V3885Sgr,Prinja et al. (2012),,10.1111/j.1365-2966.2011.19992.x,,https://academic.oup.com/mnras/article/419/4/3537/2908085,web_verified,"arXiv record inspected. MNRAS FUV time-resolved spectroscopy/tomography of V3885 Sgr. Abstract verifies orbital modulation and rapid stochastic variability of UV absorption lines, low-velocity disk-wind outflow, 5 min-scale absorption fluctuations, and FUV tomographic evidence for a localized disk-stream interaction region. Used for wind/outflow/flickering context, not stellar component masses/temperatures. Full PDF not downloaded locally in this pass. Audit update: original full text and relevant tables checked; model/measurement distinctions entered in the source ledger.","Prinja, R. K., Knigge, C., Ringwald, F. A., & Wade, R. A. 2012, Orbital and stochastic far-ultraviolet variability in the nova-like system V3885 Sgr, MNRAS, 419, 3537–3546.",2012MNRAS.419.3537P,https://academic.oup.com/mnras/article/419/4/3537/2908085,original_publisher_full_text_checked_locally,2026-09-25,,local path verified,,https://academic.oup.com/mnras/article/419/4/3537/2908085,https://academic.oup.com/mnras/article/419/4/3537/2908085,10.1111/j.1365-2966.2011.19992.x,,https://academic.oup.com/mnras/article/419/4/3537/2908085,stable link,Automated access restricted
131,Reimers+99_HS1023,Reimers et al. (1999),,,,,present,Full local paper checked. Discovery paper identifies HS 1023+3900 as WX LMi; period estimate 0.11638 d; cyclotron spots 60/68 MG; dM4.5 template and distance 140±50 pc; optical WD Teff 13000±1000 K and rough ~0.9 Msun radius inference are later rejected/unsupported by Vogel+07 UV/model analysis. Accretion rate <3e-13 Msun/yr under assumed WD mass/radius/distance. ROSAT RASS nondetection and pointed PSPC detections are distinct. Keep discovery values separate from later results.,"Reimers, D., Hagen, H.-J., & Hopp, U. 1999, HS 1023+3900 – a magnetic CV in the period gap with a distinct cyclotron emission line spectrum, A&A, 343, 157–162.",1999A&A...343..157R,https://doi.org/10.1051/aas:1999120,original_full_text_checked_local_pdf,2026-09-23,,local path verified,,,https://doi.org/10.1051/aas:1999120,,,https://doi.org/10.1051/aas:1999120,stable link,Automated access restricted
132,ReimersHagen+00_HS0922,Reimers & Hagen (2000),,,,https://cdsarc.cds.unistra.fr/ftp/ftp/cats/vizier/ftp/vizier/aa/papers/0358002/2300l45.pdf,original_full_text_checked_local_pdf,"Discovery spectroscopy and cyclotron harmonics checked in local PDF/text, including pp. L46–L47. 244±2 min is a WD cyclotron modulation; main/secondary spot fields are 66/~81 MG. The donor-template distance is ~190 pc. The abstract gives Mdot of order 3e−13 Msun/yr while Sect. 3 states ≤1e−13; retained separately. The ROSAT upper count-rate limit is 0.01 ct/s (0.1–2.4 keV).","Reimers, D., & Hagen, H.-J. 2000, HS0922+1333: another low accretion rate polar with a pronounced cyclotron line spectrum, A&A, 358, L45–L48.",2000A&A...358L..45R,https://cdsarc.cds.unistra.fr/ftp/ftp/cats/vizier/ftp/vizier/aa/papers/0358002/2300l45.pdf,original_full_text_checked_local_pdf,2026-09-23,,repaired to existing file,,https://cdsarc.cds.unistra.fr/ftp/ftp/cats/vizier/ftp/vizier/aa/papers/0358002/2300l45.pdf,https://cdsarc.cds.unistra.fr/ftp/ftp/cats/vizier/ftp/vizier/aa/papers/0358002/2300l45.pdf,,,https://cdsarc.cds.unistra.fr/ftp/ftp/cats/vizier/ftp/vizier/aa/papers/0358002/2300l45.pdf,stable link,Reachable in automated check
133,Remillard+94_ARUMa,Remillard et al. (1994),,,,,present,"Local scanned PDF present but text extraction gives only bibcode, so values are secondary-traced through Gaensicke+01/Kato+23. Discovery/identification paper for AR UMa/1ES 1113+432 as nearby polar: d~88 pc, Porb~1.9322 h, M6 donor/red optical spectrum, and mostly low-accretion states with sporadic high states.; AR UMa audit: local scanned original was rendered and read, including spectrum fit, optical data, and notes. The 22-eV blackbody fit is to an Einstein outburst spectrum with large statistical uncertainty; M6±1 and ~88 pc use optical donor/surface-brightness reasoning, not Gaia parallax.","Remillard, R. A., Schachter, J. F., Silber, A. D., & Slane, P. 1994, 1ES 1113+432: Luminous, soft X-ray outburst from a nearby cataclysmic variable (AR Ursae Majoris), ApJ, 426, 288–293.",1994ApJ...426..288R,https://ui.adsabs.harvard.edu/abs/1994ApJ...426..288R/abstract,original_scanned_full_text_checked_rendered_pages,2026-09-23,,local path verified,,,https://ui.adsabs.harvard.edu/abs/1994ApJ...426..288R/abstract,,,https://ui.adsabs.harvard.edu/abs/1994ApJ...426..288R/abstract,stable link,Automated access restricted
134,RetterNaylor+00_V603Aql,Retter & Naylor (2000),,10.1111/j.1365-8711.2000.03931.x,,https://arxiv.org/pdf/astro-ph/0007113,web_verified_primary_arxiv_fulltext,"Original arXiv full text and Table 1 audited: Retter & Naylor (2000), MNRAS 319, 510-516, 'Thermal stability and nova cycles in permanent superhump systems'. For V603 Aql the table lists Mdot=5.8-59.7 x 10^17 g/s, equivalent to 9.2e-9 to 9.47e-8 Msun/yr, alongside Porb=3.322 h, Mwd=0.66-1.40 Msun, d=0.33-0.38 kpc, AV=0.22-0.55, and i=13-20 deg. The paper states that the compiled values and derived mass-transfer rates carry substantial observational/model uncertainties. TT Ari audit: original Table 1/Eq. 3 checked. Rough Mdot=17.5–168×10^17 g/s from adopted Mwd=0.799, d=0.285–0.385 kpc, AV=0.15–0.17, V=9.5–11 and i=15–35 deg; authors label estimates rough, not direct measurements.","Retter, A., & Naylor, T. 2000, Thermal stability and nova cycles in permanent superhump systems, MNRAS, 319, 510–516.",2000MNRAS.319..510R,https://arxiv.org/pdf/astro-ph/0007113,original_full_text_and_Table_1_checked_locally,2026-09-25,,local path verified,,https://arxiv.org/pdf/astro-ph/0007113,https://arxiv.org/pdf/astro-ph/0007113,10.1111/j.1365-2966.2000.03931.x,Corrected the journal-code segment in the DOI; retained the working arXiv link.,https://arxiv.org/pdf/astro-ph/0007113,stable link,Reachable in automated check
135,RibeiroDiaz+07_V3885Sgr,Ribeiro Diaz et al. (2007),,10.1086/517966,,https://arxiv.org/abs/astro-ph/0702308,web_verified,"arXiv record inspected. AJ time-resolved spectroscopic study/Doppler tomography of V3885 Sgr. Abstract verifies Porb=0.20716071(22) d from H-alpha/He I spectroscopy, more precise than previous determinations, plus flickering tomography that associates strongest H-alpha line flickering with the illuminated secondary rather than the full accretion disk. Full PDF not downloaded locally in this pass. Audit update: original full text and relevant tables checked; model/measurement distinctions entered in the source ledger.","Ribeiro, T., & Diaz, M. P. 2007, Emission Line Flickering from the Secondary Star in Cataclysmic Variables? A Study of V3885 Sagittarii, AJ, 133, 2659.",2007AJ....133.2659R,https://arxiv.org/abs/astro-ph/0702308,original_full_text_checked_locally,2026-09-25,,local path verified,,https://arxiv.org/abs/astro-ph/0702308,https://arxiv.org/abs/astro-ph/0702308,10.1086/517966,,https://arxiv.org/abs/astro-ph/0702308,stable link,Reachable in automated check
136,Ridder+26_Broadband,"Ridder et al. (2026), broadband CV radio study",,10.3847/1538-4357/ae69d5,,https://doi.org/10.3847/1538-4357/ae69d5,original_full_text_checked_local_pdf,"ArXiv v2 retrieved and text-extracted locally. Broadband VLA follow-up including V2400 Oph: X band 8-12 GHz detections 266 +/-8 uJy on 2019 Apr 25 and 320 +/-8 uJy on 2019 May 11 with Stokes V non-detections; S band 2-4 GHz detections 519 +/-15 uJy on 2025 Aug 9 with no Stokes V and 637 +/-15 uJy on 2025 Aug 15 with 247 +/-7 uJy Stokes V, 39 +/-1 percent RCP. The authors describe minute-timescale variability, steep/variable spectra, and possible synchrotron-like emission from interactions between WD magnetosphere and diamagnetic blobs. Current status arXiv-only/preprint in this pass. EF Eri: 2017-09-28 X-band I=157±6, V=−124±6 μJy (79±5% LCP); 2017-10-02 I=67±5, V=−48±5 μJy (71±9% LCP), with minute-scale flares and peak spectral indices −0.7±0.2/+2.7±0.8. Table 4 linear limits <23/<22 μJy. 2025-03-19 S-band nondetection: text 3×RMS I<96 μJy (Table 5 rounds <100), |V|<26 μJy, linear <61 μJy. Table 7 non-flare X-band 29–48 μJy and 44 MG references Beuermann+07 offset-dipole model; not global field.; ST LMi audit: Table 3 and text distinguish mostly quiet VLA X-band observations on 2017-11-01 and 2017-11-05 (I=80±5 and 40±5 microJy; CP limits <19% and <38%) from two LCP flares in 2025-03-23 S band (I=160±25 microJy, V=−87±6 microJy, |CP|=54±9%). The paper does not localize emission; persistent/flare mechanisms are tentative. Table 7 printed luminosity scale/units are internally inconsistent with its own inputs; do not adopt pending confirmation.","Ridder, M. E., Barrett, P. E., Heinke, C. O., & Sivakoff, G. R. 2026, A broadband search for coherent radio emission in cataclysmic variables, ApJ, 1004, 123.",2026ApJ...1004..123R,https://doi.org/10.3847/1538-4357/ae69d5,original_full_text_checked_local_pdf,2026-09-23,,local path verified,,https://doi.org/10.3847/1538-4357/ae69d5,https://doi.org/10.3847/1538-4357/ae69d5,10.3847/1538-4357/ae69d5,,https://doi.org/10.3847/1538-4357/ae69d5,stable link,Reachable in automated check
137,RitterKolb+03_7.24,"Ritter & Kolb (2003, v7.24)",,10.1051/0004-6361:20030330,,https://doi.org/10.1051/0004-6361:20030330,metadata_verified_secondary_values,"Original catalog bibliographic record web-verified through Crossref: Ritter & Kolb (2003), A&A 404, 301-303, 'Catalogue of cataclysmic binaries, low-mass X-ray binaries and related objects (Seventh edition)', DOI 10.1051/0004-6361:20030330. This is a secondary catalog source, not an original system-parameter measurement; quantitative values carried from RKCat should retain their underlying source citation.","Ritter, H., & Kolb, U. 2003, “Catalogue of cataclysmic binaries, low-mass X-ray binaries and related objects (Seventh edition),” Astronomy & Astrophysics, 404(1), 301–303. https://doi.org/10.1051/0004-6361:20030330",,https://doi.org/10.1051/0004-6361:20030330,crossref_bibliographic_metadata_verified; secondary_catalog_record_only,,,no local path supplied,,https://doi.org/10.1051/0004-6361:20030330,https://doi.org/10.1051/0004-6361:20030330,10.1051/0004-6361:20030330,,https://doi.org/10.1051/0004-6361:20030330,stable link,Automated access restricted
138,RodriguezGil+09_V1084Her,Rodriguez Gil et al. (2009),,10.1111/j.1365-2966.2009.14585.x,,https://doi.org/10.1111/j.1365-2966.2009.14585.x,original full text checked locally,Original full text checked locally; 2003 spectropolarimetry and 19.38-minute circular-polarization modulation; spin/beat assignment unresolved.,"Rodríguez-Gil, P. et al. 2009, MNRAS, 395, 973–978.",2009MNRAS.395..973R,https://doi.org/10.1111/j.1365-2966.2009.14585.x,Original full text checked locally,2026-09-25,,local path verified,,https://doi.org/10.1111/j.1365-2966.2009.14585.x,https://doi.org/10.1111/j.1365-2966.2009.14585.x,10.1111/j.1365-2966.2009.14585.x,,https://doi.org/10.1111/j.1365-2966.2009.14585.x,stable link,Not verified; connection error
139,Schmidt+96_ARUMa,Schmidt et al. (1996),,10.1086/178160,,,present,"Local scanned PDF present but text extraction gives only bibcode, so values are secondary-traced through Gaensicke+01/Kato+23. Confirmed AR UMa as an extremely high-field polar; IUE/low-state interpretation gave Ly-alpha sigma+ Zeeman field ~230 MG and rough non-magnetic-model temperature solution with 15000 K WD plus 35000 K spot, later superseded/qualified by Gaensicke+01 magnetic-HST analysis.; AR UMa audit: rendered and checked original pages. The reported ~230 MG is a photospheric Ly-alpha Zeeman interpretation; 2–5% low-state circular polarization and near-absence in the high state describe different accretion states.","Schmidt, G. D., Szkody, P., Smith, P. S., Silber, A., Tovmassian, G., Hoard, D. W., Gänsicke, B. T., & de Martino, D. 1996, AR Ursae Majoris: The first high-field magnetic cataclysmic variable, ApJ, 473, 483–493.",1996ApJ...473..483S,https://doi.org/10.1086/178160,original_scanned_full_text_checked_rendered_pages,2026-09-23,,local path verified,,,https://doi.org/10.1086/178160,10.1086/178160,,https://doi.org/10.1086/178160,stable link,Reachable in automated check
140,SchmidtStockman+01_V1432Aql,Schmidt Stockman et al. (2001),,10.1086/318691,,https://arxiv.org/abs/astro-ph/0010011,original_full_text_checked_locally,"Web-verified arXiv/ApJ record for time-resolved HST UV eclipse spectrophotometry of V1309 Ori, MN Hya, V2301 Oph, and V1432 Aql. For V1432 Aql, the abstract states three epochs covered about one-third of the ~50 d lap cycle; the dereddened UV SED plus eclipse-ingress duration indicate a hot T~35000 K WD; undiminished line emission through eclipse implies the eclipse is caused by the accretion stream, not the secondary; the authors suggest a nova eruption in the past 75-150 yr. Original full text checked locally in audit dated 2026-09-24.
V1432 Aql full-text audit (2026-09-24): HST FOS spectra from 1996 identify Av=0.7±0.1 mag from interstellar absorption; a ~35,000 K blackbody fit or 25,000–30,000 K atmosphere fit to the UV-optical continuum is model-dependent, and the emitting component may not be a bare WD photosphere. The paper says an M4 V secondary was detected in I band, citing Patterson et al. (1995); that original article was not locally retrievable during this pass. See V1432-002 and V1432-008.","Schmidt, G. D., & Stockman, H. S. 2001, Time-Resolved HST Spectroscopy of Four Eclipsing Magnetic Cataclysmic Variables, The Astrophysical Journal, 548, 410–421.",2001ApJ...548..410S,https://doi.org/10.1086/318691,original_full_text_checked_locally,2026-09-24,,local path verified,,https://arxiv.org/abs/astro-ph/0010011,https://doi.org/10.1086/318691,10.1086/318691,,https://doi.org/10.1086/318691,stable link,Reachable in automated check
141,Schreiber+02_RXAnd,"Schreiber, Gaensicke & Mattei (2002)",,10.1051/0004-6361:20020122,,https://ui.adsabs.harvard.edu/abs/2002A&A...384L...6S/abstract,web_verified_primary_abstract,"Original NASA ADS abstract web-verified: Schreiber, Gansicke & Mattei (2002), A&A 384, L6-L9, 'RX And: An intermediate between Z Cam and VY Scl stars'. The AAVSO long-term light curve shows standstills and dwarf nova outbursts plus extended low states about 3.5 mag below standstill, supporting a transitional Z Cam/VY Scl classification. RX And primary abstract supports low states/intermediate Z Cam–VY Scl interpretation; full article text not accessed.","Schreiber, M. R., Gänsicke, B. T., & Mattei, J. A. 2002, RX And: An intermediate between Z Cam and VY Scl stars, A&A, 384, L6–L9.",2002A&A...384L...6S,https://doi.org/10.1051/0004-6361:20020122,primary_ADS_abstract_checked; full_text_not_accessed_here,2026-09-24,,no local path supplied,,https://ui.adsabs.harvard.edu/abs/2002A&A...384L...6S/abstract,https://doi.org/10.1051/0004-6361:20020122,10.1051/0004-6361:20020122,,https://doi.org/10.1051/0004-6361:20020122,stable link,Automated access restricted
142,Schwope+00_QQVul,Schwope et al. (2000),,10.1046/j.1365-8711.2000.03240.x,,https://arxiv.org/abs/astro-ph/9911141,original_full_text_checked_local_pdf,"Downloaded arXiv PDF and text-extracted to tmp/pdfs/text/Schwope+00_QQVul.txt. Multi-epoch spectroscopy/polarimetry of QQ Vul; audited for stable spectroscopic ephemeris HJD=2448446.4710(5)+0.15452011(11)E from narrow He II emission on the illuminated secondary plus Na I photospheric absorption, long-period polar classification, changing one-/two-pole accretion geometry, and polarimetric geometry with magnetic-axis co-latitude 23 deg, azimuth -50 deg, and inclination 50-70 deg. Does not give a direct WD magnetic-field strength or photospheric Teff.","Schwope, A. D., Catalán, M. S., Beuermann, K., Metzner, A., Smith, R. C., & Steeghs, D. 2000, Multi-epoch Doppler tomography and polarimetry of QQ Vul, Monthly Notices of the Royal Astronomical Society, 313, 533–546.",2000MNRAS.313..533S,https://doi.org/10.1046/j.1365-8711.2000.03240.x,original_full_text_checked_local_pdf,2026-09-24,,local path verified,,https://arxiv.org/abs/astro-ph/9911141,https://doi.org/10.1046/j.1365-8711.2000.03240.x,10.1046/j.1365-8711.2000.03240.x,,https://arxiv.org/abs/astro-ph/9911141,download URL,Reachable in automated check
143,Schwope+03_HUAqr,Schwope et al. (2003),,10.1051/0004-6361:20030235,,https://www.aanda.org/articles/aa/pdf/2003/16/aah4069.pdf,web_verified_primary_fulltext,"Original A&A article page and open PDF full text web-verified: Schwope, Thomas, Mantel, Haefner & Staude (2003), A&A 402, 201-209, 'Cyclotron spectroscopy of HU Aquarii'. The high-state cyclotron analysis gives B~34 MG, with a one-spot model and an extended accretion arc of about 20 degrees; the authors require field-line tilt and a more complex geometry than a simple centered dipole. The paper's ephemeris is BJED(T0)=2449217.345872(35)+E*0.086820416195(47) d. The field is an accretion-region cyclotron value, not a mean photospheric Zeeman field.","Schwope, A. D., Thomas, H. C., Mantel, K.-H., Haefner, R., & Staude, A. 2003, Cyclotron spectroscopy of HU Aquarii, Astronomy & Astrophysics, 402, 201–209.",2003A&A...402..201S,https://doi.org/10.1051/0004-6361:20030235,original_primary_full_text_web_checked_in_prior_audit;_direct_PDF_request_blocked_this_pass,2026-09-25,,no local path supplied,,https://www.aanda.org/articles/aa/pdf/2003/16/aah4069.pdf,https://doi.org/10.1051/0004-6361:20030235,10.1051/0004-6361:20030235,,https://doi.org/10.1051/0004-6361:20030235,stable link,Automated access restricted
144,Schwope+25_HUAqr,Schwope et al. (2026; arXiv preprint 2025),,10.1051/0004-6361/202557306,,https://arxiv.org/abs/2512.13489,published_AA_article_metadata_verified_local_accepted_manuscript_checked,"Published as Schwope et al. 2026, A&A, 706, A41 (received 2025-09-18, accepted 2025-11-28); the locally checked accepted manuscript is the 2025 arXiv version. Full text/tables checked. HU Aqr low-state ULTRACAM/LCURVE paper: Table 2 gives MWD=0.78 +/-0.02 Msun, Msec=0.17 +/-0.01 Msun, i=87.4 +/-0.9 deg, T0=53504.3848869(18) BMJD(TDB), and warm-spot Tcen=33150 +8900/-5900 K. It fixes Porb=0.0868203980 d, assumes WD rotation at Porb, uses a 13,500 K Bédard et al. mass-radius relation, fixes donor Tsec=3000 K because donor flux is not detected in u, and says modeled component temperatures are flux scaling factors. Faint-phase UV/optical SED comparison supports WD Teff=13,500-14,000 K. Table 3/r-band fits model a 3-4 deg cyclotron spot with vertical extent 0.005-0.016 RWD. The article cites Schwope+03 for the one-pole ~34 MG cyclotron/accretion-region field.","Schwope, A. D., Marsh, T. R., Parsons, S. G., Vogel, J., & Dhillon, V. S. 2026, Unveiling the white dwarf in the eclipsing polar HU Aquarii, Astronomy & Astrophysics, 706, A41.",2026A&A...706A..41S,https://doi.org/10.1051/0004-6361/202557306,accepted_manuscript_full_text_checked_locally;_published_journal_metadata_verified,2026-09-25,,local path verified,,https://arxiv.org/abs/2512.13489,https://doi.org/10.1051/0004-6361/202557306,10.1051/0004-6361/202557306,,https://arxiv.org/abs/2512.13489,download URL,Reachable in automated check
145,Schwope+93_MRSer,Schwope et al. (1993),,,,https://articles.adsabs.harvard.edu/pdf/1993A&A...278..487S,original_scanned_full_text_checked_local_page_images_and_OCR,"Original 12-page ADS scan retrieved. All pages were rendered; the abstract, ephemeris, donor/distance section, mass/temperature discussion, Tables 1–2 and field figures were checked from page images with OCR as a search aid. High-state cyclotron/non-photospheric Zeeman field 24–25 MG; low-state photospheric effective fields 27.3 MG at phase 0 and 28.5 MG at phase 0.5. q is explicitly M1/M2=2.69(+0.43/-0.34); with assumed ZAMS donor M2=0.13±0.02 Msun the paper estimates M1=0.35(+0.11/-0.10) Msun and later adopts 0.5 Msun and 1e9 cm for models. Optical photospheric Teff=8500–10500 K; UV/optical flux ratio alternative ≈18000 K. Donor M5–M6 and d=139±13 pc from the Bailey surface-brightness method. Full text is scanned; cite pages/sections rather than relying on OCR.","Schwope, A. D., Beuermann, K., Jordan, S., & Thomas, H.-C. 1993, Cyclotron and Zeeman spectroscopy of MR Serpentis in low and high states of accretion, Astronomy and Astrophysics, 278, 487–498.",1993A&A...278..487S,https://ui.adsabs.harvard.edu/abs/1993A%26A...278..487S/abstract,original_scanned_full_text_checked_local_page_images_and_OCR,2026-09-24,,local path verified,,https://articles.adsabs.harvard.edu/pdf/1993A&A...278..487S,https://ui.adsabs.harvard.edu/abs/1993A%26A...278..487S/abstract,,,https://ui.adsabs.harvard.edu/abs/1993A%26A...278..487S/abstract,stable link,Automated access restricted
146,SchwopeBeuermann+97,Schwope & Beuermann (1997),,10.1002/asna.2113180209,,https://arxiv.org/abs/astro-ph/9701085,downloaded_arXiv_full_text_checked,"Full arXiv PDF checked. 1984 and 1989 phase-resolved spectra sample different accretion states; cyclotron fits support poles near 31 and 54 MG. Main-pole shifts can reflect spot position/field, plasma temperature, or both; secondary pole appears more stable. Local emission-region values, not mean WD B.","Schwope, A. D., & Beuermann, K. 1997, Cyclotron spectroscopy of VV Puppis, Astronomische Nachrichten, 318, 111–120.",1997AN....318..111S,https://doi.org/10.1002/asna.2113180209,original_full_text_downloaded_and_checked_locally,2026-09-25,,local path verified,,https://arxiv.org/abs/astro-ph/9701085,https://doi.org/10.1002/asna.2113180209,10.1002/asna.2113180209,,https://arxiv.org/abs/astro-ph/9701085,download URL,Reachable in automated check
147,SchwopeChristensen+10,Schwope Christensen et al. (2010),,10.1051/0004-6361/200913341,,https://arxiv.org/abs/1003.1629,present,"Local PDF/text and arXiv record inspected. X-Shooter low-state EF Eri spectroscopy detects narrow lines from irradiated secondary with K2prime=385 +/-4 km/s; mass function implies Mwd>0.65 Msun at 3sigma, d~111 pc (<145 pc at 3sigma), and M2<0.06 Msun, supporting post-period-minimum interpretation.","Schwope, A. D. & Christensen, L. 2010, X-Shooting EF Eridani: further evidence for a massive white dwarf and a sub-stellar secondary, A&A, 514, A89.",2010A&A...514A..89S,https://doi.org/10.1051/0004-6361/200913341,original_full_text_checked_local_pdf,2026-09-23,,local path verified,,https://arxiv.org/abs/1003.1629,https://doi.org/10.1051/0004-6361/200913341,10.1051/0004-6361/200913341,,https://arxiv.org/abs/1003.1629,download URL,Reachable in automated check
148,Sepinsky+02_RXAnd,Sepinsky et al. (2002),,10.1086/341009,,https://ui.adsabs.harvard.edu/abs/2002ApJ...574..937S/abstract,web_verified_primary_abstract,"Original NASA ADS abstract web-verified: Sepinsky et al. (2002), ApJ 574, 937-941, HST spectroscopy of RX And during outburst rise and decline. The rise fit uses Mwd=0.8 Msun, Twd=40000 K, logg=8.2 and the decline fit uses a 45000 K WD; the authors infer WD heating by about 11000 K. These are outburst-state disk+atmosphere model values, not a single quiescent Teff or independent dynamical mass. RX And abstract-level check only in this audit; numeric model fits are retained with the states/component they describe.","Sepinsky, J. F., Sion, E. M., Szkody, P., & Gänsicke, B. T. 2002, Hubble Space Telescope Spectroscopy of the Dwarf Nova RX Andromedae during Outburst Rise and Decline, ApJ, 574, 937–941.",2002ApJ...574..937S,https://doi.org/10.1086/341009,primary_ADS_abstract_checked; full_text_not_accessed_here,2026-09-24,,no local path supplied,,https://ui.adsabs.harvard.edu/abs/2002ApJ...574..937S/abstract,https://doi.org/10.1086/341009,10.1086/341009,,https://doi.org/10.1086/341009,stable link,Reachable in automated check
149,Shafter+83_ZCam,Shafter et al. (1983),,,,https://ashafter.sdsu.edu/Shafter_Thesis.pdf,downloaded_scanned_thesis_tables_visually_checked,"Full scanned thesis downloaded from the author's site, OCR text checked, and Tables VI-VII visually inspected. Table VI gives q=M2/M1=0.71 +/-0.10, M2=0.70 +/-0.03 Msun, M1=0.99 +/-0.15 Msun, i=57 +/-11 deg. Table VII compares older Ritter values. This resolves the convention for q=0.71; Coppejans+16 q=1.4 is the reciprocal convention.","Shafter, A. W. 1983, On the Masses of White Dwarfs in Cataclysmic Binaries, PhD thesis, University of California, Los Angeles.",1983PhDT........14S,https://ashafter.sdsu.edu/Shafter_Thesis.pdf,original_full_scanned_thesis_OCR_and_Table_VI_VII_visually_checked,2026-09-25,,local path verified,,https://ashafter.sdsu.edu/Shafter_Thesis.pdf,https://ashafter.sdsu.edu/Shafter_Thesis.pdf,,,https://ashafter.sdsu.edu/Shafter_Thesis.pdf,stable link,Reachable in automated check
150,ShahbazWood+96_STLMi,Shahbaz Wood et al. (1996),,10.1093/mnras/282.2.362,,https://arxiv.org/abs/astro-ph/9606147,present,"Local PDF/text plus arXiv record inspected. System parameters of ST LMi and MR Ser from Na I absorption-line spectroscopy. For ST LMi: Porb=0.0791 +/-0.0003 d, Kabs=329 +/-6 km/s, Kemi=213 +/-4 km/s, Vrot sin i=104 +/-9 km/s, secondary light fraction 0.76 +/-0.02, q=0.22 +/-0.05, i=56 +/-4 deg, M1=0.76 +/-0.30 Msun, M2=0.17 +/-0.07 Msun, R2=0.20 +/-0.04 Rsun. For MR Ser: Porb=0.0789 +/-0.0001 d, Kabs=289 +/-9 km/s, Vrot sin i=66 +/-13 km/s, q=0.10 +/-0.07, i=45 +/-5 deg, M1=0.67 +/-0.70 Msun, M2=0.07 +/-0.08 Msun, R2=0.15 +/-0.08 Rsun; M5.5 template used, no donor Teff reported.; ST LMi Table 2 and discussion checked. P=0.0791±0.0003 d; K_abs=329±6 km/s (authors treat as true K2); K_emi=213±4 km/s is from near L1 and not K2; vrot sin i=104±9 km/s with limb-darkening sensitivity. q=M2/M1 is 0.22±0.05 for the table treatment; prose also gives 0.22±0.04 for adopted u=0.72. M1/M2/R2 are conditional on q, i=56±4 degrees from Cropper+88, synchronous donor, and Roche geometry.","Shahbaz, T., & Wood, J. H. 1996, The system parameters of the polars MR Ser and ST LMi, MNRAS, 282, 362–372.",1996MNRAS.282..362S,https://doi.org/10.1093/mnras/282.2.362,original_full_text_checked_local_pdf,2026-09-23,,local path verified,,https://arxiv.org/abs/astro-ph/9606147,https://doi.org/10.1093/mnras/282.2.362,10.1093/mnras/282.2.362,,https://arxiv.org/abs/astro-ph/9606147,download URL,Reachable in automated check
151,Sion+01_RXAnd,Sion et al. (2001),,10.1086/321529,,https://ui.adsabs.harvard.edu/abs/2001ApJ...555..834S/abstract,web_verified_primary_abstract,"Original NASA ADS abstract web-verified: Sion et al. (2001), ApJ 555, 834-838, 'Hubble Space Telescope Spectroscopy of the Dwarf Nova RX Andromedae. I. The Underlying White Dwarf'. The quiescent HST/GHRS fit gives Twd=34000 +/-100 K, logg=8.0 +/-0.1, and Vrot=600 +200/-100 km/s; velocity uncertainties preclude K1 and a dynamical mass from this dataset. RX And abstract-level check only in this audit; numeric model fits are retained with the states/component they describe.","Sion, E. M., et al. 2001, Hubble Space Telescope spectroscopy of the dwarf nova RX Andromedae: the underlying white dwarf, ApJ, 555, 834–838.",2001ApJ...555..834S,https://doi.org/10.1086/321529,primary_ADS_abstract_checked; full_text_not_accessed_here,2026-09-24,,no local path supplied,,https://ui.adsabs.harvard.edu/abs/2001ApJ...555..834S/abstract,https://doi.org/10.1086/321529,10.1086/321529,,https://doi.org/10.1086/321529,stable link,Reachable in automated check
152,Sion+10_SSCyg,Sion et al. (2010),,10.1088/2041-8205/716/2/L157,,https://arxiv.org/abs/1007.3158,original_full_text_checked_local_pdf,"Original full text and fit table checked locally. Quiescent FUSE+HST/GHRS WD-atmosphere fits assume log g=8.3 and old 166 pc distance; the representative WD+disk fits are 46,000 K at E(B−V)=0.04 and 55,000 K at E(B−V)=0.07. No formal statistical Teff error is stated. Correct arXiv record is 1007.3158.","Sion, E. M., Godon, P., Myzcka, J., & Blair, W. P. 2010, The Accreting White Dwarf in SS Cygni Revealed, ApJL, 716, L157–L161.",2010ApJ...716L.157S,https://doi.org/10.1088/2041-8205/716/2/L157,original_full_text_checked_local_pdf,2026-09-25,,local path verified,,https://arxiv.org/abs/1007.3158,https://doi.org/10.1088/2041-8205/716/2/L157,10.1088/2041-8205/716/2/L157,,https://doi.org/10.1088/2041-8205/716/2/L157,stable link,Reachable in automated check
153,Sion+15_V603Aql,Sion et al. (2015),,10.1088/0004-6256/150/1/36,,https://arxiv.org/abs/1506.01588,web_verified,"Web/arXiv record inspected. Far-ultraviolet synthetic spectral analysis of archival IUE/HST/FUSE observations of V603 Aql, published in AJ 150, 36. Uses Hubble FGS distance 249 +9/-8 pc and E(B-V)=0.10 +/-0.02, models non-truncated optically thick disks because V603 Aql is neither a polar nor an IP, explores Mwd=0.8/1.0/1.2 Msun, and finds Mdot~1.5-2.2e-9 Msun/yr for Mwd=1.2 with roughly factor-two dependence on assumed Mwd. RAWDOG uses its 30000 K WD value only as a compressional-heating/effective-temperature estimate because the WD contributes only about 1 percent of the FUV flux and Twd is not directly fit. Distance-dependent quantities should not be mixed blindly with Gaia/Ridder+23 distance 315 +3/-4 pc.","Sion, E. M., Godon, P., Jones, L., et al. 2015, The Accretion Disk of V603 Aquilae, The Astronomical Journal, 150, 36.",2015AJ....150...36S,https://arxiv.org/abs/1506.01588,original_full_text_and_model_tables_checked_locally,2026-09-25,,no local path supplied,,https://arxiv.org/abs/1506.01588,https://arxiv.org/abs/1506.01588,10.1088/0004-6256/150/1/36,,https://arxiv.org/abs/1506.01588,stable link,Reachable in automated check
154,Sion+98_UGem,Sion et al. (1998),,10.1086/305378,,https://arxiv.org/abs/astro-ph/9710299,original_full_text_checked_local,"arXiv record inspected and local AraujoBetancor+05 Table 7 uses this as one U Gem WD-temperature reference. Abstract reports phase-resolved HST/GHRS quiescent spectra 13 and 61 d after outburst, V sin i=100 km/s, K1=107 km/s, gravitational-redshift mass about 1.1 Msun, and Teff=32000 K 13 d after outburst; AraujoBetancor+05 compiles U Gem Twd=31000 K with refs Sion+98 and LongGilliland+99. Full PDF not downloaded locally in this pass. Audit update 2026-09-25: source-specific original text/tables were checked as recorded in [local artifact withheld]; this update supersedes earlier statements that the full local text had not been accessed where applicable.","Sion, E. M., Cheng, F. H., Szkody, P., Sparks, W. M., Gänsicke, B., Huang, M., & Mattei, J. 1998, ApJ, 496, 449–453.",1998ApJ...496..449S,https://doi.org/10.1086/305378,original_full_text_checked_local_tables_sections_3_4_5,2026-09-25,,local path verified,,https://arxiv.org/abs/astro-ph/9710299,https://doi.org/10.1086/305378,10.1086/305378,,https://doi.org/10.1086/305378,stable link,Reachable in automated check
155,Stark+08_LSIV-08-3,Stark et al. (2008),,10.1088/0004-6256/135/3/991,,https://arxiv.org/pdf/0801.2963,original_full_text_checked_local_pdf,"arXiv record inspected. AJ paper ""A New, Bright, Short-Period, Emission Line Binary in Ophiuchus"". Abstract verifies LS IV -08 3 was previously catalogued as OB/hot subdwarf but is a binary UX UMa-type CV; H-alpha radial velocities give Porb=0.1952894(10) d; high-resolution spectra show broad and narrow anti-phased emission components plausibly from disk and irradiated donor; photometry shows low-amplitude orbital-timescale variability; DIB reddening is consistent with distance ~100-200 pc; weak ROSAT counterpart properties match accretion in a CV. Full PDF not downloaded locally in this pass. Corrected inherited DOI: 10.1086/586730 belongs to an unrelated article; verified DOI is 10.1088/0004-6256/135/3/991. Full AJ paper and tables checked locally.","Stark, M. A., Wade, R. A., & Thorstensen, J. R. 2008, A New, Bright, Short-Period, Emission Line Binary in Ophiuchus, AJ, 135, 991–999.",2008AJ....135..991S,https://doi.org/10.1088/0004-6256/135/3/991,original_full_text_checked_locally_tables_and_sections_2_3_checked,2026-09-25,,local path verified,,https://arxiv.org/pdf/0801.2963,https://doi.org/10.1088/0004-6256/135/3/991,10.1088/0004-6256/135/3/991,,https://doi.org/10.1088/0004-6256/135/3/991,stable link,Reachable in automated check
156,Staubert+03_V1432Aql,Staubert et al. (2003),,10.1051/0004-6361:20030851,,https://arxiv.org/abs/astro-ph/0306072,original_full_text_checked_locally,"Web-verified arXiv/A&A record for near-synchronous polar V1432 Aql. Abstract reports slight non-synchronism (<2%), changing accretion geometry over the beat cycle, dPspin/dt=-5.4(+3.7/-3.2)e-9 s/s from optical data alone, synchronization timescale 199(+441/-75) yr, evidence against a 4000 s period/IP interpretation, and lower limit Rt0 > 10 Rwd at 68% confidence. Original full text checked locally in audit dated 2026-09-24.
V1432 Aql full-text audit (2026-09-24): combined optical/X-ray timing gives Pspin=12150.328±0.045 s at epoch 1995.2 and Pdot=−(1.01±0.15)×10^-8 s s^-1; optical timing alone gives −5.4 (+3.7/−3.2)×10^-9 s s^-1. Table 5 gives Pbeat=50.28 (+0.21/−0.15) d. These are fit-specific epoch values.","Staubert, R., Friedrich, S., Pottschmidt, K., Benlloch, S., Schuh, S. L., Kroll, P., Splittgerber, E., & Rothschild, R. 2003, The near-synchronous polar V1432 Aql (RX J1940.1–1025): Accretion geometry and synchronization time scale, Astronomy & Astrophysics, 407, 987–998.",2003A&A...407..987S,https://doi.org/10.1051/0004-6361:20030851,original_full_text_checked_locally,2026-09-24,,local path verified,,https://arxiv.org/abs/astro-ph/0306072,https://doi.org/10.1051/0004-6361:20030851,10.1051/0004-6361:20030851,,https://arxiv.org/abs/astro-ph/0306072,download URL,Reachable in automated check
157,Suleimanov+24_TTAri,Suleimanov et al. (2024),,10.1051/0004-6361/202450042,,https://arxiv.org/abs/2403.15254,downloaded,"Downloaded arXiv PDF and text-extracted to tmp/pdfs/text/Suleimanov+24_TTAri.txt. TESS/Kazan/Palma 2021-2023 photometry and disk-precession modeling: negative superhumps 0.132920(2), 0.13273, and 0.1338 d; positive superhumps 0.15106 and 0.1523 d; orbital signal near 0.13755 d; q=0.24-0.29; empirical/theoretical donor sequence gives M2=0.18-0.24 Msun and M1=0.62-1.0 Msun. TT Ari audit: full local paper, Table 2 and precession model checked. Epoch-specific periods saved. q=0.24–0.29 and M1/M2 ranges are disk-precession/donor-sequence models, separate from Wu+02.","Suleimanov, V. F., Belyakov, K. V., Perales, J. M., & Neustroev, V. V. 2024, “Comparison of the disk precession models with the photometric behavior of TT Ari in 2021–2023,” A&A, 686, A67.",2024A&A...686A..67S,https://doi.org/10.1051/0004-6361/202450042,original_full_text_checked_locally,2026-09-24,,local path verified,,https://arxiv.org/abs/2403.15254,https://doi.org/10.1051/0004-6361/202450042,10.1051/0004-6361/202450042,,https://arxiv.org/abs/2403.15254,download URL,Reachable in automated check
158,Szkody+03_MQDra,Szkody et al. (2003),,10.1086/345418,,https://arxiv.org/pdf/astro-ph/0208241,present; original full text checked locally,"arXiv/DOI record inspected: Szkody et al. 2003, ApJ 583, 902, DOI 10.1086/345418. Discovery paper for MQ Dra/SDSS J155331.12+551614.5 and SDSS J132411.57+032050.5; abstract reports narrow, highly polarized cyclotron humps varying with Porb=4.39 h and identifies the MQ Dra humps as n=3/n=4 harmonics in B~60 MG. Ferrario+15 local Table 2 cites this paper for MQ Dra Bcyc1=58 MG and Prot=263.5 min. PDF not local; retrieve for line-by-line audit of detailed spectra/photometry. Original full text checked locally: §§3–4 and Table 1; period, cyclotron field, WD temperature limit and donor type.","Szkody, P., et al. 2003, Two Rare Magnetic Cataclysmic Variables with Extreme Cyclotron Features Identified in the Sloan Digital Sky Survey, ApJ, 583, 902–906.",2003ApJ...583..902S,https://doi.org/10.1086/345418,original_full_text_checked_locally,2026-09-24,,local path verified,,https://arxiv.org/pdf/astro-ph/0208241,https://doi.org/10.1086/345418,10.1086/345418,,https://doi.org/10.1086/345418,stable link,Reachable in automated check
159,Szkody+05,Szkody et al. (2005),,10.1086/429595,,https://doi.org/10.1086/429595,abstract_checked_original_full_text_inaccessible,"DOI/Crossref and NASA HEASARC metadata confirm the article. The original article body was not retrieved in this audit; BM CrB polarization, 33 MG cyclotron field, and approximate 1.4 h period are retained only as secondary-reported by Kolbin+23 and Ferrario+15 until Table/source verification.; FR Lyn: accessible abstract confirms spectropolarimetry established EUVE J0854+390 as a polar. Direct ADS PDF returned HTTP 403 and publisher PDF endpoint returned anti-bot HTML; original body/table was not inspected. Kolbin+23 reports 44 MG and ~30% optical circular polarization secondhand; Dillon+08 independently reports cyclotron humps and up to -30% optical circular polarization. Keep historical claims secondary-only pending original-text verification.","Szkody, P., Henden, A., Fraser, O. J., Silvestri, N. M., Schmidt, G. D., Bochanski, J. J., Wolfe, M. A., Agüeros, M. A., Anderson, S. F., Mannikko, L., Downes, R. A., Schneider, D. P., & Brinkmann, J. 2005, Cataclysmic Variables from Sloan Digital Sky Survey. IV. The Fourth Year (2003), The Astronomical Journal, 129(5), 2386–2399.",2005AJ....129.2386S,https://ui.adsabs.harvard.edu/abs/2005AJ....129.2386S/abstract,original_abstract_checked_full_text_not_accessible,2026-09-25,,no local path supplied,,https://doi.org/10.1086/429595,https://ui.adsabs.harvard.edu/abs/2005AJ....129.2386S/abstract,10.1086/429595,,https://doi.org/10.1086/429595,DOI,Reachable in automated check
160,Szkody+08_MQDra,Szkody et al. (2008),,10.1086/589138,,https://arxiv.org/pdf/0804.1348,present; original full text checked locally,"arXiv full-text/DOI record inspected: Szkody et al. 2008, ApJ, DOI 10.1086/589138, GALEX/optical/IR light curves of MQ Dra. Audited values include ephemeris phase0=HJD2454156.9138+0.182985(5)E, WD model Teff=8000 K with previous estimates 6000-8000 K and upper limit 10000 K, assumed Mwd=0.6 Msun and Rwd=0.012 Rsun, M4V donor Teff=3200 K for light-curve modeling, K-band ellipsoidal modulation implying a Roche-lobe-filling or nearly filling donor, optical cyclotron model B=59 MG/kT~1.8 keV/log Lambda~3.8/i~68 deg/beta~7 deg, and UV-cyclotron alternative requiring multipole fields >200 MG with a lowest reasonable field near 235 MG. PDF not local; retrieve for table/figure audit. Original full text checked locally; §§2–4, 6 and Tables 2, 3, 6, 7 visually checked for period, donor/contact models, temperature and cyclotron solutions.","Szkody, P., et al. 2008, GALEX, Optical, and IR Light Curves of MQ Dra: UV Excesses at Low Accretion Rates, ApJ, 683, 409–420.",2008ApJ...683..409S,https://doi.org/10.1086/589138,original_full_text_checked_locally,2026-09-24,,local path verified,,https://arxiv.org/pdf/0804.1348,https://doi.org/10.1086/589138,10.1086/589138,,https://doi.org/10.1086/589138,stable link,Reachable in automated check
161,Szkody+10,Szkody et al. (2010),,10.1088/0004-637X/716/2/1531,,https://arxiv.org/abs/1005.2434,present,"Local PDF/text and arXiv record inspected. HST/ACS low-state UV spectra of EF Eri; models include ~10000 K WD plus 15000 K hot spot or 9500 K WD plus ~100 MG UV cyclotron component, but full orbital phase behavior requires additional field/temperature components. Treat ~100 MG as complex-field caveat, not adopted global field.","Szkody, P., Mukadam, A., Gänsicke, B. T., Campbell, R. K., Harrison, T. E., Howell, S. B., Holtzman, J., Walter, F. M., Henden, A., et al. 2010, Analyzing the low state of EF Eridani with Hubble Space Telescope ultraviolet spectra, ApJ, 716, 1531–1544.",2010ApJ...716.1531S,https://doi.org/10.1088/0004-637X/716/2/1531,original_full_text_checked_local_pdf,2026-09-23,,local path verified,,https://arxiv.org/abs/1005.2434,https://doi.org/10.1088/0004-637X/716/2/1531,10.1088/0004-637X/716/2/1531,,https://doi.org/10.1088/0004-637X/716/2/1531,stable link,Reachable in automated check
162,SzkodyWade+81_ZCam,Szkody & Wade (1981),,10.1086/159454,,https://ntrs.nasa.gov/citations/19820035861,web_verified_primary_abstract,NASA NTRS original abstract checked. Reports H-alpha spectroscopy at standstill and an estimated mass-loss rate of about 6e-10 Msun/yr in quiescence and standstill. The abstract does not expose the K7 classification; Wade's 1981 thesis is the checked source for the K7 minimum-light classification.,"Szkody, P., & Wade, R. A. 1981, Z Camelopardalis at standstill, ApJ, 251, 201–204.",1981ApJ...251..201S,https://doi.org/10.1086/159454,original_NASA_NTRS_abstract_only;full_PDF_not_accessible,2026-09-25,,no local path supplied,,https://ntrs.nasa.gov/citations/19820035861,https://doi.org/10.1086/159454,10.1086/159454,,https://ntrs.nasa.gov/citations/19820035861,download URL,Reachable in automated check
163,Tappert+04_CTCV,Tappert et al. (2004),,10.1111/j.1365-2966.2004.08195.x,,https://arxiv.org/abs/astro-ph/0408357,web_verified_primary_arxiv_fulltext,"Original arXiv/publisher metadata and article text web-verified: Tappert, Augusteijn & Maza (2004), MNRAS 354, 321-331. For CTCV J2005-2934 (V5662 Sgr), the paper identifies a typical dwarf-nova spectrum with unusually strong Halpha, gives P3=0.062887(37) d as the most probable photometric alias, and explicitly retains P4=0.060972(14) d as an important alias requiring more observations.

Full article checked: Table 3 reports H-alpha EW 219 Å and H-beta EW 66 Å, no He II 4686 detection; Table 7 gives five period-search aliases. P3=0.062887(37) d is the most probable alias (discriminatory power 0.637), while P4=0.060972(14) d remains important (0.272); more observations are needed to identify the orbital period securely.","Tappert, S., Augusteijn, T., & Maza, J. 2004, Cataclysmic variables from the Calán–Tololo Survey – I. Photometric periods, Monthly Notices of the Royal Astronomical Society, 354, 321–331.",2004MNRAS.354..321T,https://doi.org/10.1111/j.1365-2966.2004.08195.x,original_full_text_checked_via_arXiv,2026-09-25,,local path verified,,https://arxiv.org/abs/astro-ph/0408357,https://doi.org/10.1111/j.1365-2966.2004.08195.x,10.1111/j.1365-2966.2004.08195.x,,https://arxiv.org/abs/astro-ph/0408357,download URL,Reachable in automated check
164,Thomas+99_V1043Cen,Thomas et al. (2000),,10.48550/arXiv.astro-ph/9911200,,https://arxiv.org/abs/astro-ph/9911200,original_full_text_checked_local_pdf,"Full original A&A paper checked locally, including Tables 1–3 and the mass/stability discussion. Correct journal year is 2000; legacy reference key Thomas+99_V1043Cen is retained. Discovery/classification, orbital ephemeris, ROSAT spectral fits, cyclotron B=56 MG model, donor estimates, competing mass branches and high/low accretion-rate model are retained separately.","Thomas, H.-C., Beuermann, K., Burwitz, V., Reinsch, K., & Schwope, A. D. 2000, RX J1313.2−3259, a long-period Polar discovered with ROSAT, A&A, 353, 646–654.",2000A&A...353..646T,https://arxiv.org/abs/astro-ph/9911200,original_full_text_checked_local_pdf,2026-09-24,,local path verified,,https://arxiv.org/abs/astro-ph/9911200,https://arxiv.org/abs/astro-ph/9911200,10.48550/arXiv.astro-ph/9911200,,https://arxiv.org/abs/astro-ph/9911200,stable link,Reachable in automated check
165,Thoroughgood+05_V347Pup,Thoroughgood et al. (2005),,10.1111/j.1365-2966.2004.08613.x,,https://arxiv.org/abs/astro-ph/0411555,present_local_full_text_checked,"Original full text checked locally, including eclipse ephemeris, Tables 2-5, Eqs. 8-10, irradiation correction, distance assumptions and discussion. Both Table 5 Monte Carlo branches are retained. Eq. 9 defines q=M2/M1. The mass solution assumes Roche-lobe filling and synchronous donor rotation. The 490 +/-130 pc distance depends on donor-light fraction, assumed main-sequence absolute magnitude and E(B-V)=0.05 reported through Mauche+94.","Thoroughgood, T. D., Dhillon, V. S., Steeghs, D., Watson, C. A., Buckley, D. A. H., Littlefair, S. P., Smith, D. A., Still, M., van der Heyden, K. J., & Warner, B. 2005, The component masses of the cataclysmic variable V347 Puppis, MNRAS, 357, 881-894.",2005MNRAS.357..881T,https://doi.org/10.1111/j.1365-2966.2004.08613.x,original_full_text_checked_local_pdf_and_publisher_metadata,2026-09-25,,local path verified,,https://arxiv.org/abs/astro-ph/0411555,https://doi.org/10.1111/j.1365-2966.2004.08613.x,10.1111/j.1365-2966.2004.08613.x,,https://arxiv.org/abs/astro-ph/0411555,download URL,Reachable in automated check
166,ThorstensenFenton+02_APCrB,Thorstensen & Fenton (2002),,10.1086/337998,,https://doi.org/10.1086/337998,full_text_inaccessible_abstract_checked,"Original NASA ADS abstract web-verified: Thorstensen & Fenton (2002), PASP 114, 74-82, 'RX J15542+2721: An Apparently Magnetic Cataclysmic Variable with a 2.53 Hour Orbital Period'. The source finds an AM Her system in the period gap, detects ellipsoidal variations and radial velocities from an approximately M4 secondary, and gives a distance of roughly 210 pc; the abstract does not expose the later refined 151.865 +/-0.009 min ephemeris or individual masses. PDF retrieval returned HTML/blocked content; invalid file removed. Abstract supports AM Her, about 2.53 h, ellipsoidal M4-ish donor and rough 210 pc. Exact refined period is quoted by full Gänsicke+04. Full text retrieval returned blocked HTML; invalid file removed. Abstract supports class, about 2.53 h, M4-ish ellipsoidal donor, rough 210 pc. Exact refined period quoted in full Gänsicke+04.","Thorstensen, J. R., & Fenton, W. H. 2002, Spectroscopy of cataclysmic variables. I. Orbital periods for 18 systems, PASP, 114, 74-82.",2002PASP..114...74T,https://doi.org/10.1086/337998,original_abstract_checked_full_text_inaccessible,2026-09-24,,no local path supplied,,https://doi.org/10.1086/337998,https://doi.org/10.1086/337998,10.1086/337998,,https://doi.org/10.1086/337998,stable link,Reachable in automated check
167,ThorstensenHalpern+13_XrayCVs,Thorstensen Halpern et al. (2013),,10.1088/0004-6256/146/5/107,,https://arxiv.org/abs/1308.5016,original_full_text_checked_local_pdf,"Original article checked locally, including Sect. 3.9, Table 3 radial-velocity fits, and Table 2 optical identification. Authors describe the period as short but ambiguous, probably around 84 min, and suggest an AM Her/polar; Tovmassian+17 supplies the later asynchronous-polar solution.","Thorstensen, J. R. & Halpern, J. 2013, Optical and X-ray Studies of Ten X-ray Selected Cataclysmic Binaries, AJ, 146, 107.",2013AJ....146..107T,https://doi.org/10.1088/0004-6256/146/5/107,original_full_text_checked_local_pdf,2026-09-24,,local path verified,,https://arxiv.org/abs/1308.5016,https://doi.org/10.1088/0004-6256/146/5/107,10.1088/0004-6256/146/5/107,,https://doi.org/10.1088/0004-6256/146/5/107,stable link,Reachable in automated check
168,ThorstensenRingwald+95_ZCam,Thorstensen Ringwald et al. (1995),,,,https://adsabs.harvard.edu/pdf/1995IBVS.4249....1T,web_verified_primary_fulltext,"Full original PDF checked. Period is 0.2898406(2) d. Emission-line and red-star inferior-conjunction ephemerides have different zero points; the latter assumes a 0.017 d line-to-absorption offset. K=138 +/-4 km/s is an emission-line velocity, not a WD K1 measurement.","Thorstensen, J. R., & Ringwald, F. A. 1995, An Improved Ephemeris for Z Camelopardalis, IBVS, 4249, 1–2.",1995IBVS.4249....1T,https://adsabs.harvard.edu/pdf/1995IBVS.4249....1T,original_full_text_checked_local_pdf;period_and_velocity_tables_checked,2026-09-25,,local path verified,,https://adsabs.harvard.edu/pdf/1995IBVS.4249....1T,https://adsabs.harvard.edu/pdf/1995IBVS.4249....1T,,,https://adsabs.harvard.edu/pdf/1995IBVS.4249....1T,stable link,Reachable in automated check
169,ThorstensenWadeOke+86_SUUMa,"Thorstensen, Wade & Oke (1986), SU UMa orbital spectroscopy",,10.1086/164641,,https://ui.adsabs.harvard.edu/abs/1986ApJ...309..721T/abstract,primary_abstract_verified_full_text_not_accessible,"Original ApJ metadata/abstract web-verified: Thorstensen, Wade & Oke (1986), ApJ 309, 721, spectroscopic study of SU UMa. The original Halpha radial-velocity period is 0.076351 +/-4.3e-5 d (110 min), with K=58 +/-4 km/s and a very small emission-line mass function. The more precise 0.07637533(13) d ephemeris currently adopted by RAWDOG is the later update quoted by Coppejans+16.; Published abstract reports Hα radial-velocity orbital period 0.076351±0.000043 d, emission-line velocity amplitude 58±4 km s−1 and mass function about 1.5×10−3 M⊙. Full article text was not retrieved in this audit.","Thorstensen, J. R., Wade, R. A., & Oke, J. B. 1986, A spectroscopic study of the cataclysmic binary star SU Ursae Majoris, ApJ, 309, 721–729.",1986ApJ...309..721T,https://doi.org/10.1086/164641,primary_abstract_only; cited_by_Coppejans_table_and_updated_ephemeris,2026-09-25,,no local path supplied,,https://ui.adsabs.harvard.edu/abs/1986ApJ...309..721T/abstract,https://doi.org/10.1086/164641,10.1086/164641,,https://doi.org/10.1086/164641,stable link,Automated access restricted
170,Tovmassian+01_APCrB,Tovmassian et al. (2001),,10.1051/0004-6361:20011434,,https://doi.org/10.1051/0004-6361:20011434,present,"arXiv/DOI record inspected: Tovmassian et al. 2001, A&A, DOI 10.1051/0004-6361:20011434, discovery/classification paper for RX J1554.2+2721. Abstract reports ROSAT optical counterpart, radial-velocity semiamplitude ~140 km/s, distinct high/low states, R-band photometric modulation amplitude ~0.15 mag, initial orbital period 2.753 h, M4V secondary contribution, cyclotron emission, soft X-ray spectrum, and AM Her classification. The older B=31 MG cyclotron assignment is retained only as a historical value criticized by Gaensicke+04_APCrB. Full article and selected pages checked, including observations, ROSAT fit, period, donor/model estimates and optical field model. Full article and selected pages checked: ROSAT, period, donor, model and field claims.","Tovmassian, G. H., Greiner, J., Zharikov, S. V., Echevarría, J., & Kniazev, A. 2001, The new cataclysmic variable RX J1554.2+2721 in the period gap, A&A, 380, 504-515.",2001A&A...380..504T,https://doi.org/10.1051/0004-6361:20011434,original_full_text_and_selected_pages_visually_checked,2026-09-24,,local path verified,,https://doi.org/10.1051/0004-6361:20011434,https://doi.org/10.1051/0004-6361:20011434,10.1051/0004-6361:20011434,,https://doi.org/10.1051/0004-6361:20011434,stable link,Automated access restricted
171,Tovmassian+17_IGRJ19552,Tovmassian et al. (2017),,10.1051/0004-6361/201731323,,https://arxiv.org/abs/1710.02126,original_full_text_checked_local_pdf,"Original full article checked locally, including time-series tables, radial-velocity Table 3, spectra and cyclotron-field discussion. Table/body assign 81.29 min to photometric WD spin and 83.599 min to spectroscopic radial-velocity orbital period; the abstract reverses the method labels. 16 MG is conditional on an 8000-A turnover being the eighth cyclotron harmonic; no resolved cyclotron or Zeeman lines. Donor features are absent. Doppler-map q=0.13, MWD=0.75 Msun and i=65 deg are adopted plotting inputs, not measured masses.","Tovmassian, G., González-Buitrago, D., Thorstensen, J., et al. 2017, IGR J19552+0044: A new asynchronous short period polar, Astronomy & Astrophysics, 608, A36.",2017A&A...608A..36T,https://doi.org/10.1051/0004-6361/201731323,original_full_text_checked_local_pdf,2026-09-24,,local path verified,,https://arxiv.org/abs/1710.02126,https://doi.org/10.1051/0004-6361/201731323,10.1051/0004-6361/201731323,,https://arxiv.org/abs/1710.02126,download URL,Reachable in automated check
172,TovmassianZharikov+07_HS0922,Tovmassian & Zharikov (2007),,10.1051/0004-6361:20053784,,https://doi.org/10.1051/0004-6361:20053784,original_full_text_checked_local_pdf,"Local full paper and arXiv record checked, including Table 1, Table 2 and conclusions. Spectroscopic period 4.0395±0.0001 h resolves the earlier alias confusion and establishes synchronism. Table 2 RVs and Section 3 explicitly do not support component masses; 0.35–0.42 Msun is a period-based expectation for comparable systems, not an HS 0922 dynamical mass.","Tovmassian, G. H., & Zharikov, S. V. 2007, On the orbital period of the magnetic cataclysmic variable HS 0922+1333, A&A, 468, 643–647.",2007A&A...468..643T,https://doi.org/10.1051/0004-6361:20053784,original_full_text_checked_local_pdf,2026-09-23,,repaired to existing file,,https://doi.org/10.1051/0004-6361:20053784,https://doi.org/10.1051/0004-6361:20053784,10.1051/0004-6361:20053784,,https://doi.org/10.1051/0004-6361:20053784,stable link,Automated access restricted
173,UrbanSion+06_DNe,Urban & Sion et al. (2006),,10.1086/501430,,https://arxiv.org/abs/astro-ph/0602126,original_full_text_checked_local_pdf,"Original arXiv record/abstract and DOI metadata web-verified: Urban & Sion (2006), ApJ 642, 1029-1041, uniform synthetic FUV analysis of 53 dwarf novae. It reports approximate WD temperatures/upper limits and accretion rates; the object-specific SU UMa fit retained in RAWDOG is a model-dependent quiescent WD+disk decomposition.;Original full text now checked. YZ Cnc Table 2 gives approximate composite WD+disc IUE model parameters: Teff 23000 K, Mwd 0.80 Msun, i=41 deg, Mdot=1e−10 Msun/yr; WD contributes 24% of FUV model flux, disc 76%, parameters have no per-object confidence interval and are not precise independent measurements.;Original full text now checked. YZ Cnc Table 2 gives approximate composite WD+disc IUE model parameters: Teff 23000 K, Mwd 0.80 Msun, i=41 deg, Mdot=1e−10 Msun/yr; WD contributes 24% of FUV model flux, disc 76%, parameters have no per-object confidence interval and are not precise independent measurements.; SU UMa row: IUE SWP 27685 on 1986-02-09 00:31:43 UT, quiescence post-superoutburst; approximate composite WD+disc fit Teff=28000 K, Mwd=0.8 M⊙, i=41°, Mdot=9.6e−12 M⊙ yr−1, WD/disk FUV shares 55/45; E(B−V)=0.00. Teff has no per-source formal interval; Mwd and i are adopted/fixed fit inputs. Their d=270 pc combines poor parallax with other estimates/relations, not a direct distance measurement.; Full SU UMa IUE Table 2 row, spectrum date/state, component fractions, input distance/mass/inclination and fit assumptions are now recorded in [local artifact withheld] and the measurement ledger.","Urban, J. A., & Sion, E. M. 2006, The Dwarf Novae During Quiescence, ApJ, 642, 1029–1041.",2006ApJ...642.1029U,https://doi.org/10.1086/501430,original_full_text_checked_SU_UMa_IUE_row_and_distance/mass_notes,2026-09-25,,local path verified,,https://arxiv.org/abs/astro-ph/0602126,https://doi.org/10.1086/501430,10.1086/501430,,https://doi.org/10.1086/501430,stable link,Reachable in automated check
174,Vaeth+97_V2400Oph,Vaeth et al. (1997),,,,https://articles.adsabs.harvard.edu/pdf/1997A%26A...317..476V,present,"ADS scanned A&A paper retrieved and text-extracted locally. Reanalysis of RX J1712.6-2414/V2400 Oph polarization: Buckley+95 B=8 MG fit assumes only Ic-band polarized flux is cyclotron-dominated and shorter wavelengths are free-free; Vaeth argues this implies implausibly small distances (5-50 pc) and very low background flux. A cyclotron-dominated interpretation gives B_pole~9-20 MG for Mwd=0.4-0.8 Msun and specific accretion rate 0.1-1 g cm^-2 s^-1, or 15-27 MG for another dipole inclination. Also estimates M2=0.37 Msun from a period-mass relation; not a measured donor mass.","Vaeth, H., Chanmugam, G., & Frank, J. 1997, A&A, 317, 476.",1997A&A...317..476V,https://ui.adsabs.harvard.edu/abs/1997A%26A...317..476V/abstract,original_full_text_checked_locally,2026-09-24,,local path verified,,https://articles.adsabs.harvard.edu/pdf/1997A%26A...317..476V,https://ui.adsabs.harvard.edu/abs/1997A%26A...317..476V/abstract,,,https://articles.adsabs.harvard.edu/pdf/1997A%26A...317..476V,download URL,Reachable in automated check
175,VandePutte+03_RWSex,Vande Putte et al. (2003),,10.1046/j.1365-8711.2003.06524.x,,https://arxiv.org/abs/astro-ph/0302507,web_verified,"arXiv record inspected. Detection of the secondary star in RW Sex. Abstract verifies K5 absorption-template detection, secondary contributes about 10 percent around 8000 A, K2=144 +/-18 km/s, mass ratio q=0.64 +/-0.08, and donor earlier than expected K9 +/-3. Catalog retains M1=0.99 +/-0.18 Msun and M2=0.75 +/-0.35 Msun as detailed values previously traced through the paper/secondary summaries; full PDF not downloaded locally in this pass. 2026-09-25 source audit corrected DOI metadata (the old DOI ending 06730.x was wrong). K2=144±18 km/s and K5-template detection are primary results. Keep internal table/text inconsistencies in q and mass uncertainties separate.","Vande Putte, D., Smith, R. C., Hawkins, N. A., & Martin, J. S. 2003, “A spectroscopic search for faint secondaries in cataclysmic variables,” MNRAS, 342, 151–162.",2003MNRAS.342..151V,https://academic.oup.com/mnras/article/342/1/151/1049062,original_full_text_checked_locally_and_Oxford_Academic;Tables_5_9_10_and_RW_Sex_discussion_checked,2026-09-25,,no local path supplied,,https://arxiv.org/abs/astro-ph/0302507,https://academic.oup.com/mnras/article/342/1/151/1049062,10.1046/j.1365-8711.2003.06524.x,,https://arxiv.org/abs/astro-ph/0302507,download URL,Reachable in automated check
176,Walker+65,Walker (1965),,,,https://real-j.mtak.hu/964/1/CoKonV4.pdf,web_verified_official_repository,"Official Konkoly repository record and scanned issue checked locally. Walker pp. 1–2 prints Max = JD 2427889.6474 + 0.0697468256 E, derived from observed times of maximum; no formal period uncertainty is given. Walker notes previously reported phase shifts up to 0.1P and cautions that the apparent agreement with older elements could be fortuitous. Tables 1–5 provide the photometric observations. Howell+06 §3.2 notes the timing is heliocentric although Walker labels it JD, and relates phase zero to donor inferior conjunction. ADS bibcode not independently verified and remains blank.","Walker, M. F. 1965, “Photoelectric Observations of VV Puppis,” Mitteilungen der Sternwarte Budapest, No. 57, 1–11 (Contributions from the Lick Observatory, No. 179).",,https://real-j.mtak.hu/964/,original_scan_p1_visually_checked; relevant_period_caveat_and_photometry_tables_OCR_reviewed,2026-09-25,,local path verified,,https://real-j.mtak.hu/964/1/CoKonV4.pdf,https://real-j.mtak.hu/964/,,,https://real-j.mtak.hu/964/,stable link,Reachable in automated check
177,Wang+21_V1432Aql,Wang et al. (2021),,10.1088/1674-4527/21/12/315,,https://arxiv.org/abs/2110.13483,original_full_text_checked_locally,"Web-verified arXiv/RAA record for contemporaneous NuSTAR and Swift/XRT analysis of V1432 Aql. Abstract reports one accretion region during the observation, orbital rather than spin modulation for the 2018 data, significant reflection, soft X-ray temperature/energy-balance discussion, total accretion rate 1.3e-10 Msun/yr, and specific accretion rate 3.8 g cm^-2 s^-1. Original full text checked locally in audit dated 2026-09-24.
V1432 Aql full-text audit (2026-09-24): contemporaneous 2018 Swift/NuSTAR spectral models yield kTbb=50(+6/−7) eV for CC#2; Table 4 compiles historical masses and gives Mwd=0.85±0.07 Msun and Rwd=0.010±0.0003 Rsun from fitted Tmax plus a Nauenberg mass-radius relation. M2=0.22±0.02 Msun is a donor-sequence/Roche-geometry estimate, and i=78.5±0.5° follows the 695 s eclipse geometry. Reports total Mdot=1.3(2)×10^-10 Msun yr^-1 and specific rate 3.8 g cm^-2 s^-1. X-ray spectral fit errors in Table 1 are 90% confidence; derived mass confidence convention is not stated separately.","Wang, Q.-S., Qian, S.-B., & Zhu, L.-Y. 2021, Revisiting the X-ray emission of the asynchronous polar V1432 Aql, Research in Astronomy and Astrophysics, 21, 315.",2021RAA....21..315W,https://doi.org/10.1088/1674-4527/21/12/315,original_full_text_checked_locally,2026-09-24,,local path verified,,https://arxiv.org/abs/2110.13483,https://doi.org/10.1088/1674-4527/21/12/315,10.1088/1674-4527/21/12/315,,https://doi.org/10.1088/1674-4527/21/12/315,stable link,Reachable in automated check
178,Watson+03_RocheTomography,Watson et al. (2003),,10.1046/j.1365-8711.2003.06381.x,,https://arxiv.org/abs/astro-ph/0302115,original_full_text_checked_local_pdf,"Downloaded correct arXiv PDF and text-extracted to tmp/pdfs/text/Watson+03_RocheTomography.txt. Roche tomography of secondary stars in AM Her, QQ Vul, IP Peg, and HU Aqr using Na I absorption. For QQ Vul, audited lower inclination limit ~72 deg from entropy reconstructions, exclusion of inclinations >72 deg from lack of X-ray eclipse at phase zero, adopted i=72 deg with M1=0.66 Msun and M2=0.42 Msun, full range M1=0.58-0.66 Msun and M2=0.34-0.44 Msun as inclination increases to 90 deg, and Na I absorption map showing irradiation/shielding of the donor. The paper does not provide WD Teff or magnetic-field strength. HU Aqr audit: Roche tomography gives gamma=7 km/s, q=0.25, best comparison masses M1=0.61 Msun and M2=0.15 Msun, and inclination 84.4 deg using the eclipse width; these are retained only as older comparison values because Schwope+25_HUAqr provides newer direct eclipse/LCURVE masses.","Watson, C. A., Dhillon, V. S., Rutten, R. G. M., & Schwope, A. D. 2003, Roche tomography of cataclysmic variables – II. Images of the secondary stars in AM Her, QQ Vul, IP Peg and HU Aqr, Monthly Notices of the Royal Astronomical Society, 341, 129–142.",2003MNRAS.341..129W,https://doi.org/10.1046/j.1365-8711.2003.06381.x,original_full_text_checked_local_pdf,2026-09-24,,local path verified,,https://arxiv.org/abs/astro-ph/0302115,https://doi.org/10.1046/j.1365-8711.2003.06381.x,10.1046/j.1365-8711.2003.06381.x,,https://arxiv.org/abs/astro-ph/0302115,download URL,Reachable in automated check
179,Wheatley+03_SSCyg,Wheatley et al. (2003),,10.1046/j.1365-8711.2003.06936.x,,https://arxiv.org/abs/astro-ph/0306471,original_full_text_checked_local_pdf,"Original arXiv record/full text web-verified: Wheatley, Mauche & Mattei (2003), MNRAS 345, 49-61, 'The X-ray and extreme-ultraviolet flux evolution of SS Cygni throughout outburst'. The paper finds the X-ray rise 0.9-1.4 d after optical rise and 0.6 d before the EUV rise, a sharp X-ray drop at the EUV transition, and inferred accretion rates of about 3e15, 1e16, and 1e18 g/s in quiescence, at the optically thick boundary-layer transition, and at outburst peak. These are boundary-layer/accretion-state results, not WD surface magnetic-field measurements.","Wheatley, P. J., Mauche, C. W., & Mattei, J. A. 2003, The X-ray and extreme-ultraviolet flux evolution of SS Cygni throughout outburst, MNRAS, 345, 49–61.",2003MNRAS.345...49W,https://doi.org/10.1046/j.1365-8711.2003.06936.x,original_full_text_checked_local_pdf,2026-09-25,,local path verified,,https://arxiv.org/abs/astro-ph/0306471,https://doi.org/10.1046/j.1365-8711.2003.06936.x,10.1046/j.1365-8711.2003.06936.x,,https://arxiv.org/abs/astro-ph/0306471,download URL,Reachable in automated check
180,Wickramasinghe+89,Wickramasinghe et al. (1989),,10.1086/185478,,https://doi.org/10.1086/185478,web_verified_primary_abstract,"Original ApJ abstract/metadata web-verified for Wickramasinghe, Ferrario & Bailey (1989), ApJ 342, L35-L38, 'A 56 MG field at the second pole in VV Puppis'. Phase-dependent spectropolarimetry gives B=30.5 MG at the main region and B=56 MG at the secondary region; the paper interprets the system with an offset dipole displaced by about 0.1 Rwd. The later Schwope+97 analysis refines these to approximately 31 and 54 MG in its state-dependent model.","Wickramasinghe, D. T., Ferrario, L., & Bailey, J. 1989, A 56 MG field at the second pole in VV Puppis, The Astrophysical Journal, 342, L35–L38.",1989ApJ...342L..35W,https://doi.org/10.1086/185478,original_published_abstract_checked; full source not locally accessed,2026-09-25,,no local path supplied,,https://doi.org/10.1086/185478,https://doi.org/10.1086/185478,10.1086/185478,,https://doi.org/10.1086/185478,stable link,Automated access restricted
181,Worpel+20_V1084Her,Worpel et al. (2020),,10.1051/0004-6361/202038038,,https://doi.org/10.1051/0004-6361/202038038,original full text checked locally,Original full text and rendered Table 6 checked; source-specific XMM spectral fit and tentative 1549-second signal.,"Wörpel, H. et al. 2020, A&A, 639, A17.",2020A&A...639A..17W,https://doi.org/10.1051/0004-6361/202038038,Original full text and rendered Table 6 checked,2026-09-25,,local path verified,,https://doi.org/10.1051/0004-6361/202038038,https://doi.org/10.1051/0004-6361/202038038,10.1051/0004-6361/202038038,,https://doi.org/10.1051/0004-6361/202038038,stable link,Automated access restricted
182,WoudtWarner+02_FaintCVs,Woudt & Warner (2002),,10.1046/j.1365-8711.2002.05613.x,,https://arxiv.org/pdf/astro-ph/0204483,downloaded,"Downloaded/extracted from arXiv. MNRAS 335, 44-52, high-speed photometry of faint CVs. For CM Phe/Phoenix 1, Section 2.7 confirms Hoard, Wachter & Kim-Quijano (2001) Porb choice, gives ephemeris HJDmin=2451900.4561+0.2689(+-0.0007)E, states the light curve has two unequal maxima/minima per cycle and supports ellipsoidal modulation of the red secondary plus blue/near-UV accretion flickering. Repeats Hoard & Wachter spectroscopy: strong H-alpha, moderate He I on blue continuum, TiO bands implying secondary spectral type M2-5. Finds no significant modulations below ~500 s.; CM Phe structured audit: §2.7 original full text checked locally; ephemeris HJDmin=2451900.4561+0.2689(7)E d, double-wave light curve, M2-5 spectrum reiterated, no significant modulation below about 500 s.","Woudt, P. A. & Warner, B. 2002, MNRAS, 335, 44–52.",2002MNRAS.335...44W,https://doi.org/10.1046/j.1365-8711.2002.05613.x,original_full_text_checked_locally,2026-09-25,,local path verified,,https://arxiv.org/pdf/astro-ph/0204483,https://doi.org/10.1046/j.1365-8711.2002.05613.x,10.1046/j.1365-8711.2002.05613.x,,https://arxiv.org/pdf/astro-ph/0204483,download URL,Reachable in automated check
183,Wu+02_TTAri,Wu et al. (2002),,10.1086/339278,,https://ui.adsabs.harvard.edu/abs/2002ApJ...569..418W/abstract,web_verified_primary_abstract,"Original NASA ADS abstract web-verified: Wu et al. (2002), ApJ 569, 418-425, 'TT Arietis: Spectroscopy and Photometry'. The high-state study establishes Porb=0.13755040 +/-1.7e-7 d and finds q=0.19 +/-0.04; the abstract does not itself provide unique individual component masses. TT Ari audit: NASA ADS primary abstract reports Porb=0.13755040±1.7e-7 d and q=0.19±0.04; no individual masses in abstract. Bruch+19 quotes uncertain M1=1.24, M2=0.23 M_sun, i=29 deg. Masses/hour conversion remain under review.","Wu, K., Cropper, M., Ramsay, G., & Sekiguchi, K. 2002, “TT Arietis: Spectroscopy and Photometry,” ApJ, 569, 418–425.",2002ApJ...569..418W,https://ui.adsabs.harvard.edu/abs/2002ApJ...569..418W/abstract,NASA_ADS_primary_abstract_checked_full_text_not_accessible,2026-09-24,,no local path supplied,,https://ui.adsabs.harvard.edu/abs/2002ApJ...569..418W/abstract,https://ui.adsabs.harvard.edu/abs/2002ApJ...569..418W/abstract,10.1086/339278,,https://doi.org/10.1086/339278,DOI,Reachable in automated check
184,deMartino+04_SoftIPs,de Martino et al. (2004),,10.1051/0004-6361:20034160,,https://arxiv.org/abs/astro-ph/0311557,present,"A&A/arXiv BeppoSAX paper retrieved and text-extracted locally. For RX J1712/V2400 Oph, Table 2 gives kTBB=103 +11/-9 eV for the soft blackbody component, kThard=13 +1/-2 keV for the optically thin post-shock plasma, partial covering absorption parameters, subsolar abundance, and LBB/Lhard~0.7. The paper identifies the 1003 s modulation as the synodic/beat period and states the data are not sufficient to derive reliable shock temperatures or WD masses. The soft blackbody is an irradiated-pole/accretion component, not a photospheric WD Teff.","de Martino, D., Matt, G., Mukai, K., et al. 2004, A&A, 415, 1009–1019.",2004A&A...415.1009D,https://doi.org/10.1051/0004-6361:20034160,original_full_text_checked_locally,2026-09-24,,local path verified,,https://arxiv.org/abs/astro-ph/0311557,https://doi.org/10.1051/0004-6361:20034160,10.1051/0004-6361:20034160,,https://arxiv.org/abs/astro-ph/0311557,download URL,Reachable in automated check
185,duPlessis+19_ARSco,du Plessis et al. (2019),,10.3847/1538-4357/ab4e19,,https://arxiv.org/abs/1910.07401,original_full_text_checked_local_pdf,"Original RVM model paper checked. zeta=60.4(+5.4/-6.0) deg; WD mass=1.00(+0.16/-0.10) M_sun only if zeta≈i and donor Roche fills. Paper q=M1/M2, inverse Marsh+16 q=M2/M1.","du Plessis, L., Venter, C., Harding, A. K., Wadiasingh, Z., & Böttcher, M. 2019, Constraining the Emission Geometry and Mass of the White Dwarf Pulsar AR Sco using the Rotating Vector Model, The Astrophysical Journal, 886, 73.",2019ApJ...886...73D,https://doi.org/10.3847/1538-4357/ab4e19,original_full_text_checked_local_pdf; assumptions_equations_and_figures_checked,2026-09-25,,local path verified,,https://arxiv.org/abs/1910.07401,https://doi.org/10.3847/1538-4357/ab4e19,10.3847/1538-4357/ab4e19,,https://doi.org/10.3847/1538-4357/ab4e19,stable link,Reachable in automated check
186,vanParadijs+94_YZCnc,van Paradijs et al. (1994),,10.1093/mnras/267.3.465,,https://doi.org/10.1093/mnras/267.3.465,original_full_text_checked_local_pdf,"Original OUP article page/abstract web-verified: van Paradijs et al. (1994), MNRAS 267, 465-472, 60-night campaign on SU UMa and YZ Cnc. The abstract reports quiescent orbital variability in YZ Cnc, interpretable as bright-spot modulation, and a weak near-outburst sinusoid that could arise from the secondary or disk.;Original full article now checked. Section 6 ephemeris is HJD 2447518.7255(61) + 0.086924(7) E; period interpreted as 2.086176±0.000168 h. Quiescent modulation is likely bright-spot related; no eclipses established here.;Original full article now checked. Section 6 ephemeris is HJD 2447518.7255(61) + 0.086924(7) E; period interpreted as 2.086176±0.000168 h. Quiescent modulation is likely bright-spot related; no eclipses established here.","van Paradijs et al. (1994) MNRAS, 267, 465–472.",1994MNRAS.267..465V,https://doi.org/10.1093/mnras/267.3.465,original_full_text_checked_local_pdf,2026-09-25,,local path verified,,https://doi.org/10.1093/mnras/267.3.465,https://doi.org/10.1093/mnras/267.3.465,10.1093/mnras/267.3.465,,https://doi.org/10.1093/mnras/267.3.465,stable link,Automated access restricted
187,Dhillon+00_IRCVIII,Dhillon et al. (2000),,10.1046/j.1365-8711.2000.03427.x,,https://arxiv.org/abs/astro-ph/0001525,original_full_text_checked_local_pdf,"Infrared spectroscopy of CVs III; arXiv/PDF inspected for YZ Cnc. Reports no clear secondary-star detection in below-gap dwarf novae, 10-30 percent K-band contribution upper limits, YZ Cnc full-orbit K-band spectra, and bright-spot-like equivalent-width modulation; expected donor near M5 follows the period-spectral relation, not a direct detection.;Original full text checked. No donor features; secondary contribution upper limit 20±5% with M5V template; inferred distance lower bound ≥290 pc depends on donor sequence and surface-brightness assumptions.;Original full text checked. No donor features; secondary contribution upper limit 20±5% with M5V template; inferred distance lower bound ≥290 pc depends on donor sequence and surface-brightness assumptions.","Dhillon et al. (2000) MNRAS, 314, 826–838.",2000MNRAS.314..826D,https://arxiv.org/abs/astro-ph/0001525,original_full_text_checked_local_pdf,2026-09-25,,local path verified,,https://arxiv.org/abs/astro-ph/0001525,https://arxiv.org/abs/astro-ph/0001525,10.1046/j.1365-8711.2000.03427.x,,https://arxiv.org/abs/astro-ph/0001525,stable link,Reachable in automated check
188,Zhao+05_YZCnc,Zhao et al. (2005),,10.1088/1009-9271/5/6/006,,https://arxiv.org/abs/astro-ph/0507241,original_full_text_checked_local_pdf,Time-resolved spectroscopy of YZ Cnc during 2002 superoutburst; arXiv abstract inspected. Reports H-beta absorption/emission radial-velocity amplitude 49 +/-10 km/s and eccentric-disc precession interpretation; no component masses/Teff.;Original full text checked. Superoutburst H-beta velocity is affected by eccentric-disc precession; reported q and component masses are model/calibration-dependent.;Original full text checked. Superoutburst H-beta velocity is affected by eccentric-disc precession; reported q and component masses are model/calibration-dependent.,"Zhao et al. (2005) Chinese Journal of Astronomy and Astrophysics, 5, 601–609.",2005ChJAA...5..601Z,https://arxiv.org/abs/astro-ph/0507241,original_full_text_checked_local_pdf,2026-09-25,,local path verified,,https://arxiv.org/abs/astro-ph/0507241,https://arxiv.org/abs/astro-ph/0507241,10.1088/1009-9271/5/6/006,,https://arxiv.org/abs/astro-ph/0507241,stable link,Reachable in automated check
189,Verbunt+99_YZCnc,Verbunt et al. (1999),,10.48550/arXiv.astro-ph/9903224,,https://arxiv.org/abs/astro-ph/9903224,original_full_text_checked_local_pdf,ROSAT X-ray monitoring through YZ Cnc outburst cycles; arXiv abstract inspected. Reports 0.1-2.4 keV flux lower in optical outburst than quiescence and hour-timescale variability not tied to orbital phase; no component masses/Teff.;Original full text and Table 1 checked. ROSAT PSPC/HRI count-rate monitoring only; count rates are not flux or WD temperature.;Original full text and Table 1 checked. ROSAT PSPC/HRI count-rate monitoring only; count rates are not flux or WD temperature.,"Verbunt et al. (1999) A&A, 346, 146–153.",1999A&A...346..146V,https://arxiv.org/abs/astro-ph/9903224,original_full_text_checked_local_pdf,2026-09-25,,local path verified,,https://arxiv.org/abs/astro-ph/9903224,https://arxiv.org/abs/astro-ph/9903224,10.48550/arXiv.astro-ph/9903224,,https://arxiv.org/abs/astro-ph/9903224,stable link,Reachable in automated check
190,Schmidt+05_FLCet,Schmidt et al. (2005),,10.1086/426807,,https://arxiv.org/abs/astro-ph/0410320,web_verified,"Original ApJ article full text checked in the arXiv PDF (20 pages), including XMM spectral-fit discussion, eclipse ephemeris Table 2, cyclotron spectra and donor-model assumptions. Values here retain the distinct low-state ~29 MG and possible but non-definitive ~48 MG cyclotron solutions.","Schmidt, G. D., Szkody, P., Silvestri, N. M., et al. 2005, Unravelling the Puzzle of the Eclipsing Polar SDSS J015543.40+002807.2 with XMM and Optical Photometry/Spectropolarimetry, ApJ, 620, 422–431.",2005ApJ...620..422S,https://doi.org/10.1086/426807,original_full_text_checked_arxiv_pdf,2026-09-23,,no local path supplied,,https://arxiv.org/abs/astro-ph/0410320,https://doi.org/10.1086/426807,10.1086/426807,,https://doi.org/10.1086/426807,stable link,Reachable in automated check
191,Tovmassian+01_LWCam,Tovmassian et al. (2001),,10.1051/0004-6361:20011200,,https://arxiv.org/abs/astro-ph/0110050,present,"Original discovery/physical study of RX J0704.2+6203. Full paper and LaTeX source checked. Its Fig. 2 finder-chart coordinate reads 07:04:09.9, +62:03:27 (J2000); text extraction had split the tenths digit. The paper reports the 97.2671 min orbital period, model-dependent cyclotron field, ROSAT rates/spectral fits, optical states, and geometry assumptions.","Tovmassian, G. H., Szkody, P., Greiner, J., Zharikov, S. V., Zickgraf, F.-J., Serrano, A., Krautter, J., Thiering, I., & Neustroev, V. 2001, The new AM Her system RX J0704.2+6203. Northern twin of BL Hyi, Astronomy & Astrophysics, 379, 199–207.",2001A&A...379..199T,https://doi.org/10.1051/0004-6361:20011200,original_full_text_checked_local_pdf_and_LaTeX_source,2026-09-23,,local path verified,,https://arxiv.org/abs/astro-ph/0110050,https://doi.org/10.1051/0004-6361:20011200,10.1051/0004-6361:20011200,,https://arxiv.org/abs/astro-ph/0110050,download URL,Reachable in automated check
192,Tovmassian+00_V388Peg,Tovmassian et al. (2000),,10.1086/309070,,https://www.mpe.mpg.de/~jcg/papers/rxj2157_apj537p927.pdf,present,"Original ApJ PDF retrieved from public MPE-hosted copy and text-extracted to tmp/pdfs/text/Tovmassian+00_V388Peg.txt. Discovery/follow-up paper for V388 Peg/RX J2157.5+0855: reports Porb=0.14063 d = 3.375 h from radial velocities/light curves, with photometric/cyclotron and spectroscopic/orbital periods agreeing within about 1 min over 1 yr but absolute synchronism not proven. Narrow emission component is attributed to the X-ray/UV-irradiated secondary (gamma~59 km/s, K_NEL~72 km/s; summary K~75 km/s), high-velocity component mainly to the accretion stream. Spectropolarimetry shows circular polarization up to about 15 percent and supports a one-pole cyclotron-beaming geometry with i~45 deg and magnetic colatitude ~45 deg. Cyclotron modeling gives B~20 MG for a simple homogeneous one-temperature accretion plasma (kT=20 keV, polar angle ~80 deg, log Lambda=5.7), but no resolved cyclotron harmonics or Zeeman lines are detected, so the value is approximate/model-dependent. Donor type M4/M5 is assumed from photometric-minimum distance and the period-spectral-type relation; no WD photospheric Teff, WD mass, donor mass, or donor Teff is measured. Full bibliographic metadata cross-checked; original full paper reviewed again for this source checkpoint.","Tovmassian, G. H., Greiner, J., Schwope, A. D., Szkody, P., Schmidt, G., Zickgraf, F.-J., Serrano, A., Krautter, J., Thiering, I., & Zharikov, S. V. 2000, The New Long-Period AM Herculis System RX J2157.5+0855, The Astrophysical Journal, 537, 927–935.",2000ApJ...537..927T,https://doi.org/10.1086/309070,original_full_text_checked_local_pdf,2026-09-24,,local path verified,,https://www.mpe.mpg.de/~jcg/papers/rxj2157_apj537p927.pdf,https://doi.org/10.1086/309070,10.1086/309070,,https://doi.org/10.1086/309070,stable link,Reachable in automated check
193,Woudt+12_CSS1503,Woudt et al. (2012),,10.1111/j.1365-2966.2012.20476.x,,https://arxiv.org/abs/1201.0671,present,"Original full text checked locally including CSS1503-22 subsection, ephemeris, light-curve figure and source table. Authors report 133.38 min orbital modulation, high-state photometry and Swift X-ray confirmation of a magnetically accreting CV.","Woudt, P. A., Warner, B., de Budé, D., Macfarlane, S., Schurch, M. P. E., & Zietsman, E. 2012, High speed photometry of faint cataclysmic variables VII. Targets selected from the Sloan Digital Sky Survey and the Catalina Real-time Transient Survey, MNRAS, 421, 2414–2431.",2012MNRAS.421.2414W,https://doi.org/10.1111/j.1365-2966.2012.20476.x,original_full_text_checked_locally,2026-09-24,,local path verified,,https://arxiv.org/abs/1201.0671,https://doi.org/10.1111/j.1365-2966.2012.20476.x,10.1111/j.1365-2966.2012.20476.x,,https://arxiv.org/abs/1201.0671,download URL,Reachable in automated check
194,Oliveira+17_CSS1503,Oliveira et al. (2017),,10.3847/1538-3881/aa610d,,https://arxiv.org/abs/1608.00650,present,"Original full text checked locally including CSS1503-22 subsection and Tables 1-2. Authors label it a polar candidate, report low-state absorption features consistent with an M2–M5 secondary, and describe probable but unmodeled Zeeman absorptions.","Oliveira, A. S., Rodrigues, C. V., Cieslinski, D., Jablonski, F. J., Silva, K. M. G., Almeida, L. A., Rodriguez-Ardila, A., & Palhares, M. S. 2017, Exploratory spectroscopy of magnetic cataclysmic variables candidates and other variable objects, AJ, 153, 144.",2017AJ....153..144O,https://doi.org/10.3847/1538-3881/aa610d,original_full_text_checked_locally,2026-09-24,,local path verified,,https://arxiv.org/abs/1608.00650,https://doi.org/10.3847/1538-3873/aa610d,10.3847/1538-3873/aa610d,Corrected the AJ DOI journal-code segment.,https://doi.org/10.3847/1538-3881/aa610d,stable link,Reachable in automated check
195,Howell+95_EUUMa,Howell et al. (1995),,10.1086/175236,,https://articles.adsabs.harvard.edu/pdf/1995ApJ...439..991H,present,"Full scanned text OCR-checked. EUVE DS/RAP periods, EUV state/geometry and the synchronization assumption were checked; spin is not independently measured.","Howell, S. B., Mason, K. O., Reichert, G. A., & Hauschildt, P. H. (1995), “Asymmetric mass accretion in the magnetic cataclysmic variable RE 1149+28,” The Astrophysical Journal, 439, 991–995.",1995ApJ...439..991H,https://doi.org/10.1086/175236,original_full_text_checked_locally_ocr,2026-09-23,,local path verified,,https://articles.adsabs.harvard.edu/pdf/1995ApJ...439..991H,https://doi.org/10.1086/175236,10.1086/175236,,https://articles.adsabs.harvard.edu/pdf/1995ApJ...439..991H,download URL,Reachable in automated check
196,Schwope+95_EUUMa,"Schwope (1995), in preparation, cited as Table 1 ref. 5",,,,https://ui.adsabs.harvard.edu/abs/1995RvMA....8..125S/abstract,web_verified_primary_ads_pdf,Scanned review Table 1 visually checked (printed p. 134): EU UMa/RX J1149+28 has Bcyc1=43 MG and Bpd=43 MG; Bpd is a centered-dipole pole extrapolation. Underlying ref. 5 spectrum/article remains unavailable; not a direct photospheric field measurement.,"Schwope, A. (1995), unpublished work cited as reference 5 in the scanned review Table 1; listed there as “in preparation.”",,https://ui.adsabs.harvard.edu/abs/1995RvMA....8..125S/abstract,secondary_table_visually_checked_original_citation_unavailable,2026-09-23,,local path verified,,https://ui.adsabs.harvard.edu/abs/1995RvMA....8..125S/abstract,https://ui.adsabs.harvard.edu/abs/1995RvMA....8..125S/abstract,,,https://ui.adsabs.harvard.edu/abs/1995RvMA....8..125S/abstract,stable link,Automated access restricted
197,Szkody+04_MQDra,Szkody et al. (2004),,10.1086/424540,,https://arxiv.org/pdf/astro-ph/0409718,present; original full text checked locally,"arXiv/DOI record inspected: XMM-Newton observations of extremely low accretion rate polars SDSS J155331.12+551614.5/MQ Dra and SDSS J132411.57+032050.5, AJ 128, 2677, DOI 10.1086/424540. Abstract gives MQ Dra emission below 2 keV, best fit kT=0.8 keV thermal plasma plus 20-90 eV blackbody, thermal Lx=8-9.5e28 erg/s, lack of X-ray variability, and interpretation as bombardment-regime accretion or possible M-dwarf coronal origin. PDF not local. Original full text and Tables 1–2 checked locally for XMM epochs, count rates, spectral fits and flux ranges.","Szkody, P., et al. 2004, XMM-Newton Observations of Low Accretion Rate Magnetic Binaries: MQ Draconis and WX Leonis Minoris, AJ, 128, 2443–2447.",2004AJ....128.2443S,https://doi.org/10.1086/424540,original_full_text_checked_locally,2026-09-24,,local path verified,,https://arxiv.org/pdf/astro-ph/0409718,https://doi.org/10.1086/424540,10.1086/424540,,https://doi.org/10.1086/424540,stable link,Reachable in automated check
198,Schwope+06_APCrB,"Schwope, Schreiber, & Szkody (2006)",,10.1051/0004-6361:20054748,,https://doi.org/10.1051/0004-6361:20054748,present,"arXiv/DOI record inspected: Schwope, Schreiber & Szkody 2006, A&A 452, 955, DOI 10.1051/0004-6361:20054748. Abstract verifies detection of a 110 MG cyclotron harmonic in the SDSS spectrum of RX J1554.2+2721/AP CrB; together with the earlier 144 MG Ly-alpha Zeeman detection, the identification is described as almost unambiguous. Paper proposes an unobserved UV cyclotron component to explain non-conforming UV-optical WD photospheric temperatures. PDF not local. Full text and selected pages checked; 110 MG optical harmonic and proposed unseen UV cyclotron component retained with limitations. Full text checked; 110 MG optical harmonic and unobserved UV component caveat.","Schwope, A. D., Schreiber, M. R., & Szkody, P. 2006, A 110 MG cyclotron harmonic in the optical spectrum of RX J1554.2+2721, A&A, 452, 955-958.",2006A&A...452..955S,https://doi.org/10.1051/0004-6361:20054748,original_full_text_and_selected_pages_visually_checked,2026-09-24,,local path verified,,https://doi.org/10.1051/0004-6361:20054748,https://doi.org/10.1051/0004-6361:20054748,10.1051/0004-6361:20054748,,https://doi.org/10.1051/0004-6361:20054748,stable link,Automated access restricted
199,CopiedSupplement_20260625,User-supplied copied RAWDOG parameter supplement (2026-06-25),,,,,user_supplied,"Pasted summary supplied by user for MQ Dra, IX Vel, AP CrB, V1007 Her, and Z Cam. Use only as a secondary/copy provenance marker. Values tagged with this key require primary-source audit before being treated as secure measurements.",User-supplied copied literature summary (source publications and author metadata not supplied; provenance key dated 2026-06-25).,,,user_supplied_secondary_summary; not independently verified as a primary source,,,no usable local file: external temporary path omitted,,,,,,,,No HTTP citation URL in manifest
200,Kara+23_IXVel,Kara et al. (2023),,10.1051/0004-6361/202347183,,https://arxiv.org/pdf/2308.01102,full_arxiv_text_checked_publisher_metadata_verified,Full local arXiv text and official A&A metadata checked. Ephemeris HJD 2446722.8293(17)+0.19392793(3)E. Doppler maps interpreted as disc wind/outflow toward L3; authors use RW Sex class. WD contribution in a figure repeats Linnell inputs.,"Kára, J., Schmidtobreick, L., Pala, A. F., & Tappert, C. 2023, Structure of the accretion flow of IX Velorum as revealed by high-resolution spectroscopy, A&A, 678, A131.",2023A&A...678A.131K,https://www.aanda.org/articles/aa/ref/2023/10/aa47183-23/aa47183-23.html,original_full_arxiv_text_checked_locally_publisher_metadata_verified,2026-09-25,,local path verified,,https://arxiv.org/pdf/2308.01102,https://www.aanda.org/articles/aa/ref/2023/10/aa47183-23/aa47183-23.html,10.1051/0004-6361/202347183,,https://arxiv.org/pdf/2308.01102,download URL,Reachable in automated check
201,Harrison+18_ZCamDonors,Harrison (2018),,10.3847/1538-4357/aacbd9,,https://arxiv.org/pdf/1806.04612,downloaded,"Downloaded/extracted. ApJ 861, 102, hydrogen-deficient CV donor-star study. For Z Cam, Section 3.5 says older classifications include K7 but donor appears early-M; adopts secondary Teff=3575 K for light-curve modeling and derives M1.6/M1.3-like donor spectra with solar metallicity. Table 4 lists Z Cam Teff=3575 K, logg=4.5, [Fe/H]=+0.03, no hydrogen deficit. This conflicts with older K7 optical classifications, so record both. RX And audit: local text inspected. Harrison+18 quotes RKCat M1=1.14 Msun, M2=0.48 Msun, i=51 deg, K5 donor, then finds donor temperature/type ambiguous; their near-IR/EQW analysis favors M2, Teff2=3500 K, [Fe/H]=+0.07, probable contamination, and concludes the donor is not a K-type dwarf. They also state Sepinsky+02 quote a WD temperature of 34000 K. RX And: local full text and relevant section/table inspected; see measurement ledger for the K5/M2 and contamination distinction.","Harrison, T. E. 2018, The Identification of Hydrogen-deficient Cataclysmic Variable Donor Stars, ApJ, 861, 102.",2018ApJ...861..102H,https://doi.org/10.3847/1538-4357/aacbd9,original_full_text_checked_local_pdf_and_text,2026-09-24,,local path verified,,https://arxiv.org/pdf/1806.04612,https://doi.org/10.3847/1538-4357/aacbd9,10.3847/1538-4357/aacbd9,,https://doi.org/10.3847/1538-4357/aacbd9,stable link,Reachable in automated check
202,Boneva+24_ZCamATCnc,Boneva et al. (2024),,10.3390/astronomy3030013,,https://arxiv.org/pdf/2501.05214,downloaded,Full article and rendered pages checked. Its reported WD radius from Equation (2) is not reproducible from the printed equation and M1=0.99 Msun; reported system color temperatures are not component temperatures; the Roche-lobe donor radius is assumption-dependent. See ZCAM-005.,"Boneva, D., Yankova, K., & Rusev, D. 2024, Periods of Outbursts and Standstills and Variations in Parameters of Two Z Cam Stars: Z Cam and AT Cnc, Astronomy, 3, 208–219.",,https://doi.org/10.3390/astronomy3030013,original_full_text_checked_local_pdf_text_and_rendered_pages_7_8,2026-09-25,,local path verified,,https://arxiv.org/pdf/2501.05214,https://doi.org/10.3390/astronomy3030013,10.3390/astronomy3030013,,https://arxiv.org/pdf/2501.05214,download URL,Reachable in automated check
203,Naylor+05_UGem,Naylor et al. (2005),,10.1111/j.1365-2966.2005.09262.x,,https://arxiv.org/abs/astro-ph/0506351,original_full_text_checked_local,"arXiv record inspected. Phase-resolved spectroscopic study of U Gem secondary; abstract says masses/radii for both components are derived independent of structural assumptions, secondary has mass/radius/luminosity and photometric temperature of an M2 star but spectroscopic temperature of M4, and derived rotational velocity depends on template spectral type. Also flags inconsistency between WD radius inferred from gravitational redshift/inclination and from temperature/flux/distance. Full PDF not downloaded locally in this pass. Audit update 2026-09-25: source-specific original text/tables were checked as recorded in [local artifact withheld]; this update supersedes earlier statements that the full local text had not been accessed where applicable.","Naylor, T., Allan, A., & Long, K. S. 2005, MNRAS, 361, 1091–1101.",2005MNRAS.361.1091N,https://doi.org/10.1111/j.1365-2966.2005.09262.x,original_full_text_checked_local_tables_sections_4_5_6,2026-09-25,,local path verified,,https://arxiv.org/abs/astro-ph/0506351,https://doi.org/10.1111/j.1365-2966.2005.09262.x,10.1111/j.1365-2966.2005.09262.x,,https://arxiv.org/abs/astro-ph/0506351,download URL,Reachable in automated check
204,Borisov+15_BSTri,Borisov et al. (2015),,10.1134/S106377371511002X,,https://link.springer.com/article/10.1134/S106377371511002X,web_verified_primary_abstract,"Original Springer publisher page/abstract web-verified for Borisov et al. (2015), Astronomy Letters 41, 646-659, 'Spectroscopic study of the polar BS Tri'. The abstract directly reports M1=0.75+/-0.02 Msun, M2=0.16+/-0.01 Msun, q=0.21+/-0.02, and RL2=0.18+/-0.02 Rsun, and classifies BS Tri as a polar from Doppler maps showing no disk accretion. The publisher exposes abstract metadata but the full article is subscription-only. Full citation/bibcode resolved. Period 0.0668810424(2) d is quoted by Kolbin+22, the full text of which was checked; Borisov full article remained inaccessible. q convention and detailed irradiation corrections require the full article.","Borisov, N. V., Gabdeev, M. M., Shimansky, V. V., Katysheva, N. A., Shugarov, S. Yu., et al. 2015, Spectroscopic study of the polar BS Tri, Astronomy Letters, 41, 646–659.",2015AstL...41..646B,https://doi.org/10.1134/S106377371511002X,original_publisher_abstract_checked_full_text_subscription_inaccessible,2026-09-23,,no local path supplied,,https://link.springer.com/article/10.1134/S106377371511002X,https://doi.org/10.1134/S106377371511002X,10.1134/S106377371511002X,,https://doi.org/10.1134/S106377371511002X,stable link,Reachable in automated check
205,Schwope+02_RBS,Schwope et al. (2002),,10.1051/0004-6361:20021386,,https://arxiv.org/abs/astro-ph/0210059,present,EQ Cet follow-up in the ROSAT Bright Survey census. Table 1 identifies RBS 206 as AM with a 92.8 min period; five-night 2001 polarimetry gives 92.815 +/- 0.003 min as WD spin and likely orbit. High-state H-alpha gives 96 +/- 4 min and K=125 km/s. Cyclotron fits include 32 MG / 10 keV high-state spot and a 45 MG / 2 keV low-state component; alternate 33.7 MG model remains possible. Full local PDF checked.,"Schwope, A. D., Brunner, H., Buckley, D., Greiner, J., van der Heyden, K., Neizvestny, S., Potter, S., & Schwarz, R. 2002, The census of cataclysmic variables in the ROSAT Bright Survey, A&A, 396, 895–910.",2002A&A...396..895S,https://doi.org/10.1051/0004-6361:20021386,original_full_text_checked_local_pdf,2026-09-23,,local path verified,,https://arxiv.org/abs/astro-ph/0210059,https://doi.org/10.1051/0004-6361:20021386,10.1051/0004-6361:20021386,,https://arxiv.org/abs/astro-ph/0210059,download URL,Reachable in automated check
206,Campbell+08_EQCet,"Campbell, Harrison & Mason (2008)",,10.1086/533488,,https://doi.org/10.1086/533488,abstract_only,"EQ Cet phase-resolved 0.8–2.4 micron IRTF/SPEX cyclotron modeling. Accessible abstract reports B=34.0 MG, kT=3.5 keV, log Lambda=4.1 using constant-lambda approaches. Publisher/full article text and detailed tables were inaccessible during this audit; see review queue EQCET-001.","Campbell, R. K., Harrison, T. E., & Mason, E. 2008, Cyclotron Modeling Phase-Resolved Infrared Spectroscopy of Polars. II: EQ Ceti, AN Ursa Majoris, and VV Puppis, ApJ, 678, 1304–1315.",2008ApJ...678.1304C,https://doi.org/10.1086/533488,abstract_only_original_full_text_inaccessible,2026-09-23,,no local path supplied,,https://doi.org/10.1086/533488,https://doi.org/10.1086/533488,10.1086/533488,,https://doi.org/10.1086/533488,stable link,Reachable in automated check
207,Breedt+12,Breedt et al. (2012),,10.1111/j.1365-2966.2012.20965.x,,https://academic.oup.com/mnras/article/423/2/1437/962517,web_verified,"Full HTML article checked for EQ Cet classification context: initially considered a pre-polar because first found in a low state, later high-state observations ruled out the pre-polar designation; supports a polar in a variable low/high accretion state.","Breedt, E., Gänsicke, B. T., Girven, J., Drake, A. J., Copperwheat, C. M., Parsons, S. G., & Marsh, T. R. 2012, The evolutionary state of short-period magnetic white dwarf binaries, MNRAS, 423, 1437–1449.",2012MNRAS.423.1437B,https://doi.org/10.1111/j.1365-2966.2012.20965.x,original_full_text_checked_web,2026-09-23,,no local path supplied,,https://academic.oup.com/mnras/article/423/2/1437/962517,https://doi.org/10.1111/j.1365-2966.2012.20965.x,10.1111/j.1365-2966.2012.20965.x,,https://doi.org/10.1111/j.1365-2966.2012.20965.x,stable link,Automated access restricted
208,GaiaDR3+22,Gaia Collaboration (2022),,10.26093/CDS/VIZIER.1355,,https://vizier.cds.unistra.fr/viz-bin/VizieR?-source=I/355/gaiadr3,catalog_query,"Gaia DR3 main-source catalog queried by the exact string source_id 5041907811522399488. Returned DR3 astrometry, photometry, Galactic coordinates, RUWE, visibility periods and variability/quality fields; Gaia positions are ICRS at reference epoch J2016.0.","Gaia Collaboration et al. 2022, Gaia DR3 Part 1. Main source, VizieR Online Data Catalog, I/355.",2022yCat.1355....0G,https://vizier.cds.unistra.fr/viz-bin/VizieR-4?-source=I/355/gaiadr3&Source=5041907811522399488,source-specific_exact_query_checked_for_V2400_Oph; RX_And_exact_query_saved_under_GaiaDR3_RXAnd,2026-09-24,,no local path supplied,,https://vizier.cds.unistra.fr/viz-bin/VizieR?-source=I/355/gaiadr3,https://vizier.cds.unistra.fr/viz-bin/VizieR-4?-source=I/355/gaiadr3&Source=5041907811522399488,10.26093/CDS/VIZIER.1355,,https://vizier.cds.unistra.fr/viz-bin/VizieR-4?-source=I/355/gaiadr3&Source=5041907811522399488,stable link,Reachable in automated check
209,BailerJones+21,Bailer-Jones et al. (2021),,10.3847/1538-3881/abd806,,https://vizier.cds.unistra.fr/viz-bin/VizieR?-source=I/352/gedr3dis,catalog_query,"Exact Gaia EDR3 source-ID query in VizieR I/352/gedr3dis. EQ Cet geometric distance posterior median 283.324646 pc; 16th/84th percentiles 277.788544/288.236176 pc. Ridder+23 Table 3 rounds this to 283 +5/-6 pc.; WX LMi exact DR3 source_id 755705822218381184: geometric posterior median 96.7808456 pc, p16=96.2259979, p84=97.2678986; photogeometric median 96.6471252 pc with p16=96.1176682, p84=97.1072388. Geometric result is adopted; distance is posterior-based, not raw parallax inversion.; ST LMi exact Gaia DR3 3996419759863758592 query: geometric rgeo=114.230247 pc, p16=113.332901, p84=115.134712; photogeometric rpgeo=113.892502 pc, p16=112.976906, p84=114.746521. Keep the geometric posterior as the catalog distance; do not invert parallax.; AR UMa exact Gaia DR3 783921244796958208 query: geometric posterior median 98.6164398 pc, p16=98.1002655, p84=99.1204605; photogeometric median 98.6877060 pc, p16=98.1743317, p84=99.1942215. Use the geometric posterior in the compatibility distance fields; do not invert the parallax.
V1432 Aql exact Gaia EDR3 source_id=4193346037615507968 query saved under [local artifact withheld] geometric median 449.663727 pc, 16th/84th percentiles 443.154968/456.457733 pc; photogeometric median 447.646759 pc, 16th/84th 439.347046/456.282318 pc. Geometric and photogeometric posterior values are retained separately.","Bailer-Jones, C. A. L., Rybizki, J., Fouesneau, M., Demleitner, M., & Andrae, R. 2021, Estimating distances from parallaxes. V. Geometric and photogeometric distances to 1.47 billion stars in Gaia Early Data Release 3, AJ, 161, 147.",2021AJ....161..147B,https://doi.org/10.3847/1538-3881/abd806,source-specific_exact_query_checked_for_V2400_Oph; RX_And_exact_query_saved_under_BailerJones+21_RXAnd,2026-09-24,,local path verified,,https://vizier.cds.unistra.fr/viz-bin/VizieR?-source=I/352/gedr3dis,https://doi.org/10.3847/1538-3881/abd806,10.3847/1538-3881/abd806,,https://doi.org/10.3847/1538-3881/abd806,stable link,Reachable in automated check
210,SIMBAD,SIMBAD database (queried 2026-09-23),,,,https://simbad.cds.unistra.fr/simbad/,database_query,"SIMBAD object query for EQ Cet and 1RXS J012851.9-233931 used to verify aliases, object class, Gaia DR3 identifier and literature-linked identifiers; database record is a discovery aid, with classification checked against original papers.","Wenger, M., et al. 2000, The SIMBAD astronomical database. The CDS reference database for astronomical objects, A&AS, 143, 9–22.",2000A&AS..143....9W,https://simbad.cds.unistra.fr/simbad/sim-id?Ident=EQ%20Cet&output.format=ASCII,database_query_alias_and_identifier,2026-09-23,,no local path supplied,,https://simbad.cds.unistra.fr/simbad/,https://simbad.cds.unistra.fr/simbad/sim-id?Ident=EQ%20Cet&output.format=ASCII,,,https://simbad.cds.unistra.fr/simbad/sim-id?Ident=EQ%20Cet&output.format=ASCII,stable link,Reachable in automated check
211,Thorstensen+17_Cas1,Thorstensen et al. (2017),,10.3847/2515-5172/aa9d2a,,https://arxiv.org/abs/1711.10423,web_verified_primary_full_text,"Table 1 gives RX J0153.3+7446 emission-line radial-velocity period 0.16415(1) d and coordinates 01:53:20.94 +74:46:21.7. The note describes the work as a brief Research Note; period method is emission-line velocities, with no epoch supplied. This independently provides the provenance for the long-used orbital-period value.","Thorstensen, J. R., Taylor, C. J., & Peters, C. S. 2017, Research Notes of the AAS, 1, 29.",2017RNAAS...1...29T,https://doi.org/10.3847/2515-5172/aa9d2a,original_full_text_checked_web,2026-09-23,,no local path supplied,,https://arxiv.org/abs/1711.10423,https://doi.org/10.3847/2515-5172/aa9d2a,10.3847/2515-5172/aa9d2a,,https://doi.org/10.3847/2515-5172/aa9d2a,stable link,Reachable in automated check
212,Bruch+25_Cas1,Bruch (2025),,10.3847/1538-4365/addf41,,https://doi.org/10.3847/1538-4365/addf41,present,"Full ApJS article checked for Sect. 3.3.40, Fig. 56, and Table 8. It says Cas 1 IP status is not established beyond doubt; prior periods were not recovered in four noisy TESS light curves; a 3486.09(68) s signal appears in one light curve with unidentified origin. Table 8 has a likely declination typo (+744541) inconsistent with the text/figure (+744641).","Bruch, A. 2025, The Intermediate Polars: A Multi-Wavelength Catalog, ApJS, 279, 48.",2025ApJS..279...48B,https://doi.org/10.3847/1538-4365/addf41,original_full_text_checked_local_pdf,2026-09-23,,local path verified,,https://doi.org/10.3847/1538-4365/addf41,https://doi.org/10.3847/1538-4365/addf41,10.3847/1538-4365/addf41,,https://doi.org/10.3847/1538-4365/addf41,stable link,Reachable in automated check
213,LiuHu+00_Cas1,Liu & Hu (2000),,10.1086/313380,,https://doi.org/10.1086/313380,web_verified_primary_full_text,"Full article text checked for the Cas 1 entry: optical counterpart has emission-line spectrum at V=16.4 with weak Balmer, fainter He I/He II, and possible C III/N III on a blue continuum. This supports CV identification but does not itself establish an IP or a magnetic field.","Liu, W. & Hu, J. Y. 2000, Optical Identification of Cataclysmic Variables from the ROSAT Bright Survey, ApJS, 128, 387–401.",2000ApJS..128..387L,https://doi.org/10.1086/313380,original_full_text_checked_web,2026-09-23,,no local path supplied,,https://doi.org/10.1086/313380,https://doi.org/10.1086/313380,10.1086/313380,,https://doi.org/10.1086/313380,stable link,Reachable in automated check
214,HaberlMotch+95_Cas1,Haberl & Motch (1995),,,,https://articles.adsabs.harvard.edu/pdf/1995A%26A...297L..37H,present_scanned_pdf,"Original ADS scanned PDF downloaded and page images checked, including Table 1, Fig. 1, and Table 2. Authors propose an IP from hard ROSAT spectrum and 1414 s X-ray modulation, but explicitly say the modulation in RX J0153.3+7446 is less evident and requires confirmation. Table 2 fixes bremsstrahlung kT=10 keV and reports 0.1–2.4 keV flux 3.4e-13 erg cm-2 s-1, fitted NH=32(+30/-19)e20 cm-2, reduced chi-square 2.7; fit errors are 90% for two parameters.","Haberl, F. & Motch, C. 1995, New Intermediate Polars Discovered in the ROSAT Survey: Two Spectrally Distinct Classes, A&A, 297, L37–L40.",1995A&A...297L..37H,https://articles.adsabs.harvard.edu/pdf/1995A%26A...297L..37H,original_scanned_full_text_checked_local_pdf_and_page_images,2026-09-23,,local path verified,,https://articles.adsabs.harvard.edu/pdf/1995A%26A...297L..37H,https://articles.adsabs.harvard.edu/pdf/1995A%26A...297L..37H,,,https://articles.adsabs.harvard.edu/pdf/1995A%26A...297L..37H,stable link,Not verified; connection error
215,Butters+11_Cas1,Butters et al. (2011),,10.1051/0004-6361/201015848,,https://doi.org/10.1051/0004-6361/201015848,web_verified_primary_full_text,"Full paper checked. RXTE observation on 2010 Apr 20–21 yielded 41,376 s good PCU2 exposure; weak 2–10 keV mean rate; no significant periodic peak or coherent signal when folding at 1974 or 2333 s. Authors say the source was too faint for a meaningful spectral fit; nearby quasar could contaminate.","Butters, O. W., Norton, A. J., Mukai, K., & Ohashi, T. 2011, A systematic study of X-ray periodicities in intermediate polars with RXTE, A&A, 526, A77.",2011A&A...526A..77B,https://doi.org/10.1051/0004-6361/201015848,original_full_text_checked_web_and_pdf,2026-09-23,,no local path supplied,,https://doi.org/10.1051/0004-6361/201015848,https://doi.org/10.1051/0004-6361/201015848,10.1051/0004-6361/201015848,,https://doi.org/10.1051/0004-6361/201015848,stable link,Automated access restricted
216,Rao+26_ARIES_Cas1,"Rao (2026), ARIES seminar abstract",,,,https://aries.res.in/index.php/node/2236,web_verified_institutional_seminar_abstract,"ARIES seminar abstract dated 2026-05-12 says optical spectra classify RX J0153.3+7446 as definitively non-magnetic. No linked manuscript, spectrum, line measurements, or analysis was available on the page during this audit; treat as an important but abstract-only contradictory claim, not as a verified primary measurement.","Rao, S. M. 2026, Investigating Accretion Properties in Magnetic Cataclysmic Variables, ARIES seminar abstract, 12 May 2026.",,https://aries.res.in/index.php/node/2236,institutional_abstract_only_underlying_analysis_not_located,2026-09-23,,no local path supplied,,https://aries.res.in/index.php/node/2236,https://aries.res.in/index.php/node/2236,,,https://aries.res.in/index.php/node/2236,stable link,Reachable in automated check
217,NortonWynnSomerscales+04,"Norton, Wynn & Somerscales (2004)",,10.1086/423333,,https://doi.org/10.1086/423333,web_verified_primary_full_text,"Spin-equilibrium modeling paper cited by Norton et al. (2006) for the magnetic-moment estimate. This is model context, not a direct Cas 1 magnetic-field measurement.","Norton, A. J., Wynn, G. A., & Somerscales, R. V. 2004, The Spin Periods and Magnetic Moments of White Dwarfs in Magnetic Cataclysmic Variables, ApJ, 614, 349–357.",2004ApJ...614..349N,https://doi.org/10.1086/423333,original_full_text_checked_web,2026-09-23,,no local path supplied,,https://doi.org/10.1086/423333,https://doi.org/10.1086/423333,10.1086/423333,,https://doi.org/10.1086/423333,stable link,Reachable in automated check
218,Inight+25_FLCet,Inight et al. (2025),,10.1093/mnras/stae2524,,https://academic.oup.com/mnras/article/536/2/1057/7887833,web_verified_primary_full_text,"Original MNRAS HTML checked, Sect. 5.1 and Fig. 6. SDSS high-state spectra show cyclotron humps consistent with ~23 MG; low-state spectrum has Zeeman-split Balmer lines. Donor-subtracted offset-dipole fit gives model-dependent polar field 50–58 MG (Hα sigma components require at least 33 MG); model space was explored cursorily, with alternate fields possible. Low-state red spectrum matches an M7 template.","Inight, K., Gänsicke, B. T., Schwope, A. D., et al. 2025, Cataclysmic variables from Sloan Digital Sky Survey – V (2020–2023) identified using machine learning, MNRAS, 536, 1057–1076.",2025MNRAS.536.1057I,https://doi.org/10.1093/mnras/stae2524,original_full_text_checked_publisher_html,2026-09-23,,no local path supplied,,https://academic.oup.com/mnras/article/536/2/1057/7887833,https://doi.org/10.1093/mnras/stae2524,10.1093/mnras/stae2524,,https://doi.org/10.1093/mnras/stae2524,stable link,Automated access restricted
219,GaiaDR3+22_FLCet,"Gaia Collaboration (2022), exact DR3 query",,10.26093/CDS/VIZIER.1355,,https://vizier.cds.unistra.fr/viz-bin/VizieR?-source=I/355/gaiadr3,catalog_query,"Exact Gaia DR3 source_id string 2507796391561705728 queried in VizieR I/355. Retrieved astrometry and covariance-independent catalog errors, photometry, Galactic coordinates and quality/variability indicators. Gaia astrometric position is ICRS at reference epoch J2016.0; phot_bp_rp_excess_factor=1.489 is not reddening.","Gaia Collaboration et al. 2022, Gaia Data Release 3: Summary of the content and survey properties, A&A, 674, A1; Gaia DR3 main-source catalog, VizieR I/355.",2022A&A...674A...1G,https://vizier.cds.unistra.fr/viz-bin/VizieR-4?-source=I/355/gaiadr3&Source=2507796391561705728,catalog_query_exact_source_id,2026-09-23,,no local path supplied,,https://vizier.cds.unistra.fr/viz-bin/VizieR?-source=I/355/gaiadr3,https://vizier.cds.unistra.fr/viz-bin/VizieR-4?-source=I/355/gaiadr3&Source=2507796391561705728,10.26093/CDS/VIZIER.1355,,https://vizier.cds.unistra.fr/viz-bin/VizieR-4?-source=I/355/gaiadr3&Source=2507796391561705728,stable link,Reachable in automated check
220,BailerJones+21_FLCet,"Bailer-Jones et al. (2021), exact EDR3 query",,10.3847/1538-3881/abd806,,https://vizier.cds.unistra.fr/viz-bin/VizieR?-source=I/352/gedr3dis,catalog_query,Exact Gaia source_id 2507796391561705728 queried in VizieR I/352/gedr3dis. Geometric and photogeometric posterior distance medians and 16th/84th percentiles retained separately; the geometric posterior is preferred for the catalog scalar.,"Bailer-Jones, C. A. L., Rybizki, J., Fouesneau, M., Demleitner, M., & Andrae, R. 2021, Estimating distances from parallaxes. V. Geometric and photogeometric distances to 1.47 billion stars in Gaia Early Data Release 3, AJ, 161, 147.",2021AJ....161..147B,https://doi.org/10.3847/1538-3881/abd806,catalog_query_exact_source_id,2026-09-23,,no local path supplied,,https://vizier.cds.unistra.fr/viz-bin/VizieR?-source=I/352/gedr3dis,https://doi.org/10.3847/1538-3881/abd806,10.3847/1538-3881/abd806,,https://doi.org/10.3847/1538-3881/abd806,stable link,Reachable in automated check
221,SIMBAD_FLCet,SIMBAD database (queried 2026-09-23),,,,https://simbad.cds.unistra.fr/simbad/,database_query,"SIMBAD queries for FL Cet, SDSS J015543.40+002807.2 and Gaia DR3 2507796391561705728 resolve to V* FL Cet and return the same Gaia DR3 identifier plus published survey aliases. Used for identity cross-check only; classification is verified against original optical papers.","Wenger, M., et al. 2000, The SIMBAD astronomical database. The CDS reference database for astronomical objects, A&AS, 143, 9–22.",2000A&AS..143....9W,https://simbad.cds.unistra.fr/simbad/sim-id?Ident=FL%20Cet&output.format=ASCII,database_query_alias_and_identifier,2026-09-23,,no local path supplied,,https://simbad.cds.unistra.fr/simbad/,https://simbad.cds.unistra.fr/simbad/sim-id?Ident=FL%20Cet&output.format=ASCII,,,https://simbad.cds.unistra.fr/simbad/sim-id?Ident=FL%20Cet&output.format=ASCII,stable link,Reachable in automated check
222,Wiehahn+04_FLCet,Wiehahn et al. (2004),,10.1111/j.1365-2966.2004.08346.x,,https://academic.oup.com/mnras/article/355/3/689/952135,web_verified_primary_full_text,Original MNRAS article checked. Photometry and polarimetry confirm the eclipsing polar; reports P=87.1435±0.0002 min. Inclination 85–90 degrees is conditional on q=0.07–0.11; circular-polarization reversals support two-pole accretion but do not rule out a one-pole geometry.,"Wiehahn, M., Potter, S. B., Warner, B., & Woudt, P. A. 2004, Photometric and polarimetric observations of the eclipsing polar SDSS J015543.40+002807.2, MNRAS, 355, 689–693.",2004MNRAS.355..689W,https://doi.org/10.1111/j.1365-2966.2004.08346.x,original_full_text_checked_publisher_html,2026-09-23,,no local path supplied,,https://academic.oup.com/mnras/article/355/3/689/952135,https://doi.org/10.1111/j.1365-2966.2004.08346.x,10.1111/j.1365-2966.2004.08346.x,,https://doi.org/10.1111/j.1365-2966.2004.08346.x,stable link,Automated access restricted
223,Woudt+04_FLCet,Woudt et al. (2004),,10.1111/j.1365-2966.2004.07843.x,,https://adsabs.harvard.edu/pdf/2004MNRAS.351.1015W,web_verified_primary_full_text,Original MNRAS article full text checked through ADS/publisher. Low-state high-speed photometry of SDSS 0155+00 gives a broad photometric period 87.13±0.02 min; cites earlier spectroscopic period 88±2 min. These low-precision values remain separate from later eclipse ephemerides.,"Woudt, P. A., Warner, B., & Pretorius, M. L. 2004, High-speed photometry of faint cataclysmic variables – IV. V356 Aql, Aqr1, FIRST J1023+0038, Hα 0242−2802, GI Mon, AO Oct, V972 Oph, SDSS 0155+00, SDSS 0233+00, SDSS 1240−01, SDSS 1556−00, SDSS 2050−05, FH Ser, MNRAS, 351, 1015–1025.",2004MNRAS.351.1015W,https://doi.org/10.1111/j.1365-2966.2004.07843.x,original_full_text_checked_publisher_and_ads_pdf,2026-09-23,,no local path supplied,,https://adsabs.harvard.edu/pdf/2004MNRAS.351.1015W,https://doi.org/10.1111/j.1365-2966.2004.07843.x,10.1111/j.1365-2966.2004.07843.x,,https://adsabs.harvard.edu/pdf/2004MNRAS.351.1015W,download URL,Reachable in automated check
224,Denisenko+06_BSTri,Denisenko et al. (2006),,10.1134/S1063773706040050,,https://articles.adsabs.harvard.edu/pdf/2006AstL...32..252D,checked,"Original full article checked: six nights/nine eclipses give P=0.06685±0.00002 d (96.264±0.0288 min), eclipse duration 350±30 s, and V≈17–>21.5. M6V donor and 160–250 pc distance are inferred from assumed mass/radius/luminosity, not directly observed; Gaia distance supersedes the estimate. Article describes conflict between Hamburg QSO and Wu+01 CV classification.","Denisenko, D. V., Pavlinsky, M. N., Sunyaev, R. A., Aslan, Z., Khamitov, I., & Parmaksizoglu, M. 2006, Deep eclipses in the cataclysmic variable 1RXS J020929.0+283243, Astronomy Letters, 32, 252–256.",2006AstL...32..252D,https://doi.org/10.1134/S1063773706040050,original_full_text_checked_or_exact_catalog_query,2026-09-23,,no local path supplied,,https://articles.adsabs.harvard.edu/pdf/2006AstL...32..252D,https://doi.org/10.1134/S1063773706040050,10.1134/S1063773706040050,,https://doi.org/10.1134/S1063773706040050,stable link,Reachable in automated check
225,Wu+01_BSTri,Wu et al. (2001),,10.1088/1009-9271/1/1/57,,https://www.raa-journal.org/issues/all/2001/v1n1/202203/P020220325414696165550.pdf,checked,"Official full article checked. A 3000 s optical spectrum (1999-11-02) of 1RXS J020928.9+283243 shows strong Balmer, He I and He II 4686 emission supporting CV classification. Table 2 J2000 optical position and photographic magnitudes are USNO-A2.0/POSS and explicitly approximate.","Wu, J.-H., Chen, Y., He, X.-T., Zhang, X.-Z., & Voges, W. 2001, Two cataclysmic variables identified from ROSAT bright sources, Chinese Journal of Astronomy and Astrophysics, 1, 57–59.",2001ChJAA...1...57W,https://doi.org/10.1088/1009-9271/1/1/57,original_full_text_checked_or_exact_catalog_query,2026-09-23,,no local path supplied,,https://www.raa-journal.org/issues/all/2001/v1n1/202203/P020220325414696165550.pdf,https://doi.org/10.1088/1009-9271/1/1/57,10.1088/1009-9271/1/1/57,,https://doi.org/10.1088/1009-9271/1/1/57,stable link,Reachable in automated check
226,GaiaDR3+22_BSTri,"Gaia Collaboration (2022), exact DR3 query",,10.26093/CDS/VIZIER.1355,,https://vizier.cds.unistra.fr/viz-bin/VizieR?-source=I/355/gaiadr3,checked,"Exact Gaia DR3 source_id string 107522105369340800 queried in VizieR I/355; astrometry/errors, proper motion, parallax, photometry, Galactic coordinates, RUWE and parallax/error retrieved.","Gaia Collaboration et al. 2022, Gaia Data Release 3: Summary of the content and survey properties, A&A, 674, A1; Gaia DR3 main-source catalog, VizieR I/355.",2022A&A...674A...1G,https://vizier.cds.unistra.fr/viz-bin/VizieR-4?-source=I/355/gaiadr3&Source=107522105369340800,original_full_text_checked_or_exact_catalog_query,2026-09-23,,no local path supplied,,https://vizier.cds.unistra.fr/viz-bin/VizieR?-source=I/355/gaiadr3,https://vizier.cds.unistra.fr/viz-bin/VizieR-4?-source=I/355/gaiadr3&Source=107522105369340800,10.26093/CDS/VIZIER.1355,,https://vizier.cds.unistra.fr/viz-bin/VizieR-4?-source=I/355/gaiadr3&Source=107522105369340800,stable link,Reachable in automated check
227,BailerJones+21_BSTri,"Bailer-Jones et al. (2021), exact EDR3 query",,10.3847/1538-3881/abd806,,https://vizier.cds.unistra.fr/viz-bin/VizieR?-source=I/352/gedr3dis,checked,"Exact source_id query in VizieR I/352/gedr3dis. Geometric median 277.117035 pc (16th/84th 269.724396/285.355988); photogeometric median 277.014465 pc (266.817932/284.873932). These are posterior distances, not inverse parallax.","Bailer-Jones, C. A. L., Rybizki, J., Fouesneau, C., Demleitner, J., & Andrae, R. 2021, Estimating distances from parallaxes. V. Geometric and photogeometric distances to 1.47 billion stars in Gaia Early Data Release 3, AJ, 161, 147.",2021AJ....161..147B,https://doi.org/10.3847/1538-3881/abd806,original_full_text_checked_or_exact_catalog_query,2026-09-23,,no local path supplied,,https://vizier.cds.unistra.fr/viz-bin/VizieR?-source=I/352/gedr3dis,https://doi.org/10.3847/1538-3881/abd806,10.3847/1538-3881/abd806,,https://doi.org/10.3847/1538-3881/abd806,stable link,Reachable in automated check
228,SIMBAD_BSTri,SIMBAD database (queried 2026-09-23),,,,https://simbad.cds.unistra.fr/simbad/,checked,"Exact SIMBAD queries for BS Tri and Gaia DR3 107522105369340800 resolve to V* BS Tri and same source ID. Aliases include 1RXS J020929.0+283243, RX J0209.4+2832, TIC 5638374 and 2MASS J02092981+2832294. Identity aid only; class from papers.","Wenger, M., et al. 2000, The SIMBAD astronomical database: The CDS reference database for astronomical objects, A&AS, 143, 9–22.",2000A&AS..143....9W,https://simbad.cds.unistra.fr/simbad/sim-id?Ident=BS%20Tri&output.format=ASCII,original_full_text_checked_or_exact_catalog_query,2026-09-23,,no local path supplied,,https://simbad.cds.unistra.fr/simbad/,https://simbad.cds.unistra.fr/simbad/sim-id?Ident=BS%20Tri&output.format=ASCII,,,https://simbad.cds.unistra.fr/simbad/sim-id?Ident=BS%20Tri&output.format=ASCII,stable link,Reachable in automated check
229,HernandezDiaz+25_BSTri,Hernández-Díaz et al. (2025),,10.1051/0004-6361/202554948,,https://arxiv.org/abs/2510.09165,checked,Full arXiv HTML and VizieR Table A.1 exact TIC/Gaia row checked: Tmag 17.591±0.032 and final LS period 96.30260±0.00240 min; ACF/SINE/FFT 96.3000 min without formal errors. Paper calls T=17–19 mag periods uncertain and finds 85/95 sample periods consistent with literature; BS Tri is not a named outlier.,"Hernández-Díaz, R., Stelzer, B., Schwope, A. D., & Muñoz-Giraldo, P. 2025, A systematic search for orbital periods of polars with TESS: Methods, detection limits, and results, A&A, 703, A166.",2025A&A...703A.166H,https://doi.org/10.1051/0004-6361/202554948,original_full_text_checked_or_exact_catalog_query,2026-09-23,,no local path supplied,,https://arxiv.org/abs/2510.09165,https://doi.org/10.1051/0004-6361/202554948,10.1051/0004-6361/202554948,,https://arxiv.org/abs/2510.09165,download URL,Reachable in automated check
230,Kolbin+20_BSTri,"Kolbin, Borisov & Serebriakova (2020)",,10.26119/978-5-6045062-0-2_2020_256,,https://www.sao.ru/jet/conferences/pdfs/256.pdf,checked,Full proceedings paper checked: same BTA/SCORPIO-2 2011 spectra give earlier cyclotron spot B=22.2±0.5 MG and Halpha Zeeman B=21.5±1 MG in a cold halo around the accretion spot; not independent observations from Kolbin+22.,"Kolbin, A. I., Borisov, N. V., & Serebriakova, N. A. 2020, Cyclotron harmonics and Zeeman features in the spectra of the polar BS Tri, in Ground-Based Astronomy in Russia. 21st Century: Proceedings of the All-Russian Conference, Nizhny Arkhyz, 21–25 September 2020, 256–259.",,https://doi.org/10.26119/978-5-6045062-0-2_2020_256,original_full_text_checked_or_exact_catalog_query,2026-09-23,,no local path supplied,,https://www.sao.ru/jet/conferences/pdfs/256.pdf,https://doi.org/10.26119/978-5-6045062-0-2_2020_256,10.26119/978-5-6045062-0-2_2020_256,,https://doi.org/10.26119/978-5-6045062-0-2_2020_256,stable link,Reachable in automated check
231,Beuermann+07_EFEri,Beuermann et al. (2007),,10.1051/0004-6361:20066332,,https://arxiv.org/abs/astro-ph/0610804,original_full_text_checked,"Original low-state phase-resolved VLT/FORS1 flux and circular-polarization spectra; tomography model field values describe distributions/topology, not interchangeable scalar pole fields.","Beuermann, K., Euchner, F., Reinsch, K., Jordan, S., & Gänsicke, B. T. 2007, Zeeman tomography of magnetic white dwarfs. IV. The complex field structure of the polars EF Eridani, BL Hydri and CP Tucanae, A&A, 463, 647–655.",2007A&A...463..647B,https://doi.org/10.1051/0004-6361:20066332,original_full_text_checked_local_pdf,2026-09-23,,repaired to existing file,,https://arxiv.org/abs/astro-ph/0610804,https://doi.org/10.1051/0004-6361:20066332,10.1051/0004-6361:20066332,,https://arxiv.org/abs/astro-ph/0610804,download URL,Reachable in automated check
232,Filor+25_EFEri,Filor et al. (2025),,10.3847/1538-4357/add403,,https://arxiv.org/abs/2412.11273,arxiv_full_text_journal_abstract_checked,Full local arXiv v2 and published abstract checked. v2 body/conclusion gives model-dependent WD mass 0.55–0.63 Msun; journal abstract says 0.55–0.58 Msun; publisher body inaccessible. Preserve both pending reconciliation.,"Filor, L. W., Mori, K., Bridges, G., Hailey, C. J., Buckley, D. A. H., Ramsay, G., Schwope, A. D., Suleimanov, V. F., Wolff, M. T., & Wood, K. S. 2025, NuSTAR broadband X-ray observation of EF Eri following its reawakening into a high accretion state, ApJ, 987, 53.",2025ApJ...987...53F,https://doi.org/10.3847/1538-4357/add403,arxiv_v2_full_text_checked_published_abstract_checked,2026-09-23,,local path verified,,https://arxiv.org/abs/2412.11273,https://doi.org/10.3847/1538-4357/add403,10.3847/1538-4357/add403,,https://doi.org/10.3847/1538-4357/add403,stable link,Reachable in automated check
233,Khangale+25_EFEri,Khangale et al. (2025),,10.1093/mnras/staf1754,,https://arxiv.org/abs/2510.08266,original_full_text_checked,"High-state phase-resolved spectroscopy and Doppler tomography. Period and uncertainty are adopted from Bailey+82, not newly measured.","Khangale, Z. N., Potter, S. B., Buckley, D. A. H., & Barrett, P. E. 2025, Phase-resolved spectroscopic observations of the magnetic cataclysmic binary EF Eridani: revealing complex magnetic accretion during a high state, MNRAS, 544, 309–320.",2025MNRAS.544..309K,https://doi.org/10.1093/mnras/staf1754,original_full_text_checked_local_pdf,2026-09-23,,local path verified,,https://arxiv.org/abs/2510.08266,https://doi.org/10.1093/mnras/staf1754,10.1093/mnras/staf1754,,https://arxiv.org/abs/2510.08266,download URL,Reachable in automated check
234,HernandezDiaz+25_EFEri,Hernández-Díaz et al. (2025),,10.1051/0004-6361/202554948,,https://vizier.cds.unistra.fr/viz-bin/VizieR?-source=J/A+A/703/A166/tablea1,catalog_table_checked,Exact EF Eri row in VizieR Table A.1. TESSmag 18.194; paper cautions period reliability for Tmag>17.,"Hernández-Díaz, S., Stelzer, B., Schwope, A., & Muñoz-Giraldo, D. 2025, A systematic search for orbital periods of polars with TESS: methods, detection limits, and results, A&A, 703, A166.",2025A&A...703A.166H,https://doi.org/10.1051/0004-6361/202554948,vizier_table_row_checked_article_metadata_checked,2026-09-23,,local path verified,,https://vizier.cds.unistra.fr/viz-bin/VizieR?-source=J/A+A/703/A166/tablea1,https://doi.org/10.1051/0004-6361/202554948,10.1051/0004-6361/202554948,,https://vizier.cds.unistra.fr/viz-bin/VizieR?-source=J/A+A/703/A166/tablea1,download URL,Reachable in automated check
235,Bailey+82_EFEri,Bailey et al. (1982),,10.1093/mnras/199.3.801,,https://academic.oup.com/mnras/article/199/3/801/969418,original_full_text_checked_scanned_pdf,"Scanned p.806, Table 1 and ephemeris visually checked. Printed period ±8 below last digit interpreted as ±0.00000008 d; epoch ±4 as ±0.0004 d. Howell+06 later prints (80), factor-ten period-error discrepancy.","Bailey, J., Hough, J. H., Axon, D. J., Gatley, I., Lee, T. J., Szkody, P., Stokes, G., & Berriman, G. 1982, A multiwavelength study of the AM Herculis type binary 2A 0311−227, MNRAS, 199, 801–815.",1982MNRAS.199..801B,https://doi.org/10.1093/mnras/199.3.801,original_full_text_checked_visual_scan,2026-09-23,,local path verified,,https://academic.oup.com/mnras/article/199/3/801/969418,https://doi.org/10.1093/mnras/199.3.801,10.1093/mnras/199.3.801,,https://doi.org/10.1093/mnras/199.3.801,stable link,Automated access restricted
236,Thorstensen+03_EFEri,Thorstensen (2003),,10.1086/379308,,https://arxiv.org/abs/astro-ph/0308516,original_full_text_checked,Original EF Eri section and Table 2 checked: noisy low-state πabs=5.5±2.5 mas; Bayesian d=163(+66/−50) pc with high-velocity prior; 113(+19/−16) pc without it.,"Thorstensen, J. R. 2003, Parallax and distance estimates for 14 cataclysmic variable stars, AJ, 126, 3017–3021.",2003AJ....126.3017T,https://doi.org/10.1086/379308,original_full_text_checked_local_pdf,2026-09-23,,local path verified,,https://arxiv.org/abs/astro-ph/0308516,https://doi.org/10.1086/379308,10.1086/379308,,https://doi.org/10.1086/379308,stable link,Reachable in automated check
237,GaiaDR3+22_EFEri,"Gaia DR3 (2022), EF Eri source query",,,,https://vizier.cds.unistra.fr/viz-bin/VizieR?-source=I/355/gaiadr3&Source=5099482805904892288,exact_source_catalog_query,"Exact Gaia DR3 source 5099482805904892288 queried via VizieR I/355; astrometry, photometry and quality fields stored in measurement ledger.","Gaia Collaboration et al. 2023, Gaia Data Release 3: Summary of the content and survey properties, A&A, 674, A1.",2023A&A...674A...1G,https://vizier.cds.unistra.fr/viz-bin/VizieR?-source=I/355/gaiadr3&Source=5099482805904892288,catalog_query_exact_source_id,2026-09-23,,no local path supplied,,https://vizier.cds.unistra.fr/viz-bin/VizieR?-source=I/355/gaiadr3&Source=5099482805904892288,https://vizier.cds.unistra.fr/viz-bin/VizieR?-source=I/355/gaiadr3&Source=5099482805904892288,,,https://vizier.cds.unistra.fr/viz-bin/VizieR?-source=I/355/gaiadr3&Source=5099482805904892288,stable link,Reachable in automated check
238,BailerJones+21_EFEri,"Bailer-Jones et al. (2021), EF Eri query",,10.3847/1538-3881/abd806,,https://vizier.cds.unistra.fr/viz-bin/VizieR?-source=I/352/gedr3dis&Source=5099482805904892288,exact_source_catalog_query,Exact Gaia DR3 identifier queried in Bailer-Jones geometric/photogeometric distance table I/352; use geometric posterior and keep photogeometric separately.,"Bailer-Jones, C. A. L., Rybizki, J., Fouesneau, M., Demleitner, M., & Andrae, R. 2021, Estimating distances from parallaxes. V. Geometric and photogeometric distances to 1.47 billion stars in Gaia Early Data Release 3, AJ, 161, 147.",2021AJ....161..147B,https://vizier.cds.unistra.fr/viz-bin/VizieR?-source=I/352/gedr3dis&Source=5099482805904892288,catalog_query_exact_source_id,2026-09-23,,no local path supplied,,https://vizier.cds.unistra.fr/viz-bin/VizieR?-source=I/352/gedr3dis&Source=5099482805904892288,https://vizier.cds.unistra.fr/viz-bin/VizieR?-source=I/352/gedr3dis&Source=5099482805904892288,10.3847/1538-3881/abd806,,https://vizier.cds.unistra.fr/viz-bin/VizieR?-source=I/352/gedr3dis&Source=5099482805904892288,stable link,Reachable in automated check
239,SIMBAD_EFEri,"SIMBAD, EF Eri exact object query",,,,https://simbad.cds.unistra.fr/simbad/sim-id?Ident=EF%20Eri,exact_object_query,"SIMBAD resolves V* EF Eri, CV*, Gaia DR3 5099482805904892288, aliases and ICRS J2000 coordinates; cross-checked with propagated Gaia position.","Wenger, M. et al. 2000, The SIMBAD astronomical database: The CDS reference database for astronomical objects, A&AS, 143, 9–22.",2000A&AS..143....9W,https://simbad.cds.unistra.fr/simbad/sim-id?Ident=EF%20Eri,database_query_identity_crosschecked,2026-09-23,,no local path supplied,,https://simbad.cds.unistra.fr/simbad/sim-id?Ident=EF%20Eri,https://simbad.cds.unistra.fr/simbad/sim-id?Ident=EF%20Eri,,,https://simbad.cds.unistra.fr/simbad/sim-id?Ident=EF%20Eri,stable link,Reachable in automated check
240,Barrett+17_UZFor,Barrett et al. (2017),,10.3847/1538-3881/aa93ff,,https://doi.org/10.3847/1538-3881/aa93ff,present_original_full_text_checked,UZ For: Table 3 image visually checked. May 2015 C-band detection is 252±24 μJy; Table 4 June 2015 image statistics give 55±22 μJy at C band and Table 5 provides the 3σ <66 μJy upper limit. Table 3 labels the detected source LCP.,"Barrett, P., Dieck, C., Beasley, A. J., Mason, P. A., & Singh, K. P. 2017, A Jansky Very Large Array Survey of Magnetic Cataclysmic Variables. I. The Data, The Astronomical Journal, 154, 252.",2017AJ....154..252B,https://doi.org/10.3847/1538-3881/aa93ff,original_full_text_checked_local_pdf_and_page_images,2026-09-23,,local path verified,,https://doi.org/10.3847/1538-3881/aa93ff,https://doi.org/10.3847/1538-3881/aa93ff,10.3847/1538-3881/aa93ff,,https://doi.org/10.3847/1538-3881/aa93ff,stable link,Reachable in automated check
241,VizieR_Barrett17_UZFor,CDS/VizieR Barrett et al. (2017) table query,,,,https://cdsarc.cds.unistra.fr/viz-bin/cat/J/AJ/154/252,catalog_query_conflict_with_article_table,UZ For: VizieR Table 34 returns 315 μJy for the same 15A-03A source while the visually checked article Table 3 reports 252±24 μJy. Retain both pending image/data reprocessing.,"CDS VizieR, J/AJ/154/252, Barrett et al. 2017 survey tables; exact UZ For row queried 2026-09-23.",,https://cdsarc.cds.unistra.fr/viz-bin/cat/J/AJ/154/252,vizier_table_row_checked_article_metadata_checked,2026-09-23,,no local path supplied,,https://cdsarc.cds.unistra.fr/viz-bin/cat/J/AJ/154/252,https://cdsarc.cds.unistra.fr/viz-bin/cat/J/AJ/154/252,,,https://cdsarc.cds.unistra.fr/viz-bin/cat/J/AJ/154/252,stable link,Reachable in automated check
242,Schwope+90_UZFor,Schwope et al. (1990),,,,https://ui.adsabs.harvard.edu/abs/1990A%26A...230..120S/abstract,present_scanned_original_full_text_checked,"UZ For: complete seven-page scanned original checked with OCR and images. Low-state cyclotron model gives main-region B≈53 MG; a faint 4740 Å feature allows a second-pole model B≈75.5 MG or ≈57 MG, with the harmonic assignment unresolved.","Schwope, A. D., Beuermann, K., & Thomas, H.-C. 1990, Cyclotron radiation in UZ Fornacis (=EXO 033319−2554.2) in a low state of accretion, Astronomy & Astrophysics, 230, 120–126.",1990A&A...230..120S,https://ui.adsabs.harvard.edu/abs/1990A%26A...230..120S/abstract,original_scanned_full_text_checked_local_pdf_and_page_images,2026-09-23,,local path verified,,https://ui.adsabs.harvard.edu/abs/1990A%26A...230..120S/abstract,https://ui.adsabs.harvard.edu/abs/1990A%26A...230..120S/abstract,,,https://ui.adsabs.harvard.edu/abs/1990A%26A...230..120S/abstract,stable link,Automated access restricted
243,Ferrario+89_UZFor,Ferrario et al. (1989),,10.1086/167153,,https://doi.org/10.1086/167153,present_original_full_text_checked,UZ For: full 11-page PDF checked. High-state spectra/polarimetry give a main emission-region field near 56 MG and a second-region model near 28 MG; not surface Zeeman measurements.,"Ferrario, L., Wickramasinghe, D. T., Bailey, J., Tuohy, I. R., & Hough, J. H. 1989, EXO 033319−2554.2: An Eclipsing AM Herculis System Showing Cyclotron Emission Features, The Astrophysical Journal, 337, 832–842.",1989ApJ...337..832F,https://doi.org/10.1086/167153,original_full_text_checked_local_pdf,2026-09-23,,local path verified,,https://doi.org/10.1086/167153,https://doi.org/10.1086/167153,10.1086/167153,,https://doi.org/10.1086/167153,stable link,Automated access restricted
244,Rousseau+96_UZFor,Rousseau et al. (1996),,,,https://ui.adsabs.harvard.edu/abs/1996A%26A...310..526R/abstract,primary_abstract_checked_full_text_inaccessible,"UZ For: primary abstract reports a two-spot low-state cyclotron model with B1≈53 MG and B2≈48 MG, total low-state accretion rate ≈3×10^13 g s^-1 and spot area ≈4×10^15 cm^2. Full original article was not accessible in this pass.","Rousseau, Th., Fischer, A., Beuermann, K., & Woelk, U. 1996, Determination of mass flow rates in AM Herculis binaries. I. General method and application to UZ Fornacis, Astronomy & Astrophysics, 310, 526–532.",1996A&A...310..526R,https://ui.adsabs.harvard.edu/abs/1996A%26A...310..526R/abstract,primary_abstract_only_full_text_inaccessible,2026-09-23,,no local path supplied,,https://ui.adsabs.harvard.edu/abs/1996A%26A...310..526R/abstract,https://ui.adsabs.harvard.edu/abs/1996A%26A...310..526R/abstract,,,https://ui.adsabs.harvard.edu/abs/1996A%26A...310..526R/abstract,stable link,Automated access restricted
245,Nogami+02_UZFor,Nogami et al. (2002),,,,https://ui.adsabs.harvard.edu/abs/2002ASPC..261..159N/abstract,primary_conference_abstract_checked_full_text_inaccessible,ASP publisher abstract reports HST/STIS high-state UV cyclotron harmonics with two pole fields B1=51 MG and B2=74 MG. Component phase assignment follows Khangale+20; the two-page original proceedings text was not accessible.,"Nogami, D., Gänsicke, B. T., & Beuermann, K. 2002, HST/STIS observations of the polar UZ Fornacis in a high state, in The Physics of Cataclysmic Variables and Related Objects, ASP Conference Series, 261, 159–160.",2002ASPC..261..159N,https://ui.adsabs.harvard.edu/abs/2002ASPC..261..159N/abstract,primary_abstract_only_full_text_inaccessible,2026-09-23,,no local path supplied,,https://ui.adsabs.harvard.edu/abs/2002ASPC..261..159N/abstract,https://ui.adsabs.harvard.edu/abs/2002ASPC..261..159N/abstract,,,https://ui.adsabs.harvard.edu/abs/2002ASPC..261..159N/abstract,stable link,Automated access restricted
246,Schwope+97_UZFor,Schwope et al. (1997),,,,https://arxiv.org/abs/astro-ph/9701087,present_original_full_text_checked,"UZ For: original low-state 1989 spectroscopy checked. Na I K2 sin i=285±50 km/s gives M1=0.44±0.15 Msun under Roche/main-sequence assumptions; irradiated Hα correction yields a higher conditional estimate that authors caution may be unreliable; joint ≈2σ solution Q=4.4, M1=0.75 Msun, i=80.7 deg.","Schwope, A. D., Mengel, S., & Beuermann, K. 1997, On the mass of the white dwarf in UZ Fornacis, Astronomy & Astrophysics, 320, 181–184.",1997A&A...320..181S,https://arxiv.org/abs/astro-ph/9701087,original_full_text_checked_local_arxiv_pdf,2026-09-23,,local path verified,,https://arxiv.org/abs/astro-ph/9701087,https://arxiv.org/abs/astro-ph/9701087,,,https://arxiv.org/abs/astro-ph/9701087,stable link,Reachable in automated check
247,Dai+10_UZFor,Dai et al. (2010),,10.1111/j.1365-2966.2010.17384.x,,https://doi.org/10.1111/j.1365-2966.2010.17384.x,present_original_full_text_checked,"UZ For: 44 eclipse times (1983–2009); paper fits a positive Pdot and possible 23.4±5.1 yr modulation, but only about half of a cycle was covered. Potter+11 later excluded these timings as >300 s discrepant, likely measurement/time-standard issue.","Dai, Z.-B., Qian, S.-B., Fernández Lajús, E., & Baume, G. 2010, Orbital period analyses for two cataclysmic variables: UZ Fornacis and V348 Puppis inside the period gap, Monthly Notices of the Royal Astronomical Society, 409, 1195–1202.",2010MNRAS.409.1195D,https://doi.org/10.1111/j.1365-2966.2010.17384.x,original_full_text_checked_local_pdf,2026-09-23,,local path verified,,https://doi.org/10.1111/j.1365-2966.2010.17384.x,https://doi.org/10.1111/j.1365-2966.2010.17384.x,10.1111/j.1365-2966.2010.17384.x,,https://doi.org/10.1111/j.1365-2966.2010.17384.x,stable link,Automated access restricted
248,Potter+11_UZFor,Potter et al. (2011),,10.1111/j.1365-2966.2011.19196.x,,https://doi.org/10.1111/j.1365-2966.2011.19196.x,present_original_full_text_checked,UZ For: full original paper checked. Representative O–C model gives Pbin=0.087865425(2)d and cycles 16(3) and 5.25(25) yr; the fit is imperfect and two-planet dynamics are unstable for some solutions. Dai+10 times were excluded for >300 s disagreement.,"Potter, S. B., et al. 2011, Possible detection of two giant extrasolar planets orbiting the eclipsing polar UZ Fornacis, Monthly Notices of the Royal Astronomical Society, 416, 2202–2215.",2011MNRAS.416.2202P,https://doi.org/10.1111/j.1365-2966.2011.19196.x,original_full_text_checked_local_pdf,2026-09-23,,local path verified,,https://doi.org/10.1111/j.1365-2966.2011.19196.x,https://doi.org/10.1111/j.1365-2966.2011.19196.x,10.1111/j.1365-2966.2011.19196.x,,https://doi.org/10.1111/j.1365-2966.2011.19196.x,stable link,Automated access restricted
249,Khangale+19_UZFor,Khangale et al. (2019),,10.1051/0004-6361/201834039,,https://doi.org/10.1051/0004-6361/201834039,present_original_full_text_checked,"UZ For: 33 new mid-eclipse times from 2011–2018 plus 42 earlier timings; the earlier two-planet ephemeris cannot accommodate the new times without high eccentricities e≥0.4, which the authors judge dynamically unstable. The tabled ephemeris is explicitly reproduced from Potter+11, not a new best fit.","Khangale, Z. N., Woudt, P. A., Potter, S. B., et al. 2019, High-speed photometry of the eclipsing polar UZ Fornacis, Astronomy & Astrophysics, 621, A31.",2019A&A...621A..31K,https://doi.org/10.1051/0004-6361/201834039,original_full_text_checked_local_pdf,2026-09-23,,local path verified,,https://doi.org/10.1051/0004-6361/201834039,https://doi.org/10.1051/0004-6361/201834039,10.1051/0004-6361/201834039,,https://doi.org/10.1051/0004-6361/201834039,stable link,Automated access restricted
250,GaiaDR3+22_UZFor,"Gaia Collaboration (2022), exact DR3 query",,10.1051/0004-6361/202243940,,https://vizier.cds.unistra.fr/viz-bin/VizieR-5?-source=I/355/gaiadr3&Source=5084805635638179584,exact_gaia_dr3_source_id_query,UZ For exact Gaia DR3 query; Gaia source_id kept as a string. ICRS astrometry is at epoch J2016.0.,"Gaia Collaboration et al. 2023, Gaia Data Release 3: Summary of the content and survey properties, Astronomy & Astrophysics, 674, A1; exact Gaia DR3 source query 5084805635638179584.",2023A&A...674A...1G,https://vizier.cds.unistra.fr/viz-bin/VizieR-5?-source=I/355/gaiadr3&Source=5084805635638179584,catalog_query_exact_source_id,2026-09-23,,no local path supplied,,https://vizier.cds.unistra.fr/viz-bin/VizieR-5?-source=I/355/gaiadr3&Source=5084805635638179584,https://vizier.cds.unistra.fr/viz-bin/VizieR-5?-source=I/355/gaiadr3&Source=5084805635638179584,10.1051/0004-6361/202243940,,https://vizier.cds.unistra.fr/viz-bin/VizieR-5?-source=I/355/gaiadr3&Source=5084805635638179584,stable link,Reachable in automated check
251,BailerJones+21_UZFor,"Bailer-Jones et al. (2021), exact EDR3 query",,10.3847/1538-3881/abd806,,https://vizier.cds.unistra.fr/viz-bin/VizieR-5?-source=I/352/gedr3dis&Source=5084805635638179584,exact_vizier_source_id_query,UZ For geometric and photogeometric posterior medians and 16th/84th percentiles are retained separately; no parallax inversion used as the adopted distance.,"Bailer-Jones, C. A. L., Rybizki, J., Fouesneau, M., Demleitner, M., & Andrae, R. 2021, Estimating distances from parallaxes. IV. Distances to 1.47 billion stars in Gaia EDR3, The Astronomical Journal, 161, 147; exact source query for Gaia DR3 5084805635638179584.",2021AJ....161..147B,https://vizier.cds.unistra.fr/viz-bin/VizieR-5?-source=I/352/gedr3dis&Source=5084805635638179584,catalog_query_exact_source_id,2026-09-23,,no local path supplied,,https://vizier.cds.unistra.fr/viz-bin/VizieR-5?-source=I/352/gedr3dis&Source=5084805635638179584,https://vizier.cds.unistra.fr/viz-bin/VizieR-5?-source=I/352/gedr3dis&Source=5084805635638179584,10.3847/1538-3881/abd806,,https://vizier.cds.unistra.fr/viz-bin/VizieR-5?-source=I/352/gedr3dis&Source=5084805635638179584,stable link,Reachable in automated check
252,SIMBAD_UZFor,"SIMBAD, UZ For exact object query",,,,https://simbad.cds.unistra.fr/simbad/sim-id?Ident=UZ%20For,database_query_exact_identifier,"SIMBAD resolves V* UZ For to Gaia DR3 5084805635638179584 and the listed high-energy, infrared, and survey aliases. Main identifier is a cataclysmic binary; spectral type M4.5 is listed.","SIMBAD astronomical database, exact object/alias query for V* UZ For, accessed 2026-09-23; database reference Wenger et al. 2000, A&AS, 143, 9.",2000A&AS..143....9W,https://simbad.cds.unistra.fr/simbad/sim-id?Ident=UZ%20For,database_query_alias_and_identifier,2026-09-23,,no local path supplied,,https://simbad.cds.unistra.fr/simbad/sim-id?Ident=UZ%20For,https://simbad.cds.unistra.fr/simbad/sim-id?Ident=UZ%20For,,,https://simbad.cds.unistra.fr/simbad/sim-id?Ident=UZ%20For,stable link,Reachable in automated check
253,GaiaDR3+22_Tau4,"Gaia Collaboration (2022), Tau 4 exact-source query",,10.26093/CDS/VIZIER.1355,,https://vizier.cds.unistra.fr/viz-bin/VizieR-4?-source=I/355/gaiadr3&Source=3393408546234335488,catalog_query_exact_source_id,"Exact source_id query; Gaia DR3 ICRS epoch J2016.0, astrometry, photometry and quality fields.","Gaia Collaboration et al. 2022, Gaia DR3 Part 1. Main source, VizieR Online Data Catalog, I/355.",2022yCat.1355....0G,https://vizier.cds.unistra.fr/viz-bin/VizieR-4?-source=I/355/gaiadr3&Source=3393408546234335488,catalog_query_exact_source_id,2026-09-23,,no local path supplied,,https://vizier.cds.unistra.fr/viz-bin/VizieR-4?-source=I/355/gaiadr3&Source=3393408546234335488,https://vizier.cds.unistra.fr/viz-bin/VizieR-4?-source=I/355/gaiadr3&Source=3393408546234335488,10.26093/CDS/VIZIER.1355,,https://vizier.cds.unistra.fr/viz-bin/VizieR-4?-source=I/355/gaiadr3&Source=3393408546234335488,stable link,Reachable in automated check
254,BailerJones+21_Tau4,"Bailer-Jones et al. (2021), Tau 4 EDR3 distance query",,10.3847/1538-3881/abd806,,https://vizier.cds.unistra.fr/viz-bin/VizieR-4?-source=I/352/gedr3dis&Source=3393408546234335488,catalog_query_exact_source_id,Exact Gaia source ID; geometric and photogeometric posterior summaries kept separate.,"Bailer-Jones, C. A. L., Rybizki, J., Fouesneau, M., Demleitner, J., & Andrae, R. 2021, Estimating distances from parallaxes. V. Geometric and photogeometric distances to 1.47 billion stars in Gaia Early Data Release 3, AJ, 161, 147.",2021AJ....161..147B,https://vizier.cds.unistra.fr/viz-bin/VizieR-4?-source=I/352/gedr3dis&Source=3393408546234335488,catalog_query_exact_source_id,2026-09-23,,no local path supplied,,https://vizier.cds.unistra.fr/viz-bin/VizieR-4?-source=I/352/gedr3dis&Source=3393408546234335488,https://vizier.cds.unistra.fr/viz-bin/VizieR-4?-source=I/352/gedr3dis&Source=3393408546234335488,10.3847/1538-3881/abd806,,https://vizier.cds.unistra.fr/viz-bin/VizieR-4?-source=I/352/gedr3dis&Source=3393408546234335488,stable link,Reachable in automated check
255,BailerJones+18_Tau4,"Bailer-Jones et al. (2018), Tau 4 DR2 distance query",,10.3847/1538-3881/aacb21,,https://vizier.cds.unistra.fr/viz-bin/VizieR-4?-source=I/347/gaia2dis&Source=3393408546234335488,catalog_query_exact_source_id,"Exact Gaia DR2 source ID; historical posterior, distinct from EDR3.","Bailer-Jones, C. A. L., Rybizki, J., Fouesneau, M., Mantelet, G., & Andrae, R. 2018, Estimating distances from parallaxes. IV. Distances to 1.33 billion stars in Gaia Data Release 2, AJ, 156, 58.",2018AJ....156...58B,https://vizier.cds.unistra.fr/viz-bin/VizieR-4?-source=I/347/gaia2dis&Source=3393408546234335488,catalog_query_exact_source_id,2026-09-23,,no local path supplied,,https://vizier.cds.unistra.fr/viz-bin/VizieR-4?-source=I/347/gaia2dis&Source=3393408546234335488,https://vizier.cds.unistra.fr/viz-bin/VizieR-4?-source=I/347/gaia2dis&Source=3393408546234335488,10.3847/1538-3881/aacb21,,https://vizier.cds.unistra.fr/viz-bin/VizieR-4?-source=I/347/gaia2dis&Source=3393408546234335488,stable link,Reachable in automated check
256,SIMBAD_Tau4,SIMBAD database (queried 2026-09-23),,,,https://simbad.cds.unistra.fr/simbad/sim-id?Ident=RX%20J0502.8%2B1624&output.format=ASCII,database_query_alias_and_identifier,"Exact-name query for aliases, object type, Gaia DR3 ID and linked coordinates; classification independently checked in papers.","Wenger, M., et al. 2000, The SIMBAD astronomical database, A&AS, 143, 9–22.",2000A&AS..143....9W,https://simbad.cds.unistra.fr/simbad/sim-id?Ident=RX%20J0502.8%2B1624&output.format=ASCII,database_query_alias_and_identifier,2026-09-23,,no local path supplied,,https://simbad.cds.unistra.fr/simbad/sim-id?Ident=RX%20J0502.8%2B1624&output.format=ASCII,https://simbad.cds.unistra.fr/simbad/sim-id?Ident=RX%20J0502.8%2B1624&output.format=ASCII,,,https://simbad.cds.unistra.fr/simbad/sim-id?Ident=RX%20J0502.8%2B1624&output.format=ASCII,stable link,Reachable in automated check
257,Duffy+22_Tau4,"Duffy et al. (2022), Tau 4 ZTF row",,10.1093/mnras/stac2482,,https://doi.org/10.1093/mnras/stac2482,original_full_text_checked_local_pdf,"Appendix B Table B1 reports Tau 4 ZTF magnitudes, 545 points, and no short-duration transition selected under that paper’s criteria.","Duffy, C., Ramsay, G., Wu, K., Mason, P. A., Hakala, P., Steeghs, D., & Wood, M. A. 2022, Short-duration accretion states of Polars as seen in TESS and ZTF data, MNRAS, 516, 3144–3158.",2022MNRAS.516.3144D,https://doi.org/10.1093/mnras/stac2482,original_full_text_checked_local_pdf,2026-09-23,,local path verified,,https://doi.org/10.1093/mnras/stac2482,https://doi.org/10.1093/mnras/stac2482,10.1093/mnras/stac2482,,https://doi.org/10.1093/mnras/stac2482,stable link,Automated access restricted
258,Motch+96_Tau4,"Motch et al. (1996), metadata/secondary trace",,,,https://ui.adsabs.harvard.edu/abs/1996A%26A...307..459M/abstract,secondary_report_original_full_text_not_accessed,Cited by later Tau 4 literature as discovery and initial likely-polar classification; original full text not accessed.,"Motch, C., Haberl, F., Guillout, P., Pakull, M., Reinsch, K., & Krautter, J. 1996, New cataclysmic variables from the ROSAT All-Sky Survey, A&A, 307, 459–469.",1996A&A...307..459M,https://ui.adsabs.harvard.edu/abs/1996A%26A...307..459M/abstract,secondary_report_original_full_text_not_accessed,2026-09-23,,no local path supplied,,https://ui.adsabs.harvard.edu/abs/1996A%26A...307..459M/abstract,https://ui.adsabs.harvard.edu/abs/1996A%26A...307..459M/abstract,,,https://ui.adsabs.harvard.edu/abs/1996A%26A...307..459M/abstract,stable link,Automated access restricted
259,SIMBAD_LWCam,"SIMBAD database (exact LW Cam query, 2026-09-23)",,10.1051/aas:2000332,,https://simbad.cds.unistra.fr/simbad/sim-id?Ident=LW%20Cam&output.format=ASCII,web_verified,"SIMBAD, LW Cam object record; alias and Gaia DR3 cross-identification checked.","Wenger, M., Ochsenbein, F., Egret, D., et al. 2000, The SIMBAD astronomical database, Astronomy and Astrophysics Supplement Series, 143, 9–22.",2000A&AS..143....9W,https://simbad.cds.unistra.fr/simbad/sim-id?Ident=LW%20Cam&output.format=ASCII,database_query_alias_and_identifier,2026-09-23,,no local path supplied,,https://simbad.cds.unistra.fr/simbad/sim-id?Ident=LW%20Cam&output.format=ASCII,https://simbad.cds.unistra.fr/simbad/sim-id?Ident=LW%20Cam&output.format=ASCII,10.1051/aas:2000332,,https://simbad.cds.unistra.fr/simbad/sim-id?Ident=LW%20Cam&output.format=ASCII,stable link,Reachable in automated check
260,GaiaDR3+22_LWCam,"Gaia Collaboration (2022), exact DR3 source query",,10.26093/CDS/VIZIER.1355,,https://vizier.cds.unistra.fr/viz-bin/VizieR?-source=I/355/gaiadr3&Source=1099223590090176896,web_verified,"Gaia DR3 I/355/gaiadr3 exact source_id 1099223590090176896; Gaia archive/VizieR astrometry, photometry and quality fields.","Gaia Collaboration, Vallenari, A., Brown, A. G. A., et al. 2023, Gaia Data Release 3: Summary of the content and survey properties, Astronomy & Astrophysics, 674, A1.",2023A&A...674A...1G,https://vizier.cds.unistra.fr/viz-bin/VizieR?-source=I/355/gaiadr3&Source=1099223590090176896,catalog_query_exact_source_id,2026-09-23,,no local path supplied,,https://vizier.cds.unistra.fr/viz-bin/VizieR?-source=I/355/gaiadr3&Source=1099223590090176896,https://vizier.cds.unistra.fr/viz-bin/VizieR?-source=I/355/gaiadr3&Source=1099223590090176896,10.26093/CDS/VIZIER.1355,,https://vizier.cds.unistra.fr/viz-bin/VizieR?-source=I/355/gaiadr3&Source=1099223590090176896,stable link,Reachable in automated check
261,BailerJones+21_LWCam,"Bailer-Jones et al. (2021), exact EDR3 distance query",,10.3847/1538-3881/abd806,,https://vizier.cds.unistra.fr/viz-bin/VizieR?-source=I/352/gedr3dis&Source=1099223590090176896,web_verified,Bailer-Jones et al. EDR3 geometric and photogeometric posterior distances for exact Gaia DR3 source_id.,"Bailer-Jones, C. A. L., Rybizki, J., Fouesneau, M., Demleitner, M., & Andrae, R. 2021, Estimating distances from parallaxes. V. Geometric and photogeometric distances to 1.47 billion stars in Gaia Early Data Release 3, The Astronomical Journal, 161, 147.",2021AJ....161..147B,https://vizier.cds.unistra.fr/viz-bin/VizieR?-source=I/352/gedr3dis&Source=1099223590090176896,catalog_query_exact_source_id,2026-09-23,,no local path supplied,,https://vizier.cds.unistra.fr/viz-bin/VizieR?-source=I/352/gedr3dis&Source=1099223590090176896,https://vizier.cds.unistra.fr/viz-bin/VizieR?-source=I/352/gedr3dis&Source=1099223590090176896,10.3847/1538-3881/abd806,,https://vizier.cds.unistra.fr/viz-bin/VizieR?-source=I/352/gedr3dis&Source=1099223590090176896,stable link,Reachable in automated check
262,BailerJones+18_LWCam,"Bailer-Jones et al. (2018), exact DR2 distance query",,10.3847/1538-3881/aacb21,,https://vizier.cds.unistra.fr/viz-bin/VizieR?-source=I/347/gaia2dis&Source=1099223590090176896,web_verified,Bailer-Jones DR2 geometric posterior distance for the matching source; retained as historical alternative.,"Bailer-Jones, C. A. L., Rybizki, J., Fouesneau, M., Mantelet, G., & Andrae, R. 2018, Estimating distances from parallaxes. IV. Distances to 1.33 billion stars in Gaia Data Release 2, The Astronomical Journal, 156, 58.",2018AJ....156...58B,https://vizier.cds.unistra.fr/viz-bin/VizieR?-source=I/347/gaia2dis&Source=1099223590090176896,catalog_query_exact_source_id,2026-09-23,,no local path supplied,,https://vizier.cds.unistra.fr/viz-bin/VizieR?-source=I/347/gaia2dis&Source=1099223590090176896,https://vizier.cds.unistra.fr/viz-bin/VizieR?-source=I/347/gaia2dis&Source=1099223590090176896,10.3847/1538-3881/aacb21,,https://vizier.cds.unistra.fr/viz-bin/VizieR?-source=I/347/gaia2dis&Source=1099223590090176896,stable link,Reachable in automated check
263,Barrett+17_LWCam,"Barrett et al. (2017), original VLA survey paper",,10.3847/1538-3881/aa93ff,,https://doi.org/10.3847/1538-3881/aa93ff,present,"Original full paper, observing log and table pages checked locally. LW Cam is absent from the 19 detections table; two epochs of C/X/K-band image statistics are listed in Table 4 as non-detection/upper-limit context.","Barrett, P., Dieck, C., Beasley, A. J., Mason, P. A., & Singh, K. P. 2017, A Jansky Very Large Array Survey of Magnetic Cataclysmic Variables. I. The Data, The Astronomical Journal, 154, 252.",2017AJ....154..252B,https://doi.org/10.3847/1538-3881/aa93ff,original_full_text_checked_local_pdf_and_page_images,2026-09-23,,local path verified,,https://doi.org/10.3847/1538-3881/aa93ff,https://doi.org/10.3847/1538-3881/aa93ff,10.3847/1538-3881/aa93ff,,https://doi.org/10.3847/1538-3881/aa93ff,stable link,Reachable in automated check
264,HernandezDiaz+25_LWCam,"Hernández-Díaz et al. (2025), exact CDS/VizieR table row",,10.1051/0004-6361/202554948,,https://vizier.cds.unistra.fr/viz-bin/VizieR?-source=J/A%2BA/703/A166/tablea1&GaiaDR3=1099223590090176896,present,Article full text/method and exact Gaia DR3-matched Table A.1 row checked; TESS final period agrees with Tovmassian+01. General faint-target reliability caveat retained.,"Hernández-Díaz, S., Stelzer, B., Schwope, A., & Muñoz-Giraldo, D. 2025, A systematic search for orbital periods of polars with TESS. Methods, detection limits, and results, Astronomy & Astrophysics, 703, A166.",2025A&A...703A.166H,https://vizier.cds.unistra.fr/viz-bin/VizieR?-source=J/A%2BA/703/A166/tablea1&GaiaDR3=1099223590090176896,original_full_text_checked_arxiv_html_and_exact_vizier_table_row,2026-09-23,,local path verified,,https://vizier.cds.unistra.fr/viz-bin/VizieR?-source=J/A%2BA/703/A166/tablea1&GaiaDR3=1099223590090176896,https://vizier.cds.unistra.fr/viz-bin/VizieR?-source=J/A%2BA/703/A166/tablea1&GaiaDR3=1099223590090176896,10.1051/0004-6361/202554948,,https://vizier.cds.unistra.fr/viz-bin/VizieR?-source=J/A%2BA/703/A166/tablea1&GaiaDR3=1099223590090176896,stable link,Reachable in automated check
265,Duffy+22_LWCam,"Duffy et al. (2022), ZTF polar-state table",,10.1093/mnras/stac2482,,https://doi.org/10.1093/mnras/stac2482,present,"Original paper and Appendix B Table B1 checked; LW Cam has ZTF g/r photometry, 760 observations, and a “Long” state-change classification under the paper’s short-state selection scheme.","Duffy, C., Ramsay, G., Wu, K., Mason, P. A., Hakala, P., Steeghs, D., & Wood, M. A. 2022, Short-duration accretion states of Polars as seen in TESS and ZTF data, Monthly Notices of the Royal Astronomical Society, 516, 3144–3158.",2022MNRAS.516.3144D,https://doi.org/10.1093/mnras/stac2482,original_full_text_checked_local_pdf,2026-09-23,,local path verified,,https://doi.org/10.1093/mnras/stac2482,https://doi.org/10.1093/mnras/stac2482,10.1093/mnras/stac2482,,https://doi.org/10.1093/mnras/stac2482,stable link,Automated access restricted
266,SIMBAD_Hya1,SIMBAD exact identifier query for [DWS97] Hya 1,,,,,exact_name_and_identifier_query,"Exact identifier [DWS97] Hya 1 resolves to PG 0911-066 / MM Hya / Gaia DR3 5745881603063095680. This is a valid SIMBAD alias collision, but it is not the RAWDOG Hya 1 source (RX J0859.1+0537); do not transfer these astrometry or MM Hya properties to the catalog row.","SIMBAD Astronomical Database, exact identifier query for [DWS97] Hya 1 / PG 0911-066 / V* MM Hya; retrieved 2026-09-23.",,https://simbad.cds.unistra.fr/simbad/sim-id?Ident=%5BDWS97%5D+Hya+1,database_query_exact_identifier,2026-09-23,,local path verified,,,https://simbad.cds.unistra.fr/simbad/sim-id?Ident=%5BDWS97%5D+Hya+1,,,https://simbad.cds.unistra.fr/simbad/sim-id?Ident=%5BDWS97%5D+Hya+1,stable link,Reachable in automated check
267,GaiaDR3_Hya1,"Gaia Collaboration (2022), exact DR3 source query",,10.1051/0004-6361/202243940,,,exact_gaia_source_query,"Exact Gaia source query for 5745881603063095680; this is MM Hya / PG 0911-066, the rejected alternative counterpart, not RX J0859.1+0537. Gaia measurements are retained for audit traceability only under the separate MM Hya candidate source name.","Gaia Collaboration et al. 2022, Gaia Data Release 3: Summary of the content and survey properties, Astronomy & Astrophysics, 674, A1; exact Gaia DR3 source_id query for 5745881603063095680.",2022A&A...674A...1G,https://vizier.cds.unistra.fr/viz-bin/VizieR-5?-source=I/355/gaiadr3&Source=5745881603063095680,catalog_query_exact_source_id,2026-09-23,,local path verified,,,https://vizier.cds.unistra.fr/viz-bin/VizieR-5?-source=I/355/gaiadr3&Source=5745881603063095680,10.1051/0004-6361/202243940,,https://vizier.cds.unistra.fr/viz-bin/VizieR-5?-source=I/355/gaiadr3&Source=5745881603063095680,stable link,Reachable in automated check
268,BailerJones+21_Hya1,"Bailer-Jones et al. (2021), exact DR3 distance row",,10.3847/1538-3881/abd806,,,exact_posterior_distance_query,"Exact DR3 distance row for Gaia 5745881603063095680 (MM Hya / PG 0911-066), not RAWDOG Hya 1 / RX J0859.1+0537. Retained as the rejected-counterpart record.","Bailer-Jones, C. A. L., Rybizki, J., Fouesneau, M., Demleitner, M., & Andrae, R. 2021, Estimating distances from parallaxes. V. Geometric and photogeometric distances to 1.47 billion stars in Gaia Early Data Release 3, The Astronomical Journal, 161, 147.",2021AJ....161..147B,https://vizier.cds.unistra.fr/viz-bin/VizieR-5?-source=I/352/gedr3dis&Source=5745881603063095680,catalog_query_exact_source_id,2026-09-23,,local path verified,,,https://vizier.cds.unistra.fr/viz-bin/VizieR-5?-source=I/352/gedr3dis&Source=5745881603063095680,10.3847/1538-3881/abd806,,https://vizier.cds.unistra.fr/viz-bin/VizieR-5?-source=I/352/gedr3dis&Source=5745881603063095680,stable link,Reachable in automated check
269,BailerJones+18_Hya1,"Bailer-Jones et al. (2018), exact DR2 distance row",,10.3847/1538-3881/aacb21,,,exact_posterior_distance_query,"Exact DR2 distance row for Gaia 5745881603063095680 (MM Hya / PG 0911-066), not RAWDOG Hya 1 / RX J0859.1+0537. Retained as the rejected-counterpart record.","Bailer-Jones, C. A. L., et al. 2018, Estimating distances from parallaxes. IV. Distances to 1.33 billion stars in Gaia Data Release 2, The Astronomical Journal, 156, 58.",2018AJ....156...58B,https://ui.adsabs.harvard.edu/abs/2018AJ....156...58B/abstract,catalog_query_exact_source_id,2026-09-23,,local path verified,,,https://ui.adsabs.harvard.edu/abs/2018AJ....156...58B/abstract,10.3847/1538-3881/aacb21,,https://doi.org/10.3847/1538-3881/aacb21,DOI,Reachable in automated check
270,Kato+15_MMHya,"Kato et al. (2015), MM Hya SU UMa analysis",,10.1093/pasj/psv072,,,original_paper_checked_local_pdf,"Full paper checked, including MM Hya section, period table, superhump table and long-term supercycle history.","Kato, T., et al. 2015, Survey of period variations of superhumps in SU UMa-type dwarf novae. VII. The seventh year (2014–2015), Publications of the Astronomical Society of Japan, 67, 105.",2015PASJ...67..105K,https://arxiv.org/abs/1507.05610,original_full_text_checked_local_pdf,2026-09-23,,local path verified,,,https://arxiv.org/abs/1507.05610,10.1093/pasj/psv072,,https://arxiv.org/abs/1507.05610,stable link,Reachable in automated check
271,Kato+16_MMHya,"Kato et al. (2016), MM Hya SU UMa classification",,10.1093/pasj/psw064,,,publisher_full_text_checked_web,Publisher full-text page checked for the MM Hya classification and 2015 outburst context; no new component parameters adopted.,"Kato, T., et al. 2016, Survey of period variations of superhumps in SU UMa-type dwarf novae. VIII. The eighth year (2015–2016), Publications of the Astronomical Society of Japan, 68, 65.",2016PASJ...68...65K,https://arxiv.org/abs/1605.06221,original_full_text_checked_web,2026-09-23,,no local path supplied,,,https://arxiv.org/abs/1605.06221,10.1093/pasj/psw064,,https://arxiv.org/abs/1605.06221,stable link,Reachable in automated check
272,Patterson+11_MMHya,"Patterson (2011), MM Hya donor-sequence estimates",,10.1111/j.1365-2966.2010.17881.x,,,original_paper_checked_local_pdf,"Full paper checked. MM Hya table values for donor mass, donor radius and q are compilation/empirical-superhump-calibration estimates, not dynamical measurements.","Patterson, J. 2011, Distances and absolute magnitudes of dwarf novae: murmurs of period bounce, Monthly Notices of the Royal Astronomical Society, 411, 2695–2716.",2011MNRAS.411.2695P,https://doi.org/10.1111/j.1365-2966.2010.17881.x,original_full_text_checked_local_pdf,2026-09-23,,local path verified,,,https://doi.org/10.1111/j.1365-2966.2010.17881.x,10.1111/j.1365-2966.2010.17881.x,,https://doi.org/10.1111/j.1365-2966.2010.17881.x,stable link,Automated access restricted
273,OtulakowskaHypka+16_MMHya,"Otulakowska-Hypka et al. (2016), MM Hya donor-mass compilation reference",,10.1093/mnras/stw1120,,,original_paper_checked_local_pdf,Full statistical dwarf-nova paper checked. Its linked value in the 2024 catalog is retained as a source/model reference; it does not provide a direct dynamical MM Hya mass measurement.,"Otulakowska-Hypka, M., Olech, A., & Patterson, J. 2016, Statistical analysis of properties of dwarf novae outbursts, Monthly Notices of the Royal Astronomical Society, 460, 2526–2541.",2016MNRAS.460.2526O,https://doi.org/10.1093/mnras/stw1120,original_full_text_checked_local_pdf,2026-09-23,,local path verified,,,https://doi.org/10.1093/mnras/stw1120,10.1093/mnras/stw1120,,https://doi.org/10.1093/mnras/stw1120,stable link,Automated access restricted
274,MunozGiraldo+24_MMHya,"Muñoz-Giraldo et al. (2024), exact MM Hya catalog rows",,10.1051/0004-6361/202449358,,,original_paper_and_exact_vizier_rows_checked,"Full article and exact Gaia DR3-matched VizieR table B2, table 3 and eRASS:3 table 4 rows checked. The scorecard is not a posterior probability; donor masses and accretion rate are model-dependent.","Muñoz-Giraldo, D., Stelzer, B., & Schwope, A. 2024, Cataclysmic variables around the period-bounce: An eROSITA-enhanced multi-wavelength catalog, Astronomy & Astrophysics, 687, A305.",2024A&A...687A.305M,https://doi.org/10.1051/0004-6361/202449358,original_full_text_and_exact_catalog_rows_checked,2026-09-23,,local path verified,,,https://doi.org/10.1051/0004-6361/202449358,10.1051/0004-6361/202449358,,https://doi.org/10.1051/0004-6361/202449358,stable link,Automated access restricted
275,MunozGiraldo+23,"Muñoz-Giraldo et al. (2023), eROSITA CV flux conversion context",,,,,bibliographic_metadata_verified,Cited by the 2024 catalog for eROSITA flux conversion and bolometric correction. No MM Hya measurement is taken from this article.,"Muñoz-Giraldo, D., Stelzer, B., de Martino, D., & Schwope, A. 2023, New X-ray detections of magnetic period-bounce cataclysmic variables from XMM-Newton and SRG/eROSITA, Astronomy & Astrophysics, 676, A7.",2023A&A...676A...7M,https://ui.adsabs.harvard.edu/abs/2023A%26A...676A...7M/abstract,secondary_method_citation_in_original_2024_paper,2026-09-23,,no local path supplied,,,https://ui.adsabs.harvard.edu/abs/2023A%26A...676A...7M/abstract,,,https://ui.adsabs.harvard.edu/abs/2023A%26A...676A...7M/abstract,stable link,Automated access restricted
276,Pala+22,"Pala et al. (2022), CV white-dwarf mass distribution",,10.1093/mnras/stab3449,,,bibliographic_metadata_verified,"Cited only because the 2024 catalog adopts a representative 0.8 Msun WD mass when an individual mass is unavailable; this is not an MM Hya WD mass.; AM Her Table 5 and Table 6 checked in full article: Gaia EDR3-based reanalysis of the Gänsicke+06 UV spectra gives Mwd=0.63 (+0.10/-0.08) Msun, Teff=19,248 (+486/-450) K, Rwd=0.013 (+0.0017/-0.0014) Rsun and log g=8.01 (+0.17/-0.16); these remain atmosphere/mass-radius model estimates, not dynamical masses.","Pala, A. F., Gänsicke, B. T., Belloni, D., et al. 2022, Constraining the evolution of cataclysmic variables via the masses and accretion rates of their underlying white dwarfs, MNRAS, 510, 6110-6132.",2022MNRAS.510.6110P,https://doi.org/10.1093/mnras/stab3449,original_full_text_checked_online,2026-09-24,,no local path supplied,,,https://doi.org/10.1093/mnras/stab3449,10.1093/mnras/stab3449,,https://doi.org/10.1093/mnras/stab3449,stable link,Automated access restricted
277,Nauenberg+72,"Nauenberg (1972), white-dwarf mass-radius relation",,10.1086/151568,,,bibliographic_metadata_verified,Mass-radius model cited for the 2024 catalog's assumed-radius accretion-rate calculation; no MM Hya WD radius is measured by this reference.,"Nauenberg, M. 1972, Analytic approximations to the mass-radius relation and energy of zero-temperature stars, The Astrophysical Journal, 175, 417–430.",1972ApJ...175..417N,https://doi.org/10.1086/151568,model_reference_cited_by_original_2024_paper,2026-09-23,,no local path supplied,,,https://doi.org/10.1086/151568,10.1086/151568,,https://doi.org/10.1086/151568,stable link,Automated access restricted
278,Xu+26_PeriodBouncer,"Xu et al. (2026), Gaia/UV/X-ray period-bouncer candidates",,10.3847/1538-4357/ae323e,,,metadata_and_abstract_only_full_text_inaccessible,Newer source discovered through SIMBAD bibliography. Full text and source table were not accessible; no MM Hya candidate status or values are adopted.,"Xu, X.-J., et al. 2026, A multiband photometric selection of period bouncer candidates in the solar neighborhood with Gaia, GALEX, WISE, eROSITA, and XMM-Newton data, The Astrophysical Journal, 998, 153.",2026ApJ...998..153X,https://doi.org/10.3847/1538-4357/ae323e,abstract_only_and_bibliographic_metadata,2026-09-23,,no local path supplied,,,https://doi.org/10.3847/1538-4357/ae323e,10.3847/1538-4357/ae323e,,https://doi.org/10.3847/1538-4357/ae323e,stable link,Reachable in automated check
279,SIMBAD_RXJ0859,SIMBAD exact identifier query for RX J0859.1+0537,,,,,exact_name_and_identifier_query,Exact object query resolves RX J0859.1+0537 = RBS 734 = SDSS J085909.18+053654.5 = Gaia DR3 583340808875713280. SIMBAD also lists the propagated ICRS J2000 position. This is distinct from PG 0911-066 / MM Hya / Gaia DR3 5745881603063095680 returned by the separate [DWS97] Hya 1 identifier query.,"SIMBAD Astronomical Database, exact identifier query for RX J0859.1+0537; retrieved 2026-09-23.",,https://simbad.cds.unistra.fr/simbad/sim-id?Ident=RX+J0859.1%2B0537,database_query_exact_identifier,2026-09-23,,local path verified,,,https://simbad.cds.unistra.fr/simbad/sim-id?Ident=RX+J0859.1%2B0537,,,https://simbad.cds.unistra.fr/simbad/sim-id?Ident=RX+J0859.1%2B0537,stable link,Reachable in automated check
280,GaiaDR3_RXJ0859,"Gaia Collaboration (2022), exact DR3 source query",,10.26093/cds/vizier.1355,,,exact_gaia_source_query,Exact Gaia DR3 source row checked. Gaia source_id remains a string. Gaia coordinates are ICRS at epoch 2016.0; J2000 positions are stored separately as propagated ICRS coordinates. Photometric errors in the measurement ledger are approximate transformations from flux errors.,"Gaia Collaboration, Gaia DR3 main source catalogue, VizieR I/355; exact source_id query for 583340808875713280, retrieved 2026-09-23.",2022yCat.1355....0G,https://vizier.cds.unistra.fr/viz-bin/VizieR?source=I/355/gaiadr3&Source=583340808875713280,catalog_query_exact_source_id,2026-09-23,,local path verified,,,https://vizier.cds.unistra.fr/viz-bin/VizieR?source=I/355/gaiadr3&Source=583340808875713280,10.26093/cds/vizier.1355,,https://vizier.cds.unistra.fr/viz-bin/VizieR?source=I/355/gaiadr3&Source=583340808875713280,stable link,Reachable in automated check
281,BailerJones+21_RXJ0859,"Bailer-Jones et al. (2021), exact EDR3 distance row",,10.3847/1538-3881/abd806,,,exact_posterior_distance_query,Exact Gaia EDR3 source posterior row checked. Geometric and photogeometric distance posteriors are retained separately; adopted catalog distance is geometric median with 16th/84th percentiles.,"Bailer-Jones, C. A. L., Rybizki, J., Fouesneau, M., Demleitner, M., & Andrae, R. 2021, Estimating distances from parallaxes. V. Geometric and photogeometric distances to 1.47 billion stars in Gaia Early Data Release 3, AJ, 161, 147.",2021AJ....161..147B,https://vizier.cds.unistra.fr/viz-bin/VizieR?source=I/352/gedr3dis&Source=583340808875713280,catalog_query_exact_source_id,2026-09-23,,local path verified,,,https://vizier.cds.unistra.fr/viz-bin/VizieR?source=I/352/gedr3dis&Source=583340808875713280,10.3847/1538-3881/abd806,,https://vizier.cds.unistra.fr/viz-bin/VizieR?source=I/352/gedr3dis&Source=583340808875713280,stable link,Reachable in automated check
282,BailerJones+18_RXJ0859,"Bailer-Jones et al. (2018), exact DR2 distance row",,10.3847/1538-3881/aacb21,,,exact_posterior_distance_query,Exact Gaia DR2 source posterior row checked in VizieR I/347/gaia2dis. Posterior median and bounds are not a direct parallax inversion.,"Bailer-Jones, C. A. L., et al. 2018, Estimating distances from parallaxes. IV. Distances to 1.33 billion stars in Gaia Data Release 2, AJ, 156, 58.",2018AJ....156...58B,https://vizier.cds.unistra.fr/viz-bin/VizieR?source=I/347/gaia2dis&Source=583340808875713280,catalog_query_exact_source_id,2026-09-23,,local path verified,,,https://vizier.cds.unistra.fr/viz-bin/VizieR?source=I/347/gaia2dis&Source=583340808875713280,10.3847/1538-3881/aacb21,,https://vizier.cds.unistra.fr/viz-bin/VizieR?source=I/347/gaia2dis&Source=583340808875713280,stable link,Reachable in automated check
283,Joshi+20_RXJ0859,"Joshi et al. (2020), RX J0859.1+0537 optical/X-ray study",,10.1093/mnras/stz3016,,https://arxiv.org/abs/1910.11058,present,"Original full text checked, including Tables 1, 3–5, optical/X-ray period analysis, cyclotron-hump model, donor estimates, and period/geometry discussion. Field is model-dependent on plasma temperature and viewing angle; paper calls the light-curve dips eclipses.","Joshi, A., Pandey, J. C., Raj, A., Singh, K. P., Anupama, G. C., & Singh, H. P. 2020, Optical and X-ray studies of three polars: RX J0859.1+0537, RX J0749.1−0549, and RX J0649.8−0737, MNRAS, 491, 201–214.",2020MNRAS.491..201J,https://doi.org/10.1093/mnras/stz3016,original_full_text_checked_local_pdf,2026-09-23,,local path verified,,https://arxiv.org/abs/1910.11058,https://doi.org/10.1093/mnras/stz3016,10.1093/mnras/stz3016,,https://arxiv.org/abs/1910.11058,download URL,Reachable in automated check
284,Beuermann+21_RXJ0859,"Beuermann et al. (2021), RX J0859.1+0537 long-baseline polar study",,10.1051/0004-6361/202038598,,https://arxiv.org/abs/2010.11678,present,"Original full text checked, including Tables 1–4, Sections 6.1–6.5, Table 2 footnotes, and Appendix C.3. The paper reports a 24-minimum alias-free ephemeris, interprets minima as cyclotron beaming rather than stellar eclipses, and gives separate model-dependent cyclotron/Zeeman field evidence and binary-parameter scenarios.","Beuermann, K., Burwitz, V., Reinsch, K., Schwope, A. D., & Thomas, H.-C. 2021, Neglected X-ray discovered polars. III. RX J0154.0−5947, RX J0600.5−2709, RX J0859.1+0537, RX J0953.1+1458, and RX J1002.2−1925, A&A, 645, A56.",2021A&A...645A..56B,https://doi.org/10.1051/0004-6361/202038598,original_full_text_checked_local_pdf,2026-09-23,,local path verified,,https://arxiv.org/abs/2010.11678,https://doi.org/10.1051/0004-6361/202038598,10.1051/0004-6361/202038598,,https://arxiv.org/abs/2010.11678,download URL,Reachable in automated check
285,HarrisonCampbell+15_RXJ0859,"Harrison & Campbell (2015), RX J0859.1+0537 WISE analysis",,10.1088/0067-0049/219/2/32,,https://astronomy.nmsu.edu/tharriso/Harrison_2015_ApJS_219_32.pdf,present,"Original 80-page full text checked, including RX J0859 section 3.52 and Tables 1, 4, and 6. W1/W2 catalog magnitudes, variability statements, and alternative cyclotron field constraints are distinct model/context values, not a Zeeman field measurement.","Harrison, T. E., & Campbell, R. K. 2015, The WISE light curves of polars, ApJS, 219, 32.",2015ApJS..219...32H,https://doi.org/10.1088/0067-0049/219/2/32,original_full_text_checked_local_pdf,2026-09-23,,local path verified,,https://astronomy.nmsu.edu/tharriso/Harrison_2015_ApJS_219_32.pdf,https://doi.org/10.1088/0067-0049/219/2/32,10.1088/0067-0049/219/2/32,,https://doi.org/10.1088/0067-0049/219/2/32,stable link,Reachable in automated check
286,GansickeDillon+09_RXJ0859,"Gänsicke & Dillon et al. (2009), SDSS CV compilation",,10.1111/j.1365-2966.2009.15126.x,,https://arxiv.org/abs/0905.3476,present,Original full text checked. Table 2 lists RX J0859.1+0537 at 143.8 min and type AM; the row footnotes include Szkody et al. (2005) and a Thorstensen in-preparation reference. The tabulated period has no quoted uncertainty.,"Gänsicke, B. T., Dillon, M., Southworth, J., et al. 2009, SDSS unveils a population of intrinsically faint cataclysmic variables at the minimum orbital period, MNRAS, 397, 2170–2188.",2009MNRAS.397.2170G,https://doi.org/10.1111/j.1365-2966.2009.15126.x,original_full_text_checked_local_pdf,2026-09-23,,local path verified,,https://arxiv.org/abs/0905.3476,https://doi.org/10.1111/j.1365-2966.2009.15126.x,10.1111/j.1365-2966.2009.15126.x,,https://arxiv.org/abs/0905.3476,download URL,Reachable in automated check
287,Szkody+05_RXJ0859,"Szkody et al. (2005), SDSS Paper IV source record",,10.1086/429595,,https://faculty.washington.edu/szkody/cvs/,bibliography_and_author_catalog_checked,The 2005 period entry (1.1 h) is reported by Joshi+20 and Beuermann+21 and appears in the maintained SDSS CV list. The publisher/ADS PDF endpoint returned HTTP 403 in this session; no primary period derivation or uncertainty was verified from this paper.,"Szkody, P., Henden, A., Fraser, O. J., et al. 2005, Cataclysmic variables from Sloan Digital Sky Survey. IV. The fourth year (2003), AJ, 129, 2386–2399.",2005AJ....129.2386S,https://doi.org/10.1086/429595,secondary_report_original_full_text_unavailable,2026-09-23,,no local path supplied,,https://faculty.washington.edu/szkody/cvs/,https://doi.org/10.1086/429595,10.1086/429595,,https://doi.org/10.1086/429595,stable link,Reachable in automated check
288,Lallement+18_RXJ0859,"Lallement et al. (2018), 3D dust map foreground extinction",,10.1051/0004-6361/201832832,,https://arxiv.org/abs/1804.06060,web_verified,Beuermann+21 report E(B−V)=0.033±0.008 for RX J0859 and cite this 3D dust map. The object-specific map extraction was not independently rerun.,"Lallement, R., Capitanio, L., Ruiz-Dern, L., et al. 2018, Three-dimensional maps of interstellar dust in the Local Arm: using Gaia, 2MASS, and APOGEE-DR14, A&A, 616, A132.",2018A&A...616A.132L,https://doi.org/10.1051/0004-6361/201832832,original_map_reference_verified_through_Beuermann+21,2026-09-23,,no local path supplied,,https://arxiv.org/abs/1804.06060,https://doi.org/10.1051/0004-6361/201832832,10.1051/0004-6361/201832832,,https://arxiv.org/abs/1804.06060,download URL,Reachable in automated check
289,Vogel+11_HS0922,"Vogel, Schwope & Schwarz (2011)",,10.1051/0004-6361/201015275,,https://doi.org/10.1051/0004-6361/201015275,abstract_checked_full_text_inaccessible,"Publisher/ADS retrieval was blocked in this session; the journal abstract was checked. It reports X-ray/UV variability, ~1 keV plasma, X-ray flux over an order of magnitude below cyclotron flux, WD T<8000 K, d=140±50 pc, and a magnetic axis nearly in the orbital plane. Numerical spectral tables and detailed assumptions remain unverified.","Vogel, J., Schwope, A. D., & Schwarz, R. 2011, XMM-Newton observations of the pre-polar HS0922+1333, A&A, 530, A117.",2011A&A...530A.117V,https://doi.org/10.1051/0004-6361/201015275,abstract_only,2026-09-23,,no local path supplied,,https://doi.org/10.1051/0004-6361/201015275,https://doi.org/10.1051/0004-6361/201015275,10.1051/0004-6361/201015275,,https://doi.org/10.1051/0004-6361/201015275,stable link,Automated access restricted
290,Parsons+21_HS0922,Parsons et al. (2021),,10.1093/mnras/stab284,,https://doi.org/10.1093/mnras/stab284,original_full_text_checked_local_pdf,"Local full PDF checked, especially Table 2 and Sections 4.2, 5.1, 5.3, 7.2.3 and Table 4. New X-shooter RV/rotation results give Mwd=0.71±0.07 Msun, M2=0.366±0.018 Msun, Teff,WD<8500 K and RLFF=0.95±0.03 under stated assumptions. Authors retain possible episodic RLO; their 2017 spectra do not show the tentative stream seen in 2007 and cover <half an orbit.","Parsons, S. G., Gänsicke, B. T., Schreiber, M. R., Marsh, T. R., Ashley, R. P., Breedt, E., Littlefair, S. P., & Meusinger, H. 2021, Magnetic white dwarfs in post-common-envelope binaries, MNRAS, 502, 4305–4327.",2021MNRAS.502.4305P,https://doi.org/10.1093/mnras/stab284,original_full_text_checked_local_pdf,2026-09-23,,local path verified,,https://doi.org/10.1093/mnras/stab284,https://doi.org/10.1093/mnras/stab284,10.1093/mnras/stab284,,https://doi.org/10.1093/mnras/stab284,stable link,Automated access restricted
291,GaiaDR3_HS0922,"Gaia Collaboration et al. (2023), Gaia DR3 source row",,10.1051/0004-6361/202243940,,https://vizier.cds.unistra.fr/viz-bin/VizieR-5?-source=I/355/gaiadr3&Source=594162958230409088,exact_source_id_catalog_query,"Gaia Archive TAP exact Gaia DR3 source_id query; source_id retained as string. Gaia DR3 source is cross-identified by SIMBAD aliases, including 2MASS, SDSS, WISE, CRTS and Gaia DR2/DR3. Query date 2026-09-23.","Gaia Collaboration et al. 2023, Gaia Data Release 3: Summary of the content and survey properties, A&A, 674, A1.",2023A&A...674A...1G,https://vizier.cds.unistra.fr/viz-bin/VizieR-5?-source=I/355/gaiadr3&Source=594162958230409088,Gaia_DR3_exact_source_id_query,2026-09-23,,no local path supplied,,https://vizier.cds.unistra.fr/viz-bin/VizieR-5?-source=I/355/gaiadr3&Source=594162958230409088,https://vizier.cds.unistra.fr/viz-bin/VizieR-5?-source=I/355/gaiadr3&Source=594162958230409088,10.1051/0004-6361/202243940,,https://vizier.cds.unistra.fr/viz-bin/VizieR-5?-source=I/355/gaiadr3&Source=594162958230409088,stable link,Reachable in automated check
292,BailerJones+21_HS0922,Bailer-Jones et al. (2021),,10.3847/1538-3881/abd806,,https://vizier.cds.unistra.fr/viz-bin/VizieR-5?-source=I/352/gedr3dis&Source=594162958230409088,exact_source_id_catalog_query,Exact Source query to VizieR I/352/gedr3dis. Geometric posterior median 163.925400 pc; 16th/84th percentiles 161.623642/166.156677 pc. Photogeometric posterior not used because the interacting unresolved system is not a single-star SED target.,"Bailer-Jones, C. A. L., Rybizki, J., Fouesneau, M., Demleitner, M., & Andrae, R. 2021, Estimating Distances from Parallaxes. V. Geometric and Photogeometric Distances to 1.47 Billion Stars in Gaia Early Data Release 3, AJ, 161, 147.",2021AJ....161..147B,https://vizier.cds.unistra.fr/viz-bin/VizieR-5?-source=I/352/gedr3dis&Source=594162958230409088,VizieR_I/352_exact_source_id_query,2026-09-23,,no local path supplied,,https://vizier.cds.unistra.fr/viz-bin/VizieR-5?-source=I/352/gedr3dis&Source=594162958230409088,https://vizier.cds.unistra.fr/viz-bin/VizieR-5?-source=I/352/gedr3dis&Source=594162958230409088,10.3847/1538-3881/abd806,,https://vizier.cds.unistra.fr/viz-bin/VizieR-5?-source=I/352/gedr3dis&Source=594162958230409088,stable link,Reachable in automated check
293,SIMBAD_HS0922,SIMBAD object/identifier record for HS 0922+1333,,10.1051/aas:2000332,,https://simbad.cds.unistra.fr/simbad/sim-id?Ident=HS%200922%2B1333,exact_identifier_and_TAP_query,"SIMBAD identifier/TAP query confirms main ID HS 0922+1333, Gaia DR3 594162958230409088, Gaia DR2 same source ID, and aliases 2MASS J09245593+1320522, SDSS J092455.92+132052.0, WISE J092455.92+132052.1, WISEA J092455.92+132052.0, CRTS J092455.9+132052. SIMBAD object type RS* is a database label and conflicts with the original magnetic-CV spectroscopy; it is not adopted as physical classification.","Wenger, M., et al. 2000, The SIMBAD astronomical database, A&AS, 143, 9–22.",2000A&AS..143....9W,https://simbad.cds.unistra.fr/simbad/sim-id?Ident=HS%200922%2B1333,SIMBAD_exact_identifier_and_TAP_query,2026-09-23,,no local path supplied,,https://simbad.cds.unistra.fr/simbad/sim-id?Ident=HS%200922%2B1333,https://simbad.cds.unistra.fr/simbad/sim-id?Ident=HS%200922%2B1333,10.1051/aas:2000332,,https://simbad.cds.unistra.fr/simbad/sim-id?Ident=HS%200922%2B1333,stable link,Reachable in automated check
294,Wang+24_HS0922,"Wang, Fang & Qian (2024)",,10.3847/1538-4357/ad2e95,,https://doi.org/10.3847/1538-4357/ad2e95,secondary_host_full_text_excerpt; publisher PDF inaccessible,The ApJ article identity/abstract and HS 0922 section/table were available only through indexed text/secondary-hosted full-text excerpts; publisher PDF could not be retrieved. The Table 2 HS 0922 flare row and Section 3.1.3 are transcribed provisionally and explicitly flagged for original-text verification.,"Wang, Q., Fang, X., & Qian, S. 2024, TESS Observations of Outbursts on Polars—Superflares, ApJ, 965, 181.",2024ApJ...965..181W,https://doi.org/10.3847/1538-4357/ad2e95,secondary_host_full_text_excerpt,2026-09-23,,no local path supplied,,https://doi.org/10.3847/1538-4357/ad2e95,https://doi.org/10.3847/1538-4357/ad2e95,10.3847/1538-4357/ad2e95,,https://doi.org/10.3847/1538-4357/ad2e95,stable link,Reachable in automated check
295,Bruch+25_HS0922,Bruch (2025),,10.3847/1538-4365/addf41,,https://doi.org/10.3847/1538-4365/addf41,search_excerpt_only_full_text_inaccessible,Search-indexed excerpt from Sect. 3.3.44 reports two short-timescale bursts in HS 0922+1333 and notes the first had been noticed by Wang et al. (2024); full original article not available during this pass. Follow-up is queued before classifying either event.,"Bruch, A. 2025, TESS Light Curves of Cataclysmic Variables. VI. Intermediate Polars, ApJS, 279, 48.",2025ApJS..279...48B,https://doi.org/10.3847/1538-4365/addf41,secondary_search_excerpt,2026-09-23,,no local path supplied,,https://doi.org/10.3847/1538-4365/addf41,https://doi.org/10.3847/1538-4365/addf41,10.3847/1538-4365/addf41,,https://doi.org/10.3847/1538-4365/addf41,stable link,Reachable in automated check
296,GaiaDR3_WXLmi,"Gaia Collaboration (2023), exact DR3 source query",,10.1051/0004-6361/202243940,,https://vizier.cds.unistra.fr/viz-bin/VizieR-5?-source=I/355/gaiadr3&Source=755705822218381184,catalog_query_exact_source_id,"Exact Gaia DR3 source_id=755705822218381184 query. Gaia ICRS J2016.0 position, parallax, proper motion, photometry and astrometric/photometric quality flags recorded in WX LMi measurement ledger. Gaia DR3 astrometry is not interpreted as component-specific in this unresolved binary.","Gaia Collaboration et al. 2023, Gaia Data Release 3: Summary of the content and survey properties, A&A, 674, A1.",2023A&A...674A...1G,https://doi.org/10.1051/0004-6361/202243940,catalog_query_exact_source_id,2026-09-23,,no local path supplied,,https://vizier.cds.unistra.fr/viz-bin/VizieR-5?-source=I/355/gaiadr3&Source=755705822218381184,https://doi.org/10.1051/0004-6361/202243940,10.1051/0004-6361/202243940,,https://vizier.cds.unistra.fr/viz-bin/VizieR-5?-source=I/355/gaiadr3&Source=755705822218381184,download URL,Reachable in automated check
297,SIMBAD_WXLmi,SIMBAD WX LMi exact identifier and alias query,,10.1051/aas:2000332,,,database_query_identity_crosschecked,"Exact SIMBAD main identifier V* WX LMi, Gaia DR3 identifier, HS 1023+3900 and optical/IR/X-ray aliases checked. SIMBAD coordinates proper-motion-propagated to J2000 agree with published optical identification; identity additionally established from matching aliases and Gaia source ID, not nearest-source proximity alone.","Wenger, M., et al. 2000, The SIMBAD astronomical database, A&AS, 143, 9–22.",2000A&AS..143....9W,https://simbad.cds.unistra.fr/simbad/sim-id?Ident=WX%20LMi,database_query_alias_and_identifier,2026-09-23,,no local path supplied,,,https://simbad.cds.unistra.fr/simbad/sim-id?Ident=WX%20LMi,10.1051/aas:2000332,,https://simbad.cds.unistra.fr/simbad/sim-id?Ident=WX%20LMi,stable link,Reachable in automated check
298,TutarOzdarcan+17_WXLmi,"Tutar Özdarcan, Smith & Keskin (2017)",,10.1093/mnras/stx518,,https://academic.oup.com/mnras/article/468/3/2923/3737854,original_full_text_checked_official_publisher,"Official publisher full text checked. WX LMi MMT spectropolarimetry (2015 Apr 28, 24×240 s; single orbital cycle). Cyclotron harmonic assignments yield 49 MG at one spot and 69/104/207 MG alternatives at the other; authors state synchronization is not constrained by their single-cycle data. Hα-based P=0.097±0.007 d is their short-baseline orbital solution and is not conclusive. Fields are cyclotron-emitting accretion-region fields; formal field uncertainties not reported.","Tutar Özdarcan, D., Smith, P. S., & Keskin, V. 2017, Time-resolved spectropolarimetric observations of polars WX LMi and BY Cam, MNRAS, 468, 2923–2931.",2017MNRAS.468.2923T,https://doi.org/10.1093/mnras/stx518,original_full_text_checked_official_publisher,2026-09-23,,no local path supplied,,https://academic.oup.com/mnras/article/468/3/2923/3737854,https://doi.org/10.1093/mnras/stx518,10.1093/mnras/stx518,,https://doi.org/10.1093/mnras/stx518,stable link,Automated access restricted
299,Schwarz+01_WXLmi,"Schwarz, Schwope & Staude (2001)",,10.1051/0004-6361:20010712,,https://doi.org/10.1051/0004-6361:20010712,cited_by_primary_full_text_original_not_accessed,Vogel+07 and Tutar Özdarcan+17 cite this source as prior HS 1023+3900/WX LMi photometric monitoring/LARP classification; its abstract was checked in a discovery index and reports a half-year campaign and 166.93 min photometric spin/rotation period. Original full article was not retrieved in this pass; do not use its period as an independently verified measurement. Primary period adopted from Vogel+07 long-baseline ephemeris.,"Schwarz, R., Schwope, A. D., & Staude, A. 2001, Photometry of the low accretion rate polar HS 1023+3900, A&A, 374, 189–194.",2001A&A...374..189S,https://doi.org/10.1051/0004-6361:20010712,abstract_and_citation_only_original_full_text_inaccessible,2026-09-23,,no local path supplied,,https://doi.org/10.1051/0004-6361:20010712,https://doi.org/10.1051/0004-6361:20010712,10.1051/0004-6361:20010712,,https://doi.org/10.1051/0004-6361:20010712,stable link,Automated access restricted
300,GaiaDR3_STLMi,"Gaia Collaboration et al. (2023), Gaia DR3 exact-ID query",,10.1051/0004-6361/202243940,,https://vizier.cds.unistra.fr/viz-bin/VizieR-5?-source=I/355/gaiadr3&Source=3996419759863758592,catalog_query_exact_source_id,"Gaia DR3 exact source_id 3996419759863758592. ICRS astrometry at epoch 2016.0, Gaia photometry, formal uncertainties, RUWE and astrometric/photometric quality fields recorded in the measurement ledger. Gaia single-star astrophysical parameters are not used as binary component properties.","Gaia Collaboration et al. 2023, Gaia Data Release 3: Summary of the content and survey properties, A&A, 674, A1.",2023A&A...674A...1G,https://doi.org/10.1051/0004-6361/202243940,catalog_query_exact_source_id,2026-09-23,,no local path supplied,,https://vizier.cds.unistra.fr/viz-bin/VizieR-5?-source=I/355/gaiadr3&Source=3996419759863758592,https://doi.org/10.1051/0004-6361/202243940,10.1051/0004-6361/202243940,,https://vizier.cds.unistra.fr/viz-bin/VizieR-5?-source=I/355/gaiadr3&Source=3996419759863758592,download URL,Reachable in automated check
301,SIMBAD_STLMi,"SIMBAD exact-name, alias and identifier query for ST LMi",,10.1051/aas:2000332,,https://simbad.cds.unistra.fr/simbad/sim-id?Ident=ST%20LMi,database_query_identity_crosschecked,"Exact object record V* ST LMi and identifier list checked. Aliases CW 1103+254, SDSS J110539.76+250628.6, SDSS J110539.77+250628.6, WD 1102+253, 2MASS J11053977+2506285, 3XMM J110539.7+250628, 1eRASS J110539.3+250634 and Gaia DR2/DR3 source ID agree. Published optical coordinates and Gaia ID cross-check identity; not nearest-neighbor-only.","Wenger, M., et al. 2000, The SIMBAD astronomical database, A&AS, 143, 9–22.",2000A&AS..143....9W,https://simbad.cds.unistra.fr/simbad/sim-id?Ident=ST%20LMi,database_query_alias_and_identifier,2026-09-23,,no local path supplied,,https://simbad.cds.unistra.fr/simbad/sim-id?Ident=ST%20LMi,https://simbad.cds.unistra.fr/simbad/sim-id?Ident=ST%20LMi,10.1051/aas:2000332,,https://simbad.cds.unistra.fr/simbad/sim-id?Ident=ST%20LMi,stable link,Reachable in automated check
302,4XMM_DR9_STLMi,4XMM-DR9 VizieR IX/59 exact position/source query,,10.1051/0004-6361/201937353,,https://vizier.cds.unistra.fr/viz-bin/VizieR-5?-source=IX/59/xmm4dr9s,catalog_query_exact_source_and_position,"4XMM-DR9 source 201094618010003, 4XMM J110539.7+250628, centroid within XMM uncertainty of Gaia DR3 counterpart. Two detections; mean 0.2–12 keV Flux8=5.95051e-14±5.56044e-15 erg cm-2 s-1. Catalog flux, not source-specific spectral fit.","Webb, N. A., et al. 2020, The XMM-Newton serendipitous survey. IX. The fourth XMM-Newton serendipitous source catalogue, A&A, 641, A136.",2020A&A...641A.136W,https://doi.org/10.1051/0004-6361/201937353,catalog_query_exact_source_and_position,2026-09-23,,no local path supplied,,https://vizier.cds.unistra.fr/viz-bin/VizieR-5?-source=IX/59/xmm4dr9s,https://doi.org/10.1051/0004-6361/201937353,10.1051/0004-6361/201937353,,https://vizier.cds.unistra.fr/viz-bin/VizieR-5?-source=IX/59/xmm4dr9s,download URL,Reachable in automated check
303,Pavelin+94_STLMi,"Pavelin, Spencer & Davis (1994)",,,,https://adsabs.harvard.edu/pdf/1994MNRAS.269..779P,original_full_text_checked_local_pdf,Original MNRAS paper checked. Table 1: ST LMi 5-GHz flux 2.0±0.3 mJy. Section 3.2: detections on two of three epochs (2.0 mJy at ~6 sigma on 1990-12-10; 1.3 mJy at ~3 sigma on 1991-02-10); both phase-unstable/nonzero-phase results may be confused. Authors request confirmation; association remains uncertain.,"Pavelin, P. E., Spencer, R. E., & Davis, R. J. 1994, A 5-GHz radio survey of magnetic cataclysmic variables, MNRAS, 269, 779–784.",1994MNRAS.269..779P,https://ui.adsabs.harvard.edu/abs/1994MNRAS.269..779P/abstract,original_full_text_checked_local_pdf,2026-09-23,,local path verified,,https://adsabs.harvard.edu/pdf/1994MNRAS.269..779P,https://ui.adsabs.harvard.edu/abs/1994MNRAS.269..779P/abstract,,,https://adsabs.harvard.edu/pdf/1994MNRAS.269..779P,download URL,Reachable in automated check
304,Ciardi+98_STLMi,Ciardi et al. (1998),,10.1086/316225,,https://doi.org/10.1086/316225,abstract_only_original_journal_pdf_inaccessible,"PASP 110, 1007–1011; original full journal text could not be retrieved. Abstract reports a 1.85–2.47 micron extreme-low-state spectrum, secondary-star mean temperature 2800 K (publisher abstract indexed as ±100 K; local NTRS proceedings abstract prints +200 K without clear convention), and phase-dependent values about 2700–3100 K. Preserve the discrepancy and do not interpret as an unirradiated global donor temperature.","Ciardi, D. R., Howell, S. B., Szkody, P., & Smith, J. A. 1998, Observations of the polar ST Leonis Minoris during an extreme low state: Identification of the secondary star, PASP, 110, 1007–1011.",1998PASP..110.1007C,https://doi.org/10.1086/316225,abstract_only_original_full_text_inaccessible,2026-09-23,,local path verified,,https://doi.org/10.1086/316225,https://doi.org/10.1086/316225,10.1086/316225,,https://doi.org/10.1086/316225,stable link,Reachable in automated check
305,Howell+00_STLMi,Howell et al. (2000),,10.1086/308382,,https://doi.org/10.1086/308382,abstract_only_original_full_text_inaccessible,"ApJ 530, 904–910, Infrared spectroscopy of the secondary star in ST Leonis Minoris: Implications for evolution and high-/low-state behavior in CVs. Abstract reports phase-resolved K-band spectra during a zero-mass-transfer interval, no evident ellipsoidal variation, gravity-darkening or L1 irradiation, and a phase-dependent temperature interpreted as a spot. Full publisher/ADS article was blocked in this pass; no direct Roche-fill factor adopted.","Howell, S. B., et al. 2000, Infrared spectroscopy of the secondary star in ST Leonis Minoris: Implications for evolution and high-/low-state behavior in cataclysmic variables, ApJ, 530, 904–910.",2000ApJ...530..904H,https://doi.org/10.1086/308382,abstract_only_original_full_text_inaccessible,2026-09-23,,no local path supplied,,https://doi.org/10.1086/308382,https://doi.org/10.1086/308382,10.1086/308382,,https://doi.org/10.1086/308382,stable link,Reachable in automated check
306,Cropper+88_STLMi,Cropper (1988),,10.1093/mnras/231.3.597,,https://doi.org/10.1093/mnras/231.3.597,cited_by_primary_full_text_original_not_accessed,"MNRAS 231, 597–608, The orientations of the magnetic pole in AM Her systems: implications for synchronous rotation and selection effects. Shahbaz & Wood+96 cite its polarimetric inclination for ST LMi as i=56±4 degrees. Original full text was not retrieved in this pass; retain this as cited-primary provenance, not independently checked.","Cropper, M. 1988, The orientations of the magnetic pole in AM Her systems: Implications for synchronous rotation and selection effects, MNRAS, 231, 597–608.",1988MNRAS.231..597C,https://doi.org/10.1093/mnras/231.3.597,cited_by_primary_full_text_original_not_accessed,2026-09-23,,no local path supplied,,https://doi.org/10.1093/mnras/231.3.597,https://doi.org/10.1093/mnras/231.3.597,10.1093/mnras/231.3.597,,https://doi.org/10.1093/mnras/231.3.597,stable link,Automated access restricted
307,Ferrario+93_STLMi,"Ferrario, Bailey & Wickramasinghe (1993)",,10.1093/mnras/262.2.285,,https://doi.org/10.1093/mnras/262.2.285,abstract_only_full_text_not_retrieved,"MNRAS 262, 285–288, Detection of cyclotron emission features in the infrared spectrum of ST LMi. Abstract reports features near 1.42, 1.65 and 2.0 microns, an arc-shaped accretion region, and a field around 12 MG. Abstract checked; Campbell+08 full text independently summarizes the earlier fit.","Ferrario, L., Bailey, J., & Wickramasinghe, D. T. 1993, Detection of cyclotron emission features in the infrared spectrum of ST LMi, MNRAS, 262, 285–288.",1993MNRAS.262..285F,https://doi.org/10.1093/mnras/262.2.285,abstract_only_full_text_not_retrieved,2026-09-23,,no local path supplied,,https://doi.org/10.1093/mnras/262.2.285,https://doi.org/10.1093/mnras/262.2.285,10.1093/mnras/262.2.285,,https://doi.org/10.1093/mnras/262.2.285,stable link,Automated access restricted
308,Peacock+92_STLMi,Peacock et al. (1992),,10.1093/mnras/259.3.583,,https://doi.org/10.1093/mnras/259.3.583,abstract_only_campbell_followup_checked,"MNRAS 259, 583–592, Polarimetry of ST LMi: discovery of a second accreting pole. Publisher abstract supports a proposed second-pole interpretation in faint-phase H/J polarimetry. Full original article not retrieved. Campbell+08 full text reports the claimed ~16.7 MG interpretation but says the large error bars permit zero polarization and its own ellipsoidal model explains the signal; do not adopt as confirmed surface/pole field.","Peacock, J. A., et al. 1992, Polarimetry of ST LMi: Discovery of a second accreting pole, MNRAS, 259, 583–592.",1992MNRAS.259..583P,https://doi.org/10.1093/mnras/259.3.583,abstract_only_secondary_full_text_checked,2026-09-23,,no local path supplied,,https://doi.org/10.1093/mnras/259.3.583,https://doi.org/10.1093/mnras/259.3.583,10.1093/mnras/259.3.583,,https://doi.org/10.1093/mnras/259.3.583,stable link,Automated access restricted
309,Rinkoski+25_STLMi,"Cain Rinkoski (2025), Macalester Journal of Physics and Astronomy",,,,https://digitalcommons.macalester.edu/mjpa/vol13/iss1/2/,repository_abstract_only_full_text_inaccessible,"Repository page title is “Radio and Optical Photometry of ST LMi”; suggested citation title differs (“Examining Mulit-Wavelength Variability and Magnetic Interactions in the Polar ST LMi”). Abstract reports optical amplitude 1.31±0.02 mag, period 0.079089 d, radio modulation mean 238.5±27 microJy, phase offset about −0.40 and peaks 80±17%. Circular-polarization abstract string is malformed (“<5 >±25% in quiescence”). Full paper returned 403; values/phase convention and mechanism/location claims remain provisional.","Rinkoski, Cain. 2025, Examining Mulit-Wavelength Variability and Magnetic Interactions in the Polar ST LMi, Macalester Journal of Physics and Astronomy, 13(1), article 2. Repository display title is “Radio and Optical Photometry of ST LMi.”",,https://digitalcommons.macalester.edu/mjpa/vol13/iss1/2/,repository_abstract_checked_full_text_download_403,2026-09-23,,no local path supplied,,https://digitalcommons.macalester.edu/mjpa/vol13/iss1/2/,https://digitalcommons.macalester.edu/mjpa/vol13/iss1/2/,,,https://digitalcommons.macalester.edu/mjpa/vol13/iss1/2/,stable link,Reachable in automated check
310,GaiaDR3_ARUMa,Gaia DR3 exact source-ID query for AR UMa,,10.1051/0004-6361/202243940,,https://vizier.cds.unistra.fr/viz-bin/VizieR-5?-source=I/355/gaiadr3&Source=783921244796958208,catalog_query_exact_source_id,"Exact Gaia DR3 source_id 783921244796958208 query. ICRS astrometry at reference epoch J2016.0, Galactic coordinates, photometry/flux-over-error, parallax and formal uncertainties, RUWE and astrometric/photometric quality fields recorded in the source measurement ledger. GSP-Phot temperature/extinction fields are blank and are not component measurements.","Gaia Collaboration et al. 2023, Gaia Data Release 3: Summary of the content and survey properties, A&A, 674, A1.",2023A&A...674A...1G,https://doi.org/10.1051/0004-6361/202243940,exact_source_id_TAP_query,2026-09-23,,no local path supplied,,https://vizier.cds.unistra.fr/viz-bin/VizieR-5?-source=I/355/gaiadr3&Source=783921244796958208,https://doi.org/10.1051/0004-6361/202243940,10.1051/0004-6361/202243940,,https://vizier.cds.unistra.fr/viz-bin/VizieR-5?-source=I/355/gaiadr3&Source=783921244796958208,download URL,Reachable in automated check
311,SIMBAD_ARUMa,"SIMBAD exact-name, alias and identifier query for AR UMa",,10.1051/aas:2000332,,https://simbad.cds.unistra.fr/simbad/sim-id?Ident=AR%20UMa,database_query_identity_crosschecked,"Exact object record V* AR UMa and alias list checked. Names include 1ES 1113+43.2, RX J1115.6+4258, WD 1112+432, SDSS J111544.56+425822.4, 2MASS J11154459+4258225, and Gaia DR3/DR2 source 783921244796958208. SIMBAD O9I spectral-type field is inconsistent with the published AM Her polar and M-dwarf donor; it is not adopted as a component type.","Wenger, M., et al. 2000, The SIMBAD astronomical database, A&AS, 143, 9–22.",2000A&AS..143....9W,https://simbad.cds.unistra.fr/simbad/sim-id?Ident=AR%20UMa,database_query_alias_and_identifier,2026-09-23,,no local path supplied,,https://simbad.cds.unistra.fr/simbad/sim-id?Ident=AR%20UMa,https://simbad.cds.unistra.fr/simbad/sim-id?Ident=AR%20UMa,10.1051/aas:2000332,,https://simbad.cds.unistra.fr/simbad/sim-id?Ident=AR%20UMa,stable link,Reachable in automated check
312,Bai+16_ARUMa,Bai et al. (2016),,10.3847/0004-637X/828/1/39,,https://doi.org/10.3847/0004-637X/828/1/39,original_full_text_checked_local_pdf,Full original checked. Optical radial velocities and spectral decomposition give a conditional WD mass range 0.91–1.24 M_sun; donor mass 0.154 M_sun is adopted from Knigge+11 donor sequence. Donor Teff/log g/metallicity and component-area fit are model-derived; conventions and assumptions are recorded in the measurement ledger.,"Bai, Y., Justham, S., Liu, J., Zhang, Z., & Chornay, N. 2016, Time-variable aluminum absorption in the polar AR Ursae Majoris, and an updated estimate for the mass of the white dwarf, ApJ, 828, 39.",2016ApJ...828...39B,https://doi.org/10.3847/0004-637X/828/1/39,original_full_text_checked_local_pdf,2026-09-23,,local path verified,,https://doi.org/10.3847/0004-637X/828/1/39,https://doi.org/10.3847/0004-637X/828/1/39,10.3847/0004-637X/828/1/39,,https://doi.org/10.3847/0004-637X/828/1/39,stable link,Reachable in automated check
313,Mason+24_ARUMa,Mason et al. (2024),,10.3847/1538-4357/ad27d7,,https://doi.org/10.3847/1538-4357/ad27d7,original_full_text_checked_local_pdf,"Full original checked, including binary-model Tables 1–2, ephemeris, discussion, and radio section. Keep the Table 1/2 mass, q and donor-radius discrepancies unresolved; Table 2 notes 3-sigma results. Its five 16B radio fluxes are described from prior project/private communications without exact dates or observing states.","Mason, P. A., et al. 2024, TESS Photometry of AM Her and AR UMa: Binary Parameters, Cyclotron Emission Modeling, and Mass Transfer Duty Cycles, ApJ, 965, 96.",2024ApJ...965...96M,https://doi.org/10.3847/1538-4357/ad27d7,original_full_text_checked_local_pdf,2026-09-23,,local path verified,,https://doi.org/10.3847/1538-4357/ad27d7,https://doi.org/10.3847/1538-4357/ad27d7,10.3847/1538-4357/ad27d7,,https://doi.org/10.3847/1538-4357/ad27d7,stable link,Reachable in automated check
314,Ferrario+03_ARUMa,"Ferrario, Wickramasinghe & Schmidt (2003)",,10.1046/j.1365-8711.2003.06044.x,,https://doi.org/10.1046/j.1365-8711.2003.06044.x,original_full_text_checked_local_pdf,"Full original checked. The 140–170 MG average optical Zeeman field, 200–235 MG offset-dipole model polar field, and 154 MG weak-pole cyclotron value are distinct diagnostics/model quantities. Their optical dipole fits are only marginal.","Ferrario, L., Wickramasinghe, D. T., & Schmidt, G. 2003, Analysis of new spectropolarimetric data of AR UMa, MNRAS, 338, 340–346.",2003MNRAS.338..340F,https://doi.org/10.1046/j.1365-8711.2003.06044.x,original_full_text_checked_local_pdf,2026-09-23,,local path verified,,https://doi.org/10.1046/j.1365-8711.2003.06044.x,https://doi.org/10.1046/j.1365-8711.2003.06044.x,10.1046/j.1365-8711.2003.06044.x,,https://doi.org/10.1046/j.1365-8711.2003.06044.x,stable link,Automated access restricted
315,Howell+01_ARUMa,"Howell, Gelino & Harrison (2001)",,10.1086/318044,,https://doi.org/10.1086/318044,original_full_text_checked_local_pdf,"Full original checked. J/K-prime ellipsoidal-model inclination near 70 degrees has no formal uncertainty. The model adopts M1=0.6±0.2 M_sun, q=0.3±0.1 and a 0.18 M_sun / M4 donor estimate; low-state V-band double hump is instead attributed to southern-pole cyclotron beaming, with B<=190 MG model limit.","Howell, S. B., Gelino, D. M., & Harrison, T. E. 2001, Infrared observations of AR Ursae Majoris: Modeling the ellipsoidal variations, AJ, 121, 482–488.",2001AJ....121..482H,https://doi.org/10.1086/318044,original_full_text_checked_local_pdf,2026-09-23,,local path verified,,https://doi.org/10.1086/318044,https://doi.org/10.1086/318044,10.1086/318044,,https://doi.org/10.1086/318044,stable link,Reachable in automated check
316,Harrison+05_ARUMa,Harrison et al. (2005),,10.1086/498067,,https://arxiv.org/abs/astro-ph/0509457,original_full_text_checked_local_pdf,"Full original checked. Keck/NIRSPEC K-band spectrum obtained 2005-02-17; M5.5 subtype is a spectral-template classification during a low state, not a calibrated donor effective temperature or mass.","Harrison, T. E., Howell, S. B., Szkody, P., & Cordova, F. A. 2005, Why are the secondary stars in polars so normal?, ApJ, 632, L123–L126.",2005ApJ...632L.123H,https://doi.org/10.1086/498067,original_full_text_checked_local_pdf,2026-09-23,,local path verified,,https://arxiv.org/abs/astro-ph/0509457,https://doi.org/10.1086/498067,10.1086/498067,,https://doi.org/10.1086/498067,stable link,Reachable in automated check
317,MasonGray+07_ARUMa,Mason & Gray (2007),,10.1086/513100,,https://doi.org/10.1086/513100,secondary_report_original_full_text_not_retrieved,"ApJ, 660, 662–668, AR UMa radio-polar survey. Mason+24 recounts a persistent ~0.6 mJy source and 8.4-GHz flare maximum 1.122±0.195 mJy; original observing table was not accessible in this audit, so these are retained only as Mason+24 secondary-reported values.","Mason, P. A., & Gray, C. L. 2007, AR Ursae Majoris discovered to be a persistent radio polar: Results from a VLA survey of magnetic cataclysmic variables, ApJ, 660, 662–668.",2007ApJ...660..662M,https://doi.org/10.1086/513100,secondary_report_original_full_text_not_retrieved,2026-09-23,,no local path supplied,,https://doi.org/10.1086/513100,https://doi.org/10.1086/513100,10.1086/513100,,https://doi.org/10.1086/513100,stable link,Reachable in automated check
318,GaiaDR3+22_EUUMa,"Gaia Collaboration et al. (2023), EU UMa exact Gaia DR3 source query",,10.1051/0004-6361/202243940,,https://doi.org/10.1051/0004-6361/202243940,checked,"exact Gaia DR3 source_id query; catalog astrometry, photometry and quality fields.","Gaia Collaboration et al. (2023), “Gaia Data Release 3: Summary of the content and survey properties,” A&A, 674, A1.",2023A&A...674A...1G,https://doi.org/10.1051/0004-6361/202243940,catalog_query,2026-09-23,,no local path supplied,,https://doi.org/10.1051/0004-6361/202243940,https://doi.org/10.1051/0004-6361/202243940,10.1051/0004-6361/202243940,,https://doi.org/10.1051/0004-6361/202243940,stable link,Automated access restricted
319,BailerJones+21_EUUMa,"Bailer-Jones et al. (2021), EU UMa exact EDR3 distance row",,10.3847/1538-3881/abd806,,https://doi.org/10.3847/1538-3881/abd806,checked,Exact Gaia EDR3 source distance posteriors queried from VizieR I/352; geometric and photogeometric kept distinct.,"Bailer-Jones, C. A. L., Rybizki, J., Fouesneau, M., Demleitner, M., & Andrae, R. (2021), “Estimating Distances from Parallaxes. V: Geometric and Photogeometric Distances to 1.47 Billion Stars in Gaia Early Data Release 3,” AJ, 161, 147.",2021AJ....161..147B,https://doi.org/10.3847/1538-3881/abd806,catalog_query,2026-09-23,,no local path supplied,,https://doi.org/10.3847/1538-3881/abd806,https://doi.org/10.3847/1538-3881/abd806,10.3847/1538-3881/abd806,,https://doi.org/10.3847/1538-3881/abd806,stable link,Reachable in automated check
320,Mittaz+92_EUUMa,Mittaz et al. (1992),,10.1093/mnras/258.2.277,,https://doi.org/10.1093/mnras/258.2.277,checked,"Discovery/classification, EUV period aliases and optical radial-velocity follow-up checked in original paper/scan.","Mittaz, J. P. D., et al. (1992), “Discovery of a new pole-occulting AM Her star using the ROSAT Wide-Field Camera,” MNRAS, 258, 277–284.",1992MNRAS.258..277M,https://doi.org/10.1093/mnras/258.2.277,original_full_text_checked_online,2026-09-23,,no local path supplied,,https://doi.org/10.1093/mnras/258.2.277,https://doi.org/10.1093/mnras/258.2.277,10.1093/mnras/258.2.277,,https://doi.org/10.1093/mnras/258.2.277,stable link,Automated access restricted
321,Somova+03_EUUMa,Somova et al. (2003),,10.1134/1.1537375,,https://doi.org/10.1134/1.1537375,checked,Original full text not retrieved; abstract and the later Somov et al. discussion checked. Period claim remains abstract-only.,"Somova, T. A., et al. (2003), “Step-like variations in the optical spectrum of the magnetic cataclysmic variable EU UMa (RE 1149+28),” Astronomy Letters, 29, 31–36.",,https://doi.org/10.1134/1.1537375,abstract_only_original_access_unavailable,2026-09-23,,no local path supplied,,https://doi.org/10.1134/1.1537375,https://doi.org/10.1134/1.1537375,10.1134/1.1537375,,https://doi.org/10.1134/1.1537375,stable link,Reachable in automated check
322,Somov+04_EUUMa,"Somov et al. (2004), Magnetic Stars proceedings",,,,https://www.sao.ru/hq/lizm/conferences/pdf/2003/2003_p272.pdf,checked,"Official SAO proceedings PDF checked in full; equivalent-width period, line variability and inferred asynchronous interpretation.","Somov, N. N., Somova, T. A., Bonnet-Bidaud, J.-M., & Mouchet, M. (2004), “Step-like variations in the optical spectrum of the magnetic cataclysmic variable EU UMa (RE 1149+28),” Magnetic Stars proceedings, 272–278.",,https://www.sao.ru/hq/lizm/conferences/pdf/2003/2003_p272.pdf,original_full_text_checked_official_pdf,2026-09-23,,no local path supplied,,https://www.sao.ru/hq/lizm/conferences/pdf/2003/2003_p272.pdf,https://www.sao.ru/hq/lizm/conferences/pdf/2003/2003_p272.pdf,,,https://www.sao.ru/hq/lizm/conferences/pdf/2003/2003_p272.pdf,stable link,Reachable in automated check
323,Sanad+15_EUUMa,Sanad & Bobrowsky (2015),,10.1016/j.newast.2014.10.003,,https://doi.org/10.1016/j.newast.2014.10.003,checked,Full author-uploaded text checked online; publisher full text not accessible. UV line fluxes and model-derived accretion rates retain its assumptions.,"Sanad, M. R., & Bobrowsky, M. (2015), “Ultraviolet spectroscopic study of EU UMa and ST LMi from HST and IUE observations,” New Astronomy, 36, 110–115.",,https://doi.org/10.1016/j.newast.2014.10.003,author_copy_full_text_checked_online,2026-09-23,,no local path supplied,,https://doi.org/10.1016/j.newast.2014.10.003,https://doi.org/10.1016/j.newast.2014.10.003,10.1016/j.newast.2014.10.003,,https://doi.org/10.1016/j.newast.2014.10.003,stable link,Reachable in automated check
324,Barrett+17_EUUMa,"Barrett et al. (2017), VLA mCV survey",,10.3847/1538-3881/aa93ff,,https://doi.org/10.3847/1538-3881/aa93ff,checked,Original full text checked locally; EU UMa 2013 VLA nondetection estimates in Table 4 and exposures in Table 1.,"Barrett, P. E., et al. (2017), “A Jansky VLA Survey of Magnetic Cataclysmic Variable Stars: I. The Data,” AJ, 154, 252.",2017AJ....154..252B,https://doi.org/10.3847/1538-3881/aa93ff,original_full_text_checked_locally,2026-09-23,,no local path supplied,,https://doi.org/10.3847/1538-3881/aa93ff,https://doi.org/10.3847/1538-3881/aa93ff,10.3847/1538-3881/aa93ff,,https://doi.org/10.3847/1538-3881/aa93ff,stable link,Reachable in automated check
325,Duffy+22_EUUMa,"Duffy et al. (2022), polar accretion states",,10.1093/mnras/stac2482,,https://doi.org/10.1093/mnras/stac2482,checked,Original full text checked locally; EU UMa state duration and ZTF optical variability.,"Duffy, C., et al. (2022), “Long-term variability and accretion states of polars,” MNRAS, 516, 3144–3158.",2022MNRAS.516.3144D,https://doi.org/10.1093/mnras/stac2482,original_full_text_checked_locally,2026-09-23,,no local path supplied,,https://doi.org/10.1093/mnras/stac2482,https://doi.org/10.1093/mnras/stac2482,10.1093/mnras/stac2482,,https://doi.org/10.1093/mnras/stac2482,stable link,Automated access restricted
326,Gaensicke+00_V1043Cen,Gänsicke et al. (2000),,,,https://arxiv.org/abs/astro-ph/9910456,original_full_text_checked_local_pdf,"Full original A&A paper checked locally, including IUE observing log/table and two-temperature fits. 1996 low-state IUE: non-magnetic pure-H model gives WD base Teff=15,000 K and heated spot 34,000 K, with f≈0.01 assumed rather than measured; magnetic-atmosphere line-broadening may add ~±1000 K systematic. At d=200 pc the model gives Rwd=1.1e9 cm and Mwd≈0.4 Msun. Evolutionary histories are explicitly hypotheses, not adopted classifications.","Gänsicke, B. T., Beuermann, K., de Martino, D., & Thomas, H.-C. 2000, RX J1313.2−3259, a missing link in CV evolution?, A&A, 354, 605–609.",2000A&A...354..605G,https://arxiv.org/abs/astro-ph/9910456,original_full_text_checked_local_pdf,2026-09-24,,local path verified,,https://arxiv.org/abs/astro-ph/9910456,https://arxiv.org/abs/astro-ph/9910456,,,https://arxiv.org/abs/astro-ph/9910456,stable link,Reachable in automated check
327,vanDerHeyden+02_V1043Cen,"van der Heyden, Potter & Buckley (2002)",,10.1046/j.1365-8711.2002.05320.x,,https://academic.oup.com/mnras/article/333/2/241/1018890,original_full_text_checked_official_html_PDF_blocked,"Official OUP article full text checked online, including Tables 3–4 and the polarization/spectroscopy discussion. Publisher PDF endpoint returned 403, so this is not recorded as a locally checked PDF. Faint-phase M3.5V Gl 273 template fit is distinguished from Thomas et al. subtype; K=169±10 km/s from spectral cross-correlation, compatible with but not averaged with the earlier Na I/K I K=189±9 km/s. Cyclotron 6600 Å feature is consistent with, not an independent measurement of, 56 MG.","van der Heyden, K. J., Potter, S. B., & Buckley, D. A. H. 2002, Spectroscopy and polarimetry of the AM Herculis system RX J1313.32−3259, MNRAS, 333, 241–250.",2002MNRAS.333..241V,https://doi.org/10.1046/j.1365-8711.2002.05320.x,original_full_text_checked_official_html_PDF_blocked,2026-09-24,,no local path supplied,,https://academic.oup.com/mnras/article/333/2/241/1018890,https://doi.org/10.1046/j.1365-8711.2002.05320.x,10.1046/j.1365-8711.2002.05320.x,,https://doi.org/10.1046/j.1365-8711.2002.05320.x,stable link,Automated access restricted
328,GaiaDR3+22_V1043Cen,"Gaia Collaboration et al. (2023), exact Gaia DR3 source query",,10.26093/cds/vizier.1355,,https://vizier.cds.unistra.fr/viz-bin/asu-tsv?-source=I/355/gaiadr3&Source=6179636986011888512,catalog_query,"Exact Gaia DR3 source_id=6179636986011888512 query on 2026-09-24. Includes J2016.0 ICRS astrometry, Gaia-added propagated ICRS epoch-2000 coordinates, photometry, RUWE, GSP-Phot single-star outputs and a Gaia TAP quality-flag query (astrometric excess noise/significance, visibility periods, duplicate/IPD/photometric flags, variability flag and band flux-over-error). GSP-Phot outputs are unresolved-system single-star model results, not WD/donor parameters.","Gaia Collaboration et al. 2023, Gaia Data Release 3: Summary of the content and survey properties, A&A, 674, A1.",2023A&A...674A...1G,https://vizier.cds.unistra.fr/viz-bin/asu-tsv?-source=I/355/gaiadr3&Source=6179636986011888512,catalog_query_exact_source_id,2026-09-24,,local path verified,,https://vizier.cds.unistra.fr/viz-bin/asu-tsv?-source=I/355/gaiadr3&Source=6179636986011888512,https://vizier.cds.unistra.fr/viz-bin/asu-tsv?-source=I/355/gaiadr3&Source=6179636986011888512,10.26093/cds/vizier.1355,,https://vizier.cds.unistra.fr/viz-bin/asu-tsv?-source=I/355/gaiadr3&Source=6179636986011888512,stable link,Reachable in automated check
329,BailerJones+21_V1043Cen,"Bailer-Jones et al. (2021), exact EDR3 distance row",,10.3847/1538-3881/abd806,,https://vizier.cds.unistra.fr/viz-bin/asu-tsv?-source=I/352/gedr3dis&Source=6179636986011888512,catalog_query,Exact Gaia EDR3 source_id row queried in VizieR I/352 on 2026-09-24. Geometric and photogeometric posterior medians and p16/p84 bounds retained separately; distance is not a parallax inversion.,"Bailer-Jones, C. A. L., Rybizki, J., Fouesneau, M., Demleitner, M., & Andrae, R. 2021, Estimating Distances from Parallaxes. V. Geometric and Photogeometric Distances to 1.47 Billion Stars in Gaia Early Data Release 3, AJ, 161, 147.",2021AJ....161..147B,https://doi.org/10.3847/1538-3881/abd806,catalog_query_exact_source_id,2026-09-24,,local path verified,,https://vizier.cds.unistra.fr/viz-bin/asu-tsv?-source=I/352/gedr3dis&Source=6179636986011888512,https://doi.org/10.3847/1538-3881/abd806,10.3847/1538-3881/abd806,,https://doi.org/10.3847/1538-3881/abd806,stable link,Reachable in automated check
330,SIMBAD_V1043Cen,"Wenger et al. (2000), SIMBAD exact object query",,,,https://simbad.cds.unistra.fr/simbad/sim-id?Ident=V1043%20Cen&output.format=ASCII,catalog_query,"Exact SIMBAD object query saved on 2026-09-24. Main ID V* V1043 Cen (CV*); identifiers include Gaia DR3 6179636986011888512, RX J1313.2-3259, 1RXS J131317.1-325909, CTCV J1313-3259, 3XMM J131317.1-325913, 2MASS J13131711-3259123 and TIC 124404442. SIMBAD J2000 ICRS coordinates and Gaia DR3 source ID corroborate the published optical identification; this is not a nearest-neighbor-only match.","Wenger, M., et al. 2000, The SIMBAD astronomical database: The CDS reference database for astronomical objects, A&AS, 143, 9–22.",2000A&AS..143....9W,https://simbad.cds.unistra.fr/simbad/sim-id?Ident=V1043%20Cen&output.format=ASCII,catalog_query_exact_name,2026-09-24,,local path verified,,https://simbad.cds.unistra.fr/simbad/sim-id?Ident=V1043%20Cen&output.format=ASCII,https://simbad.cds.unistra.fr/simbad/sim-id?Ident=V1043%20Cen&output.format=ASCII,,,https://simbad.cds.unistra.fr/simbad/sim-id?Ident=V1043%20Cen&output.format=ASCII,stable link,Reachable in automated check
331,Beuermann+20_V1043Cen,"Beuermann et al. (2020), Gaia-based FUV mass rescaling",,10.1051/0004-6361/201936626,,https://arxiv.org/abs/2001.01967,original_full_text_checked_local_pdf,"Full original A&A paper checked locally. It is a comparative discussion of V1043 Cen, not a new V1043 observing program. It rescales the Gänsicke et al. (2000) FUV angular radius to the then Gaia distance 172 pc, obtaining Rwd=9.5e8 cm and an implied Mwd=0.57 Msun at fixed Teff=15,000 K; this is a distance/model-based revision, not an independent dynamical mass.","Beuermann, K., Burwitz, V., Reinsch, K., Schwope, A., & Thomas, H.-C. 2020, Neglected X-ray discovered polars: II. The peculiar eclipsing binary HY Eridani, A&A, 634, A91.",2020A&A...634A..91B,https://doi.org/10.1051/0004-6361/201936626,secondary_context_full_text_checked_local_pdf,2026-09-24,,local path verified,,https://arxiv.org/abs/2001.01967,https://doi.org/10.1051/0004-6361/201936626,10.1051/0004-6361/201936626,,https://arxiv.org/abs/2001.01967,download URL,Reachable in automated check
332,Oliveira+20_CSS1503,Oliveira et al. (2020),,10.3847/1538-3881/ab6ded,,https://arxiv.org/abs/2001.10582,present,Original full text checked locally. CSS1503-22 is grouped among low-accretion-state polars; no new source-specific field fit or orbital measurement is reported for it.,"Oliveira, A. S., Rodrigues, C. V., Martins, M., Palhares, M. S., Silva, K. M. G., Lima, I. J., & Jablonski, F. J. 2020, Exploratory Spectroscopy of Magnetic Cataclysmic Variables Candidates and Other Variable Objects II, AJ, 159, 114.",2020AJ....159..114O,https://doi.org/10.3847/1538-3881/ab6ded,original_full_text_checked_locally,2026-09-24,,local path verified,,https://arxiv.org/abs/2001.10582,https://doi.org/10.3847/1538-3881/ab6ded,10.3847/1538-3881/ab6ded,,https://doi.org/10.3847/1538-3881/ab6ded,stable link,Reachable in automated check
333,GaiaDR3+22_J1503,"Gaia Collaboration et al. (2023), Gaia DR3 exact-ID query",,10.1051/0004-6361/202243940,,,exact Gaia DR3 source-ID query saved locally,Exact Gaia DR3 source ID 6231616192056505984; J2016.0 ICRS astrometry and mean photometry queried by ID.,"Gaia Collaboration et al. 2023, Gaia Data Release 3: Summary of the content and survey properties, A&A, 674, A1.",2023A&A...674A...1G,https://vizier.cds.unistra.fr/viz-bin/asu-tsv?-source=I/355/gaiadr3&Source=6231616192056505984,exact_source_id_catalog_query,2026-09-24,,local path verified,,,https://vizier.cds.unistra.fr/viz-bin/asu-tsv?-source=I/355/gaiadr3&Source=6231616192056505984,10.1051/0004-6361/202243940,,https://vizier.cds.unistra.fr/viz-bin/asu-tsv?-source=I/355/gaiadr3&Source=6231616192056505984,stable link,Reachable in automated check
334,BailerJones+21_J1503,"Bailer-Jones et al. (2021), exact EDR3 distance row",,10.3847/1538-3881/abd806,,,exact Gaia source-ID posterior query saved locally,"Geometric and photogeometric distance posteriors queried by exact Gaia DR3 ID; geometric posterior adopted, no parallax inversion.","Bailer-Jones, C. A. L., Rybizki, J., Fouesneau, M., Demleitner, M., & Andrae, R. 2021, Estimating distances from parallaxes IV: Distances to 1.47 billion stars in Gaia EDR3, AJ, 161, 147.",2021AJ....161..147B,https://vizier.cds.unistra.fr/viz-bin/asu-tsv?-source=I/352/gedr3dis&Source=6231616192056505984,exact_source_id_catalog_query,2026-09-24,,local path verified,,,https://vizier.cds.unistra.fr/viz-bin/asu-tsv?-source=I/352/gedr3dis&Source=6231616192056505984,10.3847/1538-3881/abd806,,https://vizier.cds.unistra.fr/viz-bin/asu-tsv?-source=I/352/gedr3dis&Source=6231616192056505984,stable link,Reachable in automated check
335,SIMBAD_J1503,"SIMBAD exact name/identifier record, queried 2026-09-24",,,,,exact name and Gaia identifier query saved locally,"SIMBAD record for CRTS J150354.0-220710; aliases, Gaia DR3 source ID, astrometry, photometry and bibliography checked.","Wenger, M., et al. 2000, The SIMBAD astronomical database. The CDS reference database for astronomical objects, A&AS, 143, 9–22.",2000A&AS..143....9W,https://simbad.cds.unistra.fr/simbad/sim-id?Ident=CRTS%20J150354.0-220710&output.format=ASCII,database_exact_identifier_and_source_id_query,2026-09-24,,local path verified,,,https://simbad.cds.unistra.fr/simbad/sim-id?Ident=CRTS%20J150354.0-220710&output.format=ASCII,,,https://simbad.cds.unistra.fr/simbad/sim-id?Ident=CRTS%20J150354.0-220710&output.format=ASCII,stable link,Reachable in automated check
336,Schwope+24_eROSITA,Schwope et al. (2024),,10.1051/0004-6361/202450537,,https://arxiv.org/abs/2407.20903,present,"Original full text checked locally and exact CDS Table A1 row queried. Polar label is compiled; row includes eROSITA detection, Gaia ID, distance and CMD fields.","Schwope, A. D., Knauff, K., Kurpas, J., Salvato, M., Stelzer, B., Stütz, L., & Tubín-Arenas, D. 2024, A first systematic characterization of cataclysmic variables in SRG/eROSITA surveys, A&A, 690, A243.",2024A&A...690A.243S,https://doi.org/10.1051/0004-6361/202450537,original_full_text_and_electronic_table_checked,2026-09-24,,local path verified,,https://arxiv.org/abs/2407.20903,https://doi.org/10.1051/0004-6361/202450537,10.1051/0004-6361/202450537,,https://arxiv.org/abs/2407.20903,download URL,Reachable in automated check
337,Abrahams+22_J1503,"Abrahams et al. (2022), exact VizieR table row",,10.3847/1538-4357/ac87ab,,,electronic table queried; article full text not checked,Exact Gaia EDR3 ID row from electronic Table 1 gives unresolved-system orbital-period/color/absolute-magnitude compilation; full article not inspected in this audit.,"Abrahams, E. S., Bloom, J. S., Szkody, P., Rix, H.-W., & Mowlavi, N. 2022, Informing the cataclysmic variable sequence from Gaia data: the orbital-period-color-absolute-magnitude relationship, ApJ, 938, 46.",2022ApJ...938...46A,https://cdsarc.cds.unistra.fr/viz-bin/ReadMe/J/ApJ/938/46?format=html&tex=true,exact_electronic_table_query_article_full_text_not_checked,2026-09-24,,local path verified,,,https://cdsarc.cds.unistra.fr/viz-bin/ReadMe/J/ApJ/938/46?format=html&tex=true,10.3847/1538-4357/ac87ab,,https://cdsarc.cds.unistra.fr/viz-bin/ReadMe/J/ApJ/938/46?format=html&tex=true,stable link,Reachable in automated check
338,Swift2SXPS_Docs,"UK Swift Science Data Centre, 2SXPS documentation, accessed 2026-09-24",,,,,official online documentation checked,"Used for definitions of 2SXPS energy band, WhichPow=2, HasSpec, flux uncertainty and detection fields; source values cite Evans+20 catalog row.","UK Swift Science Data Centre, Swift-XRT 2SXPS Catalogue online documentation, accessed 2026-09-24.",,https://www.swift.ac.uk/2SXPS/docs.php,official_documentation_checked_online,2026-09-24,,no local path supplied,,,https://www.swift.ac.uk/2SXPS/docs.php,,,https://www.swift.ac.uk/2SXPS/docs.php,stable link,Reachable in automated check
339,GaiaDR3_BMCrB,Gaia DR3 exact-source query,,10.26093/CDS/VIZIER.1355,,https://gea.esac.esa.int/archive/,exact_source_id_query_verified,Gaia DR3 source_id is retained as text in all RAWDOG files. Gaia Archive output contains astrometric and photometric quality fields; matching VizieR main-source output is saved beside it.,"Gaia Collaboration et al. 2022, Gaia Data Release 3. Part 1. Summary of the content and survey properties, Astronomy & Astrophysics, 674, A1; VizieR Online Data Catalog I/355.",2022yCat.1355....0G,https://vizier.cds.unistra.fr/viz-bin/VizieR-5?-source=I/355/gaiadr3&Source=1374430388449392000,Gaia Archive TAP exact source_id plus VizieR I/355 exact source_id query,2026-09-24,,local path verified,,https://gea.esac.esa.int/archive/,https://vizier.cds.unistra.fr/viz-bin/VizieR-5?-source=I/355/gaiadr3&Source=1374430388449392000,10.26093/CDS/VIZIER.1355,,https://vizier.cds.unistra.fr/viz-bin/VizieR-5?-source=I/355/gaiadr3&Source=1374430388449392000,stable link,Reachable in automated check
340,BailerJones+21_BMCrB,"Bailer-Jones et al. (2021), exact Gaia DR3 source query",,10.3847/1538-3881/abd806,,https://vizier.cds.unistra.fr/viz-bin/asu-tsv?-source=I%2F352%2Fgedr3dis&Source=1374430388449392000,exact_source_id_query_verified,Geometric and photogeometric posterior medians and p16/p84 bounds retained as separate measurements; parallax was not inverted.,"Bailer-Jones, C. A. L., Rybizki, J., Fouesneau, M., Demleitner, M., & Andrae, R. 2021, Estimating distances from parallaxes. V. Geometric and photogeometric distances to 1.47 billion stars in Gaia Early Data Release 3, The Astronomical Journal, 161, 147.",2021AJ....161..147B,https://doi.org/10.3847/1538-3881/abd806,original_distance_catalog_exact_source_id_query,2026-09-24,,local path verified,,https://vizier.cds.unistra.fr/viz-bin/asu-tsv?-source=I%2F352%2Fgedr3dis&Source=1374430388449392000,https://doi.org/10.3847/1538-3881/abd806,10.3847/1538-3881/abd806,,https://doi.org/10.3847/1538-3881/abd806,stable link,Reachable in automated check
341,SIMBAD_BMCrB,SIMBAD exact-name/identifier query,,,,https://simbad.cds.unistra.fr/simbad/sim-tap/sync,exact_identifier_query_verified,"Exact Gaia DR3 alias is attached to V* BM CrB; query returned the listed aliases, object type, Gaia-based propagated coordinate, proper motion, and parallax.","Wenger, M., et al. 2000, The SIMBAD astronomical database, Astronomy and Astrophysics Supplement Series, 143, 9–22.",2000A&AS..143....9W,https://simbad.cds.unistra.fr/simbad/sim-id?Ident=Gaia%20DR3%201374430388449392000&output.format=ASCII,SIMBAD TAP exact main_id and ident table query,2026-09-24,,local path verified,,https://simbad.cds.unistra.fr/simbad/sim-tap/sync,https://simbad.cds.unistra.fr/simbad/sim-id?Ident=Gaia%20DR3%201374430388449392000&output.format=ASCII,,,https://simbad.cds.unistra.fr/simbad/sim-id?Ident=Gaia%20DR3%201374430388449392000&output.format=ASCII,stable link,Reachable in automated check
342,GansickeDillon+09_BMCrB,Gänsicke et al. (2009),,10.1111/j.1365-2966.2009.15126.x,,https://arxiv.org/pdf/0905.3476,present_original_full_text_checked_locally,"Table 1, p. 5: SDSS J154104.67+360252.9, Porb=84.3(3) min, type AM. The original table row and footnotes were checked.","Gänsicke, B. T., Dillon, M., Southworth, J., Thorstensen, J. R., Rodríguez-Gil, P., Aungwerojwit, A., Marsh, T. R., Szkody, P., Barros, S. C. C., Casares, J., de Martino, D., Groot, P. J., Hakala, P., Kolb, U., Littlefair, S. P., Martínez-Pais, I. G., Nelemans, G., & Schreiber, M. R. 2009, SDSS unveils a population of intrinsically faint cataclysmic variables at the minimum orbital period, Monthly Notices of the Royal Astronomical Society, 397(4), 2170–2188.",2009MNRAS.397.2170G,https://doi.org/10.1111/j.1365-2966.2009.15126.x,original_full_text_checked_locally; DOI metadata checked,2026-09-24,,local path verified,,https://arxiv.org/pdf/0905.3476,https://doi.org/10.1111/j.1365-2966.2009.15126.x,10.1111/j.1365-2966.2009.15126.x,,https://arxiv.org/pdf/0905.3476,download URL,Reachable in automated check
343,Hilton+09_BMCrB,Hilton et al. (2009),,10.1088/0004-6256/137/3/3606,,https://arxiv.org/pdf/0901.1850,present_original_full_text_checked_locally,"BM CrB/SDSS J1541 section and observation table checked. XMM pn observation 2005-08-24: high background, 9628/4855 s total/good, 3-sigma count-rate upper limit <0.0160 ct/s; OM B≈20.0 and low state.","Hilton, E. J., Szkody, P., Mukadam, A., Henden, A., Dillon, W., & Schmidt, G. D. 2009, XMM-Newton and Optical Observations of Cataclysmic Variables from the Sloan Digital Sky Survey, The Astronomical Journal, 137(3), 3606–3614.",2009AJ....137.3606H,https://doi.org/10.1088/0004-6256/137/3/3606,original_full_text_checked_locally; DOI metadata checked,2026-09-24,,local path verified,,https://arxiv.org/pdf/0901.1850,https://doi.org/10.1088/0004-6256/137/3/3606,10.1088/0004-6256/137/3/3606,,https://doi.org/10.1088/0004-6256/137/3/3606,stable link,Reachable in automated check
344,HernandezDiaz+25_BMCrB,Hernández-Díaz et al. (2025),,10.1051/0004-6361/202554948,,https://arxiv.org/pdf/2510.09165,present_original_full_text_and_table_query_checked,"Table A1 gives BM CrB sector 51, Tmag=17.663±0.039, final LS Porb=84.07210±0.00330 min, CorrFlag=0. Article states reliability is uncertain at 17<T<19 and increasingly unreliable for T≳17.","Hernández-Díaz, S., Stelzer, B., Schwope, A., & Muñoz-Giraldo, D. 2025, A systematic search for orbital periods of polars with TESS: Methods, detection limits, and results, Astronomy & Astrophysics, 703, A166.",2025A&A...703A.166H,https://doi.org/10.1051/0004-6361/202554948,original_full_text_checked_locally; VizieR Table A1 exact GaiaDR3 query,2026-09-24,,local path verified,,https://arxiv.org/pdf/2510.09165,https://doi.org/10.1051/0004-6361/202554948,10.1051/0004-6361/202554948,,https://arxiv.org/pdf/2510.09165,download URL,Reachable in automated check
345,4XMMDR11_BMCrB,4XMM-DR11 exact source/observation query,,10.26093/cds/vizier.9065,,https://vizier.cds.unistra.fr/viz-bin/asu-tsv?-source=IX%2F65%2Fxmm4d11s&-c=235.269459%2B36.048012&-c.r=10&-c.u=arcsec,exact_catalog_source_query_verified,"Local 4XMM_DR11_observation_0300870501.tsv contains ObsID 0300870501 and MJD interval. The exact source row is a single summary detection; Flux8 is 0.2–12 keV. This is the same 2005-08-24 observation discussed by Hilton+09, not an independent epoch.","Webb, N. A., et al. 2020, The XMM-Newton serendipitous survey. IX. The fourth XMM-Newton serendipitous source catalogue, Astronomy & Astrophysics, 641, A136; 4XMM-DR11 VizieR Catalogue IX/65 (2022 update), source and observation queries retrieved 2026-09-24.",2020A&A...641A.136W,https://cdsarc.cds.unistra.fr/viz-bin/cat/IX/65,VizieR 4XMM-DR11s source query and IX/65 observation-summary query; full per-detection band vector not independently retrieved,2026-09-24,,local path verified,,https://vizier.cds.unistra.fr/viz-bin/asu-tsv?-source=IX%2F65%2Fxmm4d11s&-c=235.269459%2B36.048012&-c.r=10&-c.u=arcsec,https://cdsarc.cds.unistra.fr/viz-bin/cat/IX/65,10.26093/cds/vizier.9065,,https://cdsarc.cds.unistra.fr/viz-bin/cat/IX/65,stable link,Reachable in automated check
346,GaiaDR3_MRSer,"Gaia Collaboration et al. (2023), Gaia DR3 exact source query",,10.1051/0004-6361/202243940,,https://vizier.cds.unistra.fr/viz-bin/asu-tsv?-source=I%2F355%2Fgaiadr3&Source=1203639265875666304,exact_source_id_catalog_query,"Exact Gaia DR3 source-ID row from VizieR I/355 for source_id string 1203639265875666304; fields include ICRS J2016.0 coordinates and uncertainties, parallax, proper motion, RUWE, G/BP/RP and propagated RAJ2000/DEJ2000. Query response records service date 2026-09-24. No single-star Gaia astrophysical temperature is assigned to a binary component.","Gaia Collaboration et al. 2023, Gaia Data Release 3. Summary of the content and survey properties, Astronomy & Astrophysics, 674, A1.",2023A&A...674A...1G,https://doi.org/10.1051/0004-6361/202243940,exact_VizieR_source_id_query,2026-09-24,,local path verified,,https://vizier.cds.unistra.fr/viz-bin/asu-tsv?-source=I%2F355%2Fgaiadr3&Source=1203639265875666304,https://doi.org/10.1051/0004-6361/202243940,10.1051/0004-6361/202243940,,https://vizier.cds.unistra.fr/viz-bin/asu-tsv?-source=I%2F355%2Fgaiadr3&Source=1203639265875666304,download URL,Reachable in automated check
347,BailerJones+21_MRSer,"Bailer-Jones et al. (2021), MR Ser EDR3 distance row",,10.3847/1538-3881/abd806,,https://vizier.cds.unistra.fr/viz-bin/asu-tsv?-source=I%2F352%2Fgedr3dis&Source=1203639265875666304,exact_source_id_catalog_query,Exact Gaia EDR3 distance posterior row for Gaia source ID 1203639265875666304 from VizieR I/352/gedr3dis. Geometric and photogeometric medians and 16th/84th percentiles are kept separate.,"Bailer-Jones, C. A. L., Rybizki, J., Fouesneau, M., Demleitner, M., & Andrae, R. 2021, Estimating distances from parallaxes. VI. Distances to 1.47 billion stars in Gaia Early Data Release 3, The Astronomical Journal, 161, 147.",2021AJ....161..147B,https://doi.org/10.3847/1538-3881/abd806,exact_VizieR_source_id_query,2026-09-24,,local path verified,,https://vizier.cds.unistra.fr/viz-bin/asu-tsv?-source=I%2F352%2Fgedr3dis&Source=1203639265875666304,https://doi.org/10.3847/1538-3881/abd806,10.3847/1538-3881/abd806,,https://doi.org/10.3847/1538-3881/abd806,stable link,Reachable in automated check
348,SIMBAD_MRSer,SIMBAD exact MR Ser identifier query,,,,https://simbad.cds.unistra.fr/simbad/sim-id?Ident=MR%20Ser,exact_identifier_query,Exact SIMBAD identifier page checked on 2026-09-24. Main ID PG 1550+191 (CV*); identifiers include V* MR Ser and Gaia DR3 1203639265875666304. Gaia/optical coordinates and proper motion agree. Aliases are discovery aids; the Gaia ID plus coordinates and the published identification establish the association.,"Wenger, M., Ochsenbein, F., Egret, D., et al. 2000, The SIMBAD astronomical database: The CDS reference database for astronomical objects, Astronomy and Astrophysics Supplement Series, 143, 9–22.",2000A&AS..143....9W,https://simbad.cds.unistra.fr/simbad/sim-id?Ident=MR%20Ser,exact_SIMBAD_identifier_query,2026-09-24,,local path verified,,https://simbad.cds.unistra.fr/simbad/sim-id?Ident=MR%20Ser,https://simbad.cds.unistra.fr/simbad/sim-id?Ident=MR%20Ser,,,https://simbad.cds.unistra.fr/simbad/sim-id?Ident=MR%20Ser,stable link,Reachable in automated check
349,GaiaDR3_MQDra,"Gaia Collaboration (2023), Gaia DR3",,10.1051/0004-6361/202243940,,https://vizier.cds.unistra.fr/viz-bin/VizieR-5?-source=I/355/gaiadr3&Source=1597621426298361216,checked; source query or full text saved,"Gaia DR3 exact source-ID query; astrometry, photometry, quality indicators and pipeline outputs.","Gaia Collaboration et al. 2023, Gaia Data Release 3: Summary of the content and survey properties, A&A, 674, A1.",2023A&A...674A...1G,https://doi.org/10.1051/0004-6361/202243940,exact_source_id_catalog_query,2026-09-24,,local path verified,,https://vizier.cds.unistra.fr/viz-bin/VizieR-5?-source=I/355/gaiadr3&Source=1597621426298361216,https://doi.org/10.1051/0004-6361/202243940,10.1051/0004-6361/202243940,,https://vizier.cds.unistra.fr/viz-bin/VizieR-5?-source=I/355/gaiadr3&Source=1597621426298361216,download URL,Reachable in automated check
350,BailerJones+21_MQDra,Bailer-Jones et al. (2021),,10.3847/1538-3881/abd806,,https://vizier.cds.unistra.fr/viz-bin/VizieR-5?-source=I/352/gedr3dis&Source=1597621426298361216,checked; source query or full text saved,Exact Gaia EDR3 source-ID query; geometric and photogeometric posteriors.,"Bailer-Jones, C. A. L., et al. 2021, Estimating Distances from Parallaxes. V. Geometric and Photogeometric Distances to 1.47 Billion Stars in Gaia EDR3, AJ, 161, 147.",2021AJ....161..147B,https://doi.org/10.3847/1538-3881/abd806,exact_source_id_catalog_query,2026-09-24,,local path verified,,https://vizier.cds.unistra.fr/viz-bin/VizieR-5?-source=I/352/gedr3dis&Source=1597621426298361216,https://doi.org/10.3847/1538-3881/abd806,10.3847/1538-3881/abd806,,https://doi.org/10.3847/1538-3881/abd806,stable link,Reachable in automated check
351,SIMBAD_MQDra,"Wenger et al. (2000), SIMBAD",,,,https://simbad.cds.unistra.fr/simbad/sim-tap,checked; source query or full text saved,"Exact name and Gaia-ID queries; identity/classification discovery only, not primary physical values.","Wenger, M., et al. 2000, The SIMBAD astronomical database: The CDS reference database for astronomical objects, A&AS, 143, 9–22.",2000A&AS..143....9W,https://simbad.cds.unistra.fr/,exact_identifier_database_query,2026-09-24,,local path verified,,https://simbad.cds.unistra.fr/simbad/sim-tap,https://simbad.cds.unistra.fr/,,,https://simbad.cds.unistra.fr/,stable link,Reachable in automated check
352,Schmidt+05_MQDra,Schmidt et al. (2005),,10.1086/431969,,https://arxiv.org/pdf/astro-ph/0505385,checked; source query or full text saved,"Original text §§5–6/Table 3 checked for LARP/pre-polar interpretation, donor and accretion assumptions.","Schmidt, G. D., et al. 2005, New Low Accretion-Rate Magnetic Binary Systems and Their Significance for the Evolution of Cataclysmic Variables, ApJ, 630, 1037–1053.",2005ApJ...630.1037S,https://doi.org/10.1086/431969,original_full_text_checked_locally,2026-09-24,,local path verified,,https://arxiv.org/pdf/astro-ph/0505385,https://doi.org/10.1086/431969,10.1086/431969,,https://doi.org/10.1086/431969,stable link,Reachable in automated check
353,Thorstensen+08_MQDra,Thorstensen et al. (2008),,10.1088/0004-6256/136/5/2107,,https://arxiv.org/pdf/0807.2856,checked; source query or full text saved,Original parallax paper/Table 3 checked; historical distance kept separate from Gaia posterior.,"Thorstensen, J. R., et al. 2008, Parallax and Distance Estimates for Twelve Cataclysmic Variable Stars, AJ, 136, 2107–2124.",2008AJ....136.2107T,https://doi.org/10.1088/0004-6256/136/5/2107,original_full_text_checked_locally,2026-09-24,,local path verified,,https://arxiv.org/pdf/0807.2856,https://doi.org/10.1088/0004-6256/136/5/2107,10.1088/0004-6256/136/5/2107,,https://doi.org/10.1088/0004-6256/136/5/2107,stable link,Reachable in automated check
354,Harrison+05_MQDra,Harrison et al. (2005),,10.1086/498067,,https://arxiv.org/pdf/astro-ph/0509457,checked; source query or full text saved,Original text/Table 1 checked for 2005-02-17 Keck K-band spectrum and M4.5V classification.,"Harrison, T. E., et al. 2005, Why Are the Secondary Stars in Polars So Normal?, ApJ, 632, L123–L126.",2005ApJ...632L.123H,https://doi.org/10.1086/498067,original_full_text_checked_locally,2026-09-24,,local path verified,,https://arxiv.org/pdf/astro-ph/0509457,https://doi.org/10.1086/498067,10.1086/498067,,https://doi.org/10.1086/498067,stable link,Reachable in automated check
355,4XMMDR11_MQDra,"Webb et al. (2020), 4XMM-DR11 row",,10.1051/0004-6361/201937353,,https://vizier.cds.unistra.fr/viz-bin/VizieR-3?-source=IX/65,checked; source query or full text saved,"Exact cone and observation-log query; cross-tied by source position/name and ObsIDs. Flux8 is native mean 0.2–12 keV flux, not spectral refit.","Webb, N. A., et al. 2020, The XMM-Newton serendipitous survey. IX. The fourth XMM-Newton serendipitous source catalogue, A&A, 641, A136.",2020A&A...641A.136W,https://doi.org/10.1051/0004-6361/201937353,exact_catalog_row_and_observation_log_query,2026-09-24,,local path verified,,https://vizier.cds.unistra.fr/viz-bin/VizieR-3?-source=IX/65,https://doi.org/10.1051/0004-6361/201937353,10.1051/0004-6361/201937353,,https://vizier.cds.unistra.fr/viz-bin/VizieR-3?-source=IX/65,download URL,Reachable in automated check
356,GaiaDR3_APCrB,Gaia DR3 exact source_id query,,,,https://vizier.cds.unistra.fr/viz-bin/VizieR-5?-source=I/355/gaiadr3&Source=1223491257550872192,query_record_saved,Exact ID query; Gaia source ID remains string.,"Gaia Collaboration et al. 2023, Gaia DR3, A&A, 674, A1; exact Gaia Archive TAP and VizieR I/355 result.",2023A&A...674A...1G,https://vizier.cds.unistra.fr/viz-bin/VizieR-5?-source=I/355/gaiadr3&Source=1223491257550872192,exact_source_id_catalog_query,2026-09-24,,local path verified,,https://vizier.cds.unistra.fr/viz-bin/VizieR-5?-source=I/355/gaiadr3&Source=1223491257550872192,https://vizier.cds.unistra.fr/viz-bin/VizieR-5?-source=I/355/gaiadr3&Source=1223491257550872192,,,https://vizier.cds.unistra.fr/viz-bin/VizieR-5?-source=I/355/gaiadr3&Source=1223491257550872192,stable link,Reachable in automated check
357,BailerJones+21_APCrB,"Bailer-Jones et al. (2021), exact EDR3 source query",,10.3847/1538-3881/abd806,,https://doi.org/10.3847/1538-3881/abd806,query_record_saved,Geometric and photogeometric estimates remain distinct.,"Bailer-Jones, C. A. L., et al. 2021, Estimating distances from parallaxes. V. Geometric and photogeometric distances to 1.47 billion stars in Gaia EDR3, AJ, 161, 147.",2021AJ....161..147B,https://doi.org/10.3847/1538-3881/abd806,original_distance_catalog_exact_source_id_query,2026-09-24,,local path verified,,https://doi.org/10.3847/1538-3881/abd806,https://doi.org/10.3847/1538-3881/abd806,10.3847/1538-3881/abd806,,https://doi.org/10.3847/1538-3881/abd806,stable link,Reachable in automated check
358,SIMBAD_APCrB,SIMBAD exact name and Gaia identifier queries,,10.1051/aas:2000332,,https://simbad.cds.unistra.fr/simbad/sim-id?Ident=V%2A+AP+CrB,query_record_saved,Exact name and ID both resolve to V* AP CrB / RX J1554.2+2721.,"Wenger, M., et al. 2000, The SIMBAD astronomical database, A&AS, 143, 9-22; exact queries 2026-09-24.",2000A&AS..143....9W,https://simbad.cds.unistra.fr/simbad/sim-id?Ident=V%2A+AP+CrB,database_exact_identifier_and_source_id_query,2026-09-24,,local path verified,,https://simbad.cds.unistra.fr/simbad/sim-id?Ident=V%2A+AP+CrB,https://simbad.cds.unistra.fr/simbad/sim-id?Ident=V%2A+AP+CrB,10.1051/aas:2000332,,https://simbad.cds.unistra.fr/simbad/sim-id?Ident=V%2A+AP+CrB,stable link,Reachable in automated check
359,ROSATBSC_APCrB,ROSAT BSC exact row and cone query,,,,,query_record_saved,BSC count rate/hardness ratios agree with Tovmassian RASS values; not source-specific spectral fit.,"Voges, W., et al. 1999, The ROSAT all-sky survey bright source catalogue, A&A, 349, 389-405; exact row 1RXS J155412.7+272143.",1999A&A...349..389V,,exact_catalog_row_and_cone_query,2026-09-24,,local path verified,,,,,,,,No HTTP citation URL in manifest
360,4XMMDR11_APCrB,4XMM-DR11 exact 10 arcsec cone query,,,,,query_record_saved,No matching row in exact cone; not evidence no XMM coverage or emission.,"XMM-Newton Survey Science Centre, 4XMM-DR11 source catalogue; exact cone query around Gaia DR3 1223491257550872192.",,,exact_empty_cone_catalog_query,2026-09-24,,local path verified,,,,,,,,No HTTP citation URL in manifest
361,West+08_APCrB,"West et al. (2008), exact SDSS sample row",,10.1088/0004-6256/135/3/785,,https://doi.org/10.1088/0004-6256/135/2/785,query_record_saved,VizieR reports M3 and 418 pc single-star photometric distance for unresolved CV; not adopted as donor/system result.,"West, A. A., et al. 2008, Constraining the Age-Activity Relation for Cool Stars: The SDSS DR5 Low-Mass Star Spectroscopic Sample, AJ, 135, 785-795.",2008AJ....135..785W,https://doi.org/10.1088/0004-6256/135/3/785,exact_electronic_catalog_row_query_article_context_checked,2026-09-24,,local path verified,,https://doi.org/10.1088/0004-6256/135/2/785,https://doi.org/10.1088/0004-6256/135/2/785,10.1088/0004-6256/135/2/785,Corrected the AJ issue number in the DOI.,https://doi.org/10.1088/0004-6256/135/3/785,stable link,Reachable in automated check
362,Szkody+04_Her1,Szkody et al. (2004),,10.1086/423997,,https://doi.org/10.1086/423997,present,"Table 1 lists SDSS J162608.16+332827.8, g=18.38 and He II note; §3.4 describes a polar candidate because He II exceeds H-beta, not a confirmed magnetic classification.","Szkody, P., Henden, A., Fraser, O., Silvestri, N., Bochanski, J. J., Wolfe, M. A., Agüeros, M., Warner, B., Woudt, P., Tramposch, J., Homer, L., Schmidt, G., Knapp, G. R., Anderson, S. F., Covey, K., Harris, H., Hawley, S., Schneider, D. P., Voges, W., & Brinkmann, J. 2004, Cataclysmic Variables from the Sloan Digital Sky Survey. III. The Third Year, AJ, 128, 1882–1893.",2004AJ....128.1882S,https://doi.org/10.1086/423997,original_full_text_checked_locally_and_page_image,2026-09-24,,local path verified,,https://doi.org/10.1086/423997,https://doi.org/10.1086/423997,10.1086/423997,,https://doi.org/10.1086/423997,stable link,Not verified; connection error
363,Szkody+18_Her1,"Szkody, Everett, Dai & Serna-Grey (2018)",,10.3847/1538-3881/aa9ede,,https://doi.org/10.3847/1538-3881/aa9ede,abstract_only,Szkody+24 §3.5 attributes a June 2015 low-state spectrum to this paper. The original body could not be retrieved from publisher/ADS endpoints; state details remain secondary-reported.,"Szkody, P., Everett, M. E., Dai, Z., & Serna-Grey, D. 2018, Follow-up Observations of SDSS and CRTS Candidate Cataclysmic Variables II, AJ, 155, 28.",2018AJ....155...28S,https://doi.org/10.3847/1538-3881/aa9ede,abstract_and_secondary_report_only_original_full_text_inaccessible,2026-09-24,,no local path supplied,,https://doi.org/10.3847/1538-3881/aa9ede,https://doi.org/10.3847/1538-3881/aa9ede,10.3847/1538-3881/aa9ede,,https://doi.org/10.3847/1538-3881/aa9ede,stable link,Reachable in automated check
364,Szkody+24_Her1,Szkody et al. (2024),,10.3847/1538-3881/ad2fcd,,https://doi.org/10.3847/1538-3881/ad2fcd,present,"Table 1 and §3.5 identify 1626+33; BLS period 3.17 h, subtle partial eclipse, H-beta velocities fitted at fixed period; authors favor likely SW Sex over polar/IP but request more data.","Szkody, P., van Roestel, J., Mason, P. A., Littlefield, C., Rich, R. M., Bellm, E. C., Romanov, F. D., Healy, B. F., Jegou du Laz, T., Laher, R. R., & Rusholme, B. 2024, Spectroscopic Follow-up on Potential Magnetic Cataclysmic Variables, AJ, 167, 186.",2024AJ....167..186S,https://doi.org/10.3847/1538-3881/ad2fcd,original_full_text_checked_locally_and_page_images,2026-09-24,,local path verified,,https://doi.org/10.3847/1538-3881/ad2fcd,https://doi.org/10.3847/1538-3881/ad2fcd,10.3847/1538-3881/ad2fcd,,https://doi.org/10.3847/1538-3881/ad2fcd,stable link,Reachable in automated check
365,Barrett+17_Her1,Barrett et al. (2017),,10.3847/1538-3881/aa93ff,,https://doi.org/10.3847/1538-3881/aa93ff,present,"Tables 1–3: 15A-24A/24B dates, J2000 target coordinates, K-band 15A-24A 218±22 microJy RCP-only source detection. Table 4 is separate map-peak statistic.","Barrett, P. E., Dieck, C., Beasley, A. J., Singh, K. P., & Mason, P. A. 2017, A Jansky VLA Survey of Magnetic Cataclysmic Variable Stars. I. The Data, AJ, 154, 252.",2017AJ....154..252B,https://doi.org/10.3847/1538-3881/aa93ff,original_full_text_checked_locally_and_relevant_page_images,2026-09-24,,local path verified,,https://doi.org/10.3847/1538-3881/aa93ff,https://doi.org/10.3847/1538-3881/aa93ff,10.3847/1538-3881/aa93ff,,https://doi.org/10.3847/1538-3881/aa93ff,stable link,Reachable in automated check
366,Barrett+20_Her1,Barrett et al. (2020),,10.1016/j.asr.2020.04.007,,https://doi.org/10.1016/j.asr.2020.04.007,present,"Tables 1–2 report Her1 48±17 microJy Stokes I at K band, RR/LL and CP; Table 2 adds uncertain 3.00 h, 1030 pc and conditional radio-region field.","Barrett, P., Dieck, C., Beasley, A. J., Mason, P. A., & Singh, K. P. 2020, Radio observations of magnetic cataclysmic variables, Advances in Space Research, 66, 1226–1234.",2020AdSpR..66.1226B,https://doi.org/10.1016/j.asr.2020.04.007,original_full_text_checked_locally_and_relevant_page_images,2026-09-24,,local path verified,,https://doi.org/10.1016/j.asr.2020.04.007,https://doi.org/10.1016/j.asr.2020.04.007,10.1016/j.asr.2020.04.007,,https://doi.org/10.1016/j.asr.2020.04.007,stable link,Reachable in automated check
367,GaiaDR3_Her1,"Gaia Collaboration (2023), exact Gaia DR3 query",,,,https://vizier.cds.unistra.fr/viz-bin/asu-tsv?-source=I%2F355%2Fgaiadr3&Source=1325655193647771008&-out.all=1&-out.max=10,queried,Exact source-ID query outputs retained in [local artifact withheld]; Gaia DR3 ID treated as text.,"Gaia Collaboration et al. 2023, Gaia Data Release 3: Summary of the content and survey properties, A&A, 674, A1; exact Gaia DR3 source_id query 1325655193647771008.",2023A&A...674A...1G,https://vizier.cds.unistra.fr/viz-bin/asu-tsv?-source=I%2F355%2Fgaiadr3&Source=1325655193647771008&-out.all=1&-out.max=10,exact_gaia_archive_and_vizier_source_id_query,2026-09-24,,local path verified,,https://vizier.cds.unistra.fr/viz-bin/asu-tsv?-source=I%2F355%2Fgaiadr3&Source=1325655193647771008&-out.all=1&-out.max=10,https://vizier.cds.unistra.fr/viz-bin/asu-tsv?-source=I%2F355%2Fgaiadr3&Source=1325655193647771008&-out.all=1&-out.max=10,,,https://vizier.cds.unistra.fr/viz-bin/asu-tsv?-source=I%2F355%2Fgaiadr3&Source=1325655193647771008&-out.all=1&-out.max=10,stable link,Reachable in automated check
368,GaiaDR2_Her1,"Gaia Collaboration (2018), exact Gaia DR2 query",,,,https://vizier.cds.unistra.fr/viz-bin/asu-tsv?-source=I%2F345%2Fgaia2&Source=1325655193647771008&-out.all=1&-out.max=10,queried,Exact Gaia DR2 row retained in [local artifact withheld]; parallax has low significance and is not inverted.,"Gaia Collaboration et al. 2018, Gaia Data Release 2. Summary of the contents and survey properties, A&A, 616, A1; exact Gaia DR2 source_id query 1325655193647771008.",2018A&A...616A...1G,https://vizier.cds.unistra.fr/viz-bin/asu-tsv?-source=I%2F345%2Fgaia2&Source=1325655193647771008&-out.all=1&-out.max=10,exact_gaia_dr2_vizier_source_id_query,2026-09-24,,local path verified,,https://vizier.cds.unistra.fr/viz-bin/asu-tsv?-source=I%2F345%2Fgaia2&Source=1325655193647771008&-out.all=1&-out.max=10,https://vizier.cds.unistra.fr/viz-bin/asu-tsv?-source=I%2F345%2Fgaia2&Source=1325655193647771008&-out.all=1&-out.max=10,,,https://vizier.cds.unistra.fr/viz-bin/asu-tsv?-source=I%2F345%2Fgaia2&Source=1325655193647771008&-out.all=1&-out.max=10,stable link,Reachable in automated check
369,BailerJones+21_Her1,"Bailer-Jones et al. (2021), Gaia EDR3 distance query",,10.3847/1538-3881/abd806,,https://vizier.cds.unistra.fr/viz-bin/asu-tsv?-source=I%2F352%2Fgedr3dis&Source=1325655193647771008&-out.all=1&-out.max=10,queried,Exact geometric and photogeometric posterior percentiles retained in [local artifact withheld],"Bailer-Jones, C. A. L., Rybizki, J., Fouesneau, M., Demleitner, J., & Andrae, R. 2021, Estimating distances from parallaxes. V. Geometric and photogeometric distances to 1.47 billion stars in Gaia Early Data Release 3, AJ, 161, 147.",2021AJ....161..147B,https://vizier.cds.unistra.fr/viz-bin/asu-tsv?-source=I%2F352%2Fgedr3dis&Source=1325655193647771008&-out.all=1&-out.max=10,exact_bailer_jones_edr3_source_id_query,2026-09-24,,local path verified,,https://vizier.cds.unistra.fr/viz-bin/asu-tsv?-source=I%2F352%2Fgedr3dis&Source=1325655193647771008&-out.all=1&-out.max=10,https://vizier.cds.unistra.fr/viz-bin/asu-tsv?-source=I%2F352%2Fgedr3dis&Source=1325655193647771008&-out.all=1&-out.max=10,10.3847/1538-3881/abd806,,https://vizier.cds.unistra.fr/viz-bin/asu-tsv?-source=I%2F352%2Fgedr3dis&Source=1325655193647771008&-out.all=1&-out.max=10,stable link,Reachable in automated check
370,BailerJones+18_Her1,"Bailer-Jones et al. (2018), Gaia DR2 distance query",,,,https://vizier.cds.unistra.fr/viz-bin/asu-tsv?-source=I%2F347%2Fgaia2dis&Source=1325655193647771008&-out.all=1&-out.max=10,queried,Exact Gaia DR2 distance row retained in [local artifact withheld],"Bailer-Jones, C. A. L., Rybizki, J., Fouesneau, M., Mantelet, G., & Andrae, R. 2018, Estimating distances from parallaxes. IV. Distances to 1.33 billion stars in Gaia Data Release 2, AJ, 156, 58.",2018AJ....156...58B,https://vizier.cds.unistra.fr/viz-bin/asu-tsv?-source=I%2F347%2Fgaia2dis&Source=1325655193647771008&-out.all=1&-out.max=10,exact_bailer_jones_dr2_source_id_query,2026-09-24,,local path verified,,https://vizier.cds.unistra.fr/viz-bin/asu-tsv?-source=I%2F347%2Fgaia2dis&Source=1325655193647771008&-out.all=1&-out.max=10,https://vizier.cds.unistra.fr/viz-bin/asu-tsv?-source=I%2F347%2Fgaia2dis&Source=1325655193647771008&-out.all=1&-out.max=10,,,https://vizier.cds.unistra.fr/viz-bin/asu-tsv?-source=I%2F347%2Fgaia2dis&Source=1325655193647771008&-out.all=1&-out.max=10,stable link,Reachable in automated check
371,SIMBAD_Her1,SIMBAD exact SDSS/Gaia identifier queries,,,,https://simbad.cds.unistra.fr/simbad/sim-id?Ident=SDSS%20J162608.16%2B332827.8&output.format=ASCII,queried,SIMBAD exact identifier and Gaia DR3 queries resolve to the same CV at the SDSS/Barrett position.,"SIMBAD astronomical database; exact queries for SDSS J162608.16+332827.8 and Gaia DR3 1325655193647771008, retrieved 2026-09-24; Wenger et al. 2000, A&AS, 143, 9–22.",2000A&AS..143....9W,https://simbad.cds.unistra.fr/simbad/sim-id?Ident=SDSS%20J162608.16%2B332827.8&output.format=ASCII,simbad_exact_identifier_and_source_id_queries,2026-09-24,,local path verified,,https://simbad.cds.unistra.fr/simbad/sim-id?Ident=SDSS%20J162608.16%2B332827.8&output.format=ASCII,https://simbad.cds.unistra.fr/simbad/sim-id?Ident=SDSS%20J162608.16%2B332827.8&output.format=ASCII,,,https://simbad.cds.unistra.fr/simbad/sim-id?Ident=SDSS%20J162608.16%2B332827.8&output.format=ASCII,stable link,Reachable in automated check
372,SIMBAD_Her1_oldpos,SIMBAD old-position name-collision query,,,,https://simbad.cds.unistra.fr/simbad/sim-id?Ident=PG%201617%2B150&output.format=ASCII,queried,Inherited position is 18.6 degrees from the Her 1 radio target and resolves to unrelated PG 1617+150 field object; it is not an alias.,"SIMBAD astronomical database; exact old-position query around 16:19:49.30 +14:53:09.96, retrieved 2026-09-24; Wenger et al. 2000, A&AS, 143, 9–22.",2000A&AS..143....9W,https://simbad.cds.unistra.fr/simbad/sim-id?Ident=PG%201617%2B150&output.format=ASCII,database_query_old_coordinate_name_collision,2026-09-24,,local path verified,,https://simbad.cds.unistra.fr/simbad/sim-id?Ident=PG%201617%2B150&output.format=ASCII,https://simbad.cds.unistra.fr/simbad/sim-id?Ident=PG%201617%2B150&output.format=ASCII,,,https://simbad.cds.unistra.fr/simbad/sim-id?Ident=PG%201617%2B150&output.format=ASCII,stable link,Reachable in automated check
373,Barrett+17_V1007Her,Barrett et al. (2017),,10.3847/1538-3881/aa93ff,,https://arxiv.org/pdf/1702.07631,downloaded_and_checked,Original VLA survey article. Table 3 gives a 165±25 μJy X-band detection at 15A-25A; Table 1 gives its 2015-03-09 UTC observing block; Table 5 lists a next-day 15A-25B 3σ X-band limit <33 μJy. Its VizieR-served table34 flux for 15A-25A conflicts with the printed Table 3 and is separately recorded.,"Barrett, P. E., Dieck, C., Beasley, A. J., Singh, K. P., & Mason, P. A. 2017, A VLA survey of magnetic CVs. I. The data, AJ, 154, 252.",2017AJ....154..252B,https://doi.org/10.3847/1538-3881/aa93ff,original_full_text_checked_local_pdf_and_relevant_pages_rendered,2026-09-24,,local path verified,,https://arxiv.org/pdf/1702.07631,https://doi.org/10.3847/1538-3881/aa93ff,10.3847/1538-3881/aa93ff,,https://doi.org/10.3847/1538-3881/aa93ff,stable link,Reachable in automated check
374,Barrett17_CDS_V1007Her,"Barrett et al. (2017), CDS/VizieR exact Obs-ID rows",,10.26093/cds/vizier.51540252,,https://vizier.cds.unistra.fr/viz-bin/VizieR-4?-source=J/AJ/154/252,exact_table_query,"Exact VizieR queries for V1007 Her. Table34 reports 24±4 μJy for 15A-25A, differing from original printed Table 3 (165±25 μJy); Table5 has a 3σ X-band limit <33 μJy for 15A-25B. The Table34 discrepancy is retained as a data-source conflict, not averaged or adopted.","CDS, VizieR catalogue J/AJ/154/252, tables 34 and 5, data associated with Barrett et al. (2017), exact V1007 Her Obs-ID queries.",2017AJ....154..252B,https://vizier.cds.unistra.fr/viz-bin/asu-tsv?-source=J/AJ/154/252/table34&GCVS=V1007%20Her,exact_catalog_query_compared_with_original_full_text,2026-09-24,,local path verified,,https://vizier.cds.unistra.fr/viz-bin/VizieR-4?-source=J/AJ/154/252,https://vizier.cds.unistra.fr/viz-bin/asu-tsv?-source=J/AJ/154/252/table34&GCVS=V1007%20Her,10.26093/cds/vizier.51540252,,https://vizier.cds.unistra.fr/viz-bin/asu-tsv?-source=J/AJ/154/252/table34&GCVS=V1007%20Her,stable link,Reachable in automated check
375,Yang+17_V1007Her,Yang et al. (2017),,10.1088/1538-3873/aa7a99,,https://arxiv.org/pdf/1706.06731,downloaded_and_checked,"Full text checked; Table 2 gives the 170.59±0.12 d PTF/CRTS long-term photometric period, not an orbital, spin, or recurrence period.","Yang, Y.-G., Qian, S.-B., Zhang, L.-Y., et al. 2017, Long-term Periodicities of Cataclysmic Variables with Synoptic Surveys, PASP, 129, 094202.",2017PASP..129i4202Y,https://doi.org/10.1088/1538-3873/aa7a99,original_full_text_checked_local_pdf,2026-09-24,,local path verified,,https://arxiv.org/pdf/1706.06731,https://doi.org/10.1088/1538-3873/aa7a99,10.1088/1538-3873/aa7a99,,https://doi.org/10.1088/1538-3873/aa7a99,stable link,Reachable in automated check
376,Pretorius+13_V1007Her,"Pretorius, Knigge & Schwope (2013)",,10.1093/mnras/stt499,,https://arxiv.org/pdf/1303.4270,downloaded_and_checked,Full text checked. Table 1 and source discussion report a broad WISE W1 photometric distance; WISE extinction was neglected and donor contribution was statistical/model-based.,"Pretorius, M. L., Knigge, C., & Schwope, A. D. 2013, The space density of magnetic cataclysmic variables, MNRAS, 432, 570–583.",2013MNRAS.432..570P,https://doi.org/10.1093/mnras/stt499,original_full_text_checked_local_pdf,2026-09-24,,local path verified,,https://arxiv.org/pdf/1303.4270,https://doi.org/10.1093/mnras/stt499,10.1093/mnras/stt499,,https://arxiv.org/pdf/1303.4270,download URL,Reachable in automated check
377,Harrison+15_V1007Her,Harrison & Campbell (2015),,10.1088/0067-0049/219/2/32,,https://astronomy.nmsu.edu/tharriso/Harrison_2015_ApJS_219_32.pdf,publisher_pdf_text_extract_checked,"Official publisher-hosted PDF text extraction was searchable, but the PDF could not be downloaded/rendered locally. V1007 Her is described as faint in IR; W1 is noisy/suggestive of ellipsoidal variations, W2 has one weak orbital maximum, and the colors favor cyclotron contribution over a donor-dominated IR continuum. No donor parameter is adopted.","Harrison, T. E., & Campbell, R. K. 2015, The WISE Light Curves of Polars, ApJS, 219, 32.",2015ApJS..219...32H,https://doi.org/10.1088/0067-0049/219/2/32,original_publisher_pdf_text_extract_checked_local_download_failed,2026-09-24,,no local path supplied,,https://astronomy.nmsu.edu/tharriso/Harrison_2015_ApJS_219_32.pdf,https://doi.org/10.1088/0067-0049/219/2/32,10.1088/0067-0049/219/2/32,,https://doi.org/10.1088/0067-0049/219/2/32,stable link,Reachable in automated check
378,Duffy+22_V1007Her,Duffy et al. (2022),,10.1093/mnras/stac2482,,https://academic.oup.com/mnras/article/516/3/3144/6692883,official_full_text_checked,Official full text and V1007 Her state table checked. The source has two TESS points in the compiled table but no usable mean/minimum/maximum state metrics; no V1007 Her accretion-state measurement is inferred.,"Duffy, C., Ramsay, G., Steeghs, D. T. H., & Dhillon, V. S. 2022, Short-duration accretion states of Polars as seen in TESS and ZTF data, MNRAS, 516, 3144–3158.",2022MNRAS.516.3144D,https://doi.org/10.1093/mnras/stac2482,original_publisher_full_text_checked,2026-09-24,,no local path supplied,,https://academic.oup.com/mnras/article/516/3/3144/6692883,https://doi.org/10.1093/mnras/stac2482,10.1093/mnras/stac2482,,https://doi.org/10.1093/mnras/stac2482,stable link,Automated access restricted
379,HernandezDiaz+25_V1007Her,Hernández-Díaz et al. (2025),,10.1051/0004-6361/202554948,,https://arxiv.org/pdf/2510.09165,downloaded_full_text_and_exact_table_checked,TESS two-minute cadence sectors 52 and 53; electronic Table A.1 reports the period estimates and corrected half-period flag. Tmag=18.470±0.034 falls in the authors’ 17–19 mag uncertain-reliability range.,"Hernández-Díaz, S., Stelzer, B., Schwope, A., & Muñoz-Giraldo, D. 2025, A systematic search for orbital periods of polars with TESS: Methods, detection limits, and results, A&A, 703, A166.",2025A&A...703A.166H,https://doi.org/10.1051/0004-6361/202554948,original_full_text_checked_local_pdf_and_CDS_table_exact_id_query,2026-09-24,,local path verified,,https://arxiv.org/pdf/2510.09165,https://doi.org/10.1051/0004-6361/202554948,10.1051/0004-6361/202554948,,https://arxiv.org/pdf/2510.09165,download URL,Reachable in automated check
380,GaiaDR3+22_V1007Her,"Gaia Collaboration (2022), exact DR3 source query",,10.26093/cds/vizier.1355,,https://vizier.cds.unistra.fr/viz-bin/asu-tsv?-source=I/355/gaiadr3&Source=1347851790791563136&-out.all=1,exact_source_id_query,Gaia DR3 record queried by the full source_id string. Gaia J2016.0 ICRS coordinates and Gaia-catalogue propagated ICRS epoch-2000 positions are retained separately; GSP-Phot component values are not used.,"Gaia Collaboration et al. 2022, Gaia DR3 main-source catalogue (VizieR I/355), exact source_id query.",2022yCat.1355....0G,https://vizier.cds.unistra.fr/viz-bin/VizieR-4?-source=I/355/gaiadr3&Source=1347851790791563136,exact_catalog_query_by_source_id,2026-09-24,,local path verified,,https://vizier.cds.unistra.fr/viz-bin/asu-tsv?-source=I/355/gaiadr3&Source=1347851790791563136&-out.all=1,https://vizier.cds.unistra.fr/viz-bin/VizieR-4?-source=I/355/gaiadr3&Source=1347851790791563136,10.26093/cds/vizier.1355,,https://vizier.cds.unistra.fr/viz-bin/VizieR-4?-source=I/355/gaiadr3&Source=1347851790791563136,stable link,Reachable in automated check
381,BailerJones+21_V1007Her,"Bailer-Jones et al. (2021), exact EDR3 distance query",,10.3847/1538-3881/abd806,,https://vizier.cds.unistra.fr/viz-bin/asu-tsv?-source=I/352/gedr3dis&Source=1347851790791563136&-out.all=1,exact_source_id_query,Geometric and photogeometric posterior medians and 16th/84th percentiles queried for the exact Gaia EDR3 source ID. Distance is not obtained by blindly inverting parallax.,"Bailer-Jones, C. A. L., Rybizki, J., Fouesneau, M., Demleitner, M., & Andrae, R. 2021, Estimating distances from parallaxes. V. Geometric and photogeometric distances to 1.47 billion stars in Gaia EDR3, AJ, 161, 147.",2021AJ....161..147B,https://vizier.cds.unistra.fr/viz-bin/VizieR-5?-source=I/352/gedr3dis&Source=1347851790791563136,exact_catalog_query_by_source_id,2026-09-24,,local path verified,,https://vizier.cds.unistra.fr/viz-bin/asu-tsv?-source=I/352/gedr3dis&Source=1347851790791563136&-out.all=1,https://vizier.cds.unistra.fr/viz-bin/VizieR-5?-source=I/352/gedr3dis&Source=1347851790791563136,10.3847/1538-3881/abd806,,https://vizier.cds.unistra.fr/viz-bin/VizieR-5?-source=I/352/gedr3dis&Source=1347851790791563136,stable link,Reachable in automated check
382,SIMBAD_V1007Her,SIMBAD exact RX J1724.0+4114 query (2026-09-24),,,,https://simbad.cds.unistra.fr/simbad/sim-id?Ident=RX%20J1724.0%2B4114&output.format=ASCII,exact_identifier_query,"SIMBAD record links V1007 Her, RX J1724.0+4114, RBS 1646, 1RXS J172405.7+411402, S 10946, CRTS/CSS names, and the same Gaia DR3 source_id; published proper motion and parallax agree with exact Gaia DR3 query.","Wenger, M., et al. 2000, The SIMBAD astronomical database, A&AS, 143, 9–22; exact object query for RX J1724.0+4114.",2000A&AS..143....9W,https://simbad.cds.unistra.fr/simbad/sim-id?Ident=RX%20J1724.0%2B4114&output.format=ASCII,exact_database_query_identity_and_identifier_crosscheck,2026-09-24,,local path verified,,https://simbad.cds.unistra.fr/simbad/sim-id?Ident=RX%20J1724.0%2B4114&output.format=ASCII,https://simbad.cds.unistra.fr/simbad/sim-id?Ident=RX%20J1724.0%2B4114&output.format=ASCII,,,https://simbad.cds.unistra.fr/simbad/sim-id?Ident=RX%20J1724.0%2B4114&output.format=ASCII,stable link,Reachable in automated check
383,Pelisoli+24_V1007Her,Pelisoli et al. (2024),,10.1093/mnras/stae1275,,https://academic.oup.com/mnras/article/531/1/1805/7675517,official_full_text_checked_online,"Appendix A, Table A1 compiles the highest previously reported CV radio fluxes and lists V1007 Her as 38±9 μJy at X band from Barrett et al. (2020). The new VLASS-detection list does not report a new V1007 Her measurement; this is a literature compilation, not independent confirmation.","Pelisoli, I., Chomiuk, L., Strader, J., Marsh, T. R., Aydi, E., Dage, K. C., Kyer, R., Molina, I., Panurach, T., Urquhart, R., Maccarone, T. J., & Rich, R. M. 2024, A survey for radio emission from white dwarfs in the VLA Sky Survey, MNRAS, 531, 1805–1822.",2024MNRAS.531.1805P,https://doi.org/10.1093/mnras/stae1275,official_full_text_checked_online_and_V1007_table_entry_inspected,2026-09-24,,no local path supplied,,https://academic.oup.com/mnras/article/531/1/1805/7675517,https://doi.org/10.1093/mnras/stae1275,10.1093/mnras/stae1275,,https://doi.org/10.1093/mnras/stae1275,stable link,Automated access restricted
384,Barrett+17_V1323Her,Barrett et al. (2017),,10.3847/1538-3881/aa93ff,,https://doi.org/10.3847/1538-3881/aa93ff,original_full_text_checked_local_pdf,"Printed Tables 1, 3–5 inspected; page rendered. CDS electronic table flux products conflict with printed Table 3 and are retained separately.","Barrett, P., Dieck, C., Beasley, A. J., Mason, P. A., & Singh, K. P. 2017, A Jansky VLA Survey of Magnetic Cataclysmic Variables. I. The Data, AJ, 154, 252.",2017AJ....154..252B,https://doi.org/10.3847/1538-3881/aa93ff,original_full_text_checked_local_pdf,2026-09-24,,local path verified,,https://doi.org/10.3847/1538-3881/aa93ff,https://doi.org/10.3847/1538-3881/aa93ff,10.3847/1538-3881/aa93ff,,https://doi.org/10.3847/1538-3881/aa93ff,stable link,Reachable in automated check
385,Bruch+24_V1323Her,Bruch (2024),,10.3847/1538-3881/ad6260,,https://doi.org/10.3847/1538-3881/ad6260,original_full_text_checked_web,"Full article text and Table 3 checked; prose gives 0.20193(7) d and Table 3 gives corrected 0.20191(2) d, Class C.","Bruch, A. 2024, Orbital Periods of Cataclysmic Variables from TESS Data, AJ, 168, 121.",2024AJ....168..121B,https://doi.org/10.3847/1538-3881/ad6260,original_full_text_checked_web,2026-09-24,,no local path supplied,,https://doi.org/10.3847/1538-3881/ad6260,https://doi.org/10.3847/1538-3881/ad6260,10.3847/1538-3881/ad6260,,https://doi.org/10.3847/1538-3881/ad6260,stable link,Reachable in automated check
386,Bruch+25_V1323Her,Bruch et al. (2025),,10.3847/1538-4365/addf41,,https://doi.org/10.3847/1538-4365/addf41,original_full_text_checked_web,"Full article and source-specific Table 3 checked; five TESS spin measurements retained individually, LC4 flagged as outlier.","Bruch, A., et al. 2025, A Search for Flares and Flaring States in Cataclysmic Variables Observed with TESS, ApJS, 279, 48.",2025ApJS..279...48B,https://doi.org/10.3847/1538-4365/addf41,original_full_text_checked_web,2026-09-24,,no local path supplied,,https://doi.org/10.3847/1538-4365/addf41,https://doi.org/10.3847/1538-4365/addf41,10.3847/1538-4365/addf41,,https://doi.org/10.3847/1538-4365/addf41,stable link,Reachable in automated check
387,Dag+26_V1323Her,Dağ et al. (2026),,10.1093/mnras/stag514,,https://academic.oup.com/mnras/article/548/1/stag514/8524018,original_full_text_checked_web,Official full text checked; V1323 Her/TIC 75654576 signal is interpreted as orbital near 4.85 h and within the Anzolin alias range; reanalysis of archival TESS data.,"Dağ, H., et al. 2026, A catalogue of orbital periods of cataclysmic variables and candidates from TESS observations, MNRAS, 548(1), stag514.",2026MNRAS.548ag514D,https://academic.oup.com/mnras/article/548/1/stag514/8524018,original_full_text_checked_web,2026-09-24,,no local path supplied,,https://academic.oup.com/mnras/article/548/1/stag514/8524018,https://academic.oup.com/mnras/article/548/1/stag514/8524018,10.1093/mnras/stag514,,https://academic.oup.com/mnras/article/548/1/stag514/8524018,stable link,Automated access restricted
388,GaiaDR3_V1323Her,"Gaia Collaboration et al. (2023), exact DR3 query",,,,https://vizier.cds.unistra.fr/viz-bin/VizieR-5?-source=I/355/gaiadr3&Source=4611319954072608384,exact_catalog_query,Exact Gaia source_id row checked; ID kept as string; unresolved-variable source quantities are not component measurements.,"Gaia Collaboration et al. 2023, Gaia Data Release 3: Summary of the content and survey properties, A&A, 674, A1.",2023A&A...674A...1G,https://vizier.cds.unistra.fr/viz-bin/VizieR-5?-source=I/355/gaiadr3&Source=4611319954072608384,exact_catalog_query,2026-09-24,,local path verified,,https://vizier.cds.unistra.fr/viz-bin/VizieR-5?-source=I/355/gaiadr3&Source=4611319954072608384,https://vizier.cds.unistra.fr/viz-bin/VizieR-5?-source=I/355/gaiadr3&Source=4611319954072608384,,,https://vizier.cds.unistra.fr/viz-bin/VizieR-5?-source=I/355/gaiadr3&Source=4611319954072608384,stable link,Reachable in automated check
389,BailerJones+21_V1323Her,"Bailer-Jones et al. (2021), exact EDR3 query",,,,https://vizier.cds.unistra.fr/viz-bin/VizieR-5?-source=I/352/gedr3dis&Source=4611319954072608384,exact_catalog_query,"Exact source row checked; geometric posterior is compatibility choice, photogeometric posterior retained separately.","Bailer-Jones, C. A. L., et al. 2021, Estimating distances from parallaxes. V: Geometric and photogeometric distances to 1.47 billion stars in Gaia EDR3, AJ, 161, 147.",2021AJ....161..147B,https://vizier.cds.unistra.fr/viz-bin/VizieR-5?-source=I/352/gedr3dis&Source=4611319954072608384,exact_catalog_query,2026-09-24,,local path verified,,https://vizier.cds.unistra.fr/viz-bin/VizieR-5?-source=I/352/gedr3dis&Source=4611319954072608384,https://vizier.cds.unistra.fr/viz-bin/VizieR-5?-source=I/352/gedr3dis&Source=4611319954072608384,,,https://vizier.cds.unistra.fr/viz-bin/VizieR-5?-source=I/352/gedr3dis&Source=4611319954072608384,stable link,Reachable in automated check
390,GaiaGSPPhot_V1323Her,Gaia DR3 GSP-Phot exact query,,,,https://vizier.cds.unistra.fr/viz-bin/VizieR-5?-source=I/355/paramp&Source=4611319954072608384,exact_catalog_query,"Single-star pipeline output retained as context, not assigned to either unresolved binary component.","Gaia Collaboration et al. 2023, Gaia Data Release 3: Summary of the content and survey properties, A&A, 674, A1; GSP-Phot table I/355/paramp.",2023A&A...674A...1G,https://vizier.cds.unistra.fr/viz-bin/VizieR-5?-source=I/355/paramp&Source=4611319954072608384,exact_catalog_query,2026-09-24,,local path verified,,https://vizier.cds.unistra.fr/viz-bin/VizieR-5?-source=I/355/paramp&Source=4611319954072608384,https://vizier.cds.unistra.fr/viz-bin/VizieR-5?-source=I/355/paramp&Source=4611319954072608384,,,https://vizier.cds.unistra.fr/viz-bin/VizieR-5?-source=I/355/paramp&Source=4611319954072608384,stable link,Reachable in automated check
391,SIMBAD_V1323Her,SIMBAD exact object query,,,,https://simbad.cds.unistra.fr/simbad/sim-id?Ident=V%2A+V1323+Her,exact_database_query,"Exact alias/name resolution for V* V1323 Her, 1RXS J180340.0+401214 and Gaia DR3 4611319954072608384; coordinate is propagated ICRS at J2000.","Wenger, M., et al. 2000, The SIMBAD astronomical database, A&AS, 143, 9–22.",2000A&AS..143....9W,https://simbad.cds.unistra.fr/simbad/sim-id?Ident=V%2A+V1323+Her,exact_database_query,2026-09-24,,local path verified,,https://simbad.cds.unistra.fr/simbad/sim-id?Ident=V%2A+V1323+Her,https://simbad.cds.unistra.fr/simbad/sim-id?Ident=V%2A+V1323+Her,,,https://simbad.cds.unistra.fr/simbad/sim-id?Ident=V%2A+V1323+Her,stable link,Reachable in automated check
392,XMM4XMMDR11_V1323Her,XMM-Newton SSC 4XMM-DR11 exact query,,,,https://vizier.cds.unistra.fr/viz-bin/VizieR-5?-source=IX/69/xmm4dr11&-c=270.91524%2040.20558&-c.rs=30,exact_catalog_query,Source 205012301010001 is 0.485 arcsec from Gaia and matches the 2007 XMM observation in Anzolin+08; catalogue fluxes use catalogue ECF conventions.,"XMM-Newton Survey Science Centre, 4XMM-DR11 source catalogue, exact VizieR query.",,https://vizier.cds.unistra.fr/viz-bin/VizieR-5?-source=IX/69/xmm4dr11&-c=270.91524%2040.20558&-c.rs=30,exact_catalog_query,2026-09-24,,local path verified,,https://vizier.cds.unistra.fr/viz-bin/VizieR-5?-source=IX/69/xmm4dr11&-c=270.91524%2040.20558&-c.rs=30,https://vizier.cds.unistra.fr/viz-bin/VizieR-5?-source=IX/69/xmm4dr11&-c=270.91524%2040.20558&-c.rs=30,,,https://vizier.cds.unistra.fr/viz-bin/VizieR-5?-source=IX/69/xmm4dr11&-c=270.91524%2040.20558&-c.rs=30,stable link,Reachable in automated check
393,VizieRBarrett17_V1323Her,"CDS/VizieR electronic tables for Barrett et al. (2017), exact rows",,10.3847/1538-3881/aa93ff,,https://vizier.cds.unistra.fr/viz-bin/VizieR-5?-source=J/AJ/154/252,exact_catalog_query_plus_original_full_text,Electronic table flux values differ from printed Table 3; both data products preserved.,"Barrett, P., et al. 2017, A Jansky VLA Survey of Magnetic Cataclysmic Variables. I. The Data, AJ, 154, 252; CDS/VizieR electronic tables.",2017AJ....154..252B,https://vizier.cds.unistra.fr/viz-bin/VizieR-5?-source=J/AJ/154/252,exact_catalog_query_plus_original_full_text,2026-09-24,,local path verified,,https://vizier.cds.unistra.fr/viz-bin/VizieR-5?-source=J/AJ/154/252,https://vizier.cds.unistra.fr/viz-bin/VizieR-5?-source=J/AJ/154/252,10.3847/1538-3881/aa93ff,,https://vizier.cds.unistra.fr/viz-bin/VizieR-5?-source=J/AJ/154/252,stable link,Reachable in automated check
394,MukaiIPHome_V1323Her,"Mukai, K., IP Home, V1323 Her system page",,,,https://asd.gsfc.nasa.gov/Koji.Mukai/iphome/systems/v1323her.html,secondary_source_checked,Secondary report of Petrik+15 spin ephemeris/stability only; not treated as original timing verification.,"Mukai, K., Intermediate Polars Home Page, V1323 Her system entry.",,https://asd.gsfc.nasa.gov/Koji.Mukai/iphome/systems/v1323her.html,secondary_source_checked,2026-09-24,,no local path supplied,,https://asd.gsfc.nasa.gov/Koji.Mukai/iphome/systems/v1323her.html,https://asd.gsfc.nasa.gov/Koji.Mukai/iphome/systems/v1323her.html,,,https://asd.gsfc.nasa.gov/Koji.Mukai/iphome/systems/v1323her.html,stable link,Reachable in automated check
395,Petrik+15_V1323Her,"Petrik et al. (2015), timing proceedings cited by Mukai",,,,https://ui.adsabs.harvard.edu/abs/2015ASPC..496..252P/abstract,secondary_report_only,Original full text not retrieved; ephemeris transcribed from Mukai IP Home only.,"Petrík, K., et al. 2015, Spin Period Study of the Intermediate Polars MU Cam, V2306 Cyg and V1323 Her, ASP Conf. Ser., 496, 252.",2015ASPC..496..252P,https://ui.adsabs.harvard.edu/abs/2015ASPC..496..252P/abstract,secondary_report_only,2026-09-24,,no local path supplied,,https://ui.adsabs.harvard.edu/abs/2015ASPC..496..252P/abstract,https://ui.adsabs.harvard.edu/abs/2015ASPC..496..252P/abstract,,,https://ui.adsabs.harvard.edu/abs/2015ASPC..496..252P/abstract,stable link,Automated access restricted
396,GaiaDR3_AMHer,Gaia DR3 exact-source query,,,,,present_or_verified,Exact Gaia DR3 source_id query for AM Her; table row preserved under [local artifact withheld] Gaia astrometry is at reference epoch J2016.0; Gaia photometry is unresolved-system mean photometry.,"Gaia Collaboration et al. 2023, Gaia Data Release 3",2023A&A...674A...1G,https://vizier.cds.unistra.fr/viz-bin/VizieR-5?-source=I/355/gaiadr3&Source=2123837555230207744,exact_catalog_query,2026-09-24,,local path verified,,,https://vizier.cds.unistra.fr/viz-bin/VizieR-5?-source=I/355/gaiadr3&Source=2123837555230207744,,,https://vizier.cds.unistra.fr/viz-bin/VizieR-5?-source=I/355/gaiadr3&Source=2123837555230207744,stable link,Reachable in automated check
397,BailerJones+21_AMHer,"Bailer-Jones et al. (2021), exact EDR3 query",,10.3847/1538-3881/abd806,,,present_or_verified,Exact Gaia DR3 ID distance row; both geometric and photogeometric posterior medians and 16th/84th percentiles retained. Raw query is [local artifact withheld],"Bailer-Jones, C. A. L., et al. 2021, Estimating distances from parallaxes. V. Geometric distances to 1.47 billion stars in Gaia Early Data Release 3, AJ, 161, 147.",2021AJ....161..147B,https://doi.org/10.3847/1538-3881/abd806,exact_catalog_query,2026-09-24,,local path verified,,,https://doi.org/10.3847/1538-3881/abd806,10.3847/1538-3881/abd806,,https://doi.org/10.3847/1538-3881/abd806,stable link,Reachable in automated check
398,SIMBAD_AMHer,SIMBAD AM Her exact-object query,,,,,present_or_verified,"Exact-name SIMBAD query resolves V* AM Her, object type CV*, and Gaia DR3 2123837555230207744. The returned SIMBAD position is propagated ICRS epoch J2000; it is not FK5/J2000. Query response transcribed to [local artifact withheld]","Wenger, M., et al. 2000, The SIMBAD astronomical database. The CDS reference database for astronomical objects.",2000A&AS..143....9W,https://simbad.cds.unistra.fr/simbad/sim-id?Ident=AM%20Her,database_query,2026-09-24,,no local path supplied,,,https://simbad.cds.unistra.fr/simbad/sim-id?Ident=AM%20Her,,,https://simbad.cds.unistra.fr/simbad/sim-id?Ident=AM%20Her,stable link,Reachable in automated check
399,Gawronski+18_AMHer,Gawroński et al. (2018),,10.1093/mnras/stx3175,,,present_or_verified,"Six 5-GHz e-EVN astrometric epochs over one year; radio parallax 11.29 +/- 0.08 mas and radio flux about 0.18-0.37 mJy during mostly quiescent V~15.3 state. Donor-coronal kG field is an emission-mechanism hypothesis, not a measured surface field.","Gawroński, M. P., Goździewski, K., Katarzyński, K., & Rycyk, G. 2018, Another look at AM Herculis - radio-astrometric campaign with the e-EVN at 6 cm, MNRAS, 475, 1399-1410.",2018MNRAS.475.1399G,https://doi.org/10.1093/mnras/stx3175,original_full_text_checked_online,2026-09-24,,no local path supplied,,,https://doi.org/10.1093/mnras/stx3175,10.1093/mnras/stx3175,,https://doi.org/10.1093/mnras/stx3175,stable link,Automated access restricted
400,Dulk+83_AMHer,Dulk et al. (1983),,10.1086/161363,,,present_or_verified,"Local original PDF and extracted text checked. VLA observations 1982 July 7-9: 4.9-GHz quiescent flux 0.55 +/- 0.05 mJy; one 9.7 +/- 2.3 mJy, roughly 10-minute, nearly 100%-RHCP flare; 3-sigma upper limits at 1.4 and 15 GHz. Authors propose distinct quiescent and coherent-flare emission mechanisms.","Dulk, G. A., Bastian, T. S., & Chanmugam, G. 1983, Radio emission from AM Herculis: The quiescent component and an outburst, ApJ, 273, 249-254.",1983ApJ...273..249D,https://doi.org/10.1086/161363,original_full_text_checked_local_pdf,2026-09-24,,local path verified,,,https://doi.org/10.1086/161363,10.1086/161363,,https://doi.org/10.1086/161363,stable link,Automated access restricted
401,Young+81_AMHer,Young et al. (1981),,,,,present_or_verified,Original low-state optical spectroscopy checked locally. The approximately 13-MG Zeeman absorption is associated with the accreting polar-cap absorption region; their spectrum also identifies the red secondary as M4.5 V. Do not equate the restricted absorption region with a global WD mean field.,"Young, P., Schneider, D. P., & Shectman, S. A. 1981, AM Herculis: The magnetic maw uncloaks itself, ApJ, 245, 1043-1053.",1981ApJ...245.1043Y,https://ui.adsabs.harvard.edu/abs/1981ApJ...245.1043Y/abstract,original_full_text_checked_local_pdf,2026-09-24,,local path verified,,,https://ui.adsabs.harvard.edu/abs/1981ApJ...245.1043Y/abstract,,,https://ui.adsabs.harvard.edu/abs/1981ApJ...245.1043Y/abstract,stable link,Automated access restricted
402,WickramasingheMartin+85_AMHer,Wickramasinghe & Martin (1985),,,,,present_or_verified,Original low-state Zeeman line fits checked online. Centered-dipole fit has about 22-MG polar field but fits the inferred viewing geometry poorly; offset dipole with d/R=-0.17 and 22-MG reference dipole gives about 14-MG active-pole field and a better fit. These are geometry-dependent model fields.,"Wickramasinghe, D. T., & Martin, B. 1985, The magnetic field of AM Herculis, MNRAS, 212, 353-358.",1985MNRAS.212..353W,https://ui.adsabs.harvard.edu/abs/1985MNRAS.212..353W/abstract,original_full_text_checked_online,2026-09-24,,no local path supplied,,,https://ui.adsabs.harvard.edu/abs/1985MNRAS.212..353W/abstract,,,https://ui.adsabs.harvard.edu/abs/1985MNRAS.212..353W/abstract,stable link,Automated access restricted
403,Bailey+91_AMHer,Bailey et al. (1991),,,,,present_or_verified,"Original June 1990 UKIRT 1.0-2.5 micron low-state spectra checked. Bright-phase excess after subtracting the faint-phase M-dwarf spectrum gives cyclotron B=14.5 +/- 0.3 MG, electron temperature 8.5 +/- 0.5 keV, optical depth parameter 1-4 x 10^3, viewing angle 65 +/- 5 degrees; local accretion-region diagnostics, not global WD field.","Bailey, J., Ferrario, L., & Wickramasinghe, D. T. 1991, Cyclotron features in the infrared spectrum of AM Herculis, MNRAS, 251, 37p-40p.",1991MNRAS.251P..37B,https://ui.adsabs.harvard.edu/abs/1991MNRAS.251P..37B/abstract,original_full_text_checked_online,2026-09-24,,no local path supplied,,,https://ui.adsabs.harvard.edu/abs/1991MNRAS.251P..37B/abstract,,,https://ui.adsabs.harvard.edu/abs/1991MNRAS.251P..37B/abstract,stable link,Automated access restricted
404,Dai+13_AMHer,Dai et al. (2013),,10.1088/0004-637X/774/2/153,,,present_or_verified,"45 high-state eclipse/minimum timings spanning more than 35 years show sinusoidal O-C modulation with 12-15 yr cycle and 6-9 minute amplitude; authors discuss spots, light-travel-time and magnetic-activity interpretations. This is not a measured secular orbital-period derivative.","Dai, Z., Qian, S., & Li, L. 2013, Updated photometry and orbital period analysis for the polar AM Herculis on the upper edge of the period gap, ApJ, 774, 153.",2013ApJ...774..153D,https://doi.org/10.1088/0004-637X/774/2/153,original_full_text_checked_online,2026-09-24,,no local path supplied,,,https://doi.org/10.1088/0004-637X/774/2/153,10.1088/0004-637X/774/2/153,,https://doi.org/10.1088/0004-637X/774/2/153,stable link,Reachable in automated check
405,Southwell+95_AMHer,Southwell et al. (1995),,,,,present_or_verified,"Scanned original PDF rendered and OCR checked page by page. Far-red spectra from 1986; measured K2 and v sin i give an irradiation-biased q=M2/M1. Authors state uncorrected q is a lower limit and no corrected solution is well constrained; donor template M4-M6, not secure subtype.","Southwell, K. A., Still, M. D., Smith, R. C., & Martin, J. S. 1995, The mass ratio of the cataclysmic variable AM Herculis, A&A, 302, 90-98.",1995A&A...302...90S,https://ui.adsabs.harvard.edu/abs/1995A%26A...302...90S/abstract,original_full_text_checked_local_render,2026-09-24,,local path verified,,,https://ui.adsabs.harvard.edu/abs/1995A%26A...302...90S/abstract,,,https://ui.adsabs.harvard.edu/abs/1995A%26A...302...90S/abstract,stable link,Automated access restricted
406,DaveySmith+96_AMHer,Davey & Smith (1996),,,,,present_or_verified,"Original irradiated-donor surface mapping paper checked. Preferred inclination 45-60 degrees; q=0.6 and M2=0.26 Msun are modeling inputs used for surface maps, not independent dynamical determinations. No eclipse gives an approximate inclination ceiling 60-70 degrees.","Davey, S. C., & Smith, R. C. 1996, Spectroscopic imaging of the secondary star in AM Her, MNRAS, 280, 481-488.",1996MNRAS.280..481D,https://ui.adsabs.harvard.edu/abs/1996MNRAS.280..481D/abstract,original_full_text_checked_local_pdf,2026-09-24,,local path verified,,,https://ui.adsabs.harvard.edu/abs/1996MNRAS.280..481D/abstract,,,https://ui.adsabs.harvard.edu/abs/1996MNRAS.280..481D/abstract,stable link,Automated access restricted
407,Mason+24_AMHer,Mason et al. (2024),,10.3847/1538-4357/ad27d7,,,present_or_verified,"Original full paper checked locally. TESS/Wilson-Devinney low-state model gives i=50.2 +/-2.0 degrees and no-eclipse upper bound i<76 degrees. Table 1 compiles sequence donor M2=0.20 Msun, R2=0.289 Rsun and T2=3290 +/-70 K. Table 2 swaps M2/R2 values in its fixed-input entries and the text uses M2=0.289 Msun; this inconsistency is flagged rather than adopted.","Mason, P. A., et al. 2024, TESS Photometry of AM Her and AR UMa: Binary Parameters, Cyclotron Emission Modeling, and Mass Transfer Duty Cycles, ApJ, 965, 96.",2024ApJ...965...96M,https://doi.org/10.3847/1538-4357/ad27d7,original_full_text_checked_local_pdf,2026-09-24,,local path verified,,,https://doi.org/10.3847/1538-4357/ad27d7,10.3847/1538-4357/ad27d7,,https://doi.org/10.3847/1538-4357/ad27d7,stable link,Reachable in automated check
408,Silber+96_AMHer,Silber et al. (1996),,10.1086/177022,,,present_or_verified,"Primary abstract and searchable publisher metadata available; June 1992 low-state IUE/optical interpretation reports roughly 20,000-K WD, 35,000 +/-5,000-K hot region no larger than 8%, log g=8.0 +/-0.2, and Zeeman field near 13 MG. Full paper not independently inspected, so these values are not preferred over the full-text Gaensicke/Pala reanalysis or original Young+81 field record.","Silber, A. D., et al. 1996, IUE and optical observations of AM Herculis in its low state, ApJ, 460, 939-948.",1996ApJ...460..939S,https://doi.org/10.1086/177022,abstract_only_primary,2026-09-24,,no local path supplied,,,https://doi.org/10.1086/177022,10.1086/177022,,https://doi.org/10.1086/177022,stable link,Automated access restricted
409,Littlefield+15_V1432Aql,Littlefield et al. (2015),,10.1093/mnras/stv462,,https://arxiv.org/abs/1408.4207,original_full_text_checked_locally,"V1432 Aql full-text audit (2026-09-24): 28-month eclipse timing gives a linear orbital period 0.1402347644±0.0000000018 d and reports no significant orbital Pdot in that dataset; authors state their result does not contradict Boyd et al. (2014), which used a larger dataset. Cubic spin ephemeris coefficients and an exponential alternative both fit the spin timings; the beat is epoch-dependent. Full text checked locally.","Littlefield, C., Mukai, K., Mumme, R., et al. 2015, Periodic eclipse variations in asynchronous polar V1432 Aql: evidence of a shifting threading region, Monthly Notices of the Royal Astronomical Society, 449, 3107–3120.",2015MNRAS.449.3107L,https://doi.org/10.1093/mnras/stv462,original_full_text_checked_locally,2026-09-24,,local path verified,,https://arxiv.org/abs/1408.4207,https://doi.org/10.1093/mnras/stv462,10.1093/mnras/stv462,,https://arxiv.org/abs/1408.4207,download URL,Reachable in automated check
410,Shaw+20_V1432Aql,Shaw et al. (2020),,10.1093/mnras/staa2592,,https://arxiv.org/abs/2008.09684,original_full_text_checked_locally,"V1432 Aql full-text audit (2026-09-24): Table 1 documents NuSTAR ObsID 30460004002 on 2018 Apr 05 (27.2 ks); Table 2 gives Mwd=0.76(+0.09/−0.08) Msun from a post-shock-region model fitted to 20–78 keV NuSTAR data, with Rm=∞ for this polar. Paper states quoted spectral-fit uncertainties are 90% confidence.","Shaw, A. W., Heinke, C. O., Mukai, K., et al. 2020, Measuring the masses of magnetic white dwarfs: a NuSTAR Legacy Survey, Monthly Notices of the Royal Astronomical Society, 498, 3457–3471.",2020MNRAS.498.3457S,https://doi.org/10.1093/mnras/staa2592,original_full_text_checked_locally,2026-09-24,,local path verified,,https://arxiv.org/abs/2008.09684,https://doi.org/10.1093/mnras/staa2592,10.1093/mnras/staa2592,,https://arxiv.org/abs/2008.09684,download URL,Reachable in automated check
411,Patterson+95_V1432Aql,Patterson et al. (1995),,10.1086/133556,,https://doi.org/10.1086/133556,bibliography_and_secondary_report_checked_original_full_text_not_retrieved,"Cited by Schmidt & Stockman (2001) for detection of an M4 V secondary in I band and by later timing work for the eclipse/orbital period. The original PDF/full text was not retrieved in this pass; M4 V is retained as a reported classification, not independently verified from Patterson et al. (1995).","Patterson, J., Skillman, D. R., Thorstensen, J., & Hellier, C. 1995, The remarkable eclipsing asynchronous AM Herculis binary RX J19402−1025, Publications of the Astronomical Society of the Pacific, 107, 307–323.",1995PASP..107..307P,https://doi.org/10.1086/133556,secondary_report_original_inaccessible,2026-09-24,,no local path supplied,,https://doi.org/10.1086/133556,https://doi.org/10.1086/133556,10.1086/133556,,https://doi.org/10.1086/133556,stable link,Reachable in automated check
412,GaiaDR3+22_V1432Aql,"Gaia Collaboration (2022), exact DR3 source query",,10.26093/CDS/VIZIER.1355,,https://gea.esac.esa.int/tap-server/tap/sync,exact_gaia_dr3_source_id_query,Exact-source query and ADQL saved locally. Gaia DR3 astrometry is at reference epoch J2016.0; magnitude errors were propagated from catalog flux errors. Gaia single-star astrophysical parameters were not used as component measurements.,"Gaia Collaboration et al. 2022, Gaia DR3 main-source catalogue, VizieR Online Data Catalog I/355; exact source_id query for 4193346037615507968 retrieved 2026-09-24.",2022yCat.1355....0G,https://vizier.cds.unistra.fr/viz-bin/VizieR-5?-source=I/355/gaiadr3&Source=4193346037615507968,catalog_query_exact_source_id,2026-09-24,,local path verified,,https://gea.esac.esa.int/tap-server/tap/sync,https://vizier.cds.unistra.fr/viz-bin/VizieR-5?-source=I/355/gaiadr3&Source=4193346037615507968,10.26093/CDS/VIZIER.1355,,https://vizier.cds.unistra.fr/viz-bin/VizieR-5?-source=I/355/gaiadr3&Source=4193346037615507968,stable link,Reachable in automated check
413,SIMBAD_V1432Aql,SIMBAD exact identifier query (2026-09-24),,10.1051/aas:2000332,,https://simbad.cds.unistra.fr/simbad/sim-tap/sync,exact_object_and_identifier_queries,"SIMBAD TAP exact Gaia DR3 identifier returns the object V* V1432 Aql, object type CV*, object internal ID 2590339, and aliases including RX J1940.1−1025 and RX J1940.2−1025. Query text and output saved locally.","Wenger, M., Ochsenbein, F., Egret, D., et al. 2000, The SIMBAD astronomical database: the CDS reference database for astronomical objects, Astronomy and Astrophysics Supplement Series, 143, 9–22.",2000A&AS..143....9W,https://simbad.cds.unistra.fr/simbad/sim-id?Ident=V1432%20Aql,database_query,2026-09-24,,local path verified,,https://simbad.cds.unistra.fr/simbad/sim-tap/sync,https://simbad.cds.unistra.fr/simbad/sim-id?Ident=V1432%20Aql,10.1051/aas:2000332,,https://simbad.cds.unistra.fr/simbad/sim-id?Ident=V1432%20Aql,stable link,Reachable in automated check
414,GaiaDR3_J1955,"Gaia DR3 (2022), exact source_id query",,10.26093/CDS/VIZIER.1355,,https://vizier.cds.unistra.fr/viz-bin/VizieR?-source=I/355/gaiadr3,catalog_query_exact_source_id,"Exact string source_id 4240284979281473920 queried from Gaia DR3 I/355. Returned ICRS J2016.0 astrometry, formal errors, parallax/proper motion, G/BP/RP, Galactic coordinates and quality indicators. Stored local TAP result. Gaia single-star GSP-Phot parameters were queried separately and are not interpreted as component values.","Gaia Collaboration et al. 2023, Gaia Data Release 3: Summary of the content and survey properties, A&A, 674, A1; Gaia DR3 main-source catalog I/355 exact source query.",2023A&A...674A...1G,https://vizier.cds.unistra.fr/viz-bin/VizieR-4?-source=I/355/gaiadr3&Source=4240284979281473920,catalog_query_exact_source_id,2026-09-24,,local path verified,,https://vizier.cds.unistra.fr/viz-bin/VizieR?-source=I/355/gaiadr3,https://vizier.cds.unistra.fr/viz-bin/VizieR-4?-source=I/355/gaiadr3&Source=4240284979281473920,10.26093/CDS/VIZIER.1355,,https://vizier.cds.unistra.fr/viz-bin/VizieR-4?-source=I/355/gaiadr3&Source=4240284979281473920,stable link,Reachable in automated check
415,BailerJones+21_J1955,"Bailer-Jones et al. (2021), exact source query",,10.3847/1538-3881/abd806,,https://vizier.cds.unistra.fr/viz-bin/VizieR?-source=I/352/gedr3dis,catalog_query_exact_source_id,Exact Gaia EDR3 source_id query; geometric and photogeometric posterior medians plus 16th/84th percentile distances are kept separately. Geometric posterior used for the compatibility distance and M_G calculation.,"Bailer-Jones, C. A. L., et al. 2021, Estimating distances from parallaxes. V. Geometric and photogeometric distances to 1.47 billion stars in Gaia Early Data Release 3, AJ, 161, 147.",2021AJ....161..147B,https://vizier.cds.unistra.fr/viz-bin/VizieR-5?-source=I/352/gedr3dis&Source=4240284979281473920,catalog_query_exact_source_id,2026-09-24,,local path verified,,https://vizier.cds.unistra.fr/viz-bin/VizieR?-source=I/352/gedr3dis,https://vizier.cds.unistra.fr/viz-bin/VizieR-5?-source=I/352/gedr3dis&Source=4240284979281473920,10.3847/1538-3881/abd806,,https://vizier.cds.unistra.fr/viz-bin/VizieR-5?-source=I/352/gedr3dis&Source=4240284979281473920,stable link,Reachable in automated check
416,SIMBAD_J1955,"SIMBAD (queried 2026-09-24), exact identity query",,,,https://simbad.cds.unistra.fr/simbad/,database_query_exact_identifier,"Queries for IGR J19552+0044 and Gaia DR3 4240284979281473920 return the same CV* record and alias set, including 2MASS J19551247+0045365, TIC 228975750 and WISE J195512.47+004536.6. Used for identity cross-check only; physical classification was checked against the original papers.","SIMBAD Astronomical Database, exact object and identifier queries for IGR J19552+0044 / Gaia DR3 4240284979281473920, retrieved 2026-09-24; database reference Wenger et al. 2000, A&AS, 143, 9–22.",2000A&AS..143....9W,https://simbad.cds.unistra.fr/simbad/sim-id?Ident=IGR%20J19552%2B0044,database_query_alias_and_identifier,2026-09-24,,local path verified,,https://simbad.cds.unistra.fr/simbad/,https://simbad.cds.unistra.fr/simbad/sim-id?Ident=IGR%20J19552%2B0044,,,https://simbad.cds.unistra.fr/simbad/sim-id?Ident=IGR%20J19552%2B0044,stable link,Reachable in automated check
417,Babina+24_J1955_RU,"Babina et al. (2024), original Russian article",,10.54503/0571-7132-2024.67.2-161,,https://arar.sci.am/Content/376088/2024%2C2.pdf,original_full_text_checked_local_pdf,"Full Russian article checked, including timing tables/figures and conclusion. It reports spin period 0.05645351(14) d in the body/conclusion, a synodic period 2.0425(145) d in the figure, and says the long baseline does not determine a spin/orbit synchronization rate. The Russian abstract has a last-digit variant 0.05645350(14) d. Local PDF is the full May 2024 journal issue; source paper pp.161–173.","Babina, Yu. V., Pavlenko, E. P., Pyt, N. V., et al. 2024, Photometric study of the asynchronous polar IGR J19552+0044 in 2019–2022, Astrofizika, 67(2), 161–173.",2024Ap.....67..149B,https://doi.org/10.54503/0571-7132-2024.67.2-161,original_full_text_checked_local_pdf,2026-09-24,,local path verified,,https://arar.sci.am/Content/376088/2024%2C2.pdf,https://doi.org/10.54503/0571-7132-2024.67.2-161,10.54503/0571-7132-2024.67.2-161,,https://doi.org/10.54503/0571-7132-2024.67.2-161,stable link,Reachable in automated check
418,Babina+24_J1955_EN,"Babina et al. (2024), English translation record",,10.1007/s10511-024-09825-2,,https://link.springer.com/article/10.1007/s10511-024-09825-2,abstract_and_metadata_checked,"Springer English translation page and abstract checked; full text not available there. The complete Russian original was checked separately. Translation is Astrophysics 67(2), 149–160.","Babina, Yu. V., et al. 2024, Photometric Study of the Asynchronous Polar IGR J19552+0044 in 2019–2022, Astrophysics, 67(2), 149–160.",2024Ap.....67..149B,https://doi.org/10.1007/s10511-024-09825-2,abstract_only_translation_full_original_checked_separately,2026-09-24,,local path verified,,https://link.springer.com/article/10.1007/s10511-024-09825-2,https://doi.org/10.1007/s10511-024-09825-2,10.1007/s10511-024-09825-2,,https://doi.org/10.1007/s10511-024-09825-2,stable link,Reachable in automated check
419,Bruch+25_J1955,"Bruch (2025), J1955 section of IP catalog",,10.3847/1538-4365/addf41,,https://doi.org/10.3847/1538-4365/addf41,original_full_text_checked_online,Full article text for source section 3.2.57 and Table 3 checked through the author-posted ResearchGate text view; direct IOP PDF was blocked by anti-bot response and no local PDF is claimed. Table 3 gives two TESS spin periods; the section says the close spin/orbit periods make an asynchronous-polar interpretation preferable to an IP classification.,"Bruch, A. 2025, The Intermediate Polars: A Multi-Wavelength Catalog, ApJS, 279, 48.",2025ApJS..279...48B,https://doi.org/10.3847/1538-4365/addf41,original_full_text_checked_online_researchgate_publisher_pdf_blocked,2026-09-24,,no local path supplied,,https://doi.org/10.3847/1538-4365/addf41,https://doi.org/10.3847/1538-4365/addf41,10.3847/1538-4365/addf41,,https://doi.org/10.3847/1538-4365/addf41,stable link,Reachable in automated check
420,MukaiCharles+86_QQVul,Mukai & Charles (1986),,10.1093/mnras/222.1.1P,,https://articles.adsabs.harvard.edu/pdf/1986MNRAS.222P...1M,original_full_text_checked_local_pdf,"Same three-AM-Her paper retained under a QQ Vul-specific key for source-level joins; QQ Vul is identified in the paper as E2003+225. Checked the QQ Vul section and Table 3. Low-resolution TiO/template subtype M2–4 and model/template-based M3 estimate, Roche-lobe-filling ZAMS assumptions, R2=0.394 R_sun, M2=0.346 M_sun and distance >215 pc are not independent direct component measurements.","Mukai, K., & Charles, P. A. 1986, Detection of the secondary star in three AM Her systems, Monthly Notices of the Royal Astronomical Society, 222, 1P–8P.",1986MNRAS.222P...1M,https://doi.org/10.1093/mnras/222.1.1P,original_full_text_checked_local_pdf,2026-09-24,,local path verified,,https://articles.adsabs.harvard.edu/pdf/1986MNRAS.222P...1M,https://doi.org/10.1093/mnras/222.1.1P,10.1093/mnras/222.1.1P,,https://articles.adsabs.harvard.edu/pdf/1986MNRAS.222P...1M,download URL,Reachable in automated check
421,MukaiCharles+87_QQVul,Mukai & Charles (1987),,10.1093/mnras/226.1.209,,https://articles.adsabs.harvard.edu/pdf/1987MNRAS.226..209M,original_full_text_checked_local_pdf,"Original full text checked, including QQ Vul section and mass summary table. K2=209±28 km/s; Nousek inclination 60±14 deg is adopted for this estimate; M1=0.58 M_sun at alpha=1, with a conservative 0.32–1.18 M_sun range over alpha/inclination/K2 assumptions. M2=0.28 M_sun for assumed alpha=1 and a ZAMS donor mass-radius relation. The paper explicitly treats these component masses as assumption dependent.","Mukai, K., & Charles, P. A. 1987, Orbital motion of the secondary in three AM Her systems: evidence for low-mass white dwarfs, Monthly Notices of the Royal Astronomical Society, 226, 209–235.",1987MNRAS.226..209M,https://doi.org/10.1093/mnras/226.1.209,original_full_text_checked_local_pdf,2026-09-24,,local path verified,,https://articles.adsabs.harvard.edu/pdf/1987MNRAS.226..209M,https://doi.org/10.1093/mnras/226.1.209,10.1093/mnras/226.1.209,,https://articles.adsabs.harvard.edu/pdf/1987MNRAS.226..209M,download URL,Reachable in automated check
422,Nousek+84_QQVul,Nousek et al. (1984),,10.1086/161739,,https://articles.adsabs.harvard.edu/pdf/1984ApJ...277..682N,original_full_text_checked_local_pdf,"Original article checked. Establishes E2003+225 as an AM Her type system using optical emission, circular/linear polarization and soft X-rays; reports approximate 3 h 42 min clock and early inclination/model constraints. HEAO-1 and Einstein fluxes/blackbody temperatures refer to observed accretion-powered X-ray emission, not the WD photosphere.","Nousek, J. A., Takalo, L. O., Schmidt, G. D., Tapia, S., Hill, G. J., Bond, H. E., Grauer, A. D., Stern, R. A., & Agrawal, P. C. 1984, E2003 + 225: A 3h42m AM Herculis Type Binary System, The Astrophysical Journal, 277, 682–691.",1984ApJ...277..682N,https://doi.org/10.1086/161739,original_full_text_checked_local_pdf,2026-09-24,,local path verified,,https://articles.adsabs.harvard.edu/pdf/1984ApJ...277..682N,https://doi.org/10.1086/161739,10.1086/161739,,https://doi.org/10.1086/161739,stable link,Automated access restricted
423,Cropper+98Mass_QQVul,"Cropper, Ramsay & Wu (1998)",,10.1046/j.1365-8711.1998.00610.x,,https://articles.adsabs.harvard.edu/pdf/1998MNRAS.293..222C,original_full_text_checked_local_pdf,"Original Ginga hard-X-ray spectral mass paper checked. QQ Vul observed 1991 Apr 9–10; multi-temperature post-shock spectral model with warm absorber and optional reflection. WD mass is model derived: 1.13 (0.95–1.30) M_sun without reflection and 1.12 (0.95–1.30) M_sun with reflection, quoted 90% confidence. Not a dynamical mass; conflicts with lower optical/Roche-tomography estimates.","Cropper, M., Ramsay, G., & Wu, K. 1998, White dwarf masses in magnetic cataclysmic variables: multi-temperature fits to Ginga data, Monthly Notices of the Royal Astronomical Society, 293, 222–232.",1998MNRAS.293..222C,https://doi.org/10.1046/j.1365-8711.1998.00610.x,original_full_text_checked_local_pdf,2026-09-24,,local path verified,,https://articles.adsabs.harvard.edu/pdf/1998MNRAS.293..222C,https://doi.org/10.1046/j.1365-8711.1998.00610.x,10.1046/j.1365-8711.1998.00610.x,,https://articles.adsabs.harvard.edu/pdf/1998MNRAS.293..222C,download URL,Reachable in automated check
424,Catalan+99_QQVul,"Catalán, Schwope & Smith (1999)",,10.1046/j.1365-8711.1999.02972.x,,https://academic.oup.com/mnras/article/310/1/123/1015586,original_full_text_checked_local_pdf,"Publisher full text and original PDF checked, including Tables 1–4, footnotes, figures and conclusions. Directly classifies the donor as M4V from TiO ratios. Reports q and component parameters with an internal conflict: text/equation q=0.54±0.14 and convention M2/M1, while Table 4 labels q=M1/M2 and prints 0.54±0.08. Do not silently resolve this. Inclination and masses are model-derived from rotational broadening, K2 and assumed Roche geometry.","Catalán, M. S., Schwope, A. D., & Smith, R. C. 1999, Mapping the secondary star in QQ Vulpeculae, Monthly Notices of the Royal Astronomical Society, 310, 123–145.",1999MNRAS.310..123C,https://doi.org/10.1046/j.1365-8711.1999.02972.x,original_full_text_checked_local_pdf,2026-09-24,,local path verified,,https://academic.oup.com/mnras/article/310/1/123/1015586,https://doi.org/10.1046/j.1365-8711.1999.02972.x,10.1046/j.1365-8711.1999.02972.x,,https://doi.org/10.1046/j.1365-8711.1999.02972.x,stable link,Automated access restricted
425,Cropper+98Polarimetry_QQVul,"Cropper et al. (1998), polarimetry",,10.1046/j.1365-8711.1998.01333.x,,https://articles.adsabs.harvard.edu/pdf/1998MNRAS.295..353C,original_full_text_checked_local_pdf,"Original full ADS scan retrieved and checked on 2026-09-24. QQ Vul geometry discussion (Sect. 5) gives approximate i≈50 deg and magnetic-pole colatitude beta≈40 deg from simple relations to observed circular-polarization phases; not a full optimized fit or a 40–50 deg interval. The paper tests a candidate 40.5-d synodic/asynchronous signal but explicitly finds it inconclusive. A 30 MG field was assumed in one illustrative cyclotron model, not measured. Observations span 1983–1986; measurements/model assumptions are retained separately.","Cropper, M. 1998, Polarimetry of QQ Vul, Monthly Notices of the Royal Astronomical Society, 295, 353–359.",1998MNRAS.295..353C,https://doi.org/10.1046/j.1365-8711.1998.01333.x,original_full_text_checked_local_pdf,2026-09-24,,local path verified,,https://articles.adsabs.harvard.edu/pdf/1998MNRAS.295..353C,https://doi.org/10.1046/j.1365-8711.1998.01333.x,10.1046/j.1365-8711.1998.01333.x,,https://articles.adsabs.harvard.edu/pdf/1998MNRAS.295..353C,download URL,Reachable in automated check
426,GaiaDR3_QQVul,"Gaia Collaboration (2022), Gaia DR3",,10.26093/cds/vizier.1355,,https://vizier.cds.unistra.fr/viz-bin/asu-tsv?-source=I/355/gaiadr3&-out.max=2&Source=1833014187092198912,exact_source_catalog_query,"Exact Gaia DR3 source_id query retrieved from VizieR I/355 on 2026-09-24; source ID kept as text. The row includes astrometry, photometry, RUWE and pipeline flags. Gaia single-star astrophysical parameters in this row are blank; available Gaia flags are not component classifications.","Gaia Collaboration et al. 2022, Gaia Data Release 3: Summary of the content and survey properties, Astronomy & Astrophysics, 674, A1; Gaia DR3 data queried through VizieR I/355.",2022yCat.1355....0G,https://doi.org/10.26093/cds/vizier.1355,catalog_query_exact_source_id,2026-09-24,,local path verified,,https://vizier.cds.unistra.fr/viz-bin/asu-tsv?-source=I/355/gaiadr3&-out.max=2&Source=1833014187092198912,https://doi.org/10.26093/cds/vizier.1355,10.26093/cds/vizier.1355,,https://doi.org/10.26093/cds/vizier.1355,stable link,Reachable in automated check
427,BailerJones+21_QQVul,"Bailer-Jones et al. (2021), EDR3 distance",,10.3847/1538-3881/abd806,,https://vizier.cds.unistra.fr/viz-bin/asu-tsv?-source=I/352/gedr3dis&-out.max=2&Source=1833014187092198912,exact_source_catalog_query,Exact Gaia EDR3 source query retrieved from VizieR I/352 on 2026-09-24. Geometric and photogeometric posterior medians and 16th/84th percentiles are retained separately; parallax is not directly inverted.,"Bailer-Jones, C. A. L., et al. 2021, Estimating distances from parallaxes. V. Geometric and photogeometric distances to 1.47 billion stars in Gaia Early Data Release 3, The Astronomical Journal, 161, 147.",2021AJ....161..147B,https://doi.org/10.3847/1538-3881/abd806,catalog_query_exact_source_id,2026-09-24,,local path verified,,https://vizier.cds.unistra.fr/viz-bin/asu-tsv?-source=I/352/gedr3dis&-out.max=2&Source=1833014187092198912,https://doi.org/10.3847/1538-3881/abd806,10.3847/1538-3881/abd806,,https://doi.org/10.3847/1538-3881/abd806,stable link,Reachable in automated check
428,SIMBAD_QQVul,"SIMBAD query, QQ Vul",,,,https://simbad.cds.unistra.fr/simbad/sim-id?Ident=QQ+Vul,exact_name_and_identifier_database_queries,"Exact-name and exact Gaia DR3 identifier queries both resolve to V* QQ Vul (CV*) and the same object record. Alias list, J2000 coordinate, and Galactic coordinate taken from query output. SIMBAD spectral-type string M2 D lacks a traceable source in the result and is not adopted over the primary TiO classification.","SIMBAD Astronomical Database, exact object and identifier queries for QQ Vul / Gaia DR3 1833014187092198912, retrieved 2026-09-24.",,https://simbad.cds.unistra.fr/simbad/sim-id?Ident=QQ+Vul,database_query_exact_identifier_and_name,2026-09-24,,local path verified,,https://simbad.cds.unistra.fr/simbad/sim-id?Ident=QQ+Vul,https://simbad.cds.unistra.fr/simbad/sim-id?Ident=QQ+Vul,,,https://simbad.cds.unistra.fr/simbad/sim-id?Ident=QQ+Vul,stable link,Reachable in automated check
429,BookbinderLamb+87_AEAqr,Bookbinder & Lamb (1987),,10.1086/185072,,https://adsabs.harvard.edu/pdf/1987ApJ...323L.131B,original_full_text_checked_locally,"Original full ADS scan checked. VLA 1.4/4.9 GHz 1984-07-21 variable detections. Their mu≈7.5e30 G cm3 / mean B≈6e4 G assumes 1 Msun and R=5e8 cm; a model inference, not a field measurement.",Bookbinder & Lamb (1987),1987ApJ...323L.131B,https://adsabs.harvard.edu/pdf/1987ApJ...323L.131B,original_full_text_checked_locally,2026-09-24,,local path verified,,https://adsabs.harvard.edu/pdf/1987ApJ...323L.131B,https://adsabs.harvard.edu/pdf/1987ApJ...323L.131B,10.1086/185072,,https://adsabs.harvard.edu/pdf/1987ApJ...323L.131B,stable link,Reachable in automated check
430,Bastian+88_AEAqr,"Bastian, Dulk & Chanmugam (1988)",,10.1086/165906,,https://adsabs.harvard.edu/pdf/1988ApJ...324..431B,original_full_text_checked_locally,Original full ADS paper checked. VLA 1.5–22.5 GHz time-variable emission; expanding-plasmoid synchrotron interpretation is a model.,"Bastian, Dulk & Chanmugam (1988)",1988ApJ...324..431B,https://adsabs.harvard.edu/pdf/1988ApJ...324..431B,original_full_text_checked_locally,2026-09-24,,local path verified,,https://adsabs.harvard.edu/pdf/1988ApJ...324..431B,https://adsabs.harvard.edu/pdf/1988ApJ...324..431B,10.1086/165906,,https://adsabs.harvard.edu/pdf/1988ApJ...324..431B,stable link,Reachable in automated check
431,Echevarria+21_AEAqr,Ramírez & Echevarría (2021),,10.1093/mnras/stab2542,,https://academic.oup.com/mnras/article/508/1/665/6367154,original_full_text_checked_locally,Original full paper checked. Halpha wing K1 estimates are variable; mass solution is conditional on K2/i and authors retain 2008 mass set for tomography.,"Ramírez, S. H., & Echevarría, J. 2021, High-dispersion spectroscopy of AE Aquarii – II. Evidence of material orbiting the primary star, Monthly Notices of the Royal Astronomical Society, 508, 665–670.",2021MNRAS.508..665R,https://academic.oup.com/mnras/article/508/1/665/6367154,original_full_text_checked_locally,2026-09-24,,local path verified,,https://academic.oup.com/mnras/article/508/1/665/6367154,https://academic.oup.com/mnras/article/508/1/665/6367154,10.1093/mnras/stab2542,,https://academic.oup.com/mnras/article/508/1/665/6367154,stable link,Automated access restricted
432,Madzime+21_AEAqr,"Madzime (2021), MSc dissertation",,,,https://scholar.ufs.ac.za/items/a81881d2-7285-47c9-b967-696bde12fb96,institutional_repository_full_text_checked_not_peer_reviewed,Full UFS dissertation checked; single-session candidate 33.13 s MeerKAT signal is unconfirmed and not a peer-reviewed journal result.,"Madzime (2021), MSc dissertation",,https://scholar.ufs.ac.za/items/a81881d2-7285-47c9-b967-696bde12fb96,institutional_repository_full_text_checked_not_peer_reviewed,2026-09-24,,local path verified,,https://scholar.ufs.ac.za/items/a81881d2-7285-47c9-b967-696bde12fb96,https://scholar.ufs.ac.za/items/a81881d2-7285-47c9-b967-696bde12fb96,,,https://scholar.ufs.ac.za/items/a81881d2-7285-47c9-b967-696bde12fb96,stable link,Reachable in automated check
433,GaiaDR3+22_AEAqr,"Gaia Collaboration (2023), Gaia DR3",,10.1051/0004-6361/202243940,,https://vizier.cds.unistra.fr/viz-bin/VizieR-5?-source=I/355/gaiadr3&Source=4226332451596335616,exact_gaia_dr3_catalog_query,"Exact source_id query; Gaia native coordinates are ICRS epoch J2016.0. GSP-Phot outputs are single-star pipeline results, not component measurements in this binary.","Gaia Collaboration (2023), Gaia DR3",2023A&A...674A...1G,https://vizier.cds.unistra.fr/viz-bin/VizieR-5?-source=I/355/gaiadr3&Source=4226332451596335616,exact_gaia_dr3_catalog_query,2026-09-24,,local path verified,,https://vizier.cds.unistra.fr/viz-bin/VizieR-5?-source=I/355/gaiadr3&Source=4226332451596335616,https://vizier.cds.unistra.fr/viz-bin/VizieR-5?-source=I/355/gaiadr3&Source=4226332451596335616,10.1051/0004-6361/202243940,,https://vizier.cds.unistra.fr/viz-bin/VizieR-5?-source=I/355/gaiadr3&Source=4226332451596335616,stable link,Reachable in automated check
434,BailerJones+21_AEAqr,"Bailer-Jones et al. (2021), Gaia EDR3 distances",,10.3847/1538-3881/abd806,,https://vizier.cds.unistra.fr/viz-bin/VizieR-5?-source=I/352/gedr3dis&Source=4226332451596335616,exact_bailer_jones_edr3_source_id_query,"Exact source-ID distance query; geometric posterior used, parallax not inverted; photogeometric result retained separately.","Bailer-Jones et al. (2021), Gaia EDR3 distances",2021AJ....161..147B,https://vizier.cds.unistra.fr/viz-bin/VizieR-5?-source=I/352/gedr3dis&Source=4226332451596335616,exact_bailer_jones_edr3_source_id_query,2026-09-24,,local path verified,,https://vizier.cds.unistra.fr/viz-bin/VizieR-5?-source=I/352/gedr3dis&Source=4226332451596335616,https://vizier.cds.unistra.fr/viz-bin/VizieR-5?-source=I/352/gedr3dis&Source=4226332451596335616,10.3847/1538-3881/abd806,,https://vizier.cds.unistra.fr/viz-bin/VizieR-5?-source=I/352/gedr3dis&Source=4226332451596335616,stable link,Reachable in automated check
435,SIMBAD_AEAqr,SIMBAD exact identifier/source query,,,,https://simbad.cds.unistra.fr/simbad/sim-id?Ident=V*+AE+Aqr,exact_database_query_identity_crosscheck,Exact V* AE Aqr and Gaia DR3 source_id queries agree; identity database only.,SIMBAD exact identifier/source query,2000A&AS..143....9W,https://simbad.cds.unistra.fr/simbad/sim-id?Ident=V*+AE+Aqr,exact_database_query_identity_crosscheck,2026-09-24,,local path verified,,https://simbad.cds.unistra.fr/simbad/sim-id?Ident=V*+AE+Aqr,https://simbad.cds.unistra.fr/simbad/sim-id?Ident=V*+AE+Aqr,,,https://simbad.cds.unistra.fr/simbad/sim-id?Ident=V*+AE+Aqr,stable link,Reachable in automated check
436,SIMBAD_V388Peg,SIMBAD exact-name and Gaia DR3 identifier query (2026-09-24),,,,https://simbad.cds.unistra.fr/simbad/sim-id?Ident=V388%20Peg,exact_queries_saved,"Exact-name and exact Gaia DR3 identifier queries independently resolve to SIMBAD V* V388 Peg and Gaia DR3 2725143108496515840; aliases, J2000 ICRS position, proper motion, parallax, magnitudes and Galactic coordinates retained in the local query outputs. SIMBAD is a discovery/identity aid, not primary measurement provenance.","Wenger, M., Ochsenbein, F., Egret, D., et al. 2000, The SIMBAD astronomical database, Astronomy and Astrophysics Supplement Series, 143, 9–22.",2000A&AS..143....9W,https://simbad.cds.unistra.fr/simbad/sim-id?Ident=V388%20Peg,exact_database_query_identity_crosscheck,2026-09-24,,local path verified,,https://simbad.cds.unistra.fr/simbad/sim-id?Ident=V388%20Peg,https://simbad.cds.unistra.fr/simbad/sim-id?Ident=V388%20Peg,,,https://simbad.cds.unistra.fr/simbad/sim-id?Ident=V388%20Peg,stable link,Reachable in automated check
437,GaiaDR3_V388Peg,"Gaia Collaboration et al. (2022), exact Gaia DR3 source query",,10.26093/CDS/VIZIER.1355,,https://vizier.cds.unistra.fr/viz-bin/VizieR-5?-source=I/355/gaiadr3&Source=2725143108496515840,exact_source_id_query_saved,"Exact Gaia DR3 source 2725143108496515840 queried from VizieR table I/355/gaiadr3. Native ICRS epoch J2016.0 astrometry, broad-band photometry, RUWE, photometric excess and variable-source flag saved. Gaia single-star astrophysical fields are not adopted as binary-component properties.","Gaia Collaboration, Vallenari, A., Brown, A. G. A., et al. 2022, Gaia Data Release 3: Summary of the content and survey properties, Astronomy & Astrophysics, 674, A1.",2023A&A...674A...1G,https://vizier.cds.unistra.fr/viz-bin/VizieR-5?-source=I/355/gaiadr3&Source=2725143108496515840,catalog_query_exact_source_id,2026-09-24,,local path verified,,https://vizier.cds.unistra.fr/viz-bin/VizieR-5?-source=I/355/gaiadr3&Source=2725143108496515840,https://vizier.cds.unistra.fr/viz-bin/VizieR-5?-source=I/355/gaiadr3&Source=2725143108496515840,10.26093/CDS/VIZIER.1355,,https://vizier.cds.unistra.fr/viz-bin/VizieR-5?-source=I/355/gaiadr3&Source=2725143108496515840,stable link,Reachable in automated check
438,BailerJones+21_V388Peg,"Bailer-Jones et al. (2021), exact Gaia EDR3 distance row",,10.3847/1538-3881/abd806,,https://vizier.cds.unistra.fr/viz-bin/VizieR-5?-source=I/352/gedr3dis&Source=2725143108496515840,exact_source_id_query_saved,Exact Gaia EDR3 source-ID match. Geometric posterior median and 16th/84th percentiles retained separately from photogeometric posterior; no raw parallax inversion.,"Bailer-Jones, C. A. L., Rybizki, J., Fouesneau, M., Demleitner, M., & Andrae, R. 2021, Estimating distances from parallaxes. V. Geometric and photogeometric distances to 1.47 billion stars in Gaia EDR3, The Astronomical Journal, 161, 147.",2021AJ....161..147B,https://vizier.cds.unistra.fr/viz-bin/VizieR-5?-source=I/352/gedr3dis&Source=2725143108496515840,catalog_query_exact_source_id,2026-09-24,,local path verified,,https://vizier.cds.unistra.fr/viz-bin/VizieR-5?-source=I/352/gedr3dis&Source=2725143108496515840,https://vizier.cds.unistra.fr/viz-bin/VizieR-5?-source=I/352/gedr3dis&Source=2725143108496515840,10.3847/1538-3881/abd806,,https://vizier.cds.unistra.fr/viz-bin/VizieR-5?-source=I/352/gedr3dis&Source=2725143108496515840,stable link,Reachable in automated check
439,HarrisonCampbell+15_V388Peg,"Harrison & Campbell (2015), V388 Peg WISE analysis",,10.1088/0067-0049/219/2/32,,https://astronomy.nmsu.edu/tharriso/Harrison_2015_ApJS_219_32.pdf,present,"Original 80-page ApJS paper checked locally, including Sect. 3.32, Figures 48–49 and Tables 1, 4 and 6. WISE data have minimal phase coverage and were not plotted because WISE period is roughly half the spectroscopic period; W2 amplitude is about 0.8 mag. ~25 MG is conditional on attributing W2 humps to cyclotron emission; it is not an independent field measurement.","Harrison, T. E., & Campbell, R. K. 2015, The WISE Light Curves of Polars, The Astrophysical Journal Supplement Series, 219, 32.",2015ApJS..219...32H,https://doi.org/10.1088/0067-0049/219/2/32,original_full_text_checked_local_pdf,2026-09-24,,local path verified,,https://astronomy.nmsu.edu/tharriso/Harrison_2015_ApJS_219_32.pdf,https://doi.org/10.1088/0067-0049/219/2/32,10.1088/0067-0049/219/2/32,,https://doi.org/10.1088/0067-0049/219/2/32,stable link,Reachable in automated check
440,ZenginCamurdan+23_V388Peg,"Zengin Çamurdan (2023), publisher preview; full text inaccessible",,10.1016/j.newast.2022.101924,,https://www.sciencedirect.com/science/article/abs/pii/S1384107622001087,publisher_preview_only_full_text_inaccessible,"Publisher article preview, abstract and source-specific section snippets checked; full article/PDF was blocked by publisher access (403) and unavailable through the accessible copy. Verified only preview-accessible claims: April 2014 Swift data, Aug. 22–24 2014 T100 optical data, ~1.6 mag modulation, unabsorbed 0.3–10 keV flux 3.6e-12 erg cm-2 s-1 under assumed 30 keV bremsstrahlung, log Lx=32.3, and Mdot~1e-11 Msun/yr using assumed Mwd~0.7 Msun. The exact revised V388 Peg ephemeris and detailed spectral-fit table values could not be verified.","Zengin Çamurdan, D. 2023, X-ray and optical observations of two AM Her type cataclysmic variables: V388 Peg and V1189 Her, New Astronomy, 98, 101924.",,https://doi.org/10.1016/j.newast.2022.101924,publisher_abstract_and_section_snippets_only_full_text_inaccessible,2026-09-24,,no local path supplied,,https://www.sciencedirect.com/science/article/abs/pii/S1384107622001087,https://doi.org/10.1016/j.newast.2022.101924,10.1016/j.newast.2022.101924,,https://doi.org/10.1016/j.newast.2022.101924,stable link,Reachable in automated check
441,HernandezDiaz+25_V388Peg,"Hernández-Díaz et al. (2025), exact Gaia DR3/TIC table row",,10.1051/0004-6361/202554948,,https://arxiv.org/pdf/2510.09165,present_full_text_and_exact_table_row_checked,"Original A&A full text and CDS/VizieR Table A.1 exact Gaia DR3 row checked. V388 Peg appears as TIC 396821908, sector 55, Tmag=17.495±0.060; final LS period 202.756±0.010 min (ACF=202.4000 min; SINE/FS unavailable), CorrFlag=0; paper flags increasing unreliability for Tmag≳17.","Hernández-Díaz, S., Stelzer, B., Schwope, A. D., & Muñoz-Giraldo, P. 2025, A systematic search for orbital periods of polars with TESS: Methods, detection limits, and results, Astronomy & Astrophysics, 703, A166.",2025A&A...703A.166H,https://doi.org/10.1051/0004-6361/202554948,original_full_text_checked_local_pdf_and_CDS_table_exact_id_query,2026-09-24,,local path verified,,https://arxiv.org/pdf/2510.09165,https://doi.org/10.1051/0004-6361/202554948,10.1051/0004-6361/202554948,,https://arxiv.org/pdf/2510.09165,download URL,Reachable in automated check
442,Duffy+22_V388Peg,"Duffy et al. (2022), V388 Peg ZTF states",,10.1093/mnras/stac2482,,https://academic.oup.com/mnras/article/516/3/3144/6692883,original_publisher_full_text_checked,"Appendix B, Table B1 gives ZTF g/r mean, minimum and maximum magnitudes, 434 data points, and “Both” in the state-changes column. The table note defines this as both short-duration and long-duration state changes; it does not report a V388-specific event duration or observing date range.","Duffy, C., Ramsay, G., Wu, K., Mason, P. A., Hakala, P., Steeghs, D., & Wood, M. A. 2022, Short-duration accretion states of Polars as seen in TESS and ZTF data, Monthly Notices of the Royal Astronomical Society, 516, 3144–3158.",2022MNRAS.516.3144D,https://doi.org/10.1093/mnras/stac2482,original_publisher_full_text_and_Appendix_B_Table_B1_checked,2026-09-24,,local path verified,,https://academic.oup.com/mnras/article/516/3/3144/6692883,https://doi.org/10.1093/mnras/stac2482,10.1093/mnras/stac2482,,https://doi.org/10.1093/mnras/stac2482,stable link,Automated access restricted
443,Abrahams+22_V388Peg,"Abrahams et al. (2022), exact Gaia EDR3 table row",,10.3847/1538-4357/ac87ab,,https://cdsarc.cds.unistra.fr/viz-bin/ReadMe/J/ApJ/938/46?format=html&tex=true,exact_electronic_table_row_checked_article_not_rechecked,"Exact electronic Table 1 row for Gaia EDR3 2725143108496515840 (VSX V0388 Peg) lists Porb=3.3751 h, M_G=8.9869, and BP−RP=0.9965. This is a compiled Gaia/VSX cross-check, not an independent measurement; no new value is preferred from this table.","Abrahams, E. S., Bloom, J. S., Szkody, P., Rix, H.-W., & Mowlavi, N. 2022, Informing the cataclysmic variable sequence from Gaia data: the orbital-period-color-absolute-magnitude relationship, The Astrophysical Journal, 938, 46.",2022ApJ...938...46A,https://doi.org/10.3847/1538-4357/ac87ab,exact_VizieR_electronic_Table_1_row_checked_article_full_text_not_rechecked,2026-09-24,,local path verified,,https://cdsarc.cds.unistra.fr/viz-bin/ReadMe/J/ApJ/938/46?format=html&tex=true,https://doi.org/10.3847/1538-4357/ac87ab,10.3847/1538-4357/ac87ab,,https://doi.org/10.3847/1538-4357/ac87ab,stable link,Reachable in automated check
444,Pelisoli+24_V388Peg,"Pelisoli et al. (2024), V388 Peg radio compilation",,10.1093/mnras/stae1275,,https://academic.oup.com/mnras/article/531/1/1805/7675517,original_full_text_checked_secondary_compilation,"Appendix A, Table A1 repeats the highest previously reported V388 Peg X-band flux density, 34±5 μJy, citing Barrett et al. (2020). This is a literature compilation, not an independent radio detection.","Pelisoli, I., Chomiuk, L., Strader, J., Marsh, T. R., Aydi, E., Dage, K. C., Kyer, R., Molina, I., Panurach, T., Urquhart, R., Maccarone, T. J., & Rich, R. M. 2024, A survey for radio emission from white dwarfs in the VLA Sky Survey, Monthly Notices of the Royal Astronomical Society, 531, 1805–1822.",2024MNRAS.531.1805P,https://doi.org/10.1093/mnras/stae1275,original_full_text_and_Appendix_A_Table_A1_checked,2026-09-24,,local path verified,,https://academic.oup.com/mnras/article/531/1/1805/7675517,https://doi.org/10.1093/mnras/stae1275,10.1093/mnras/stae1275,,https://doi.org/10.1093/mnras/stae1275,stable link,Automated access restricted
445,Barlow+06_V2400Oph,Barlow et al. (2006),,10.1111/j.1365-2966.2006.10836.x,,,present,INTEGRAL/IBIS hard-X-ray temperature; mass is separately derived by Brunschweiger+09 using Aizu conversion.,"Barlow, E. J., Knigge, C., Bird, A. J., et al. 2006, MNRAS, 372, 224–238.",2006MNRAS.372..224B,https://doi.org/10.1111/j.1365-2966.2006.10836.x,original_full_text_checked_locally,2026-09-24,,local path verified,,,https://doi.org/10.1111/j.1365-2966.2006.10836.x,10.1111/j.1365-2966.2006.10836.x,,https://doi.org/10.1111/j.1365-2966.2006.10836.x,stable link,Automated access restricted
446,Brunschweiger+09_V2400Oph,Brunschweiger et al. (2009),,10.1051/0004-6361/200811285,,,present,Swift/BAT post-shock model mass and separate Aizu-converted Barlow+06 temperature estimate retained.,"Brunschweiger, J., Greiner, J., Ajello, M., & Osborne, J. 2009, A&A, 496, 121–127.",2009A&A...496..121B,https://doi.org/10.1051/0004-6361/200811285,original_full_text_checked_locally,2026-09-24,,local path verified,,,https://doi.org/10.1051/0004-6361:200810425,10.1051/0004-6361:200810425,Corrected the A&A DOI to the DOI printed on the original article.,https://doi.org/10.1051/0004-6361/200811285,stable link,Automated access restricted
447,Yuasa+10_V2400Oph,Yuasa et al. (2010),,10.1051/0004-6361/201014542,,,present,Suzaku XIS/HXD partial-covering and post-shock model; Table 3 WD mass.,"Yuasa, T., Makishima, K., Nakazawa, K., et al. 2010, A&A, 520, A25.",2010A&A...520A..25Y,https://doi.org/10.1051/0004-6361/201014542,original_full_text_checked_locally,2026-09-24,,local path verified,,,https://doi.org/10.1051/0004-6361/201014542,10.1051/0004-6361/201014542,,https://doi.org/10.1051/0004-6361/201014542,stable link,Automated access restricted
448,Suleimanov+19_V2400Oph,Suleimanov et al. (2019),,10.1093/mnras/sty2952,,,present,Accepted arXiv full text checked; PSR model and corotation assumptions apply.,"Suleimanov, V., Doroshenko, V., & Werner, K. 2019, MNRAS, 482, 3622–3635.",2019MNRAS.482.3622S,https://doi.org/10.1093/mnras/sty2952,original_accepted_full_text_checked_locally,2026-09-24,,local path verified,,,https://doi.org/10.1093/mnras/sty2952,10.1093/mnras/sty2952,,https://doi.org/10.1093/mnras/sty2952,stable link,Automated access restricted
449,XuYuLi+19_V2400Oph,"Xu, Yu, & Li (2019)",,10.3847/1538-4357/ab1fe1,,,present,NuSTAR/Suzaku continuum and Fe-line ratio mass estimates.,"Xu, X., Yu, S., & Li, Z. 2019, ApJ, 878, 53.",2019ApJ...878...53X,https://doi.org/10.3847/1538-4357/ab1fe1,original_full_text_checked_locally,2026-09-24,,local path verified,,,https://doi.org/10.3847/1538-4357/ab1fe1,10.3847/1538-4357/ab1fe1,,https://doi.org/10.3847/1538-4357/ab1fe1,stable link,Reachable in automated check
450,Shaw+20_V2400Oph,Shaw et al. (2020),,10.1093/mnras/staa2592,,,present,NuSTAR PSR mass; corotation/magnetospheric-radius assumption used without break-frequency detection.,"Shaw, A. W., Heinke, C. O., Mullaney, J. R., et al. 2020, MNRAS, 498, 3457–3469.",2020MNRAS.498.3457S,https://doi.org/10.1093/mnras/staa2592,original_full_text_checked_locally,2026-09-24,,local path verified,,,https://doi.org/10.1093/mnras/staa2592,10.1093/mnras/staa2592,,https://doi.org/10.1093/mnras/staa2592,stable link,Automated access restricted
451,Hayashi+23_V2400Oph,Hayashi et al. (2023),,10.3847/1538-4357/acd001,,,present,Chandra HETG line-redshift WD mass lower bound is model dependent.,"Hayashi, T., Kitaguchi, T., & Ishida, M. 2023, ApJ, 953, 30.",2023ApJ...953...30H,https://doi.org/10.3847/1538-4357/acd001,original_full_text_checked_locally,2026-09-24,,local path verified,,,https://doi.org/10.3847/1538-4357/acd001,10.3847/1538-4357/acd001,,https://doi.org/10.3847/1538-4357/acd001,stable link,Reachable in automated check
452,Joshi+19_V2400Oph,Joshi et al. (2019),,10.3847/1538-3881/ab1ea6,,,metadata_only,Original full text not retrieved; specific timing/state claims are secondary-reported through Langford+22.,"Joshi, A., Pandey, J. C., & Singh, H. P. 2019, AJ, 158, 11.",2019AJ....158...11J,https://doi.org/10.3847/1538-3881/ab1ea6,abstract_and_secondary_report_only,2026-09-24,,no local path supplied,,,https://doi.org/10.3847/1538-3881/ab1ea6,10.3847/1538-3881/ab1ea6,,https://doi.org/10.3847/1538-3881/ab1ea6,stable link,Reachable in automated check
453,Revnivtsev+04_V2400Oph,Revnivtsev et al. (2004),,10.1134/1.1819495,,,metadata_only,ADS scanned full text inaccessible (HTTP 403); model mass/radius details are secondary-reported.,"Revnivtsev, M., Lutovinov, A., Suleimanov, V., et al. 2004, Astronomy Letters, 30, 772–778.",2004AstL...30..772R,https://doi.org/10.1134/1.1819495,abstract_and_secondary_report_only,2026-09-24,,no local path supplied,,,https://doi.org/10.1134/1.1819495,10.1134/1.1819495,,https://doi.org/10.1134/1.1819495,stable link,Reachable in automated check
454,SIMBAD_V2400Oph,SIMBAD V2400 Oph exact object query,,10.1051/aas:2000332,,,metadata_only,"Exact name and Gaia DR3 identifier queries; aliases, class, astrometry and positional match checked 2026-09-24.","Wenger, M., Ochsenbein, F., Egret, D., et al. 2000, A&AS, 143, 9–22; SIMBAD V2400 Oph object record.",2000A&AS..143....9W,https://simbad.cds.unistra.fr/simbad/sim-id?Ident=V2400%20Oph,exact_name_and_identifier_database_queries_checked,2026-09-24,,no local path supplied,,,https://simbad.cds.unistra.fr/simbad/sim-id?Ident=V2400%20Oph,10.1051/aas:2000332,,https://simbad.cds.unistra.fr/simbad/sim-id?Ident=V2400%20Oph,stable link,Reachable in automated check
455,4XMMDR11_V2400Oph,4XMM-DR11 exact-source VizieR query,,,,,metadata_only,"Exact query around Gaia DR3 4112610784274894208; source 4XMM J171236.3-241444, 0.42 arcsec offset, two detections, variable flag V=1; native 0.2–12 keV flux retained separately.","XMM-Newton Survey Science Centre, 4XMM-DR11 Serendipitous Source Catalogue, VizieR IX/65, slim-source table.",,https://vizier.cds.unistra.fr/viz-bin/VizieR?-source=IX/65/xmm4d11s,catalog_query_exact_source_position,2026-09-24,,no local path supplied,,,https://vizier.cds.unistra.fr/viz-bin/VizieR?-source=IX/65/xmm4d11s,,,https://vizier.cds.unistra.fr/viz-bin/VizieR?-source=IX/65/xmm4d11s,stable link,Reachable in automated check
456,NASAIPHome_V2400Oph,"NASA/GSFC Intermediate Polar Home Page, V2400 Oph",,,,,metadata_only,Secondary context for IP classification and period/distance caveats; not used as original measurement.,"Mukai, K., Intermediate Polar Home Page, V2400 Oph source record.",,https://asd.gsfc.nasa.gov/Koji.Mukai/iphome/iphome.html,secondary_catalog_page_checked,2026-09-24,,no local path supplied,,,https://asd.gsfc.nasa.gov/Koji.Mukai/iphome/sources/v2400oph.html,,"Replaced the unavailable source-specific page with the current official NASA IP Home page, which lists V2400 Oph.",https://asd.gsfc.nasa.gov/Koji.Mukai/iphome/iphome.html,stable link,Reachable in automated check
457,GaiaDR3_RXAnd,"Gaia Collaboration (2022), Gaia DR3 exact source query",,,,,exact_source_query_saved,Gaia DR3 exact source_id 374510294830244992 from VizieR I/355 and Gaia Archive. Query retrieved 2026-09-24. Native coordinates are ICRS epoch 2016.0; appended RAJ2000/DEJ2000 columns state ICRS epoch 2000.0 while the VizieR response Coosys header states FK5/J2000.,"Gaia Collaboration et al. 2022, Gaia Data Release 3, VizieR Online Data Catalog, I/355.",2022yCat.1355....0G,https://vizier.cds.unistra.fr/viz-bin/VizieR-4?-source=I/355/gaiadr3&Source=374510294830244992,exact_Gaia_DR3_source_id_query_and_archive_quality_row_checked,2026-09-24,,local path verified,,,https://vizier.cds.unistra.fr/viz-bin/VizieR-4?-source=I/355/gaiadr3&Source=374510294830244992,,,https://vizier.cds.unistra.fr/viz-bin/VizieR-4?-source=I/355/gaiadr3&Source=374510294830244992,stable link,Reachable in automated check
458,BailerJones+21_RXAnd,"Bailer-Jones et al. (2021), RX And exact EDR3 distance query",,10.3847/1538-3881/abd806,,,exact_source_query_saved,Exact Gaia EDR3 source_id 374510294830244992 query to VizieR I/352/gedr3dis; geometric and photogeometric posterior quantiles retained separately. No parallax inversion.,"Bailer-Jones, C. A. L., Rybizki, J., Fouesneau, M., Demleitner, M., & Andrae, R. 2021, Estimating distances from parallaxes. V. Geometric and photogeometric distances to 1.47 billion stars in Gaia Early Data Release 3, AJ, 161, 147.",2021AJ....161..147B,https://vizier.cds.unistra.fr/viz-bin/VizieR-4?-source=I/352/gedr3dis&Source=374510294830244992,exact_Bailer-Jones_EDR3_source_id_query_checked,2026-09-24,,local path verified,,,https://vizier.cds.unistra.fr/viz-bin/VizieR-4?-source=I/352/gedr3dis&Source=374510294830244992,10.3847/1538-3881/abd806,,https://vizier.cds.unistra.fr/viz-bin/VizieR-4?-source=I/352/gedr3dis&Source=374510294830244992,stable link,Reachable in automated check
459,SIMBAD_RXAnd,SIMBAD exact RX And record and identifiers,,10.1051/aas:2000332,,,exact_TAP_queries_saved,"Exact SIMBAD TAP object-name and Gaia DR3 identifier query. Both resolve to V* RX And, object type CV*; identifier list includes Gaia DR3 374510294830244992. Data query date 2026-09-24.","Wenger, M., Ochsenbein, F., Egret, D., et al. 2000, The SIMBAD astronomical database: the CDS reference database for astronomical objects, A&AS, 143, 9–22.",2000A&AS..143....9W,https://simbad.cds.unistra.fr/simbad/sim-id?Ident=V*%20RX%20And,exact_object_name_and_identifier_queries_checked,2026-09-24,,local path verified,,,https://simbad.cds.unistra.fr/simbad/sim-id?Ident=V*%20RX%20And,10.1051/aas:2000332,,https://simbad.cds.unistra.fr/simbad/sim-id?Ident=V*%20RX%20And,stable link,Reachable in automated check
460,2SXPS_RXAnd,"Evans et al. (2020), exact 2SXPS RX And query",,10.3847/1538-4365/ab7db9,,,exact_VizieR_query_saved,"Exact VizieR IX/58/2sxps cone query about Gaia DR3 position; 2SXPS J010435.5+411756 (ID 94705), offset 1.21 arcsec, 3.5 arcsec 90% radial position uncertainty. Retain model-dependent catalogue flux fields and their explicit 0.3–10 keV band/convention.","Evans, P. A., Page, K. L., Osborne, J. P., et al. 2020, 2SXPS: An improved and expanded Swift X-ray telescope point-source catalog, ApJS, 247, 54.",2020ApJS..247...54E,https://vizier.cds.unistra.fr/viz-bin/VizieR-4?-source=IX/58/2sxps&-c=16.14809426617+41.29928403488&-c.rm=1&-out.all=1,exact_VizieR_source_match_and_catalogue_ReadMe_checked,2026-09-24,,local path verified,,,https://vizier.cds.unistra.fr/viz-bin/VizieR-4?-source=IX/58/2sxps&-c=16.14809426617+41.29928403488&-c.rm=1&-out.all=1,10.3847/1538-4365/ab7db9,,https://vizier.cds.unistra.fr/viz-bin/VizieR-4?-source=IX/58/2sxps&-c=16.14809426617+41.29928403488&-c.rm=1&-out.all=1,stable link,Reachable in automated check
461,GaiaDR3_TTAri,Gaia DR3 exact TT Ari query,,10.1051/0004-6361/202243940,,https://vizier.cds.unistra.fr/viz-bin/VizieR-5?-source=I/355/gaiadr3&Source=78395045917118976,exact_source_query_saved,"Exact source ID 78395045917118976; astrometry, parallax, PM, G/BP/RP, variability/quality checked. Native ICRS epoch 2016; epoch-2000 query position is propagated ICRS, not FK5.","Gaia Collaboration, Vallenari, A., et al. 2023, “Gaia Data Release 3: Summary of the content and survey properties,” A&A, 674, A1.",2023A&A...674A...1G,https://doi.org/10.1051/0004-6361/202243940,exact_Gaia_DR3_source_query_saved,2026-09-24,,local path verified,,https://vizier.cds.unistra.fr/viz-bin/VizieR-5?-source=I/355/gaiadr3&Source=78395045917118976,https://doi.org/10.1051/0004-6361/202243940,10.1051/0004-6361/202243940,,https://vizier.cds.unistra.fr/viz-bin/VizieR-5?-source=I/355/gaiadr3&Source=78395045917118976,download URL,Reachable in automated check
462,BailerJones+21_TTAri,"Bailer-Jones et al. (2021), exact TT Ari EDR3 distance",,10.1051/0004-6361/202039995,,https://vizier.cds.unistra.fr/viz-bin/VizieR-5?-source=I/352/gedr3dis&Source=78395045917118976,exact_source_query_saved,"Geometric 247.021927 pc [244.688126,248.981735]; photogeometric 246.327744 pc [244.811371,248.077469]. Geometric adopted; no parallax inversion.","Bailer-Jones, C. A. L., Rybizki, J., Fouesneau, M., Demleitner, M., & Andrae, R. 2021, “Estimating distances from parallaxes. V. Geometric and photogeometric distances to 1.47 billion stars in Gaia Early Data Release 3,” A&A, 646, A69.",2021A&A...646A..69B,https://doi.org/10.1051/0004-6361/202039995,exact_EDR3_geometric_and_photogeometric_query_saved,2026-09-24,,local path verified,,https://vizier.cds.unistra.fr/viz-bin/VizieR-5?-source=I/352/gedr3dis&Source=78395045917118976,https://doi.org/10.1051/0004-6361/202039995,10.1051/0004-6361/202039995,,https://vizier.cds.unistra.fr/viz-bin/VizieR-5?-source=I/352/gedr3dis&Source=78395045917118976,download URL,Reachable in automated check
463,SIMBAD_TTAri,SIMBAD exact TT Ari identifiers,,10.1051/aas:2000332,,https://simbad.u-strasbg.fr/simbad/sim-id?Ident=V*+TT+Ari,exact_source_query_saved,"SIMBAD returns V* TT Ari, type CV*, with Gaia DR3 78395045917118976 among identifiers.","Wenger, M., et al. 2000, “The SIMBAD astronomical database,” A&AS, 143, 9–22.",2000A&AS..143....9W,https://simbad.u-strasbg.fr/simbad/sim-id?Ident=V*+TT+Ari,exact_SIMBAD_query_saved,2026-09-24,,local path verified,,https://simbad.u-strasbg.fr/simbad/sim-id?Ident=V*+TT+Ari,https://simbad.u-strasbg.fr/simbad/sim-id?Ident=V*+TT+Ari,10.1051/aas:2000332,,https://simbad.u-strasbg.fr/simbad/sim-id?Ident=V*+TT+Ari,stable link,Reachable in automated check
464,2SXPS_TTAri,Swift 2SXPS exact TT Ari catalogue query,,10.3847/1538-4365/ab7db9,,https://vizier.cds.unistra.fr/viz-bin/VizieR-5?-source=IX/58/2sxps&-c=31.72112157741%2B15.29485318618&-c.rm=1&-out.all=1,exact_source_query_saved,"Exact query returns 2SXPS ID 78027. Mean 0.3–10 keV count-rate/flux; power-law flux products; NHg is Galactic line-of-sight estimate. Gam1=1.664, Pow=2, HasSpec=0; flag provenance queued.","Evans, P. A., Page, K. L., Osborne, J. P., et al. 2020, “The Swift X-Ray Telescope Point Source Catalogue (2SXPS),” ApJS, 247, 54.",2020ApJS..247...54E,https://vizier.cds.unistra.fr/viz-bin/cat/IX/58,exact_VizieR_cone_query_saved,2026-09-24,,local path verified,,https://vizier.cds.unistra.fr/viz-bin/VizieR-5?-source=IX/58/2sxps&-c=31.72112157741%2B15.29485318618&-c.rm=1&-out.all=1,https://vizier.cds.unistra.fr/viz-bin/cat/IX/58,10.3847/1538-4365/ab7db9,,https://vizier.cds.unistra.fr/viz-bin/cat/IX/58,stable link,Reachable in automated check
465,GaiaDR3_IMEri,"Gaia Collaboration (2022), Gaia DR3 exact-source query",,10.26093/cds/vizier.1355,,https://vizier.cds.unistra.fr/viz-bin/VizieR-5?-source=I/355/gaiadr3&Source=5091939988633728640,exact_source_id_query_saved,"Exact Gaia DR3 source_id 5091939988633728640 queried from VizieR I/355. Native coordinates are ICRS J2016.0; epoch-2000 coordinates are propagated ICRS, not FK5. Parallax, proper motion, G/BP/RP, RUWE and phot_variable_flag checked. Gaia single-star astrophysical parameters are not treated as binary component properties.","Gaia Collaboration et al. 2022, Gaia Data Release 3, VizieR Online Data Catalog, I/355.",2022yCat.1355....0G,https://vizier.cds.unistra.fr/viz-bin/VizieR-5?-source=I/355/gaiadr3&Source=5091939988633728640,exact_Gaia_DR3_source_id_query_checked,2026-09-24,,local path verified,,https://vizier.cds.unistra.fr/viz-bin/VizieR-5?-source=I/355/gaiadr3&Source=5091939988633728640,https://vizier.cds.unistra.fr/viz-bin/VizieR-5?-source=I/355/gaiadr3&Source=5091939988633728640,10.26093/cds/vizier.1355,,https://vizier.cds.unistra.fr/viz-bin/VizieR-5?-source=I/355/gaiadr3&Source=5091939988633728640,stable link,Reachable in automated check
466,BailerJones+21_IMEri,"Bailer-Jones et al. (2021), Gaia EDR3 distances",,10.3847/1538-3881/abd806,,https://vizier.cds.unistra.fr/viz-bin/VizieR-5?-source=I/352/gedr3dis&Source=5091939988633728640,exact_source_id_query_saved,"Exact Gaia EDR3 source_id query in VizieR I/352/gedr3dis. Geometric posterior median 185.472458 pc, p16=184.563034 and p84=186.447891; photogeometric posterior retained separately. No parallax inversion.","Bailer-Jones, C. A. L., Rybizki, J., Fouesneau, M., Demleitner, J., & Andrae, R. 2021, Estimating distances from parallaxes. V. Geometric and photogeometric distances to 1.47 billion stars in Gaia Early Data Release 3, AJ, 161, 147.",2021AJ....161..147B,https://doi.org/10.3847/1538-3881/abd806,exact_Bailer-Jones_EDR3_source_id_query_checked,2026-09-24,,local path verified,,https://vizier.cds.unistra.fr/viz-bin/VizieR-5?-source=I/352/gedr3dis&Source=5091939988633728640,https://doi.org/10.3847/1538-3881/abd806,10.3847/1538-3881/abd806,,https://doi.org/10.3847/1538-3881/abd806,stable link,Reachable in automated check
467,GaiaDR2_IMEri,"Gaia Collaboration (2018), Gaia DR2 exact-source query",,10.26093/cds/vizier.1345,,https://vizier.cds.unistra.fr/viz-bin/VizieR-5?-source=I/345/gaia2&Source=5091939988633728640,exact_source_id_query_saved,"Exact DR2 source query for same Gaia numeric source ID, retained only to explain Hewitt+20 legacy distance. DR2 parallax 5.2311 +/- 0.0393 mas; duplicated_source flag is true.","Gaia Collaboration et al. 2018, Gaia Data Release 2, VizieR Online Data Catalog, I/345.",2018yCat.1345....0G,https://vizier.cds.unistra.fr/viz-bin/VizieR-5?-source=I/345/gaia2&Source=5091939988633728640,exact_Gaia_DR2_source_id_query_checked,2026-09-24,,local path verified,,https://vizier.cds.unistra.fr/viz-bin/VizieR-5?-source=I/345/gaia2&Source=5091939988633728640,https://vizier.cds.unistra.fr/viz-bin/VizieR-5?-source=I/345/gaia2&Source=5091939988633728640,10.26093/cds/vizier.1345,,https://vizier.cds.unistra.fr/viz-bin/VizieR-5?-source=I/345/gaia2&Source=5091939988633728640,stable link,Reachable in automated check
468,BailerJones+18_IMEri,"Bailer-Jones et al. (2018), Gaia DR2 distances",,10.3847/1538-3881/aacb21,,https://vizier.cds.unistra.fr/viz-bin/VizieR-5?-source=I/347/gaia2dis&Source=5091939988633728640,exact_source_id_query_saved,"Exact Gaia DR2 distance posterior query. Geometric posterior median 190.127720 pc, p16=188.707660 and p84=191.568928; kept separate from Hewitt+20 inverse-parallax distance and from EDR3 posterior.","Bailer-Jones, C. A. L., et al. 2018, Estimating distances from parallaxes. IV. Distances to 1.33 billion stars in Gaia Data Release 2, AJ, 156, 58.",2018AJ....156...58B,https://doi.org/10.3847/1538-3881/aacb21,exact_Gaia_DR2_distance_source_id_query_checked,2026-09-24,,local path verified,,https://vizier.cds.unistra.fr/viz-bin/VizieR-5?-source=I/347/gaia2dis&Source=5091939988633728640,https://doi.org/10.3847/1538-3881/aacb21,10.3847/1538-3881/aacb21,,https://doi.org/10.3847/1538-3881/aacb21,stable link,Reachable in automated check
469,SIMBAD_IMEri,SIMBAD exact-name and identifier query for IM Eri,,10.1051/aas:2000332,,https://simbad.cds.unistra.fr/simbad/sim-id?Ident=V%2A+IM+Eri,exact_name_and_identifiers_query_saved,"SIMBAD exact main object V* IM Eri resolves to the same Gaia DR3 source ID and aliases EC 04224-2014, 1RXS J042440.9-200715 and TYC 5896-80-1. Database record used for identity cross-check only; not a primary physical measurement.","Wenger, M., et al. 2000, The SIMBAD astronomical database. The CDS reference database for astronomical objects, A&AS, 143, 9–22.",2000A&AS..143....9W,https://simbad.cds.unistra.fr/simbad/sim-id?Ident=V%2A+IM+Eri,exact_SIMBAD_name_and_identifiers_queries_checked,2026-09-24,,local path verified,,https://simbad.cds.unistra.fr/simbad/sim-id?Ident=V%2A+IM+Eri,https://simbad.cds.unistra.fr/simbad/sim-id?Ident=V%2A+IM+Eri,10.1051/aas:2000332,,https://simbad.cds.unistra.fr/simbad/sim-id?Ident=V%2A+IM+Eri,stable link,Reachable in automated check
470,2RXS_IMEri,"Boller et al. (2016), exact 2RXS row for IM Eri",,10.1051/0004-6361/201525648,,https://vizier.cds.unistra.fr/viz-bin/VizieR-5?-source=IX/58/2rxs,catalog_source_row_and_ReadMe_checked,"Exact matched source 2RXS J042440.8-200714 at 3.93 arcsec from the SIMBAD/Gaia position; 41.93 +/- 7.263 counts, count rate 0.1160 +/- 0.0201 ct s-1, exposure 361.59 s, HR1=0.394 +/- 0.144, HR2=0.172 +/- 0.159. Observation interval 1990-08-09 to 1990-08-11 UT. The <100-count source does not meet the paper ReadMe criterion for accepted spectral fits.","Boller, T., Freyberg, M. J., Trümper, J., Haberl, F., Voges, W., & Nandra, K. 2016, Second ROSAT all-sky survey (2RXS) source catalogue, A&A, 588, A103.",2016A&A...588A.103B,https://vizier.cds.unistra.fr/viz-bin/VizieR-5?-source=IX/58/2rxs,catalog_ReadMe_and_exact_source_row_checked;original_full_text_checked,2026-09-24,,local path verified,,https://vizier.cds.unistra.fr/viz-bin/VizieR-5?-source=IX/58/2rxs,https://vizier.cds.unistra.fr/viz-bin/VizieR-5?-source=IX/58/2rxs,10.1051/0004-6361/201525648,,https://vizier.cds.unistra.fr/viz-bin/VizieR-5?-source=IX/58/2rxs,stable link,Reachable in automated check
471,GaiaDR3_IXVel,GaiaDR3,,10.26093/cds/vizier.1355,,https://vizier.cds.unistra.fr/viz-bin/VizieR-4?-source=I/355/gaiadr3&Source=5515820034889610112,exact_source_query_saved,Exact Gaia source_id query; native position is ICRS at epoch J2016.0.,"Gaia Collaboration 2022, Gaia DR3 Part 1. Main source catalogue, VizieR I/355, 2022yCat.1355....0G.",2022yCat.1355....0G,https://vizier.cds.unistra.fr/viz-bin/VizieR-4?-source=I/355/gaiadr3&Source=5515820034889610112,exact_catalog_or_database_query,2026-09-25,,local path verified,,https://vizier.cds.unistra.fr/viz-bin/VizieR-4?-source=I/355/gaiadr3&Source=5515820034889610112,https://vizier.cds.unistra.fr/viz-bin/VizieR-4?-source=I/355/gaiadr3&Source=5515820034889610112,10.26093/cds/vizier.1355,,https://vizier.cds.unistra.fr/viz-bin/VizieR-4?-source=I/355/gaiadr3&Source=5515820034889610112,stable link,Reachable in automated check
472,GaiaDR2_IXVel,GaiaDR2,,10.26093/cds/vizier.1345,,https://vizier.cds.unistra.fr/viz-bin/VizieR-5?-source=I/345/gaia2&Source=5515820034889610112,exact_source_query_saved,Exact Gaia DR2 source query used for historical comparison.,"Gaia Collaboration 2018, Gaia Data Release 2, VizieR I/345, 2018yCat.1345....0G.",2018yCat.1345....0G,https://vizier.cds.unistra.fr/viz-bin/VizieR-5?-source=I/345/gaia2&Source=5515820034889610112,exact_catalog_or_database_query,2026-09-25,,local path verified,,https://vizier.cds.unistra.fr/viz-bin/VizieR-5?-source=I/345/gaia2&Source=5515820034889610112,https://vizier.cds.unistra.fr/viz-bin/VizieR-5?-source=I/345/gaia2&Source=5515820034889610112,10.26093/cds/vizier.1345,,https://vizier.cds.unistra.fr/viz-bin/VizieR-5?-source=I/345/gaia2&Source=5515820034889610112,stable link,Reachable in automated check
473,BailerJones+21_IXVel,BailerJones+21,,10.3847/1538-3881/abd806,,https://vizier.cds.unistra.fr/viz-bin/VizieR-4?-source=I/352/gedr3dis&Source=5515820034889610112,exact_source_query_saved,Exact geometric and photogeometric posterior rows; do not invert parallax.,"Bailer-Jones et al. 2021, AJ, 161, 147.",2021AJ....161..147B,https://vizier.cds.unistra.fr/viz-bin/VizieR-4?-source=I/352/gedr3dis&Source=5515820034889610112,exact_catalog_or_database_query,2026-09-25,,local path verified,,https://vizier.cds.unistra.fr/viz-bin/VizieR-4?-source=I/352/gedr3dis&Source=5515820034889610112,https://vizier.cds.unistra.fr/viz-bin/VizieR-4?-source=I/352/gedr3dis&Source=5515820034889610112,10.3847/1538-3881/abd806,,https://vizier.cds.unistra.fr/viz-bin/VizieR-4?-source=I/352/gedr3dis&Source=5515820034889610112,stable link,Reachable in automated check
474,BailerJones+18_IXVel,BailerJones+18,,10.3847/1538-3881/aacb21,,https://vizier.cds.unistra.fr/viz-bin/VizieR-4?-source=I/347/gaia2dis&Source=5515820034889610112,exact_source_query_saved,Exact Gaia DR2 geometric posterior row.,"Bailer-Jones et al. 2018, AJ, 156, 58.",2018AJ....156...58B,https://vizier.cds.unistra.fr/viz-bin/VizieR-4?-source=I/347/gaia2dis&Source=5515820034889610112,exact_catalog_or_database_query,2026-09-25,,local path verified,,https://vizier.cds.unistra.fr/viz-bin/VizieR-4?-source=I/347/gaia2dis&Source=5515820034889610112,https://vizier.cds.unistra.fr/viz-bin/VizieR-4?-source=I/347/gaia2dis&Source=5515820034889610112,10.3847/1538-3881/aacb21,,https://vizier.cds.unistra.fr/viz-bin/VizieR-4?-source=I/347/gaia2dis&Source=5515820034889610112,stable link,Reachable in automated check
475,SIMBAD_IXVel,SIMBAD,,10.1051/aas:2000332,,https://simbad.cds.unistra.fr/simbad/sim-id?Ident=V%2A%20IX%20Vel,checked,Exact name and identifier queries; SIMBAD sp_type sdOBe not adopted as component class.,"Wenger et al. 2000, The SIMBAD astronomical database, A&AS, 143, 9–22.",2000A&AS..143....9W,https://simbad.cds.unistra.fr/simbad/sim-id?Ident=V%2A%20IX%20Vel,exact_catalog_or_database_query,2026-09-25,,local path verified,,https://simbad.cds.unistra.fr/simbad/sim-id?Ident=V%2A%20IX%20Vel,https://simbad.cds.unistra.fr/simbad/sim-id?Ident=V%2A%20IX%20Vel,10.1051/aas:2000332,,https://simbad.cds.unistra.fr/simbad/sim-id?Ident=V%2A%20IX%20Vel,stable link,Reachable in automated check
476,2RXS_IXVel,2RXS,,10.1051/0004-6361/201525648,,https://vizier.cds.unistra.fr/viz-bin/VizieR-5?-source=IX/58/2rxs,exact_source_query_saved,Exact 2RXS source row; catalogue counts/hardness are not a spectral fit.,"Boller et al. 2016, Second ROSAT all-sky survey source catalogue, A&A, 588, A103.",2016A&A...588A.103B,https://vizier.cds.unistra.fr/viz-bin/VizieR-5?-source=IX/58/2rxs,exact_catalog_or_database_query,2026-09-25,,local path verified,,https://vizier.cds.unistra.fr/viz-bin/VizieR-5?-source=IX/58/2rxs,https://vizier.cds.unistra.fr/viz-bin/VizieR-5?-source=IX/58/2rxs,10.1051/0004-6361/201525648,,https://vizier.cds.unistra.fr/viz-bin/VizieR-5?-source=IX/58/2rxs,stable link,Reachable in automated check
477,4XMMDR11_IXVel,4XMMDR11,,10.26093/cds/vizier.9065,,https://vizier.cds.unistra.fr/viz-bin/VizieR-4?-source=IX/65/xmm4d11s,exact_source_query_saved,"Exact slim-source row, distinct from Webb+20 DR9 paper.","Webb et al. 2022, 4XMM-DR11, VizieR IX/65, 2022yCat.9065....0W.",2022yCat.9065....0W,https://vizier.cds.unistra.fr/viz-bin/VizieR-4?-source=IX/65/xmm4d11s,exact_catalog_or_database_query,2026-09-25,,local path verified,,https://vizier.cds.unistra.fr/viz-bin/VizieR-4?-source=IX/65/xmm4d11s,https://vizier.cds.unistra.fr/viz-bin/VizieR-4?-source=IX/65/xmm4d11s,10.26093/cds/vizier.9065,,https://vizier.cds.unistra.fr/viz-bin/VizieR-4?-source=IX/65/xmm4d11s,stable link,Reachable in automated check
478,eRASS1_IXVel,eRASS1,,10.1051/0004-6361/202347165,,https://erosita.mpe.mpg.de/dr1/AllSkySurveyData_dr1/Catalogues_dr1/,exact_source_query_saved,Exact eRASS1 main-catalogue row. Table separation agrees with epoch-2000 propagated Gaia coordinates; native J2016 comparison mixes epochs.,"Merloni et al. 2024, The SRG/eROSITA all-sky survey: first X-ray catalogues and data release, A&A, 682, A34.",2024A&A...682A..34M,https://erosita.mpe.mpg.de/dr1/AllSkySurveyData_dr1/Catalogues_dr1/,exact_catalog_or_database_query,2026-09-25,,local path verified,,https://erosita.mpe.mpg.de/dr1/AllSkySurveyData_dr1/Catalogues_dr1/,https://erosita.mpe.mpg.de/dr1/AllSkySurveyData_dr1/Catalogues_dr1/,10.1051/0004-6361/202347165,,https://erosita.mpe.mpg.de/dr1/AllSkySurveyData_dr1/Catalogues_dr1/,stable link,Reachable in automated check
479,Rodriguez+25_IXVel,Rodriguez+25,,10.1088/1538-3873/ada185,,https://doi.org/10.1088/1538-3873/ada185,original_full_text_checked,Full original paper Table 2 IX Vel row checked.,"Rodriguez et al. 2025, Cataclysmic Variables and AM CVn Binaries in SRG/eROSITA + Gaia, PASP, 137, 014201.",2025PASP..137a4201R,https://doi.org/10.1088/1538-3873/ada185,original_full_text_checked_locally,2026-09-25,,local path verified,,https://doi.org/10.1088/1538-3873/ada185,https://doi.org/10.1088/1538-3873/ada185,10.1088/1538-3873/ada185,,https://doi.org/10.1088/1538-3873/ada185,stable link,Reachable in automated check
480,Kato+21_IXVel,Kato+21,,,,https://arxiv.org/abs/2111.15145,original_full_text_checked,Full preprint checked locally; ASAS state behavior and standstills.,"Kato 2021, Study of the low-amplitude Z Cam star IX Vel, arXiv:2111.15145.",,https://arxiv.org/abs/2111.15145,original_full_text_checked_locally,2026-09-25,,local path verified,,https://arxiv.org/abs/2111.15145,https://arxiv.org/abs/2111.15145,,,https://arxiv.org/abs/2111.15145,stable link,Reachable in automated check
481,Long+94_IXVel,Long+94,,10.1086/174107,,https://ui.adsabs.harvard.edu/abs/1994ApJ...426..704L/abstract,original_full_text_checked,Original scan/OCR/pages checked; HUT continuum was disk-only; 50–75 kK WD range was expected by analogy.,"Long et al. 1994, Observations of IX Vel with HUT, ApJ, 426, 704–715.",1994ApJ...426..704L,https://ui.adsabs.harvard.edu/abs/1994ApJ...426..704L/abstract,original_full_text_checked_locally,2026-09-25,,local path verified,,https://ui.adsabs.harvard.edu/abs/1994ApJ...426..704L/abstract,https://ui.adsabs.harvard.edu/abs/1994ApJ...426..704L/abstract,10.1086/174107,,https://ui.adsabs.harvard.edu/abs/1994ApJ...426..704L/abstract,stable link,Automated access restricted
482,Koerding+11_IXVel,Körding et al. (2011),,10.1111/j.1745-3933.2011.01158.x,,https://academic.oup.com/mnrasl/article/418/1/L129/1021740,original_full_text_checked,Original publisher full text checked online. Section 2.3 IX Vel subsection reports formal radio upper limit <0.6 mJy; target rms about 0.15 mJy and a nearby confusing source prevented a useful significant constraint. The subsection does not specify observing frequency or confidence level.,"Körding, E. G., Knigge, C., Tzioumis, T., & Fender, R. P. 2011, Detection of radio emission from a nova-like cataclysmic variable: evidence of jets?, MNRAS, 418, L129–L132.",2011MNRAS.418L.129K,https://academic.oup.com/mnrasl/article/418/1/L129/1021740,original_publisher_full_text_checked_online,2026-09-25,,no local path supplied,,https://academic.oup.com/mnrasl/article/418/1/L129/1021740,https://academic.oup.com/mnrasl/article/418/1/L129/1021740,10.1111/j.1745-3933.2011.01158.x,,https://academic.oup.com/mnrasl/article/418/1/L129/1021740,stable link,Automated access restricted
483,Thorstensen+03_ZCam,"Thorstensen (2003), Z Cam parallax",,10.1086/379308,,https://doi.org/10.1086/379308,original_full_text_checked_local_pdf,Source-specific Z Cam section and Table 2 checked in the full paper. The final 163(+68/-38) pc estimate incorporates parallax/proper motion plus a distance-modulus prior informed by maximum-light and donor constraints; it is not a parallax-only inverse. The raw absolute parallax is 8.9 +/- 1.7 mas.,"Thorstensen, J. R. 2003, Parallax and distance estimates for 14 cataclysmic variable stars, AJ, 126, 3017–3021.",2003AJ....126.3017T,https://doi.org/10.1086/379308,original_full_text_checked_local_pdf;Z_Cam_section_and_Table_2_checked,2026-09-25,,local path verified,,https://doi.org/10.1086/379308,https://doi.org/10.1086/379308,10.1086/379308,,https://doi.org/10.1086/379308,stable link,Reachable in automated check
484,Wade+81_ZCamThesis,"Wade (1981), Z Cam donor spectrum",,10.7907/83wt-0h57,,https://thesis.library.caltech.edu/,original_full_text_checked_local_pdf,"Caltech PhD thesis full text checked at the Z Cam individual-object section. It reports an older G1 classification from Kraft et al. but finds the minimum-light spectrum requires K5 or later, most probably K7. This supports the historical K7 claim; it does not settle Harrison+18's later early-M near-IR interpretation.","Wade, R. A. 1981, Spectroscopy and Spectrophotometry of Cataclysmic Variable Stars, PhD thesis, California Institute of Technology.",,https://doi.org/10.7907/83wt-0h57,original_full_text_checked_local_thesis,2026-09-25,,local path verified,,https://thesis.library.caltech.edu/,https://doi.org/10.7907/83wt-0h57,10.7907/83wt-0h57,,https://doi.org/10.7907/83wt-0h57,stable link,Reachable in automated check
485,GaiaDR3_ZCam,Gaia DR3 source query: Z Cam,,10.1051/0004-6361/202243940,,https://gea.esac.esa.int/archive/,exact_source_query_saved,"Exact Gaia Archive query by source_id=1123169888190445568; native astrometric reference epoch 2016.0, ICRS. Gaia source ID stored as a string. Query result snapshot and relevant quality fields saved under [local artifact withheld]","Gaia Collaboration et al. 2023, Gaia Data Release 3: Summary of the content and survey properties, A&A, 674, A1.",2023A&A...674A...1G,https://doi.org/10.1051/0004-6361/202243940,exact_Gaia_Archive_source_query,2026-09-25,,local path verified,,https://gea.esac.esa.int/archive/,https://doi.org/10.1051/0004-6361/202243940,10.1051/0004-6361/202243940,,https://gea.esac.esa.int/archive/,download URL,Reachable in automated check
486,BailerJones+21_ZCam,"Bailer-Jones et al. (2021), Gaia EDR3 distance",,10.3847/1538-3881/abd806,,https://vizier.cds.unistra.fr/viz-bin/VizieR?-source=I/352/gedr3dis,exact_VizieR_source_query_saved,Exact source query in the Gaia EDR3 geometric-distance table I/352/gedr3dis; posterior median and 16th/84th percentiles retained. Distance is not obtained by inverting the parallax.,"Bailer-Jones, C. A. L., Rybizki, J., Fouesneau, M., Demleitner, M., & Andrae, R. 2021, Estimating distances from parallaxes. V. Geometric and photogeometric distances to 1.47 billion stars in Gaia EDR3, AJ, 161, 147.",2021AJ....161..147B,https://doi.org/10.3847/1538-3881/abd806,exact_VizieR_table_query,2026-09-25,,local path verified,,https://vizier.cds.unistra.fr/viz-bin/VizieR?-source=I/352/gedr3dis,https://doi.org/10.3847/1538-3881/abd806,10.3847/1538-3881/abd806,,https://doi.org/10.3847/1538-3881/abd806,stable link,Reachable in automated check
487,SIMBAD_ZCam,SIMBAD object/identifier query: Z Cam,,10.1051/aas:2000332,,https://simbad.cds.unistra.fr/simbad/,exact_TAP_query_saved,SIMBAD exact main identifier and Gaia DR3 identifier cross-check; SIMBAD J2000 coordinates agree with Gaia position propagated to epoch 2000.0. Identifier output saved under [local artifact withheld],"Wenger, M. et al. 2000, The SIMBAD astronomical database: The CDS reference database for astronomical objects, A&AS, 143, 9–22.",2000A&AS..143....9W,https://doi.org/10.1051/aas:2000332,exact_SIMBAD_TAP_query,2026-09-25,,local path verified,,https://simbad.cds.unistra.fr/simbad/,https://doi.org/10.1051/aas:2000332,10.1051/0004-6361:2000332,Corrected the journal code to the A&AS SIMBAD paper DOI.,https://simbad.cds.unistra.fr/simbad/,download URL,Reachable in automated check
488,GaiaDR2_ZCam,Gaia DR2 source query: Z Cam,,10.1051/0004-6361/201833051,,https://gea.esac.esa.int/archive/,exact_source_query_saved,"Exact Gaia DR2 Archive source_id query saved under [local artifact withheld] DR2 returns parallax=4.4368670535 +/-0.0403242478 mas. Harrison+18 separately reports 4.467 +/-0.05 mas and notes possible additional ~0.3 mas systematics; retain both as different query/paper products. DR2 and DR3 are successive Gaia releases, not independent astrometric experiments.","Gaia Collaboration et al. 2018, Gaia Data Release 2: Summary of the contents and survey properties, A&A, 616, A1.",2018A&A...616A...1G,https://doi.org/10.1051/0004-6361/201833051,exact_Gaia_DR2_Archive_source_query_and_Harrison_2018_comparison,2026-09-25,,local path verified,,https://gea.esac.esa.int/archive/,https://doi.org/10.1051/0004-6361/201833051,10.1051/0004-6361/201833051,,https://gea.esac.esa.int/archive/,download URL,Reachable in automated check
489,Hog+00_ZCam,"Høg et al. (2000), Tycho-2 position",,10.1051/0004-6361:20000068,,https://doi.org/10.1051/0004-6361:20000068,secondary_table_attribution_checked,Tycho-2 astrometry is attributed by Coppejans+16 Table 1; the original Tycho-2 catalog paper was not independently re-opened for this source row.,"Høg, E. et al. 2000, The Tycho-2 catalogue of the 2.5 million brightest stars, A&A, 355, L27–L30.",2000A&A...355L..27H,https://doi.org/10.1051/0004-6361:20000068,secondary_attribution_in_original_Coppejans_table,2026-09-25,,no usable local file: removed mismatched local file,,https://doi.org/10.1051/0004-6361:20000068,https://doi.org/10.1051/0004-6361:20000068,10.1051/0004-6361:20000068,,https://doi.org/10.1051/0004-6361:20000068,stable link,Automated access restricted
490,Patterson+11_ZCam,"Patterson (2011), compiled dwarf-nova properties",,10.1111/j.1365-2966.2010.17881.x,,https://doi.org/10.1111/j.1365-2966.2010.17881.x,original_table_checked_online,"Table compilation lists Z Cam at 163 pc, i=62 deg and M_V=4.1; these are historical adopted/estimated quantities and are not independent dynamical measurements.","Patterson, J. 2011, Distances and absolute magnitudes of dwarf novae: murmurs of period bounce, MNRAS, 411, 2695–2716.",2011MNRAS.411.2695P,https://doi.org/10.1111/j.1365-2966.2010.17881.x,original_paper_table_checked_online;source_chain_not_fully_reconstructed,2026-09-25,,no local path supplied,,https://doi.org/10.1111/j.1365-2966.2010.17881.x,https://doi.org/10.1111/j.1365-2966.2010.17881.x,10.1111/j.1365-2966.2010.17881.x,,https://doi.org/10.1111/j.1365-2966.2010.17881.x,stable link,Automated access restricted
491,AraujoBetancor+05_ZCam,"Araujo-Betancor et al. (2005), Z Cam compilation",,10.1086/427914,,https://arxiv.org/abs/astro-ph/0412180,original_full_text_checked_local_pdf,"Table 7 checked as a secondary compilation for Z Cam; it lists 57,000 K and attributes that value to Hartley et al. (2004/2005). Not an independent temperature measurement.","Araujo-Betancor, S. et al. 2005, Far-ultraviolet spectroscopy of magnetic cataclysmic variables, ApJ, 622, 589–601.",2005ApJ...622..589A,https://doi.org/10.1086/427914,original_full_text_checked_local_pdf_Table_7_compilation,2026-09-25,,repaired to existing file,,https://arxiv.org/abs/astro-ph/0412180,https://doi.org/10.1086/427914,10.1086/427914,,https://doi.org/10.1086/427914,stable link,Reachable in automated check
492,Anderson+88_ZCam,"Anderson (1988), disk/WD model context",,,,https://ui.adsabs.harvard.edu/abs/1988ApJ...325..266A/abstract,secondary_citation_chain_only,Saitou+12 cites Anderson+88 in connection with the adopted WD mass-radius relation; original Anderson paper not retrieved or independently checked in this audit.,"Anderson, N. 1988, Models of U Geminorum and Z Chamaeleontis Based on Disk Radius Variations, ApJ, 325, 266–281.",1988ApJ...325..266A,https://ui.adsabs.harvard.edu/abs/1988ApJ...325..266A/abstract,citation_chain_in_Saitou_2012;original_full_text_not_accessed,2026-09-25,,no local path supplied,,https://ui.adsabs.harvard.edu/abs/1988ApJ...325..266A/abstract,https://ui.adsabs.harvard.edu/abs/1988ApJ...325..266A/abstract,,,https://ui.adsabs.harvard.edu/abs/1988ApJ...325..266A/abstract,stable link,Automated access restricted
493,Knigge+97_ZCam,"Knigge et al. (1997), UV disk/wind model",,10.1086/303607,,https://doi.org/10.1086/303607,cited_in_secondary_table_only,"Boneva+24 Table 2 associates a 150,000 K value with Knigge+97, but the original paper has not been checked in this audit and the cited quantity is not verified as WD photospheric Teff. Do not adopt it as such.","Knigge, C., Long, K. S., Blair, W. P., & Wade, R. A. 1997, Disks, Winds, and Veiling Curtains: Dissecting the Ultraviolet Spectrum of the Dwarf Nova Z Camelopardalis in Outburst, ApJ, 476, 291–310.",1997ApJ...476..291K,https://doi.org/10.1086/303607,secondary_table_reference_only;original_quantity_unverified,2026-09-25,,no local path supplied,,https://doi.org/10.1086/303607,https://doi.org/10.1086/303607,10.1086/303607,,https://doi.org/10.1086/303607,stable link,Reachable in automated check
494,Mauche+88_RWSex,"Mauche, Raymond & Córdova (1988)",,,,,checked,"2026-09-25 RW Sex check: the paper lists alias BD −7° 3007, distance 150 pc (from Patterson 1984), and E(B−V)<0.03 with the reddening attributed to Verbunt 1987; the latter is an upper limit, not a precise extinction correction.","Mauche, C. W., Raymond, J. C., & Córdova, F. A. 1988, “Interstellar absorption lines in high-resolution IUE spectra of cataclysmic variables,” ApJ, 335, 829–843.",1988ApJ...335..829M,https://adsabs.harvard.edu/pdf/1988ApJ...335..829M,original_full_text_checked_in_NASA_ADS_PDF;Table_1_and_notes_checked,2026-09-25,,no local path supplied,,,https://adsabs.harvard.edu/pdf/1988ApJ...335..829M,,,https://adsabs.harvard.edu/pdf/1988ApJ...335..829M,stable link,Reachable in automated check
495,Prinja+03_RWSex,Prinja et al. (2003),,10.1046/j.1365-8711.2003.06307.x,,,checked,"Primary FUSE/HST study. FUSE observations span 2001-05-01 for about 24 ks over about 40 h and nearly seven orbital cycles; UV resonance-line absorption varies and is modulated at Porb, not a WD spin period.","Prinja, R. K., Long, K. S., Froning, C. S., Knigge, C., Witherick, D. K., Clark, J. S., & Ringwald, F. A. 2003, “FUSE and HST ultraviolet observations of the disc wind of RW Sextantis,” MNRAS, 340, 551–561.",2003MNRAS.340..551P,https://doi.org/10.1046/j.1365-8711.2003.06307.x,original_publisher_full_text_checked;FUSE_observation_log_and_wind_sections_checked,2026-09-25,,no local path supplied,,,https://doi.org/10.1046/j.1365-8711.2003.06307.x,10.1046/j.1365-8711.2003.06307.x,,https://doi.org/10.1046/j.1365-8711.2003.06307.x,stable link,Automated access restricted
496,Hernandez+17_RWSex,Hernandez et al. (2017),,10.1093/mnras/stx1341,,,checked,Later full-text source reprints Beuermann+92 system estimates and reports its own time-resolved optical spectroscopy: narrow Halpha component from the irradiated secondary and a broad component from the outer disc; this is a secondary path for the older masses.,"Hernandez, M. S., Zharikov, S., Neustroev, V., & Tovmassian, G. 2017, “Structure of accretion flows in nova-like cataclysmic variables: RW Sextantis and 1RXS J064434.5+334451,” MNRAS, 470, 1960–1970.",2017MNRAS.470.1960H,https://doi.org/10.1093/mnras/stx1341,original_full_text_checked_online;literature_synthesis_and_Halpha_results_checked,2026-09-25,,no local path supplied,,,https://doi.org/10.1093/mnras/stx1341,10.1093/mnras/stx1341,,https://doi.org/10.1093/mnras/stx1341,stable link,Automated access restricted
497,GaiaDR3_RWSex,Gaia DR3 exact source query (RW Sex),,10.1051/0004-6361/202243940,,,checked,Gaia DR3 source row queried by exact source_id 3769067109159364608; J2016.0 ICRS coordinates and astrometry/photometry copied from the exact row. No Gaia single-star astrophysical parameter is interpreted as a component measurement.,"Gaia Collaboration et al. 2023, “Gaia Data Release 3: Summary of the content and survey properties,” A&A, 674, A1.",2023A&A...674A...1G,https://gea.esac.esa.int/archive/,Gaia_Archive_exact_source_id_query_saved;source_id_kept_as_text,2026-09-25,,no local path supplied,,,https://gea.esac.esa.int/archive/; exact source_id query 3769067109159364608 saved in [local artifact withheld],10.1051/0004-6361/202243940,,https://gea.esac.esa.int/archive/,stable link,Reachable in automated check
498,BailerJones+21_RWSex,"Bailer-Jones et al. (2021), RW Sex exact EDR3 query",,10.3847/1538-3881/abd806,,,checked,"Exact EDR3 geometric and photogeometric posterior row saved in [local artifact withheld]; geometric posterior used in compatibility distance fields, without inverting parallax.","Bailer-Jones, C. A. L., et al. 2021, “Estimating distances from parallaxes. V: Geometric and photogeometric distances to 1.47 billion stars in Gaia Early Data Release 3,” AJ, 161, 147.",2021AJ....161..147B,https://vizier.cds.unistra.fr/viz-bin/asu-tsv?-source=I/352/gedr3dis&Source=3769067109159364608,exact_VizieR_I_352_source_id_query_saved,2026-09-25,,no local path supplied,,,https://vizier.cds.unistra.fr/viz-bin/asu-tsv?-source=I/352/gedr3dis&Source=3769067109159364608,10.3847/1538-3881/abd806,,https://vizier.cds.unistra.fr/viz-bin/asu-tsv?-source=I/352/gedr3dis&Source=3769067109159364608,stable link,Reachable in automated check
499,SIMBAD_RWSex,SIMBAD exact RW Sex query (2026-09-25),,10.1051/aas:2000332,,,checked,"SIMBAD returns V* RW Sex at (154.98592686323, −8.69891853106) deg; this matches the Gaia DR3 position propagated to ICRS epoch J2000.0 within rounding (<0.001 arcsec). The separate 0.4022 arcsec value in the counterpart table compares the rounded catalog J2016.0 coordinate with the propagated J2000 position and is epoch-mixed, not a SIMBAD-to-Gaia offset.","Wenger, M., et al. 2000, “The SIMBAD astronomical database. The CDS reference database for astronomical objects,” A&AS, 143, 9–22.",2000A&AS..143....9W,https://simbad.cds.unistra.fr/simbad/sim-id?Ident=V%2A%20RW%20Sex,exact_SIMBAD_name_query_saved;main_id_and_coordinate_crosschecked,2026-09-25,,no local path supplied,,,https://simbad.cds.unistra.fr/simbad/sim-id?Ident=V%2A%20RW%20Sex,10.1051/aas:2000332,,https://simbad.cds.unistra.fr/simbad/sim-id?Ident=V%2A%20RW%20Sex,stable link,Reachable in automated check
500,Ak+08_V1084Her,"Ak et al. (2008), V1084 Her distance estimate",,10.1016/j.newast.2007.08.003,,https://doi.org/10.1016/j.newast.2007.08.003,source-specific full text or exact catalogue query checked,original full text checked locally; Table 1; CV period-colour-luminosity estimate from 2MASS and SFD98 reddening; 305 pc has no source-paper uncertainty.,"Ak, T., Retter, A., & Liu, A. 2008, New Astronomy, 13, 133–146.",2008NewA...13..133A,https://doi.org/10.1016/j.newast.2007.08.003,original full text checked locally,2026-09-25,,local path verified,,https://doi.org/10.1016/j.newast.2007.08.003,https://doi.org/10.1016/j.newast.2007.08.003,10.1016/j.newast.2007.08.003,,https://doi.org/10.1016/j.newast.2007.08.003,stable link,Reachable in automated check
501,Bruch+23_V1084Her,"Bruch (2023), TESS negative superhumps",,10.1093/mnras/stad2089,,https://doi.org/10.1093/mnras/stad2089,source-specific full text or exact catalogue query checked,Original full arXiv text checked locally; Table 3; TESS negative-superhump period and variability-state discussion.,"Bruch, A. 2023, MNRAS, 525, 1953–1975.",2023MNRAS.525.1953B,https://doi.org/10.1093/mnras/stad2089,Original full arXiv text checked locally,2026-09-25,,local path verified,,https://doi.org/10.1093/mnras/stad2089,https://doi.org/10.1093/mnras/stad2089,10.1093/mnras/stad2089,,https://doi.org/10.1093/mnras/stad2089,stable link,Automated access restricted
502,Dag+26_V1084Her,"Dağ et al. (2026), TESS CV period catalogue",,10.1093/mnras/stag514,,https://academic.oup.com/mnras/article/548/1/stag514/8524018,source-specific full text or exact catalogue query checked,"Official full article page checked; RX J1643.7+3402 paragraph identifies TESS 2.807 h as the already-known negative superhump, not a revised orbital period. ADS bibcode not confirmed; left blank.","Dağ, H. et al. 2026, MNRAS, 548, stag514.",,https://academic.oup.com/mnras/article/548/1/stag514/8524018,Official full article page checked,2026-09-25,,no local path supplied,,https://academic.oup.com/mnras/article/548/1/stag514/8524018,https://academic.oup.com/mnras/article/548/1/stag514/8524018,10.1093/mnras/stag514,,https://academic.oup.com/mnras/article/548/1/stag514/8524018,stable link,Automated access restricted
503,GaiaDR3_V1084Her,Gaia DR3 exact source query: V1084 Her,,10.1051/0004-6361/202243940,,https://gea.esac.esa.int/archive/,source-specific full text or exact catalogue query checked,"Exact source_id query snapshot; source_id kept as text; Gaia astrometric epoch 2016.0, ICRS.","Gaia Collaboration et al. 2023, A&A, 674, A1.",2023A&A...674A...1G,https://gea.esac.esa.int/archive/,Exact source_id query snapshot,2026-09-25,,local path verified,,https://gea.esac.esa.int/archive/,https://gea.esac.esa.int/archive/,10.1051/0004-6361/202243940,,https://gea.esac.esa.int/archive/,stable link,Reachable in automated check
504,BailerJones+21_V1084Her,"Bailer-Jones et al. (2021), Gaia EDR3 geometric distance",,10.3847/1538-3881/abd806,,https://vizier.cds.unistra.fr/viz-bin/VizieR?-source=I/352/gedr3dis,source-specific full text or exact catalogue query checked,"Exact VizieR Gaia EDR3 geometric and photogeometric posterior row saved; geometric posterior retained, not inverse parallax.","Bailer-Jones, C. A. L. et al. 2021, AJ, 161, 147.",2021AJ....161..147B,https://vizier.cds.unistra.fr/viz-bin/VizieR?-source=I/352/gedr3dis,Exact VizieR Gaia EDR3 geometric and photogeometric posterior row saved,2026-09-25,,local path verified,,https://vizier.cds.unistra.fr/viz-bin/VizieR?-source=I/352/gedr3dis,https://vizier.cds.unistra.fr/viz-bin/VizieR?-source=I/352/gedr3dis,10.3847/1538-3881/abd806,,https://vizier.cds.unistra.fr/viz-bin/VizieR?-source=I/352/gedr3dis,stable link,Reachable in automated check
505,BailerJones+18_V1084Her,"Bailer-Jones et al. (2018), Gaia DR2 distances",,10.3847/1538-3881/aacb21,,https://doi.org/10.3847/1538-3881/aacb21,source-specific full text or exact catalogue query checked,"Older DR2 distance is quoted in Wörpel+20 Table 1 as 434 +/- 6 pc; this audit checked the Wörpel source table, not an exact DR2-distance archive row.","Bailer-Jones, C. A. L. et al. 2018, AJ, 156, 58.",2018AJ....156...58B,https://doi.org/10.3847/1538-3881/aacb21,Older DR2 distance is quoted in Wörpel+20 Table 1 as 434 +/- 6 pc,2026-09-25,,no local path supplied,,https://doi.org/10.3847/1538-3881/aacb21,https://doi.org/10.3847/1538-3881/aacb21,10.3847/1538-3881/aacb21,,https://doi.org/10.3847/1538-3881/aacb21,stable link,Reachable in automated check
506,SIMBAD_V1084Her,SIMBAD exact identifier query: V1084 Her,,10.1051/aas:2000332,,https://simbad.cds.unistra.fr/simbad/,source-specific full text or exact catalogue query checked,"Exact identifier/alias output saved. V1084 Her, Gaia DR3, RX J1643.7+3402 and 1RXS J164345.2+340236 resolve to V* V1084 Her.","Wenger, M. et al. 2000, A&AS, 143, 9–22.",2000A&AS..143....9W,https://simbad.cds.unistra.fr/simbad/,"Exact identifier/alias output saved. V1084 Her, Gaia DR3, RX J1643.7+3402 and 1RXS J164345.2+340236 resolve to V* V1084 Her.",2026-09-25,,local path verified,,https://simbad.cds.unistra.fr/simbad/,https://simbad.cds.unistra.fr/simbad/,10.1051/0004-6361:2000332,Corrected the journal code to the A&AS SIMBAD paper DOI.,https://simbad.cds.unistra.fr/simbad/,stable link,Reachable in automated check
507,Patterson+97_V603Aql,Patterson et al. (1997),,10.1086/133903,,https://adsabs.harvard.edu/pdf/1997PASP..109..468P,original full text downloaded and checked,"V603 Aql: original full text checked, including observing sections, period fits, tables/figures, and the discussion of possible spin-frequency claims. Reports distinct negative and positive superhumps; does not establish WD spin.","Patterson, J., Kemp, J., Saad, J., et al. 1997, Superhumps in Cataclysmic Binaries. XI. V603 Aquilae Revisited, Publications of the Astronomical Society of the Pacific, 109, 468–476.",1997PASP..109..468P,https://doi.org/10.1086/133903,original_full_text_checked_locally,2026-09-25,,local path verified,,https://adsabs.harvard.edu/pdf/1997PASP..109..468P,https://doi.org/10.1086/133903,10.1086/133903,,https://doi.org/10.1086/133903,stable link,Reachable in automated check
508,Barrett+17_V603Aql,Barrett et al. (2017),,10.3847/1538-3881/aa93ff,,https://arxiv.org/abs/1702.07631,original full text checked locally,V603 Aql: Table 3 and Table 4 contain polarized-channel fluxes and image statistics for project 13B-17A/B. These are kept distinct from Barrett+20 summary values because epoch mapping/reduction lineage is not fully specified.,"Barrett, P. E., Dieck, C., Beasley, A. J., Singh, K. P., & Mason, P. A. 2017, A Jansky VLA Survey of Magnetic Cataclysmic Variable Stars: I. The Data, The Astronomical Journal, 154, 252.",2017AJ....154..252B,https://doi.org/10.3847/1538-3881/aa93ff,original_full_text_checked_locally_tables_3_4,2026-09-25,,local path verified,,https://arxiv.org/abs/1702.07631,https://doi.org/10.3847/1538-3881/aa93ff,10.3847/1538-3881/aa93ff,,https://doi.org/10.3847/1538-3881/aa93ff,stable link,Reachable in automated check
509,Harrison+13_V603Aql,Harrison et al. (2013),,10.1088/0004-637X/767/1/7,,https://arxiv.org/abs/1302.3245,original full text checked locally,V603 Aql: original HST Fine Guidance Sensor parallax 4.011±0.137 mas and astrometric distance 249(+9/−8) pc. Retained separately from Gaia; later comparison identifies a substantial discrepancy.,"Harrison, T. E., Bornak, J., McArthur, B. E., & Benedict, G. F. 2013, Hubble Space Telescope Fine Guidance Sensor Parallaxes for Four Classical Novae, The Astrophysical Journal, 767, 7.",2013ApJ...767....7H,https://doi.org/10.1088/0004-637X/767/1/7,original_full_text_checked_locally_table_rendered,2026-09-25,,local path verified,,https://arxiv.org/abs/1302.3245,https://doi.org/10.1088/0004-637X/767/1/7,10.1088/0004-637X/767/1/7,,https://doi.org/10.1088/0004-637X/767/1/7,stable link,Reachable in automated check
510,Schaefer+18_V603Aql,Schaefer (2018),,10.1093/mnras/sty2388,,https://arxiv.org/abs/1809.00180,original publisher full text checked online,"V603 Aql: §5.1 compares HST-FGS and Gaia DR2 parallax, finding a 5.4σ discrepancy and arguing the HST value has substantial systematic error; the four FGS nova parallaxes may have real errors about 3× their formal values. DOI verified as sty2388.","Schaefer, B. E. 2018, The distances to novae as seen by Gaia, Monthly Notices of the Royal Astronomical Society, 481, 3033–3051.",2018MNRAS.481.3033S,https://doi.org/10.1093/mnras/sty2388,original_publisher_full_text_checked_online,2026-09-25,,no local path supplied,,https://arxiv.org/abs/1809.00180,https://doi.org/10.1093/mnras/sty2388,10.1093/mnras/sty2388,,https://arxiv.org/abs/1809.00180,download URL,Reachable in automated check
511,GaiaDR3_V603Aql,"Gaia Collaboration (2023), Gaia DR3 source record",,10.26093/CDS/VIZIER.1355,,https://gea.esac.esa.int/archive/,exact Gaia DR3 source query saved,Exact DR3 source 4266547566124966912 record; astrometry is ICRS at epoch J2016.0. Photometry is variable unresolved-system photometry; Gaia astrophysical parameters are not adopted as component temperatures.,"Gaia Collaboration, Vallenari, A., et al. 2023, Gaia Data Release 3: Summary of the content and survey properties, Astronomy & Astrophysics, 674, A1.",2023A&A...674A...1G,https://doi.org/10.26093/CDS/VIZIER.1355,exact_source_query_checked_and_saved,2026-09-25,,local path verified,,https://gea.esac.esa.int/archive/,https://doi.org/10.26093/CDS/VIZIER.1355,10.26093/CDS/VIZIER.1355,,https://doi.org/10.26093/CDS/VIZIER.1355,stable link,Reachable in automated check
512,BailerJones+21_V603Aql,"Bailer-Jones et al. (2021), VizieR I/352 exact row",,10.3847/1538-3881/abd806,,https://vizier.cds.unistra.fr/viz-bin/asu-tsv?-source=I/352/gedr3dis&Source=4266547566124966912,exact VizieR source row saved,Geometric and photogeometric EDR3 distance posteriors retained separately. Geometric posterior is used for distance and M_G compatibility fields; parallax is not inverted.,"Bailer-Jones, C. A. L., Rybizki, J., Fouesneau, M., Demleitner, M., & Andrae, R. 2021, Estimating distances from parallaxes. V. Geometric and photogeometric distances to 1.47 billion stars in Gaia Early Data Release 3, The Astronomical Journal, 161, 147.",2021AJ....161..147B,https://doi.org/10.3847/1538-3881/abd806,exact_VizieR_I_352_row_checked_and_saved,2026-09-25,,local path verified,,https://vizier.cds.unistra.fr/viz-bin/asu-tsv?-source=I/352/gedr3dis&Source=4266547566124966912,https://doi.org/10.3847/1538-3881/abd806,10.3847/1538-3881/abd806,,https://doi.org/10.3847/1538-3881/abd806,stable link,Reachable in automated check
513,SIMBAD_V603Aql,SIMBAD exact identifier query; Wenger et al. (2000),,10.1051/aas:2000332,,https://simbad.u-strasbg.fr/simbad/,exact name and Gaia DR3 identifier joins saved,"Exact SIMBAD queries for V* V603 Aql, Nova Aquilae 1918, and Gaia DR3 4266547566124966912 resolve to the same SIMBAD main object. SIMBAD coordinates and Gaia-propagated J2000 ICRS coordinates agree; name association is not based only on nearest sky position.","Wenger, M., Ochsenbein, F., Egret, D., et al. 2000, The SIMBAD astronomical database. The CDS reference database for astronomical objects, Astronomy and Astrophysics Supplement Series, 143, 9–22.",2000A&AS..143....9W,https://doi.org/10.1051/aas:2000332,exact_identifier_query_checked_and_saved,2026-09-25,,local path verified,,https://simbad.u-strasbg.fr/simbad/,https://doi.org/10.1051/aas:2000332,10.1051/aas:2000332,,https://simbad.u-strasbg.fr/simbad/,download URL,Reachable in automated check
514,BruchCook+18_V603Aql,Bruch & Cook (2018),,10.1016/j.newast.2018.02.002,,https://arxiv.org/abs/1802.08056,original full text checked locally,V603 Aql: original optical photometry paper reports a positive-superhump period and a candidate long modulation; the proposed disk-precession interpretation is retained as an interpretation.,"Bruch, A., & Cook, L. M. 2018, Cyclic variations with twice the accretion disk precession period in the old nova V603 Aquilae, New Astronomy, 63, 1–5.",2018NewA...63....1B,https://doi.org/10.1016/j.newast.2018.02.002,original_full_text_checked_locally,2026-09-25,,local path verified,,https://arxiv.org/abs/1802.08056,https://doi.org/10.1016/j.newast.2018.02.002,10.1016/j.newast.2018.02.002,,https://doi.org/10.1016/j.newast.2018.02.002,stable link,Reachable in automated check
515,deRuiter+25_correction,"de Ruiter et al. (2025), Publisher Correction",,10.1038/s41550-025-02540-8,,https://doi.org/10.1038/s41550-025-02540-8,original correction checked,Affiliations corrected only; no measurements or interpretation changed.,"de Ruiter, I., Rajwade, K. M., Bassa, C. G., et al. 2025, Publisher Correction: Sporadic radio pulses from a white dwarf binary at the orbital period, Nature Astronomy, 9, 747.",,https://doi.org/10.1038/s41550-025-02540-8,publisher_correction_full_text_checked_locally,2026-09-25,,local path verified,,https://doi.org/10.1038/s41550-025-02540-8,https://doi.org/10.1038/s41550-025-02540-8,10.1038/s41550-025-02540-8,,https://doi.org/10.1038/s41550-025-02540-8,stable link,Reachable in automated check
516,GaiaDR3_ILTJ1101,Gaia DR3 exact-source query,,10.1051/0004-6361/202243940,,https://gea.esac.esa.int/archive/,exact Gaia DR3 source row queried and saved,Exact source_id=855784912471554176 query. Native Gaia reference epoch J2016.0.,"Gaia Collaboration et al. 2023, Gaia Data Release 3: Summary of the content and survey properties, Astronomy & Astrophysics, 674, A1.",2023A&A...674A...1G,https://gea.esac.esa.int/archive/,exact_Gaia_DR3_source_ID_query_checked_and_saved,2026-09-25,,local path verified,,https://gea.esac.esa.int/archive/,https://gea.esac.esa.int/archive/,10.1051/0004-6361/202243940,,https://gea.esac.esa.int/archive/,stable link,Reachable in automated check
517,BailerJones+21_ILTJ1101,"Bailer-Jones et al. (2021), VizieR I/352 exact row",,10.3847/1538-3881/abd806,,https://vizier.cds.unistra.fr/viz-bin/asu-tsv?-source=I/352/gedr3dis&Source=855784912471554176,exact VizieR source row queried and saved,Geometric and photogeometric EDR3 posterior rows retained separately; no inverse parallax.,"Bailer-Jones, C. A. L., Rybizki, J., Fouesneau, M., Demleitner, M., & Andrae, R. 2021, Estimating distances from parallaxes. V. Geometric and photogeometric distances to 1.47 billion stars in Gaia Early Data Release 3, The Astronomical Journal, 161, 147.",2021AJ....161..147B,https://doi.org/10.3847/1538-3881/abd806,exact_VizieR_I_352_row_checked_and_saved,2026-09-25,,local path verified,,https://vizier.cds.unistra.fr/viz-bin/asu-tsv?-source=I/352/gedr3dis&Source=855784912471554176,https://doi.org/10.3847/1538-3881/abd806,10.3847/1538-3881/abd806,,https://doi.org/10.3847/1538-3881/abd806,stable link,Reachable in automated check
518,SIMBAD_ILTJ1101,SIMBAD exact identifier query; Wenger et al. (2000),,10.1051/aas:2000332,,https://simbad.u-strasbg.fr/simbad/,exact Gaia DR3 and SDSS identifier joins checked,"Gaia DR3 exact ID and SDSS J110150.52+552119.9 resolve to the same SIMBAD object; aliases include ILT J110150.52+552119.6, 2MASS, WISE and PSO. Shorthand ILT J1101+5521 alone yields catalog-format parser error.","Wenger, M., Ochsenbein, F., Egret, D., et al. 2000, The SIMBAD astronomical database. The CDS reference database for astronomical objects, Astronomy and Astrophysics Supplement Series, 143, 9–22.",2000A&AS..143....9W,https://doi.org/10.1051/aas:2000332,exact_identifier_query_checked_and_saved,2026-09-25,,local path verified,,https://simbad.u-strasbg.fr/simbad/,https://doi.org/10.1051/aas:2000332,10.1051/aas:2000332,,https://simbad.u-strasbg.fr/simbad/,download URL,Reachable in automated check
519,GaiaDR3_GLEAMXJ0704,Gaia DR3 exact-source query,,10.1051/0004-6361/202243940,,https://gea.esac.esa.int/archive/,Exact DR3 source row queried and saved; ID retained as string,,"Gaia Collaboration et al. 2023, Gaia Data Release 3: Summary of the content and survey properties, Astronomy & Astrophysics, 674, A1.",2023A&A...674A...1G,https://gea.esac.esa.int/archive/,exact_Gaia_DR3_source_ID_query_checked_and_saved,2026-09-25,,local path verified,,https://gea.esac.esa.int/archive/,https://gea.esac.esa.int/archive/,10.1051/0004-6361/202243940,,https://gea.esac.esa.int/archive/,stable link,Reachable in automated check
520,BailerJones+21_GLEAMXJ0704,"Bailer-Jones et al. (2021), exact Gaia EDR3 row",,10.3847/1538-3881/abd806,,https://vizier.cds.unistra.fr/viz-bin/VizieR-3?-source=I/352/gedr3dis&Source=5566254014771398912,Exact VizieR I/352 source row checked and saved; geometric and photogeometric posteriors kept separate,,"Bailer-Jones, C. A. L., Rybizki, J., Fouesneau, M., Demleitner, J., & Andrae, R. 2021, Estimating Distances from Parallaxes. V: Geometric and Photogeometric Distances to 1.47 Billion Stars in Gaia Early Data Release 3, The Astronomical Journal, 161, 147.",2021AJ....161..147B,https://cdsarc.cds.unistra.fr/viz-bin/cat/I/352,exact_VizieR_EDR3_geometric_and_photogeometric_row_checked_and_saved,2026-09-25,,local path verified,,https://vizier.cds.unistra.fr/viz-bin/VizieR-3?-source=I/352/gedr3dis&Source=5566254014771398912,https://cdsarc.cds.unistra.fr/viz-bin/cat/I/352,10.3847/1538-3881/abd806,,https://doi.org/10.3847/1538-3881/abd806,DOI,Reachable in automated check
521,SIMBAD_GLEAMXJ0704,SIMBAD exact Gaia DR3 identifier lookup,,10.1051/aas:2000332,,https://simbad.cds.unistra.fr/simbad/sim-id?Ident=Gaia%20DR3%205566254014771398912,Exact Gaia DR3 identifier query saved; SIMBAD returns Gaia ID only and no independent named alias,,"Wenger, M., Ochsenbein, F., Egret, D., et al. 2000, The SIMBAD astronomical database: The CDS reference database for astronomical objects, Astronomy and Astrophysics Supplement Series, 143, 9–22.",2000A&AS..143....9W,https://simbad.cds.unistra.fr/,exact_SIMBAD_Gaia_ID_query_checked_and_saved,2026-09-25,,local path verified,,https://simbad.cds.unistra.fr/simbad/sim-id?Ident=Gaia%20DR3%205566254014771398912,https://simbad.cds.unistra.fr/,10.1051/aas:2000332,,https://simbad.cds.unistra.fr/,stable link,Reachable in automated check
522,Yang+26,Yang (2026),,10.3847/1538-4357/ae2864,,https://doi.org/10.3847/1538-4357/ae2864,Theory paper checked for interpretive context only; no new GLEAM-X J0704 measurement adopted,,"Yang, Y.-P. 2026, Magnetic White Dwarf–M Dwarf Binaries in Pre-mCV Phase as Special Population of Long-period Radio Transients, The Astrophysical Journal, 997(1), 124.",2026ApJ...997..124Y,https://doi.org/10.3847/1538-4357/ae2864,publisher_article_abstract_and_model_sections_checked_online; theory_only,2026-09-25,,no local path supplied,,https://doi.org/10.3847/1538-4357/ae2864,https://doi.org/10.3847/1538-4357/ae2864,10.3847/1538-4357/ae2864,,https://doi.org/10.3847/1538-4357/ae2864,stable link,Reachable in automated check
523,Fedorova+25_ATel17333,"Fedorova & Rodin (2025), ATel #17333",,,,https://www.astronomerstelegram.org/?read=17333,Original Telegram report page checked; not a peer-reviewed full analysis paper.,"Two BSA LPI pulses at 110.25±1.25 MHz; widths 0.990 and 0.954 s, peak fluxes 9.0 and 3.2 Jy, fluences 8947 and 3051 Jy ms, DM about 25 pc cm-3.","Fedorova, V., & Rodin, A. E. 2025, Detection of CHIME J1634+44 pulses at 111 MHz, The Astronomer’s Telegram, #17333.",,https://www.astronomerstelegram.org/?read=17333,original_ATel_report_page_checked,2026-09-25,,local path verified,,https://www.astronomerstelegram.org/?read=17333,https://www.astronomerstelegram.org/?read=17333,,,https://www.astronomerstelegram.org/?read=17333,stable link,Reachable in automated check
524,Shin+25_ATel17434,"Shin et al. (2025), ATel #17434",,,,https://www.astronomerstelegram.org/?read=17434,Original Telegram report page checked; preliminary TOAs.,"CHIME renewed activity on 2025-09-29, 10-01 and 10-03; preliminary TOAs phase-aligned with Dong+25. VLA/realfast detections on 10-03 and 10-04.","Shin, K., for the CHIME/FRB/Pulsar Collaborations. 2025, CHIME/FRB/Pulsar Detection of Renewed Activity from J1634+44, The Astronomer’s Telegram, #17434.",,https://www.astronomerstelegram.org/?read=17434,original_ATel_report_page_checked_preliminary,2026-09-25,,local path verified,,https://www.astronomerstelegram.org/?read=17434,https://www.astronomerstelegram.org/?read=17434,,,https://www.astronomerstelegram.org/?read=17434,stable link,Reachable in automated check
525,Men+25_ATel17440,"Men et al. (2025), ATel #17440",,,,https://www.astronomerstelegram.org/?read=17440,Original Telegram report page checked.,"Effelsberg pulse on 2025-10-04, peak flux ~0.3 Jy, nearly 100% circular polarization, detected only from 2.2–3.0 GHz due to RFI elsewhere in 1.3–6 GHz receiver band; phase-aligned with published timing solution.","Men, Y., Barr, E., Desvignes, G., Karuppusamy, R., & Wu, J. 2025, Detection of a Highly Circularly Polarized Pulse at S-band from LPT J1634+44, The Astronomer’s Telegram, #17440.",,https://www.astronomerstelegram.org/?read=17440,original_ATel_report_page_checked,2026-09-25,,local path verified,,https://www.astronomerstelegram.org/?read=17440,https://www.astronomerstelegram.org/?read=17440,,,https://www.astronomerstelegram.org/?read=17440,stable link,Reachable in automated check
526,Ng+25_ATel17474,"Ng et al. (2025), ATel #17474",,,,https://www.astronomerstelegram.org/?read=17474,Original Telegram report page checked; preliminary analysis.,Chandra ACIS-S ~10 ks during 2025-10-28 radio-active state; no detection; preliminary 3-sigma unabsorbed 0.5–7 keV flux <2.8e−15 erg cm−2 s−1 for NH=7.5e20 cm−2 and Gamma=1.7; L<3.1e30 erg s−1 at 3 kpc.,"Ng, M., for the CHIME/FRB/Pulsar Collaborations. 2025, An X-ray upper limit towards CHIME J1634+44 in a radio-active state, from Chandra follow-up, The Astronomer’s Telegram, #17474.",,https://www.astronomerstelegram.org/?read=17474,original_ATel_report_page_checked_preliminary,2026-09-25,,local path verified,,https://www.astronomerstelegram.org/?read=17474,https://www.astronomerstelegram.org/?read=17474,,,https://www.astronomerstelegram.org/?read=17474,stable link,Reachable in automated check
527,Lundy+25_ATel17478,"Lundy et al. (2025), ATel #17478",,,,https://www.astronomerstelegram.org/?read=17478,Original Telegram report page checked; preliminary analysis.,"During 2025-10-28/29 active state: NuSTAR ~40 ks, 3–79 keV flux <1.8e−13 erg cm−2 s−1; Swift/XRT ~5 ks, 0.3–10 keV flux <1e−13; 3-sigma limits for absorbed power law Gamma=1.7, NH=7.5e20 cm−2.","Lundy, M., Mori, K., Mandel, S., Bao, T., & Wang, Z. 2025, NuSTAR and Swift observations of the LPT CHIME J1634+44 in a radio-active state, The Astronomer’s Telegram, #17478.",,https://www.astronomerstelegram.org/?read=17478,original_ATel_report_page_checked_preliminary,2026-09-25,,local path verified,,https://www.astronomerstelegram.org/?read=17478,https://www.astronomerstelegram.org/?read=17478,,,https://www.astronomerstelegram.org/?read=17478,stable link,Reachable in automated check
528,Dudeja+25_ATel17562,"Dudeja et al. (2025), ATel #17562",,,,https://www.astronomerstelegram.org/?read=17562,Original Telegram report page checked.,"Three uGMRT Band-4 (550–750 MHz) bursts on MJDs 61021 and 61025, fluxes ~0.2–11 Jy; one pulse has ~100-microsecond microstructure.","Dudeja, C., Bethapudi, S., Bane, K., Narayan, A., Gajendran, S., Roy, J., Kudale, S., & Patra, N. 2025, uGMRT Detection of Polarised Bursts from LPT J1634+44, The Astronomer’s Telegram, #17562.",,https://www.astronomerstelegram.org/?read=17562,original_ATel_report_page_checked,2026-09-25,,local path verified,,https://www.astronomerstelegram.org/?read=17562,https://www.astronomerstelegram.org/?read=17562,,,https://www.astronomerstelegram.org/?read=17562,stable link,Reachable in automated check
529,Dudeja+25_ATel17565,"Dudeja et al. (2025), ATel #17565",,,,https://www.astronomerstelegram.org/?read=17565,Original Telegram report page checked; quantitative polarization supplement to ATel #17562.,"For two uGMRT Band-4 bursts, absolute circular fractions 80.55±0.09% and 88.1±0.1%; linear fraction ~42%; RMs 8.1±0.2 and 7.6±0.1 rad m−2.","Dudeja, C., Bethapudi, S., Bane, K., Narayan, A., Gajendran, S., Roy, J., Kudale, S., & Patra, N. 2025, uGMRT Detection of Polarised Bursts from LPT J1634+44, The Astronomer’s Telegram, #17565.",,https://www.astronomerstelegram.org/?read=17565,original_ATel_report_page_checked,2026-09-25,,local path verified,,https://www.astronomerstelegram.org/?read=17565,https://www.astronomerstelegram.org/?read=17565,,,https://www.astronomerstelegram.org/?read=17565,stable link,Reachable in automated check
530,GaiaDR3_CHIME1634,Gaia DR3 VizieR cone query; Gaia Collaboration et al. (2023),,10.1051/0004-6361/202243940,,"https://vizier.cds.unistra.fr/viz-bin/asu-tsv?-source=I/355/gaiadr3&-c=248.62483+44.83708&-c.rs=30&-out=Source,RA_ICRS,DE_ICRS,Plx,e_Plx,pmRA,e_pmRA,pmDE,e_pmDE,Gmag,BPmag,RPmag&-out.add=_r",Exact Gaia DR3 cone search to 30 arcsec queried and saved; Gaia IDs preserved as strings.,No Gaia source within 18.006 arcsec of VLA position; next two sources are at 18.006 and 25.043 arcsec and are not adopted. Query epoch is J2016.0.,"Gaia Collaboration et al. 2023, Gaia Data Release 3: Summary of the content and survey properties, Astronomy & Astrophysics, 674, A1; VizieR Gaia DR3 main-source table I/355/gaiadr3, exact cone query dated 2026-09-24.",2023A&A...674A...1G,https://vizier.cds.unistra.fr/viz-bin/cat/I/355,exact_Gaia_DR3_cone_query_checked_and_saved,2026-09-25,,local path verified,,"https://vizier.cds.unistra.fr/viz-bin/asu-tsv?-source=I/355/gaiadr3&-c=248.62483+44.83708&-c.rs=30&-out=Source,RA_ICRS,DE_ICRS,Plx,e_Plx,pmRA,e_pmRA,pmDE,e_pmDE,Gmag,BPmag,RPmag&-out.add=_r",https://cdsarc.cds.unistra.fr/cat/I/355,10.1051/0004-6361/202243940,Updated the Gaia DR3 catalog URL to the current VizieR catalog route.,https://vizier.cds.unistra.fr/viz-bin/cat/I/355,stable link,Reachable in automated check
531,SIMBAD_CHIME1634,SIMBAD exact CHIME name query; Wenger et al. (2000),,10.1051/aas:2000332,,https://simbad.cds.unistra.fr/simbad/sim-id?Ident=CHIME%20J1634%2B44&output.format=ASCII,Exact SIMBAD query saved; no Gaia identifier or additional alias in identifier list.,"SIMBAD reports NAME CHIME J1634+44 at the Dong+25 VLA position, ICRS ep=J2000, no parallax/proper motion/photometry; bibliographic list includes the Bloot and Dong papers. The exact ILT J163430+445010 resolver input returns an identifier-format error.","Wenger, M., Ochsenbein, F., Egret, D., et al. 2000, The SIMBAD astronomical database: The CDS reference database for astronomical objects, Astronomy and Astrophysics Supplement Series, 143, 9–22.",2000A&AS..143....9W,https://simbad.cds.unistra.fr/simbad/,exact_SIMBAD_name_query_checked_and_saved,2026-09-25,,local path verified,,https://simbad.cds.unistra.fr/simbad/sim-id?Ident=CHIME%20J1634%2B44&output.format=ASCII,https://simbad.cds.unistra.fr/simbad/,10.1051/aas:2000332,,https://simbad.cds.unistra.fr/simbad/,stable link,Reachable in automated check
532,Zhan+26,"Zhan, Wang & Wang (2026), arXiv:2604.11317",,10.48550/arXiv.2604.11317,,https://arxiv.org/abs/2604.11317,Full theoretical preprint checked; no new CHIME observation or secure classification.,A falsifiable timing test for a double-WD model of LPTs; applies an illustrative 841-s orbital / 4206-s spin-orbit beat assignment to J1634-like parameters and predicts coupled beat-clock evolution. Model interpretation only.,"Zhan, Y., Wang, D., & Wang, F.-Y. 2026, A Falsifiable Timing Test for the Double-White-Dwarf Model of Long-Period Transients, arXiv:2604.11317.",,https://arxiv.org/abs/2604.11317,full_theoretical_preprint_checked,2026-09-25,,local path verified,,https://arxiv.org/abs/2604.11317,https://arxiv.org/abs/2604.11317,10.48550/arXiv.2604.11317,,https://arxiv.org/abs/2604.11317,stable link,Reachable in automated check
533,Horvath+26,"Horváth et al. (2026), Nature Astronomy",,10.1038/s41550-025-02760-y,,https://arxiv.org/abs/2507.15352,Peer-reviewed model paper checked for scope; it presents GPM J1839−10/J1912−44 results and no new CHIME J1634+44 measurements.,Binary emission-geometry model for GPM J1839−10 and WD pulsar J1912−44; broader population connection is interpretive and does not confirm CHIME J1634+44 as WD-hosting or establish one evolutionary sequence.,"Horváth, C., Rea, N., Hurley-Walker, N., McSweeney, S. J., Perley, R. A., & Lenc, E. 2026, A binary model of long-period radio transients and white dwarf pulsars, Nature Astronomy, 10, 522–530.",2026NatAs..10..522H,https://doi.org/10.1038/s41550-025-02760-y,published_model_paper_abstract_and_scope_checked,2026-09-25,,local path verified,,https://arxiv.org/abs/2507.15352,https://doi.org/10.1038/s41550-025-02760-y,10.1038/s41550-025-02760-y,,https://doi.org/10.1038/s41550-025-02760-y,stable link,Reachable in automated check
534,Knigge+26,"Knigge et al. (2026), arXiv:2606.28993 v1",,10.48550/arXiv.2606.28993,,https://arxiv.org/abs/2606.28993,Full v1 preprint checked; no later arXiv version or journal record located on 2026-09-25.,"Competing SED analysis. Nine photometric points; fixed WD mass 0.8 Msun; donor constrained to the semi-empirical CV sequence; includes a fitted reddening and 0.262-mag intrinsic scatter. Treat Teff, donor mass and distance as model outputs, not direct measurements.","Knigge, C., Scaringi, S., Castro Segura, N., de Martino, D., & Veresvarska, M. 2026, The Long-Period Radio Transient and Cataclysmic Variable ASKAP J1745-5051: Evidence for a 15,000 K White Dwarf and a Sub-Stellar Donor, arXiv:2606.28993v1.",,https://arxiv.org/abs/2606.28993,full_preprint_v1_checked; publication_status_checked,2026-09-25,,local path verified,,https://arxiv.org/abs/2606.28993,https://arxiv.org/abs/2606.28993,10.48550/arXiv.2606.28993,,https://arxiv.org/abs/2606.28993,stable link,Reachable in automated check
535,GaiaDR3_ASKAP174508,Gaia DR3 exact-ID archive query (2026-09-25),,10.1051/0004-6361/202243940,,https://gea.esac.esa.int/archive/,Exact Gaia DR3 source-ID query checked; IDs preserved as strings.,"Includes astrometry, photometry, and quality fields for the preferred source and nearby candidate. Gaia source IDs are not numeric measurements.","Gaia Collaboration et al. 2023, Gaia Data Release 3: Summary of the content and survey properties, Astronomy & Astrophysics, 674, A1; exact Gaia DR3 source-ID records queried for 5946454415417964032 and 5946454411127231488.",2023A&A...674A...1G,https://gea.esac.esa.int/archive/,exact_gaia_dr3_source_id_query,2026-09-25,,local path verified,,https://gea.esac.esa.int/archive/,https://gea.esac.esa.int/archive/,10.1051/0004-6361/202243940,,https://gea.esac.esa.int/archive/,stable link,Reachable in automated check
536,VizieR_GaiaDR3_ASKAP174508,CDS VizieR Gaia DR3 exact-ID query (2026-09-25),,,,https://vizier.cds.unistra.fr/viz-bin/VizieR?-source=I/355/gaiadr3,Exact VizieR source-ID query checked.,Cross-check of Gaia DR3 record values and nearby candidate; not an independent physical-property measurement.,"Gaia Collaboration et al. 2023, Gaia DR3 source catalog, VizieR I/355/gaiadr3; exact-ID query for both ASKAP field candidates.",,https://vizier.cds.unistra.fr/viz-bin/VizieR?-source=I/355/gaiadr3,exact_vizier_catalog_query,2026-09-25,,local path verified,,https://vizier.cds.unistra.fr/viz-bin/VizieR?-source=I/355/gaiadr3,https://vizier.cds.unistra.fr/viz-bin/VizieR?-source=I/355/gaiadr3,,,https://vizier.cds.unistra.fr/viz-bin/VizieR?-source=I/355/gaiadr3,stable link,Reachable in automated check
537,SIMBAD_ASKAP174508,SIMBAD exact-name query (2026-09-25),,10.1051/aas:2000332,,https://simbad.cds.unistra.fr/simbad/sim-id?Ident=ASKAP%20J174508.9-505149,"Exact-name SIMBAD record checked; name-only entry has no parallax, proper motion, Gaia ID, flux or spectral type.","SIMBAD coordinates are ICRS, epoch J2000: 17:45:08.9, -50:51:49; Galactic coordinates 341.0001, -11.1548.","Wenger et al. 2000, The SIMBAD astronomical database, Astronomy and Astrophysics Supplement Series, 143, 9–22; exact-name object record queried for ASKAP J174508.9-505149.",,https://simbad.cds.unistra.fr/simbad/sim-id?Ident=ASKAP%20J174508.9-505149,exact_simbad_name_query,2026-09-25,,local path verified,,https://simbad.cds.unistra.fr/simbad/sim-id?Ident=ASKAP%20J174508.9-505149,https://simbad.cds.unistra.fr/simbad/sim-id?Ident=ASKAP%20J174508.9-505149,10.1051/aas:2000332,,https://simbad.cds.unistra.fr/simbad/sim-id?Ident=ASKAP%20J174508.9-505149,stable link,Reachable in automated check
538,Rose+26_data,"Rose et al. (2026), Zenodo supplementary dataset",,10.5281/zenodo.17365566,,https://doi.org/10.5281/zenodo.17365566,Official machine-readable Supplementary Data 1 checked; 62 fitted radio-pulse rows.,"Event-level pulse arrival times, durations, polarization fractions, and Stokes fluxes. Error confidence level is not specified in the file.","Rose, K. 2026, Periodic Radio and X-ray Emission from an Accreting White Dwarf Binary, Zenodo dataset, version 1.0.0.",,https://doi.org/10.5281/zenodo.17365566,official_zenodo_supplement_checked,2026-09-25,,local path verified,,https://doi.org/10.5281/zenodo.17365566,https://doi.org/10.5281/zenodo.17365566,10.5281/zenodo.17365566,,https://doi.org/10.5281/zenodo.17365566,stable link,Reachable in automated check
539,RoseCode_ASKAP174508,"Rose et al. (2026), public analysis repository, commit 3d168b7",,,,https://github.com/krose098/askap_j1745/commit/3d168b7262295c3fb90443784de6b83ccf38612a,Public repository commit and notebooks checked; commit dated 2026-07-06 states it uploads the corrected Supplementary Table 2.,The published input table applies extinction to the observed flux rather than removing it. Repository corrected UV inputs are preserved separately; cached blackbody output is not an independently rerun result.,"Rose, K. et al. 2026, askap_j1745 analysis repository, commit 3d168b7262295c3fb90443784de6b83ccf38612a.",,https://github.com/krose098/askap_j1745/commit/3d168b7262295c3fb90443784de6b83ccf38612a,author_repository_commit_and_notebook_checked,2026-09-25,,local path verified,,https://github.com/krose098/askap_j1745/commit/3d168b7262295c3fb90443784de6b83ccf38612a,https://github.com/krose098/askap_j1745/commit/3d168b7262295c3fb90443784de6b83ccf38612a,,,https://github.com/krose098/askap_j1745/commit/3d168b7262295c3fb90443784de6b83ccf38612a,stable link,Reachable in automated check
540,GaiaDR3_VVPup,"Gaia Collaboration et al. (2022), exact Gaia DR3 source row",,10.26093/CDS/VIZIER.1355,,https://vizier.cds.unistra.fr/viz-bin/asu-tsv?-source=I/355/gaiadr3&Source=5719598950133755392,exact_source_id_query_saved,"Exact Gaia DR3 source_id 5719598950133755392 queried in VizieR I/355/gaiadr3. Returned J2016 ICRS position/errors, parallax/error, proper motions/errors, G/BP/RP and errors, BP-RP, RUWE, duplicated-source, visibility periods and variability flag. SIMBAD identifier list checked.","Gaia Collaboration et al. 2022, Gaia Data Release 3 Part 1: Main source, VizieR Online Data Catalog, I/355.",2022yCat.1355....0G,https://vizier.cds.unistra.fr/viz-bin/asu-tsv?-source=I/355/gaiadr3&Source=5719598950133755392,exact_VizieR_source_id_query_saved_and_checked,2026-09-25,,local path verified,,https://vizier.cds.unistra.fr/viz-bin/asu-tsv?-source=I/355/gaiadr3&Source=5719598950133755392,https://vizier.cds.unistra.fr/viz-bin/asu-tsv?-source=I/355/gaiadr3&Source=5719598950133755392,10.26093/CDS/VIZIER.1355,,https://vizier.cds.unistra.fr/viz-bin/asu-tsv?-source=I/355/gaiadr3&Source=5719598950133755392,stable link,Reachable in automated check
541,BailerJones+21_VVPup,"Bailer-Jones et al. (2021), VV Pup exact EDR3 distance row",,10.3847/1538-3881/abd806,,https://vizier.cds.unistra.fr/viz-bin/asu-tsv?-source=I/352/gedr3dis&Source=5719598950133755392,exact_source_id_query_saved,"Exact Gaia source_id 5719598950133755392 queried in I/352/gedr3dis. Geometric rgeo=135.259247 pc, p16=134.543304, p84=136.005585; photogeometric 135.170120 [134.365891,135.780716] pc. Geometric retained; no parallax inversion.","Bailer-Jones, C. A. L., Rybizki, J., Fouesneau, C., Demleitner, J., & Andrae, R. 2021, Estimating distances from parallaxes. V: Geometric and photogeometric distances to 1.47 billion stars in Gaia Early Data Release 3, The Astronomical Journal, 161, 147.",2021AJ....161..147B,https://doi.org/10.3847/1538-3881/abd806,exact_VizieR_I_352_source_id_query_saved,2026-09-25,,local path verified,,https://vizier.cds.unistra.fr/viz-bin/asu-tsv?-source=I/352/gedr3dis&Source=5719598950133755392,https://doi.org/10.3847/1538-3881/abd806,10.3847/1538-3881/abd806,,https://doi.org/10.3847/1538-3881/abd806,stable link,Reachable in automated check
542,SIMBAD_FRLyn,SIMBAD identifier/alias query for FR Lyn,,,,,database_query_saved,Exact main ID and Gaia DR3 identifier occur in alias set; output saved.,"SIMBAD Astronomical Database exact identifier result for V* FR Lyn / 1ES 0851+39.2, queried 2026-09-25.",,https://simbad.cds.unistra.fr/simbad/sim-id?Ident=FR%20Lyn,database_query_saved,2026-09-25,,local path verified,,,https://simbad.cds.unistra.fr/simbad/sim-id?Ident=FR%20Lyn,,,https://simbad.cds.unistra.fr/simbad/sim-id?Ident=FR%20Lyn,stable link,Reachable in automated check
543,GaiaDR3_FRLyn,Gaia DR3 source query for FR Lyn,,,,,exact_source_id_query_saved,"Exact Gaia Archive query by source_id=719893044876142848. Astrometry, mean photometry and quality fields saved; no Gaia single-star astrophysical parameters adopted.","Gaia Collaboration et al. 2023, Gaia DR3: Summary of the content and survey properties, A&A, 674, A1.",2023A&A...674A...1G,https://gea.esac.esa.int/archive/documentation/GDR3/,exact_source_id_query_saved,2026-09-25,,local path verified,,,https://gea.esac.esa.int/archive/documentation/GDR3/,,,https://gea.esac.esa.int/archive/documentation/GDR3/,stable link,Reachable in automated check
544,VizieR_GaiaDR3_FRLyn,VizieR Gaia DR3 row for FR Lyn,,,,,exact_vizier_source_id_query_saved,"Exact row includes magnitude errors, quality flags, Galactic coordinates and propagated ICRS J2000 positions/errors.","Gaia Collaboration et al. 2023, Gaia DR3 source catalogue, VizieR I/355/gaiadr3; exact source query saved 2026-09-25.",2023A&A...674A...1G,https://vizier.cds.unistra.fr/viz-bin/VizieR-5?-source=I/355/gaiadr3&Source=719893044876142848,exact_vizier_source_id_query_saved,2026-09-25,,local path verified,,,https://vizier.cds.unistra.fr/viz-bin/VizieR-5?-source=I/355/gaiadr3&Source=719893044876142848,,,https://vizier.cds.unistra.fr/viz-bin/VizieR-5?-source=I/355/gaiadr3&Source=719893044876142848,stable link,Reachable in automated check
545,BailerJones+21_FRLyn,Bailer-Jones EDR3 distances for FR Lyn,,,,,exact_vizier_source_id_query_saved,"Exact EDR3 row: geometric median 478.454071 pc, p16/p84 436.084137/526.308899; photogeometric median 479.323700 pc, p16/p84 437.194214/519.891602.","Bailer-Jones, C. A. L., Rybizki, J., Fouesneau, M., Demleitner, M., & Andrae, R. 2021, Estimating distances from parallaxes. V. Geometric and photogeometric distances to 1.47 billion stars in Gaia EDR3, AJ, 161, 147.",2021AJ....161..147B,https://vizier.cds.unistra.fr/viz-bin/VizieR-5?-source=I/352/gedr3dis&Source=719893044876142848,exact_vizier_source_id_query_saved,2026-09-25,,local path verified,,,https://vizier.cds.unistra.fr/viz-bin/VizieR-5?-source=I/352/gedr3dis&Source=719893044876142848,,,https://vizier.cds.unistra.fr/viz-bin/VizieR-5?-source=I/352/gedr3dis&Source=719893044876142848,stable link,Reachable in automated check
546,VizieR_RASS_BSC_FRLyn,VizieR ROSAT Bright Source Catalog row for FR Lyn,,,,,exact_vizier_catalog_name_query_saved,"Exact count rate 0.1242±0.02048 ct s-1, HR1=-0.90±0.06, HR2=-1.0±1.67, exposure 420 s; these catalog inputs underlie Ridder+23 approximate conversions.","Voges et al. 1999, ROSAT All-Sky Survey Bright Source Catalog, VizieR IX/10A/1rxs; exact name query saved 2026-09-25.",1999A&A...349..389V,https://vizier.cds.unistra.fr/viz-bin/VizieR-5?-source=IX/10A/1rxs&1RXS=J085413.1%2B390543,exact_vizier_catalog_name_query_saved,2026-09-25,,local path verified,,,https://vizier.cds.unistra.fr/viz-bin/VizieR-5?-source=IX/10A/1rxs&1RXS=J085413.1%2B390543,,,https://vizier.cds.unistra.fr/viz-bin/VizieR-5?-source=IX/10A/1rxs&1RXS=J085413.1%2B390543,stable link,Reachable in automated check
547,Schwope+11_HUAqr,Schwope et al. (2011),,10.1051/0004-6361/201016373,,https://wrap.warwick.ac.uk/id/eprint/38516/1/WRAP_Steeghs_aa16373-10.pdf,original_full_text_checked_local_pdf,"Original A&A full text checked, including the 1996 intermediate-state Na I/Ca II donor spectroscopy and the low-state eclipse-model parameter analysis. Ca II irradiation-weighted Q=MWD/M2=4.58 +/-0.20 is preferred; Na I gives Q=3.88 +/-0.15 and a stated strict lower limit Q>3.7 because absorption spills onto the irradiated hemisphere. Combined solution gives MWD=0.80 +/-0.04 Msun, M2=0.18 +/-0.06 Msun, i=87 deg (+0.8/-0.5); model-dependent and superseded in precision by Schwope+25.","Schwope, A. D., Horne, K., Steeghs, D., & Still, M. 2011, Dissecting the donor star in the eclipsing polar HU Aquarii, Astronomy & Astrophysics, 531, A34.",2011A&A...531A..34S,https://doi.org/10.1051/0004-6361/201016373,original_full_text_checked_local_pdf,2026-09-25,,local path verified,,https://wrap.warwick.ac.uk/id/eprint/38516/1/WRAP_Steeghs_aa16373-10.pdf,https://doi.org/10.1051/0004-6361/201016373,10.1051/0004-6361/201016373,,https://wrap.warwick.ac.uk/id/eprint/38516/1/WRAP_Steeghs_aa16373-10.pdf,download URL,Reachable in automated check
548,Bours+14_HUAqr,Bours et al. (2014),,10.1093/mnras/stu1879,,https://academic.oup.com/mnras/article/445/2/1924/1415063,original_full_text_checked_local_arxiv_pdf,"Original accepted article checked, including Equation 2 and the eclipse-timing analysis. Equation 2 uses BMJD(TDB)=49102.42039316(1)+0.0868203980(4)E d. The paper rejects the then-current single-planet solution and finds planetary fits to all eclipse times unsatisfactory; its quadratic-fit Pdot=-5.2e-12 s/s is not adopted as a settled secular derivative.","Bours, M. C. P., Marsh, T. R., Breedt, E., Copperwheat, C. M., Dhillon, V. S., Leckngam, A., Littlefair, S. P., Parsons, S. G., & Prasit, A. 2014, Testing the planetary models of HU Aquarii, Monthly Notices of the Royal Astronomical Society, 445, 1924–1931.",2014MNRAS.445.1924B,https://doi.org/10.1093/mnras/stu1879,original_full_text_checked_local_arxiv_pdf_and_publisher_metadata,2026-09-25,,local path verified,,https://academic.oup.com/mnras/article/445/2/1924/1415063,https://doi.org/10.1093/mnras/stu1879,10.1093/mnras/stu1879,,https://doi.org/10.1093/mnras/stu1879,stable link,Automated access restricted
549,SchwopeThinius+18_HUAqr,Schwope & Thinius (2018),,10.1002/asna.201813526,,https://onlinelibrary.wiley.com/doi/10.1002/asna.201813526,publisher_abstract_page_checked_full_text_inaccessible,Publisher abstract/article page checked; full text was not accessible because the Wiley PDF request was blocked. Reports 26 eclipse epochs from 2014-2018 and states that the steep continuous O-C decrease observed in 2010-2013 had slowed before mid-2016. No unique planetary/Applegate interpretation is established. Use as qualitative timing context only until full text is checked.,"Schwope, A. D., & Thinius, B. D. 2018, On the ephemeris of the eclipsing polar HU Aquarii. II: New eclipse epochs obtained 2014–2018, Astronomische Nachrichten, 339, 540–544.",,https://doi.org/10.1002/asna.201813526,publisher_abstract_and_article_metadata_only_full_text_access_blocked,2026-09-25,,no local path supplied,,https://onlinelibrary.wiley.com/doi/10.1002/asna.201813526,https://doi.org/10.1002/asna.201813526,10.1002/asna.201813526,,https://doi.org/10.1002/asna.201813526,stable link,Automated access restricted
550,SIMBAD_HUAqr,SIMBAD identifier/alias query for HU Aqr,,,,,database_query_saved,Exact SIMBAD identifier output for V* HU Aqr includes Gaia DR3 6911950900211768704 and RX J2107.9-0517/-0518 aliases; saved as a source-ID alias query.,"SIMBAD Astronomical Database exact identifier and alias result for V* HU Aqr, queried 2026-09-25.",,https://simbad.cds.unistra.fr/simbad/sim-id?Ident=HU%20Aqr,database_query_saved_exact_identifier_and_alias_match,2026-09-25,,local path verified,,,https://simbad.cds.unistra.fr/simbad/sim-id?Ident=HU%20Aqr,,,https://simbad.cds.unistra.fr/simbad/sim-id?Ident=HU%20Aqr,stable link,Reachable in automated check
551,GaiaDR3_HUAqr,Gaia DR3 source query for HU Aqr,,,,https://gea.esac.esa.int/archive/,exact_source_id_query_saved,"Exact Gaia Archive query by source_id=6911950900211768704. Astrometry, mean photometry, variability and astrometric quality fields saved; Gaia single-star astrophysical parameters are not used as component properties.","Gaia Collaboration et al. 2023, Gaia Data Release 3: Summary of the content and survey properties, Astronomy & Astrophysics, 674, A1.",2023A&A...674A...1G,https://gea.esac.esa.int/archive/documentation/GDR3/,exact_source_id_query_saved,2026-09-25,,local path verified,,https://gea.esac.esa.int/archive/,https://gea.esac.esa.int/archive/documentation/GDR3/,,,https://gea.esac.esa.int/archive/documentation/GDR3/,stable link,Reachable in automated check
552,VizieR_GaiaDR3_HUAqr,VizieR Gaia DR3 row for HU Aqr,,,,,exact_vizier_source_id_query_saved,"Exact Gaia DR3 source-ID row from VizieR I/355/gaiadr3 includes formal astrometric errors, Gaia mean photometry, RUWE, Galactic coordinates and propagated epoch-2000 ICRS coordinates.","Gaia Collaboration et al. 2023, Gaia DR3 source catalogue, VizieR I/355/gaiadr3; exact source query saved 2026-09-25.",2023A&A...674A...1G,https://vizier.cds.unistra.fr/viz-bin/VizieR-5?-source=I/355/gaiadr3&Source=6911950900211768704,exact_vizier_source_id_query_saved,2026-09-25,,local path verified,,,https://vizier.cds.unistra.fr/viz-bin/VizieR-5?-source=I/355/gaiadr3&Source=6911950900211768704,,,https://vizier.cds.unistra.fr/viz-bin/VizieR-5?-source=I/355/gaiadr3&Source=6911950900211768704,stable link,Reachable in automated check
553,BailerJones+21_HUAqr,"Bailer-Jones et al. (2021), HU Aqr exact EDR3 query",,10.3847/1538-3881/abd806,,https://vizier.cds.unistra.fr/viz-bin/VizieR?-source=I/352/gedr3dis,exact_vizier_source_id_query_saved,"Exact Gaia source_id=6911950900211768704 row from Bailer-Jones et al. (2021), VizieR I/352/gedr3dis. Geometric posterior median 189.601898 pc, p16=188.115906 pc, p84=191.112885 pc; photogeometric median 189.862442 pc, p16=188.260864 pc, p84=191.701889 pc. Geometric result is used for the compatibility distance and derived M_G; these are posterior estimates, not parallax inversions.","Bailer-Jones, C. A. L., Rybizki, J., Fouesneau, M., Demleitner, M., & Andrae, R. 2021, Estimating distances from parallaxes. V. Geometric and photogeometric distances to 1.47 billion stars in Gaia Early Data Release 3, The Astronomical Journal, 161, 147.",2021AJ....161..147B,https://doi.org/10.3847/1538-3881/abd806,exact_vizier_source_id_query_saved,2026-09-25,,local path verified,,https://vizier.cds.unistra.fr/viz-bin/VizieR?-source=I/352/gedr3dis,https://doi.org/10.3847/1538-3881/abd806,10.3847/1538-3881/abd806,,https://doi.org/10.3847/1538-3881/abd806,stable link,Reachable in automated check
554,SIMBAD_CMPhe,SIMBAD exact CM Phe record (queried 2026-09-25),,,,https://simbad.cds.unistra.fr/simbad/sim-id?Ident=CM+Phe,exact_identifier_query_saved,"Exact object/identifier query returns V* CM Phe, Gaia DR3 4972697024889419520 and NAME Phoenix 1. Identity checked against Gaia DR3 exact-source row and published source coordinates.","Wenger, M., et al. 2000, SIMBAD.",2000A&AS..143....9W,https://simbad.cds.unistra.fr/simbad/sim-id?Ident=CM+Phe,database_query_exact_identifiers,2026-09-25,,local path verified,,https://simbad.cds.unistra.fr/simbad/sim-id?Ident=CM+Phe,https://simbad.cds.unistra.fr/simbad/sim-id?Ident=CM+Phe,,,https://simbad.cds.unistra.fr/simbad/sim-id?Ident=CM+Phe,stable link,Reachable in automated check
555,GaiaDR3_CMPhe,Gaia DR3 exact-source archive/VizieR query: CM Phe,,10.26093/CDS/VizieR.1355,,https://gea.esac.esa.int/archive/,exact_source_id_query_saved,"Exact Gaia DR3 source_id query, ICRS epoch J2016.0; includes astrometry, photometry, uncertainties and quality fields. Data query output saved locally.","Gaia Collaboration et al. 2023, A&A, 674, A1; Gaia DR3 source catalog.",2023A&A...674A...1G,https://gea.esac.esa.int/archive/,exact_Gaia_archive_and_VizieR_source_id_query,2026-09-25,,local path verified,,https://gea.esac.esa.int/archive/,https://gea.esac.esa.int/archive/,10.26093/CDS/VizieR.1355,,https://gea.esac.esa.int/archive/,stable link,Reachable in automated check
556,BailerJones+21_CMPhe,"Bailer-Jones et al. (2021), CM Phe EDR3 distance query",,10.3847/1538-3881/abd806,,https://vizier.cds.unistra.fr/viz-bin/VizieR-3?-source=I%2f352%2fgedr3dis,exact_source_id_row_saved,"Exact Gaia EDR3/Bailer-Jones source row: geometric posterior median 308.39825 pc, p16 305.35790 pc, p84 311.16943 pc; photogeometric posterior stored separately.","Bailer-Jones, C. A. L., et al. 2021, AJ, 161, 147.",2021AJ....161..147B,https://doi.org/10.3847/1538-3881/abd806,exact_VizieR_source_id_row_saved,2026-09-25,,local path verified,,https://vizier.cds.unistra.fr/viz-bin/VizieR-3?-source=I%2f352%2fgedr3dis,https://doi.org/10.3847/1538-3881/abd806,10.3847/1538-3881/abd806,,https://doi.org/10.3847/1538-3881/abd806,stable link,Reachable in automated check
557,GaiaDR2_CMPhe,Gaia DR2 exact-source cross-match: CM Phe,,10.26093/CDS/VizieR.1345,,https://gea.esac.esa.int/archive/,exact_crossmatch_row_saved,Exact Gaia DR2 neighbor/cross-match counterpart to Gaia DR3 source 4972697024889419520. DR2 parallax 3.1734126 +/- 0.0378868 mas; inverse-parallax distance and linearly propagated uncertainty reproduce Hewitt+20 Table 1 315.1 +/- 3.8 pc. Inference about the table calculation; caption only says Gaia DR2.,"Gaia Collaboration et al. 2018, A&A, 616, A1; Gaia DR2.",2018A&A...616A...1G,https://gea.esac.esa.int/archive/,exact_DR2_crossmatch_and_parallax_query_saved,2026-09-25,,local path verified,,https://gea.esac.esa.int/archive/,https://gea.esac.esa.int/archive/,10.26093/CDS/VizieR.1345,,https://gea.esac.esa.int/archive/,stable link,Reachable in automated check
558,2SXPS_CMPhe,"Evans et al. (2020), exact 2SXPS CM Phe record",,10.3847/1538-4365/ab7db9,,https://www.swift.ac.uk/2SXPS/,catalogue_full_text_and_exact_source_query_saved,"2SXPS J002133.1-514235, source 151324; Swift/XRT catalogue mean flux model products are distinct from Ridder+23 band conversions. Source row reports 4 observations/detections over 2012-09-18 to 2016-03-09; variability probabilities and power-law 0.3-10 keV flux values are preserved in the ledger.","Evans, P. A., et al. 2020, ApJS, 247, 54.",2020ApJS..247...54E,https://doi.org/10.3847/1538-4365/ab7db9,original_catalogue_paper_and_exact_UKSSDC_VizieR_source_rows_checked,2026-09-25,,local path verified,,https://www.swift.ac.uk/2SXPS/,https://doi.org/10.3847/1538-4365/ab7db9,10.3847/1538-4365/ab7db9,,https://doi.org/10.3847/1538-4365/ab7db9,stable link,Reachable in automated check
559,Froning+12_FUSECV,"Froning et al. (2012), FUSE CV survey",,10.1088/0067-0049/199/1/7,,https://arxiv.org/abs/1112.1972,original_full_text_checked,"FUSE CV survey Table 1 lists CM Phe as NL, Porb 6.45 h and observation D9131801 dated 2003-09-16 with 5684 s exposure; data-quality flag 1 means source not detected. This observation provides no WD temperature.","Froning, C. S., Long, K. S., Gänsicke, B. T., & Szkody, P. 2012, ApJS, 199, 7.",2012ApJS..199....7F,https://doi.org/10.1088/0067-0049/199/1/7,original_full_text_and_Table_1_checked_locally,2026-09-25,,local path verified,,https://arxiv.org/abs/1112.1972,https://doi.org/10.1088/0067-0049/199/1/7,10.1088/0067-0049/199/1/7,,https://doi.org/10.1088/0067-0049/199/1/7,stable link,Reachable in automated check
560,RawlsAAS211_CMPhe,"Rawls, Hoard & Wachter, AAS 211 abstract 51.23 (2008)",,,,https://aas.org/sites/default/files/2020-02/AAS_211_Program_Book.pdf,meeting_program_and_abstract_only,"Official AAS 211 program book verifies title and author list. Secondary abstract text reports a nine-year photometric/spectroscopic study, period 0.2683 d, double-humped light curve, and long-term luminosity changes resembling VY Scl stars possibly due to changing mass transfer. No peer-reviewed full paper or ADS bibcode identified in this search.","Rawls, M. L., Hoard, D. W., & Wachter, S. 2008, AAS Meeting 211, abstract 51.23.",,https://aas.org/sites/default/files/2020-02/AAS_211_Program_Book.pdf,official_program_book_title_authors_plus_abstract_only,2026-09-25,,local path verified,,https://aas.org/sites/default/files/2020-02/AAS_211_Program_Book.pdf,https://aas.org/sites/default/files/2020-02/AAS_211_Program_Book.pdf,,,https://aas.org/sites/default/files/2020-02/AAS_211_Program_Book.pdf,stable link,Automated access restricted
561,HoardWachter+98_CMPhe,"Hoard & Wachter (1998), cited CM Phe spectroscopy",,,,,cited_original_not_retrieved,"Hewitt+20/Woudt & Warner+02 cite Hoard & Wachter for the CM Phe spectroscopy/TiO donor type. Bibliographic detail 1998, PASP, 110, 906 is carried from those citations; original full text and exact title not retrieved. The M2-5 evidence is separately present in Hoard+01 abstract and repeated by Woudt+Warner+02/Hewitt+20.","Hoard, D. W. & Wachter, S. 1998, PASP, 110, 906 (as cited; title not independently verified).",,,secondary_citation_only_original_inaccessible,2026-09-25,,local path verified,,,,,,,,No HTTP citation URL in manifest
562,JaideeLynga+69_CMPhe,"Jaidee & Lynga (1969), identity citation as reported by Hewitt+20",,,,,cited_original_not_retrieved,"Hewitt+20 identifies the historic L218-28/CM Phe misidentification and cites Jaidee & Lynga (1969), Arkiv för Astronomi, 5, 345 for the correct identity. Original full text/title not retrieved; this is not independently adopted as a measurement.","Jaidee, S. & Lynga, G. 1969, Arkiv för Astronomi, 5, 345 (as cited by Hewitt et al. 2020; title not independently verified).",,,secondary_citation_only_original_inaccessible,2026-09-25,,local path verified,,,,,,,,No HTTP citation URL in manifest
563,Buckley+90_V347Pup,Buckley et al. (1990),,10.1086/168794,,,original_scanned_full_text_checked_locally,Original scanned paper checked. Older dynamical solution assumes an empirical donor mass and Balmer emission K as WD motion. Circular-polarization limit <0.5% rules out a polar but allows an IP. Historical X-ray flux assumptions/epochs retained.,"Buckley, D. A. H., Sullivan, D. J., Remillard, R. A., Tuohy, I. R., & Clark, M. 1990, LB 1800: A Bright Eclipsing Cataclysmic Variable and a Transient X-Ray Source, ApJ, 355, 617-626.",1990ApJ...355..617B,https://doi.org/10.1086/168794,original_scanned_full_text_checked_locally,2026-09-25,,local path verified,,,https://doi.org/10.1086/168794,10.1086/168794,,https://doi.org/10.1086/168794,stable link,Automated access restricted
564,GaiaDR3_V347Pup,"Gaia Collaboration et al. (2023), exact Gaia DR3 query",,10.1051/0004-6361/202243940,,,exact_source_id_catalogue_query_checked,Exact source_id query and Gaia quality row checked; GSP-Phot row blank. Gaia source_id stored as a string; astrometry is ICRS J2016.0.,"Gaia Collaboration et al. 2023, Gaia Data Release 3: Summary of the contents and survey properties, A&A, 674, A1.",2023A&A...674A...1G,https://doi.org/10.1051/0004-6361/202243940,exact_source_id_catalogue_query_checked,2026-09-25,,local path verified,,,https://doi.org/10.1051/0004-6361/202243940,10.1051/0004-6361/202243940,,https://doi.org/10.1051/0004-6361/202243940,stable link,Automated access restricted
565,BailerJones+21_V347Pup,"Bailer-Jones et al. (2021), exact EDR3 row",,10.3847/1538-3881/abd806,,,exact_VizieR_source_id_query_checked,Exact source row; geometric and photogeometric p50/p16/p84 posterior values retained separately.,"Bailer-Jones, C. A. L., et al. 2021, Estimating Distances from Parallaxes. V. Geometric and Photogeometric Distance Estimates for Almost 1.5 Billion Stars in Gaia EDR3, AJ, 161, 147.",2021AJ....161..147B,https://doi.org/10.3847/1538-3881/abd806,exact_VizieR_source_id_query_checked,2026-09-25,,local path verified,,,https://doi.org/10.3847/1538-3881/abd806,10.3847/1538-3881/abd806,,https://doi.org/10.3847/1538-3881/abd806,stable link,Reachable in automated check
566,SIMBAD_V347Pup,SIMBAD/CDS Sesame exact aliases and Gaia ID,,,,,exact_SIMBAD_backed_Sesame_queries_checked,"Exact lookups V347 Pup, exact Gaia DR3 ID, LB 1800 and 4U 0608-49 return same SIMBAD OID 2979940, CV*. Direct SIMBAD API endpoint failed; successful Sesame resolver outputs saved.","Wenger, M., et al. 2000, The SIMBAD astronomical database. The CDS reference database for astronomical objects, A&AS, 143, 9-22.",2000A&AS..143....9W,https://simbad.cds.unistra.fr/simbad/,exact_SIMBAD_backed_Sesame_queries_checked,2026-09-25,,local path verified,,,https://simbad.cds.unistra.fr/simbad/,,,https://simbad.cds.unistra.fr/simbad/,stable link,Reachable in automated check
567,2SXPS_V347Pup,"Evans et al. (2020), exact Swift 2SXPS source",,10.3847/1538-4365/ab7db9,,,exact_2SXPS_name_query_and_VizieR_row_checked,"Exact source 142122, 2SXPS J061033.6-484423. Centroid is 2.06 arcsec from Gaia and within the 4.5 arcsec 90% error radius. Native 0.3-10 keV catalogue products remain separate from Ridder+23 comparison bands.","Evans, P. A., et al. 2020, The Swift X-ray Telescope Point Source Catalogue (2SXPS), ApJS, 247, 54.",2020ApJS..247...54E,https://doi.org/10.3847/1538-4365/ab7db9,exact_2SXPS_name_query_and_VizieR_row_checked,2026-09-25,,local path verified,,,https://doi.org/10.3847/1538-4365/ab7db9,10.3847/1538-4365/ab7db9,,https://doi.org/10.3847/1538-4365/ab7db9,stable link,Reachable in automated check
568,DiazHubeny+99_V347Pup,Diaz & Hubeny (1999),,10.1086/307745,,,metadata_abstract_checked_original_full_text_inaccessible,Exact DOI/title/authors and abstract verified; attempted full-text retrieval did not yield readable original. Values from this paper are secondary reports in Thoroughgood+05.,"Diaz, M. P., & Hubeny, I. 1999, The Eclipsing Cataclysmic Variable V347 Puppis Revisited, ApJ, 523, 786-796.",1999ApJ...523..786D,https://doi.org/10.1086/307745,metadata_abstract_checked_original_full_text_inaccessible,2026-09-25,,no local path supplied,,,https://doi.org/10.1086/307745,10.1086/307745,,https://doi.org/10.1086/307745,stable link,Reachable in automated check
569,Mauche+94_V347Pup,Mauche et al. (1994),,10.1086/173894,,,metadata_verified_secondary_citation_chain_only,Original full text not accessed. E(B-V)=0.05 and distance 340-590 pc are reported through Thoroughgood+05 only.,"Mauche, C. W., Raymond, J. C., Buckley, D. A. H., et al. 1994, Optical, IUE, and ROSAT Observations of the Eclipsing Nova-like Variable V347 Puppis (LB 1800), ApJ, 424, 347.",1994ApJ...424..347M,https://doi.org/10.1086/173894,metadata_verified_secondary_citation_chain_only,2026-09-25,,no local path supplied,,,https://doi.org/10.1086/173894,10.1086/173894,,https://doi.org/10.1086/173894,stable link,Automated access restricted
570,Still+98_V347Pup,"Still, Buckley & Garlick (1998)",,10.1046/j.1365-8711.1998.01806.x,,,publisher_metadata_abstract_secondary_full_text_checked,Publisher metadata/abstract checked. Full article not separately archived/read; spiral-structure claims also checked in Thoroughgood+05 full text.,"Still, M. D., Buckley, D. A. H., & Garlick, M. A. 1998, Evidence for a Rotational Velocity Field about the White Dwarf of V347 Puppis, MNRAS, 299, 545-553.",1998MNRAS.299..545S,https://doi.org/10.1046/j.1365-8711.1998.01806.x,publisher_metadata_abstract_secondary_full_text_checked,2026-09-25,,no local path supplied,,,https://doi.org/10.1046/j.1365-8711.1998.01806.x,10.1046/j.1365-8711.1998.01806.x,,https://doi.org/10.1046/j.1365-8711.1998.01806.x,stable link,Automated access restricted
571,SIMBAD_UGem,SIMBAD U Gem query,,,,https://simbad.u-strasbg.fr/simbad/sim-basic?Ident=U_Geminorum,exact_query_saved,Exact object-name/identifier query matched V* U Gem to Gaia DR3 674214551557961984; aliases and source identity checked. Query date 2026-09-25.,"Wenger, M., et al. 2000, A&AS, 143, 9–22 (SIMBAD database description; exact query is separately saved).",2000A&AS..143....9W,https://simbad.u-strasbg.fr/simbad/sim-basic?Ident=U_Geminorum,exact_SIMBAD_query,2026-09-25,,local path verified,,https://simbad.u-strasbg.fr/simbad/sim-basic?Ident=U_Geminorum,https://simbad.u-strasbg.fr/simbad/sim-basic?Ident=U_Geminorum,,,https://simbad.u-strasbg.fr/simbad/sim-basic?Ident=U_Geminorum,stable link,Reachable in automated check
572,GaiaDR3_UGem,"Gaia Collaboration et al. (2022), Gaia DR3",,10.26093/cds/vizier.1355,,https://cdsarc.cds.unistra.fr/viz-bin/cat/I/355,exact_source_row_query_saved,Exact DR3 source 674214551557961984. Gaia ICRS J2016 astrometry/mean photometry and quality fields queried; approximate magnitude errors calculated from flux errors; GSP-Phot products kept as unresolved single-star model outputs only.,"Gaia Collaboration et al. 2022, VizieR Online Data Catalog, I/355.",2022yCat.1355....0G,https://cdsarc.cds.unistra.fr/viz-bin/cat/I/355,exact_Gaia_DR3_catalog_query,2026-09-25,,local path verified,,https://cdsarc.cds.unistra.fr/viz-bin/cat/I/355,https://cdsarc.cds.unistra.fr/viz-bin/cat/I/355,10.26093/cds/vizier.1355,,https://cdsarc.cds.unistra.fr/viz-bin/cat/I/355,stable link,Reachable in automated check
573,BailerJones+21_UGem,Bailer-Jones et al. (2021),,10.3847/1538-3881/abd806,,https://cdsarc.cds.unistra.fr/viz-bin/cat/I/352,exact_source_row_query_saved,Exact EDR3 geometric and photogeometric posterior lookup by Gaia source ID 674214551557961984. Values retained as posterior median and 16th/84th percentiles; geometric and photogeometric estimates are separate.,"Bailer-Jones, C. A. L., Rybizki, J., Fouesneau, M., Demleitner, M., & Andrae, R. 2021, AJ, 161, 147.",2021AJ....161..147B,https://doi.org/10.3847/1538-3881/abd806,exact_VizieR_catalog_query,2026-09-25,,local path verified,,https://cdsarc.cds.unistra.fr/viz-bin/cat/I/352,https://doi.org/10.3847/1538-3881/abd806,10.3847/1538-3881/abd806,,https://doi.org/10.3847/1538-3881/abd806,stable link,Reachable in automated check
574,Harrison+99_UGem,Harrison et al. (1999),,10.1086/311982,,https://arxiv.org/abs/astro-ph/9902216,original_full_text_checked_local,"HST/FGS original parallax paper; U Gem parallax 10.37±0.50 mas, distance 96.4±4.6 pc, Table 2. Original arXiv PDF downloaded and text extracted locally.","Harrison, T. E., McNamara, B. J., Szkody, P., McArthur, B. E., Benedict, G. F., Klemola, A. R., & Gilliland, R. L. 1999, ApJ, 515, L93–L96.",1999ApJ...515L..93H,https://doi.org/10.1086/311982,original_full_text_checked_local_table_2_checked,2026-09-25,,local path verified,,https://arxiv.org/abs/astro-ph/9902216,https://doi.org/10.1086/311982,10.1086/311982,,https://doi.org/10.1086/311982,stable link,Reachable in automated check
575,HarrisonJohnson+04_UGem,Harrison & Johnson (2004),,10.1086/380228,,https://astronomy.nmsu.edu/tharriso/mvporb.pdf,original_full_text_checked_local,"Table 3 lists U Gem HST-FGS parallax 9.96±0.37 mas; Long+06 quotes corresponding 100.4±3.7 pc. Treat as later tabulated/recalibrated value, separate from Harrison+99 10.37±0.50 mas.","Harrison, T. E., Johnson, J. J., McArthur, B. E., Benedict, G. F., Szkody, P., Howell, S. B., & Gelino, D. M. 2004, AJ, 127, 460–468.",2004AJ....127..460H,https://doi.org/10.1086/380228,original_full_text_checked_local_Table_3_checked,2026-09-25,,local path verified,,https://astronomy.nmsu.edu/tharriso/mvporb.pdf,https://doi.org/10.1086/380228,10.1086/380228,,https://doi.org/10.1086/380228,stable link,Reachable in automated check
576,UndaSanzana+06_UGem,Unda-Sanzana et al. (2006),,10.1111/j.1365-2966.2006.10336.x,,https://academic.oup.com/mnras/article/369/2/805/3101547,publisher_full_text_reviewed_online,"Publisher full-text HTML checked online, not downloaded locally. Optical spectroscopy tests recovery of the HST K1. Abstract and conclusion report optical K1 estimates 80–~150 km/s, no hint of correct 107 km/s; high-velocity bright-spot asymmetry invalidates the usual symmetry assumption. Concludes K1 not recovered better than about 40 km/s and notes disagreement with gravitational-redshift solution. See [local artifact withheld]","Unda-Sanzana, E., Marsh, T. R., & Morales-Rueda, L. 2006, MNRAS, 369, 805–818.",2006MNRAS.369..805U,https://doi.org/10.1111/j.1365-2966.2006.10336.x,original_publisher_full_text_checked_online,2026-09-25,,no local path supplied,,https://academic.oup.com/mnras/article/369/2/805/3101547,https://doi.org/10.1111/j.1365-2966.2006.10336.x,10.1111/j.1365-2966.2006.10336.x,,https://doi.org/10.1111/j.1365-2966.2006.10336.x,stable link,Reachable in automated check
577,SIMBAD_YZCnc,"SIMBAD database, exact YZ Cnc identifier query",,,,https://simbad.cds.unistra.fr/simbad/sim-id?Ident=V*%20YZ%20Cnc,database_query,"Exact object and identifier lists include Gaia DR3 683908812437792000, 2MASS J08105664+2808334, SDSS J081056.65+280833.2/.1, 1RXS J081056.6+280829 and other YZ Cnc aliases.","Wenger, Marc; Ochsenbein, François; Egret, Daniel; Dubois, Pascal; Bonnarel, François; Borde, Suzanne; Genova, Françoise; Jasniewicz, Gérard; Laloë, Soizick; Lesteven, Soizick; Monier, Richard. 2000, “The SIMBAD astronomical database,” Astronomy and Astrophysics Supplement Series, 143(1), 9–22. https://doi.org/10.1051/aas:2000332.",2000A&AS..143....9W,https://simbad.cds.unistra.fr/simbad/sim-id?Ident=V*%20YZ%20Cnc,database_query,2026-09-25,,repaired to existing file,,https://simbad.cds.unistra.fr/simbad/sim-id?Ident=V*%20YZ%20Cnc,https://simbad.cds.unistra.fr/simbad/sim-id?Ident=V*%20YZ%20Cnc,,,https://simbad.cds.unistra.fr/simbad/sim-id?Ident=V*%20YZ%20Cnc,stable link,Reachable in automated check
578,GaiaDR3_YZCnc,"Gaia Collaboration et al. (2023), exact DR3 source query",,10.1051/0004-6361/202243940,,https://vizier.cds.unistra.fr/viz-bin/VizieR-5?-source=I/355/gaiadr3&Source=683908812437792000,catalog_query_exact_source_id,Exact source_id query; Gaia IDs are kept as strings. Exact DR3 source and quality columns are locally saved.,"Gaia Collaboration et al. 2023, Gaia Data Release 3: Summary of the content and survey properties, A&A, 674, A1.",2023A&A...674A...1G,https://vizier.cds.unistra.fr/viz-bin/VizieR-5?-source=I/355/gaiadr3&Source=683908812437792000,catalog_query_exact_source_id,2026-09-25,,local path verified,,https://vizier.cds.unistra.fr/viz-bin/VizieR-5?-source=I/355/gaiadr3&Source=683908812437792000,https://vizier.cds.unistra.fr/viz-bin/VizieR-5?-source=I/355/gaiadr3&Source=683908812437792000,10.1051/0004-6361/202243940,,https://vizier.cds.unistra.fr/viz-bin/VizieR-5?-source=I/355/gaiadr3&Source=683908812437792000,stable link,Reachable in automated check
579,BailerJones+21_YZCnc,"Bailer-Jones et al. (2021), Gaia EDR3 distance posterior",,10.3847/1538-3881/abd806,,https://vizier.cds.unistra.fr/viz-bin/VizieR-5?-source=I/352/gedr3dis&Source=683908812437792000,exact_vizier_source_id_query,"For Gaia EDR3 source 683908812437792000: geometric distance 233.490631 pc (p16 231.680878, p84 235.028549); photogeometric 232.836136 (231.011627,234.628922).;A similarly named gaia_edr3_bj_photogeometric.tsv file in the source folder came from a failed/nonexistent table query; it is not used. Correct geometric and photogeometric outputs are both present in gaia_edr3_bj_geometric.tsv.;A similarly named gaia_edr3_bj_photogeometric.tsv file in the source folder came from a failed/nonexistent table query; it is not used. Correct geometric and photogeometric outputs are both present in gaia_edr3_bj_geometric.tsv.","Bailer-Jones, C. A. L. et al. 2021, Estimating distances from parallaxes. V. Geometric and photogeometric distances to 1.47 billion stars in Gaia EDR3, AJ, 161, 147.",2021AJ....161..147B,https://vizier.cds.unistra.fr/viz-bin/VizieR-5?-source=I/352/gedr3dis&Source=683908812437792000,exact_vizier_source_id_query,2026-09-25,,local path verified,,https://vizier.cds.unistra.fr/viz-bin/VizieR-5?-source=I/352/gedr3dis&Source=683908812437792000,https://vizier.cds.unistra.fr/viz-bin/VizieR-5?-source=I/352/gedr3dis&Source=683908812437792000,10.3847/1538-3881/abd806,,https://vizier.cds.unistra.fr/viz-bin/VizieR-5?-source=I/352/gedr3dis&Source=683908812437792000,stable link,Reachable in automated check
580,ShafterHessman+88_YZCnc,Shafter & Hessman (1988),,10.1086/114626,,https://doi.org/10.1086/114626,original_full_text_checked_local_pdf,Original spectroscopy and photometry checked. Reports no eclipses; spectroscopic period and H-alpha velocities; masses/q/inclination are conditional estimates.,"Shafter, A. W. & Hessman, F. V. 1988, AJ, 95, 178–187.",1988AJ.....95..178S,https://doi.org/10.1086/114626,original_full_text_checked_local_pdf,2026-09-25,,local path verified,,https://doi.org/10.1086/114626,https://doi.org/10.1086/114626,10.1086/114626,,https://doi.org/10.1086/114626,stable link,Automated access restricted
581,Patterson+79_YZCnc,"Patterson (1979), superhump timings",,10.1086/112483,,https://doi.org/10.1086/112483,original_full_text_visual_check_scanned_pdf,Scanned original visually checked. Superhump timings change over the January 1978 supermaximum; the printed early interval is about 0.09204 d and late interval about 0.0905 d.,"Patterson, J. 1979, AJ, 84, 804–811.",1979AJ.....84..804P,https://doi.org/10.1086/112483,original_full_text_visual_check_scanned_pdf,2026-09-25,,local path verified,,https://doi.org/10.1086/112483,https://doi.org/10.1086/112483,10.1086/112483,,https://doi.org/10.1086/112483,stable link,Automated access restricted
582,Harrison+04_YZCnc,"Harrison et al. (2004), HST FGS parallax and proper motion",,10.1086/380228,,https://doi.org/10.1086/380228,original_full_text_checked_local_pdf,"HST FGS Table 2 proper motion and Table 3 parallax, Lutz–Kelker correction, absolute magnitude and adopted inclination checked.","Harrison, T. E. et al. 2004, AJ, 127, 460–468.",2004AJ....127..460H,https://doi.org/10.1086/380228,original_full_text_checked_local_pdf,2026-09-25,,local path verified,,https://doi.org/10.1086/380228,https://doi.org/10.1086/380228,10.1086/380228,,https://doi.org/10.1086/380228,stable link,Reachable in automated check
583,Thorstensen+03_YZCnc,"Thorstensen (2003), YZ Cnc parallax and distance",,10.1086/379308,,https://doi.org/10.1086/379308,original_full_text_checked_local_pdf,Ground-based parallax and Bayesian distance estimate checked in the original paper.,"Thorstensen, J. R. 2003, AJ, 126, 3017–3021.",2003AJ....126.3017T,https://doi.org/10.1086/379308,original_full_text_checked_local_pdf,2026-09-25,,local path verified,,https://doi.org/10.1086/379308,https://doi.org/10.1086/379308,10.1086/379308,,https://doi.org/10.1086/379308,stable link,Reachable in automated check
584,Patterson+11_YZCnc,"Patterson (2011), compiled dwarf-nova properties",,10.1111/j.1365-2966.2010.17881.x,,https://doi.org/10.1111/j.1365-2966.2010.17881.x,original_table_checked_local_text,"YZ Cnc Table 1 compiled values checked; distance/inclination are historical adopted or rough values, not independent dynamical measurements.","Patterson, J. 2011, Distances and absolute magnitudes of dwarf novae: murmurs of period bounce, MNRAS, 411, 2695–2716.",2011MNRAS.411.2695P,https://doi.org/10.1111/j.1365-2966.2010.17881.x,original_table_checked_local_text,2026-09-25,,local path verified,,https://doi.org/10.1111/j.1365-2966.2010.17881.x,https://doi.org/10.1111/j.1365-2966.2010.17881.x,10.1111/j.1365-2966.2010.17881.x,,https://doi.org/10.1111/j.1365-2966.2010.17881.x,stable link,Automated access restricted
585,Patterson+01_EpsilonQ,"Patterson (2001), superhump excess–mass ratio calibration",,10.1086/320810,,https://doi.org/10.1086/320810,relation_cited_by_original_paper,Calibration used by Zhao et al. (2005) for an approximate q derived from superhump excess.,"Patterson, J. 2001, Accretion-Disk Precession and Substellar Secondaries in Cataclysmic Variables, PASP, 113, 736–747.",2001PASP..113..736P,https://doi.org/10.1086/320810,relation_cited_by_original_paper,2026-09-25,,no local path supplied,,https://doi.org/10.1086/320810,https://doi.org/10.1086/320810,10.1086/320810,,https://doi.org/10.1086/320810,stable link,Reachable in automated check
586,Patterson+05_EpsilonQ,"Patterson et al. (2005), revised superhump excess–mass ratio calibration",,10.1086/447771,,https://doi.org/10.1086/447771,calibration_checked_full_text,Revised epsilon(q) relation used by Dai et al. (2026); calibration scatter/systematic uncertainty is not included in Dai et al. quoted formal period propagation.,"Patterson, J. et al. 2005, The Ecology of SU UMa Stars: Twenty-Five Years of Progress, PASP, 117, 1204–1222.",2005PASP..117.1204P,https://doi.org/10.1086/447771,calibration_checked_full_text,2026-09-25,,no local path supplied,,https://doi.org/10.1086/447771,https://doi.org/10.1086/447771,10.1086/447771,,https://doi.org/10.1086/447771,stable link,Reachable in automated check
587,SherringtonJameson+83_YZCnc,"Sherrington & Jameson (1983), infrared observations",,10.1093/mnras/205.2.265,,https://doi.org/10.1093/mnras/205.2.265,original_full_text_checked_local_pdf_table_rendered,"Table 1 K-band observation of YZ Cnc checked visually; this is unresolved total-system K photometry, not donor-only flux.","Sherrington, M. R. & Jameson, R. F. 1983, MNRAS, 205, 265–273.",1983MNRAS.205..265S,https://doi.org/10.1093/mnras/205.2.265,original_full_text_checked_local_pdf_table_rendered,2026-09-25,,local path verified,,https://doi.org/10.1093/mnras/205.2.265,https://doi.org/10.1093/mnras/205.2.265,10.1093/mnras/205.2.265,,https://doi.org/10.1093/mnras/205.2.265,stable link,Automated access restricted
588,SmithDhillon+98_CVDonors,"Smith & Dhillon (1998), CV donor spectral sequence",,10.1111/j.1365-8711.1998.02065.x,,https://doi.org/10.1111/j.1365-8711.1998.02065.x,relation_cited_by_original_paper,Period–spectral-type/radius relation invoked for a donor expectation; it is not a direct YZ Cnc donor detection.,"Smith, D. A. & Dhillon, V. S. 1998, MNRAS, 301, 767–780.",1998MNRAS.301..767S,https://doi.org/10.1111/j.1365-8711.1998.02065.x,relation_cited_by_original_paper,2026-09-25,,no local path supplied,,https://doi.org/10.1111/j.1365-8711.1998.02065.x,https://doi.org/10.1111/j.1365-8711.1998.02065.x,10.1111/j.1365-8711.1998.02065.x,,https://doi.org/10.1111/j.1365-8711.1998.02065.x,stable link,Automated access restricted
589,Hakala+04_YZCnc,"Hakala et al. (2004), XMM-Newton observations",,10.1051/0004-6361:20035843,,https://doi.org/10.1051/0004-6361:20035843,original_full_text_checked_local_pdf_tables_visual_checked,"XMM-Newton Table 2 and spectral analysis checked; plasma temperatures are accretion-emission fit components, not WD effective temperature.","Hakala, P. et al. 2004, A&A, 420, 273–281.",2004A&A...420..273H,https://doi.org/10.1051/0004-6361:20035843,original_full_text_checked_local_pdf_tables_visual_checked,2026-09-25,,local path verified,,https://doi.org/10.1051/0004-6361:20035843,https://doi.org/10.1051/0004-6361:20035843,10.1051/0004-6361:20035843,,https://doi.org/10.1051/0004-6361:20035843,stable link,Automated access restricted
590,Pezzuto+92_YZCnc,"Pezzuto et al. (1992), reported rapid optical oscillation",,,,,secondary_report_only_original_not_retrieved,A one-night ~26-s candidate is reported in Hakala et al. (2004) as previously observed by Pezzuto et al.; original full text not retrieved. Do not establish WD spin.,"Pezzuto, S. et al. 1992, Rapid oscillations in the dwarf novae SY Cancri, YZ Cancri and AH Herculis, A&A, 257, 523–530.",1992A&A...257..523P,https://ui.adsabs.harvard.edu/abs/1992A&A...257..523P/abstract,secondary_report_only_original_not_retrieved,2026-09-25,,no local path supplied,,,https://ui.adsabs.harvard.edu/abs/1992A&A...257..523P/abstract,,,https://ui.adsabs.harvard.edu/abs/1992A&A...257..523P/abstract,stable link,Automated access restricted
591,Patterson+84_YZCnc,"Patterson (1984), historical distance estimate cited secondarily",,10.1086/190940,,https://doi.org/10.1086/190940,secondary_report_only_original_not_retrieved,Dhillon et al. (2000) quote an approximate ~130 pc YZ Cnc distance attributed to Patterson (1984); original table/method was not rechecked.,"Patterson, J. 1984, The evolution of cataclysmic and low-mass X-ray binaries, ApJS, 54, 443–493.",1984ApJS...54..443P,https://doi.org/10.1086/190940,secondary_report_only_original_not_retrieved,2026-09-25,,no local path supplied,,https://doi.org/10.1086/190940,https://doi.org/10.1086/190940,10.1086/190940,,https://doi.org/10.1086/190940,stable link,Automated access restricted
592,Dai+26_YZSH,"Dai et al. (2026), YZ Cnc superhump analysis",,,,https://arxiv.org/abs/2609.06566,original_full_text_checked_local_preprint,Local full preprint/TESS and ground-based timing analysis checked. Uses the plateau common positive-superhump period and an empirical epsilon(q) calibration; no dynamical q.,"Dai, Z. et al. 2026, YZ Cancri: persistent superhumps in a dwarf nova, arXiv:2609.06566.",,https://arxiv.org/abs/2609.06566,original_full_text_checked_local_preprint,2026-09-25,,local path verified,,https://arxiv.org/abs/2609.06566,https://arxiv.org/abs/2609.06566,,,https://arxiv.org/abs/2609.06566,stable link,Reachable in automated check
593,Dai+26_YZSpectra,"Dai et al. (2026), YZ Cnc archival and new low-resolution spectra",,10.1051/0004-6361/202661949,,https://arxiv.org/abs/2609.18646,original_full_text_checked_local_preprint,Low-resolution unphased spectra and adopted E(B−V)=0 from a 3-D dust-map estimate are checked; no WD/donor component fit.,"Dai, Z. et al. 2026, A homogeneous analysis of archival and new low-resolution spectra of YZ Cancri, A&A (accepted), arXiv:2609.18646.",,https://arxiv.org/abs/2609.18646,original_full_text_checked_local_preprint,2026-09-25,,local path verified,,https://arxiv.org/abs/2609.18646,https://arxiv.org/abs/2609.18646,10.1051/0004-6361/202661949,,https://arxiv.org/abs/2609.18646,stable link,Reachable in automated check
594,Green+19_Bayestar,"Green et al. (2019), Bayestar 3-D dust map",,10.3847/1538-4357/ab5362,,https://doi.org/10.3847/1538-4357/ab5362,secondary_model_input_cited_by_source_paper,"Dai et al. (2026) report an adopted E(B−V)=0 from Bayestar19 at the source distance; this is model-map context, not a direct reddening measurement.","Green, G. M. et al. 2019, A 3D Dust Map Based on Gaia, Pan-STARRS 1, and 2MASS, ApJ, 887, 93.",2019ApJ...887...93G,https://doi.org/10.3847/1538-4357/ab5362,secondary_model_input_cited_by_source_paper,2026-09-25,,no local path supplied,,https://doi.org/10.3847/1538-4357/ab5362,https://doi.org/10.3847/1538-4357/ab5362,10.3847/1538-4357/ab5362,,https://doi.org/10.3847/1538-4357/ab5362,stable link,Reachable in automated check
595,SIMBAD_SUUMa,SIMBAD exact object/identifier query,,10.1051/aas:2000332,,https://simbad.cds.unistra.fr/simbad/sim-id?Ident=V%2A%20SU%20UMa,exact_SIMBAD_object_record_saved,"Exact V* SU UMa record, type CV*, 24 identifiers including Gaia DR3 1091051096255456384, Gaia DR2 same source ID, 2MASS J08122826+6236224, RX J0812.4+6236, XSS J08142+6231, FBS B 662, PG 0808+627 and AAVSO 0803+62.","Wenger, M., et al. 2000, The SIMBAD astronomical database. The CDS reference database for astronomical objects, A&AS, 143, 9–22.",2000A&AS...143....9W,https://simbad.cds.unistra.fr/simbad/sim-id?Ident=V%2A%20SU%20UMa,exact_object_record_and_24_identifiers_checked,2026-09-25,,local path verified,,https://simbad.cds.unistra.fr/simbad/sim-id?Ident=V%2A%20SU%20UMa,https://simbad.cds.unistra.fr/simbad/sim-id?Ident=V%2A%20SU%20UMa,10.1051/aas:2000332,,https://simbad.cds.unistra.fr/simbad/sim-id?Ident=V%2A%20SU%20UMa,stable link,Reachable in automated check
596,GaiaDR3_SUUMa,Gaia DR3 exact source row,,10.1051/0004-6361/202243940,,,exact_Gaia_DR3_source_id_query_saved,"Exact Gaia DR3 archive source_id query; Gaia identifier retained as a string. Position at ICRS epoch 2016.0; exact astrometry, photometry, quality fields and variability flag recorded in the source ledger.","Gaia Collaboration et al. 2023, Gaia Data Release 3: Summary of the content and survey properties, A&A, 674, A1.",2023A&A...674A...1G,https://gea.esac.esa.int/archive/,exact_Gaia_DR3_archive_source_id_query,2026-09-25,,local path verified,,[local artifact withheld],https://gea.esac.esa.int/archive/,10.1051/0004-6361/202243940,,https://gea.esac.esa.int/archive/,stable link,Reachable in automated check
597,BailerJones+21_SUUMa,"Bailer-Jones et al. (2021), exact SU UMa Gaia EDR3 distance row",,10.3847/1538-3881/abd806,,https://vizier.cds.unistra.fr/viz-bin/asu-tsv?-source=I/352/gedr3dis&Source=1091051096255456384,exact_VizieR_I352_source_id_query_saved,"Geometric posterior median 220.137985 pc (p16 219.055573, p84 221.212357); photogeometric posterior median 220.222183 pc (p16 218.749420, p84 221.607727). Adopt the geometric posterior; do not invert the parallax.","Bailer-Jones, C. A. L., Rybizki, J., Fouesneau, M., Demleitner, J., & Andrae, R. 2021, Estimating distances from parallaxes. V. Geometric and photogeometric distances to 1.47 billion stars in Gaia Early Data Release 3, AJ, 161, 147.",2021AJ....161..147B,https://doi.org/10.3847/1538-3881/abd806,exact_VizieR_catalog_row_checked,2026-09-25,,local path verified,,https://vizier.cds.unistra.fr/viz-bin/asu-tsv?-source=I/352/gedr3dis&Source=1091051096255456384,https://doi.org/10.3847/1538-3881/abd806,10.3847/1538-3881/abd806,,https://doi.org/10.3847/1538-3881/abd806,stable link,Reachable in automated check
598,Patterson+11_SUUMa,"Patterson et al. (2011), SU UMa source row",,10.1111/j.1365-2966.2010.17881.x,,https://ui.adsabs.harvard.edu/abs/2011MNRAS.411.2695P/abstract,original_table_checked,"Table 1 lists d=260 pc and i≈42° for SU UMa; this is a compiled pre-Gaia distance and rough inclination estimate, not a dynamical measurement.","Patterson, J., et al. 2011, Distances and absolute magnitudes of dwarf novae: murmurs of period bounce, MNRAS, 411, 2695–2716.",2011MNRAS.411.2695P,https://doi.org/10.1111/j.1365-2966.2010.17881.x,Table1_checked_source_compilation,2026-09-25,,repaired to existing file,,https://ui.adsabs.harvard.edu/abs/2011MNRAS.411.2695P/abstract,https://doi.org/10.1111/j.1365-2966.2010.17881.x,10.1111/j.1365-2966.2010.17881.x,,https://doi.org/10.1111/j.1365-2966.2010.17881.x,stable link,Automated access restricted
599,Thorstensen+03_SUUMa,"Thorstensen (2003), SU UMa astrometric parallax and distance",,10.1086/379308,,https://ui.adsabs.harvard.edu/abs/2003AJ....126.3017T/abstract,original_full_text_checked_local_pdf,"SU UMa Table 3 includes relative parallax 6.6±1.4 mas (alternative reference-star scatter 1.7 mas), absolute 7.4±1.7 mas; d(π,μ)=269(+240/-99) pc; final d(π,μ,m−M)=260(+190/-90) pc using σ=1.4 mas. Alternative σ=2.4 mas solution is 403(+230/-162) pc. A poorly constrained pre-Gaia result; do not override Gaia.","Thorstensen, J. R. 2003, Parallaxes and Distance Estimates for Fourteen Cataclysmic Variable Stars, AJ, 126, 3017–3021.",2003AJ....126.3017T,https://doi.org/10.1086/379308,original_full_text_checked_Table3_and_distance_method,2026-09-25,,local path verified,,https://ui.adsabs.harvard.edu/abs/2003AJ....126.3017T/abstract,https://doi.org/10.1086/379308,10.1086/379308,,https://doi.org/10.1086/379308,stable link,Reachable in automated check
600,Benz+83_SUUMa,"Benz, Fürst & Kiplinger (1983), SU UMa 4.75-GHz Effelsberg report",,10.1038/302045a0,,https://www.nature.com/articles/302045a0,primary_abstract_only_secondary_table_data_in_Coppejans16,"Nature abstract confirms a 4.75-GHz source at SU UMa detected during outburst and below threshold in quiescence. Coppejans+16 reports 1.3 mJy outburst detection and 0.4 mJy quiescent upper limit; the original full 2-page article was not accessible. A nearby unclassified source lies inside the Effelsberg beam, so the historical flux identification is unresolved.","Benz, A. O., Fürst, E., & Kiplinger, A. L. 1983, First detection of radio emission from a dwarf nova, Nature, 302, 45–46.",1983Natur.302...45B,https://doi.org/10.1038/302045a0,publisher_abstract_checked_full_text_paywalled,2026-09-25,,no local path supplied,,https://www.nature.com/articles/302045a0,https://doi.org/10.1038/302045a0,10.1038/302045a0,,https://doi.org/10.1038/302045a0,stable link,Reachable in automated check
601,Fuerst+86_SUUMa,"Fürst et al. (1986), VLA radio upper-limit report",,,,https://ntrs.nasa.gov/citations/19860042119,NASA_NTRS_primary_abstract_only,NASA NTRS abstract says eight CVs including SU UMa were observed at 6 cm and none exceeded 0.1–0.3 mJy; Coppejans+16 cites a 0.11 mJy SU UMa limit during outburst maximum. NTRS provides no full-text download for this record.,"Fürst, E., Benz, A., Hirth, W., Kiplinger, A., & Geffert, M. 1986, Radio emission of cataclysmic variable stars, A&A, 154, 377–378.",1986A&A...154..377F,https://ui.adsabs.harvard.edu/abs/1986A&A...154..377F/abstract,primary_abstract_only; source-specific_SU_UMa_limit_secondary_in_Coppejans16,2026-09-25,,no local path supplied,,https://ntrs.nasa.gov/citations/19860042119,https://ui.adsabs.harvard.edu/abs/1986A&A...154..377F/abstract,,,https://ntrs.nasa.gov/citations/19860042119,download URL,Reachable in automated check
602,SIMBAD_QSVir,"SIMBAD database, QS Vir object record",,10.1051/aas:2000332,,https://simbad.cds.unistra.fr/simbad/sim-id?Ident=V%2A%20QS%20Vir,exact_record_query_saved,"Exact SIMBAD record returns main identifier V* QS Vir, 14 identifiers including EC 13471-1258 and Gaia DR2/DR3 3612227169936143360. Used for discovery/resolution only; not a physical measurement.","SIMBAD Astronomical Database, object record V* QS Vir (Wenger et al. 2000, A&AS, 143, 9; queried 2026-09-25).",2000A&AS..143....9W,https://simbad.cds.unistra.fr/simbad/sim-id?Ident=V%2A%20QS%20Vir,exact_database_record_query,2026-09-25,,local path verified,,https://simbad.cds.unistra.fr/simbad/sim-id?Ident=V%2A%20QS%20Vir,https://simbad.cds.unistra.fr/simbad/sim-id?Ident=V%2A%20QS%20Vir,10.1051/aas:2000332,,https://simbad.cds.unistra.fr/simbad/sim-id?Ident=V%2A%20QS%20Vir,stable link,Reachable in automated check
603,GaiaDR3+22_QSVir,"Gaia Collaboration et al. (2023), Gaia DR3 source query",,10.1051/0004-6361/202243940,,https://gea.esac.esa.int/tap-server/,exact_esa_tap_query_saved,Exact Gaia DR3 source_id query; source_id stored as string. Query URL and returned row saved locally.,"Gaia Collaboration et al. 2023, Gaia Data Release 3: Summary of the content and survey properties, A&A, 674, A1.",2023A&A...674A...1G,https://doi.org/10.1051/0004-6361/202243940,exact_gaia_dr3_source_query,2026-09-25,,local path verified,,https://gea.esac.esa.int/tap-server/,https://doi.org/10.1051/0004-6361/202243940,10.1051/0004-6361/202243940,,https://gea.esac.esa.int/tap-server/,download URL,Reachable in automated check
604,BailerJones+21_QSVir,"Bailer-Jones et al. (2021), Gaia EDR3 distance row",,10.3847/1538-3881/abd806,,https://tapvizier.cds.unistra.fr/TAPVizieR/tap/sync,exact_vizier_row_query_saved,I/352 exact Source match; geometric and photogeometric posteriors retained separately.,"Bailer-Jones, C. A. L., Rybizki, J., Fouesneau, M., Demleitner, M., & Andrae, R. 2021, Estimating Distance from Parallaxes. V. Geometric and photogeometric distances to 1.47 billion stars in Gaia Early Data Release 3, AJ, 161, 147.",2021AJ....161..147B,https://doi.org/10.3847/1538-3881/abd806,exact_vizier_catalog_row,2026-09-25,,local path verified,,https://tapvizier.cds.unistra.fr/TAPVizieR/tap/sync,https://doi.org/10.3847/1538-3881/abd806,10.3847/1538-3881/abd806,,https://doi.org/10.3847/1538-3881/abd806,stable link,Reachable in automated check
605,4XMMDR11_QSVir,"4XMM-DR11 source catalogue, QS Vir row",,,,https://cdsarc.cds.unistra.fr/viz-bin/cat/IX/65,exact_catalog_row_query_saved,Exact 4XMM-DR11 source 203053101010001 / 4XMM J134952.0-131336 is 0.18 arcsec from Gaia DR3 and has seven detections. Catalogue-derived flux is not a source-specific spectral fit.,"XMM-Newton Survey Science Centre, 4XMM-DR11 source catalogue (2021), VizieR catalogue IX/65, table xmm4d11s; catalogue paper Webb et al. 2020, A&A, 641, A136.",,https://cdsarc.cds.unistra.fr/viz-bin/cat/IX/65,exact_vizier_catalog_row,2026-09-25,,local path verified,,https://cdsarc.cds.unistra.fr/viz-bin/cat/IX/65,https://cdsarc.cds.unistra.fr/viz-bin/cat/IX/65,,,https://cdsarc.cds.unistra.fr/viz-bin/cat/IX/65,stable link,Reachable in automated check
606,Drake+14_QSVir,Drake et al. (2014),,10.1093/mnras/stt2186,,https://arxiv.org/abs/1401.7348,original_full_text_checked_local_misnamed_file,"Local PDF is historically misnamed Parsons+14_QSVir but the article header identifies Drake et al.; no filename change made. Uses 1999 HST photospheric C/Si abundances and diffusion times to estimate a low accretion rate, contrasting the 2006 XMM result.","Drake, J. J., Garraffo, C., Takei, D., & Gänsicke, B. T. 2014, A magnetic accretion switch in pre-cataclysmic binaries?, MNRAS, 437, 3842–3847.",2014MNRAS.437.3842D,https://doi.org/10.1093/mnras/stt2186,original_full_text_checked,2026-09-25,,local path verified,,https://arxiv.org/abs/1401.7348,https://doi.org/10.1093/mnras/stt2186,10.1093/mnras/stt2186,,https://arxiv.org/abs/1401.7348,download URL,Reachable in automated check
607,Parsons+10b_QSVir,Parsons et al. (2010b),,10.1111/j.1365-2966.2010.17063.x,,https://academic.oup.com/mnras/article/407/4/2362/1000308,publisher_full_text_checked_no_local_pdf,Publisher article checked for QS Vir eclipse timing results. Reports new timings inconsistent with Qian+10 sinusoid; a highly eccentric ~14 yr third-body fit is approximate and not secure.,"Parsons, S. G., Marsh, T. R., Copperwheat, C. M., Dhillon, V. S., Littlefair, S. P., & Gänsicke, B. T. 2010, Orbital period variations in eclipsing post-common-envelope binaries, MNRAS, 407, 2362–2372.",2010MNRAS.407.2362P,https://doi.org/10.1111/j.1365-2966.2010.17063.x,publisher_full_text_checked,2026-09-25,,"no usable local file: description, no local file",,https://academic.oup.com/mnras/article/407/4/2362/1000308,https://doi.org/10.1111/j.1365-2966.2010.17063.x,10.1111/j.1365-2966.2010.17063.x,,https://doi.org/10.1111/j.1365-2966.2010.17063.x,stable link,Automated access restricted
608,Qian+10_QSVir,Qian et al. (2010),,10.1111/j.1745-3933.2009.00780.x,,https://academic.oup.com/mnrasl/article/401/1/L34/1072306,publisher_abstract_and_article_page_checked,Historical proposed circumbinary planet; superseded/invalidated by later timings and dynamical stability analyses. Never adopted as a confirmed companion.,"Qian, S.-B., Liao, W.-P., Zhu, L.-Y., Dai, Z.-B., Liu, L., He, J.-J., Zhao, E.-G., & Li, L.-J. 2010, A giant planet in orbit around a magnetic-braking hibernating cataclysmic variable, MNRAS Letters, 401, L34–L38.",2010MNRAS.401L..34Q,https://doi.org/10.1111/j.1745-3933.2009.00780.x,publisher_article_metadata_and_abstract,2026-09-25,,"no usable local file: description, no local file",,https://academic.oup.com/mnrasl/article/401/1/L34/1072306,https://doi.org/10.1111/j.1745-3933.2009.00780.x,10.1111/j.1745-3933.2009.00780.x,,https://doi.org/10.1111/j.1745-3933.2009.00780.x,stable link,Automated access restricted
609,Horner+13_QSVir,Horner et al. (2013),,10.1093/mnras/stt1420,,https://arxiv.org/abs/1307.7893,original_full_text_checked_local_pdf,Dynamical study finds proposed Qian/Parsons configurations unstable on <1000 yr timescales. This does not resolve the physical mechanism of the eclipse timing variations.,"Horner, J., Wittenmyer, R. A., Hinse, T. C., Marshall, J. P., Mustill, A. J., & Tinney, C. G. 2013, A detailed dynamical investigation of the proposed QS Virginis planetary system, MNRAS, 435, 2033–2039.",2013MNRAS.435.2033H,https://doi.org/10.1093/mnras/stt1420,original_full_text_checked,2026-09-25,,local path verified,,https://arxiv.org/abs/1307.7893,https://doi.org/10.1093/mnras/stt1420,10.1093/mnras/stt1420,,https://arxiv.org/abs/1307.7893,download URL,Reachable in automated check
610,Pulley+25_QSVir,Pulley et al. (2025),,10.1093/mnras/staf1636,,https://arxiv.org/abs/2507.06748,original_full_text_checked_local_pdf_and_publisher_html,"Table 1, QS Vir §3.7, Eq. 6 and conclusion checked. Latest 34 minima invalidate the recent circumbinary models; the quadratic timing term is an empirical ephemeris coefficient, not by itself a physical orbital-period derivative.","Pulley, D., Sharp, I. D., Mallett, S., & von Harrach, S. 2025, Eclipse timing variations in seven post-common-envelope binaries: an update and analysis of their recently proposed circumbinary models, MNRAS, 544, 24–35.",2025MNRAS.544...24P,https://doi.org/10.1093/mnras/staf1636,original_full_text_checked,2026-09-25,,local path verified,,https://arxiv.org/abs/2507.06748,https://doi.org/10.1093/mnras/staf1636,10.1093/mnras/staf1636,,https://arxiv.org/abs/2507.06748,download URL,Reachable in automated check
611,Ridder+25_QSVir,Ridder et al. (2025),,10.1051/0004-6361/202452711,,https://arxiv.org/abs/2410.24157,original_full_text_checked_local_arxiv_pdf_and_publisher_html,Three VLA epochs and Swift data checked. Original Tables 2–4 were checked against the later corrigendum; Table 2 date inconsistency (22 versus 28 Dec 2022) remains.,"Ridder, M. E., Hughes, A. K., Heinke, C. O., Sivakoff, G. R., & Sydora, R. D. 2025, Spectral features and variable circular polarisation in the radio emission from the pre-cataclysmic variable QS Vir, A&A, 695, A96.",2025A&A...695A..96R,https://doi.org/10.1051/0004-6361/202452711,original_full_text_checked_tables_1_4_sections_2_3_and_conclusion,2026-09-25,,local path verified,,https://arxiv.org/abs/2410.24157,https://doi.org/10.1051/0004-6361/202452711,10.1051/0004-6361/202452711,,https://arxiv.org/abs/2410.24157,download URL,Reachable in automated check
612,Ridder+25corr_QSVir,"Ridder et al. (2025), corrigendum",,10.1051/0004-6361/202555525e,,https://doi.org/10.1051/0004-6361/202555525e,publisher_corrigendum_full_text_checked,Corrects missing negative signs in spectral-index entries for 2022 Nov 28 (−0.04±0.03) and 2023 Jan 9 (−0.24±0.04); Dec 22 value remains 0.00±0.04.,"Ridder, M. E., Hughes, A. K., Heinke, C. O., Sivakoff, G. R., & Sydora, R. D. 2025, Spectral features and variable circular polarisation in the radio emission from the pre-cataclysmic variable QS Vir (Corrigendum), A&A, 700, C2.",2025A&A...700C...2R,https://doi.org/10.1051/0004-6361/202555525e,publisher_corrigendum_full_text_checked,2026-09-25,,"no usable local file: description, no local file",,https://doi.org/10.1051/0004-6361/202555525e,https://doi.org/10.1051/0004-6361/202555525e,10.1051/0004-6361/202555525e,,https://doi.org/10.1051/0004-6361/202555525e,stable link,Automated access restricted
613,Bruch+Diaz+17_LSIV-08-3,Bruch & Díaz (2017),,10.1016/j.newast.2016.07.011,,https://arxiv.org/pdf/1608.07181,original_full_text_checked_local_pdf,"Original full text checked. Period refinement, line RVs and Fig. 5 assumption caption inspected; primary mass differs between prose and caption.","Bruch, A. & Díaz, M. P. 2017, Time resolved spectroscopy and photometry of three little known bright cataclysmic variables: LS IV−08°3, HQ Monocerotis and ST Chamaeleontis, New Astronomy, 50, 109–119.",2017NewA...50..109B,https://doi.org/10.1016/j.newast.2016.07.011,exact_record_or_original_text_checked,2026-09-25,,local path verified,,https://arxiv.org/pdf/1608.07181,https://doi.org/10.1016/j.newast.2016.07.011,10.1016/j.newast.2016.07.011,,https://doi.org/10.1016/j.newast.2016.07.011,stable link,Reachable in automated check
614,GaiaDR3_LSIV083,"Gaia Collaboration (2023), exact DR3 query",,10.1051/0004-6361/202243940,,https://gea.esac.esa.int/archive/,exact_Gaia_DR3_source_and_quality_queries_saved,Exact Gaia DR3 source ID query; ICRS epoch 2016.0. Magnitude errors derived from flux_over_error; Gaia single-source parameters not treated as components.,"Gaia Collaboration, Vallenari, A., et al. 2023, Gaia Data Release 3: Summary of the content and survey properties, A&A, 674, A1.",2023A&A...674A...1G,https://doi.org/10.1051/0004-6361/202243940,exact_record_or_original_text_checked,2026-09-25,,local path verified,,https://gea.esac.esa.int/archive/,https://doi.org/10.1051/0004-6361/202243940,10.1051/0004-6361/202243940,,https://gea.esac.esa.int/archive/,download URL,Reachable in automated check
615,BailerJones+21_LSIV083,"Bailer-Jones et al. (2021), exact EDR3 source query",,10.3847/1538-3881/abd806,,https://vizier.cds.unistra.fr/viz-bin/VizieR?-source=I/352/gedr3dis&Source=4339398736975240192,exact_EDR3_posterior_row_saved,Exact Gaia EDR3 geometric and photogeometric posterior quantiles. Geometric posterior used for compatibility distance; no parallax inversion.,"Bailer-Jones, C. A. L., et al. 2021, Estimating distances from parallaxes. V. Geometric and photogeometric distances to 1.47 billion stars in Gaia Early Data Release 3, AJ, 161, 147.",2021AJ....161..147B,https://doi.org/10.3847/1538-3881/abd806,exact_record_or_original_text_checked,2026-09-25,,local path verified,,https://vizier.cds.unistra.fr/viz-bin/VizieR?-source=I/352/gedr3dis&Source=4339398736975240192,https://doi.org/10.3847/1538-3881/abd806,10.3847/1538-3881/abd806,,https://doi.org/10.3847/1538-3881/abd806,stable link,Reachable in automated check
616,SIMBAD_LSIV083,"SIMBAD, exact object and alias query (2026-09-25)",,10.1051/aas:2000332,,https://simbad.cds.unistra.fr/simbad/,exact_name_and_identifier_queries_saved,Exact LS IV -08 3 / TYC 5642-627-1 and Gaia DR3 identifier query. sp_type=sdB retained as legacy metadata only.,"Wenger, M., et al. 2000, The SIMBAD astronomical database. The CDS reference database for astronomical objects, A&AS, 143, 9–22.",2000A&AS..143....9W,https://doi.org/10.1051/aas:2000332,exact_record_or_original_text_checked,2026-09-25,,local path verified,,https://simbad.cds.unistra.fr/simbad/,https://doi.org/10.1051/aas:2000332,10.1051/aas:2000332,,https://simbad.cds.unistra.fr/simbad/,download URL,Reachable in automated check
617,WGACAT_LSIV083,HEASARC WGACAT exact pointed-source query,,,,https://heasarc.gsfc.nasa.gov/W3Browse/all/wgacat.html,exact_cone_query_and_catalog_metadata_checked,Exact 1WGA J1656.4-0834 row and official field definitions; crude count-rate flux conversion and 90% error radius are explicitly labelled.,"White, N. E., Giommi, P., & Angelini, L. 2000, The WGACAT Version of the ROSAT PSPC Pointed Observations Source Catalog, HEASARC online catalog, NASA GSFC.",,https://heasarc.gsfc.nasa.gov/W3Browse/all/wgacat.html,exact_record_or_original_text_checked,2026-09-25,,local path verified,,https://heasarc.gsfc.nasa.gov/W3Browse/all/wgacat.html,https://heasarc.gsfc.nasa.gov/W3Browse/all/wgacat.html,,,https://heasarc.gsfc.nasa.gov/W3Browse/all/wgacat.html,stable link,Reachable in automated check
618,Frew2008_Thesis_V341Ara,"Frew (2008), PhD thesis, Appendix B.2",,,,https://outters.fr/wp-content/uploads/2015/12/Frew_thesis_2008_final.pdf,full_thesis_text_checked_local_mirror_copy,"Appendix B.2 pp. 439-449 and Tables B.1-B.5 checked. Public mirror-hosted copy; official repository copy not verified. Reports UX UMa-like nova-like CV spectrum, nebular Balmer E(B-V)=0.04 +/-0.04, Av=0.13, revised Hipparcos parallax 6.14 +/-1.81 mas and distance 163 +231/-37 pc; favors ambient photoionized low-excitation HII interpretation for Fr 2-11.","Frew, D. J. 2008, Planetary Nebulae in the Solar Neighbourhood: Statistics, Distance Scale and Luminosity Function, PhD thesis, Macquarie University, July 2008.",,https://outters.fr/wp-content/uploads/2015/12/Frew_thesis_2008_final.pdf,full_text_checked_from_public_mirror; repository provenance limitation recorded,2026-09-25,,local path verified,,https://outters.fr/wp-content/uploads/2015/12/Frew_thesis_2008_final.pdf,https://outters.fr/wp-content/uploads/2015/12/Frew_thesis_2008_final.pdf,,,https://outters.fr/wp-content/uploads/2015/12/Frew_thesis_2008_final.pdf,stable link,Reachable in automated check
619,GaiaDR3_V341Ara,"Gaia Collaboration et al. (2023), exact Gaia DR3 query",,10.1051/0004-6361/202243940,,https://gea.esac.esa.int/archive/,exact_Gaia_DR3_source_and_quality_queries_saved,Exact source_id=5818105674344768768 snapshots. Native astrometry is ICRS at J2016.0. Photometry is unresolved system light; no single-star astrophysical value is assigned to a binary component.,"Gaia Collaboration, Vallenari, A., et al. 2023, Gaia Data Release 3: Summary of the content and survey properties, Astronomy & Astrophysics, 674, A1.",2023A&A...674A...1G,https://gea.esac.esa.int/archive/,exact_source_ID_query_checked_and_saved,2026-09-25,,local path verified,,https://gea.esac.esa.int/archive/,https://gea.esac.esa.int/archive/,10.1051/0004-6361/202243940,,https://gea.esac.esa.int/archive/,stable link,Reachable in automated check
620,BailerJones+21_V341Ara,"Bailer-Jones et al. (2021), VizieR I/352 exact row",,10.3847/1538-3881/abd806,,https://vizier.cds.unistra.fr/viz-bin/asu-tsv?-source=I/352/gedr3dis&Source=5818105674344768768,exact_VizieR_I_352_source_row_saved,Geometric and photogeometric EDR3 distance posteriors retained separately; geometric median and p16/p84 used in compatibility fields. Parallax is not inverted.,"Bailer-Jones, C. A. L., Rybizki, J., Fouesneau, M., Demleitner, M., & Andrae, R. 2021, Estimating distances from parallaxes. V. Geometric and photogeometric distances to 1.47 billion stars in Gaia Early Data Release 3, The Astronomical Journal, 161, 147.",2021AJ....161..147B,https://doi.org/10.3847/1538-3881/abd806,exact_VizieR_I_352_row_checked_and_saved,2026-09-25,,local path verified,,https://vizier.cds.unistra.fr/viz-bin/asu-tsv?-source=I/352/gedr3dis&Source=5818105674344768768,https://doi.org/10.3847/1538-3881/abd806,10.3847/1538-3881/abd806,,https://doi.org/10.3847/1538-3881/abd806,stable link,Reachable in automated check
621,SIMBAD_V341Ara,SIMBAD exact identifier query; Wenger et al. (2000),,10.1051/aas:2000332,,https://simbad.cds.unistra.fr/simbad/,exact_name_and_Gaia_identifier_queries_saved,"Exact name and Gaia DR3 identifier queries resolve to V* V341 Ara; aliases CPD-63 4037, HV 2969 and 1RXS J165743.7-631237 agree. An all-alias ADQL subquery failed parsing and was not used as evidence.","Wenger, M., Ochsenbein, F., Egret, D., et al. 2000, The SIMBAD astronomical database. The CDS reference database for astronomical objects, Astronomy and Astrophysics Supplement Series, 143, 9-22.",2000A&AS..143....9W,https://doi.org/10.1051/aas:2000332,exact_identifier_queries_checked_and_saved,2026-09-25,,local path verified,,https://simbad.cds.unistra.fr/simbad/,https://doi.org/10.1051/aas:2000332,10.1051/aas:2000332,,https://simbad.cds.unistra.fr/simbad/,download URL,Reachable in automated check
622,Ilkiewicz+26_V341Ara,Iłkiewicz et al. (2026),,10.3847/2041-8213/ae4aa7,,https://arxiv.org/abs/2603.11742,published_article_full_arxiv_text_checked_locally,"Full article text checked locally; DOI/published metadata verified by institutional repository. Figure 3/§3.2 report an incomplete W2 outer arc, faint H-alpha interior and internal [O III], with no V341 FUV data. Authors suggest wind/ISM morphology but explicitly do not exclude nova-shell origin.","Iłkiewicz, K., Knigge, C., Scaringi, S., Castro Segura, N., del Palacio, S., & Veresvarska, M. 2026, The Inner and Outer Shock Layers of Bow Shocks in Cataclysmic Variables, The Astrophysical Journal Letters, 1000, L22.",2026ApJ...1000L..22I,https://doi.org/10.3847/2041-8213/ae4aa7,original_full_text_checked_arxiv_version; published_metadata_verified,2026-09-25,,local path verified,,https://arxiv.org/abs/2603.11742,https://doi.org/10.3847/2041-8213/ae4aa7,10.3847/2041-8213/ae4aa7,,https://doi.org/10.3847/2041-8213/ae4aa7,stable link,Reachable in automated check
623,Santamaria+25_NovaRemnants,Santamaría et al. (2025),,10.1093/mnras/staf500,,https://doi.org/10.1093/mnras/staf500,publisher_metadata_and_context_checked,"A morphological catalogue of nova remnants, MNRAS 539, 246-264; context-only catalogue mention, not independent evidence that Fr 2-11 is a confirmed shell.","Santamaría, E., Guerrero, M. A., Ramos-Larios, G., Toalá, J. A., & Sabin, L. 2025, A morphological catalogue of nova remnants, Monthly Notices of the Royal Astronomical Society, 539, 246-264.",2025MNRAS.539..246S,https://doi.org/10.1093/mnras/staf500,publisher_metadata_verified; context-only secondary catalogue citation,2026-09-25,,no local path supplied,,https://doi.org/10.1093/mnras/staf500,https://doi.org/10.1093/mnras/staf500,10.1093/mnras/staf500,,https://doi.org/10.1093/mnras/staf500,stable link,Automated access restricted
624,GaiaDR3_V3885Sgr,"Gaia Collaboration (2022), Gaia DR3 exact source row",,10.26093/CDS/VIZIER.1355,,https://vizier.cds.unistra.fr/viz-bin/VizieR-3?-source=I/355/gaiadr3&Source=6688624794231054976,exact_Gaia_DR3_source_and_quality_queries_checked,Exact source_id string query; Gaia astrometry is ICRS/J2016.0; photometry is unresolved system mean light.,"Gaia Collaboration et al. 2022, Gaia Data Release 3, VizieR Online Data Catalog, I/355.",2022yCat.1355....0G,https://vizier.cds.unistra.fr/viz-bin/VizieR-3?-source=I/355/gaiadr3&Source=6688624794231054976,exact_Gaia_DR3_source_and_quality_queries_checked,2026-09-25,,local path verified,,https://vizier.cds.unistra.fr/viz-bin/VizieR-3?-source=I/355/gaiadr3&Source=6688624794231054976,https://vizier.cds.unistra.fr/viz-bin/VizieR-3?-source=I/355/gaiadr3&Source=6688624794231054976,10.26093/CDS/VIZIER.1355,,https://vizier.cds.unistra.fr/viz-bin/VizieR-3?-source=I/355/gaiadr3&Source=6688624794231054976,stable link,Reachable in automated check
625,BailerJones+21_V3885Sgr,"Bailer-Jones et al. (2021), VizieR I/352 exact row",,10.3847/1538-3881/abd806,,https://vizier.cds.unistra.fr/viz-bin/VizieR-3?-source=I/352/gedr3dis&Source=6688624794231054976,exact_geometric_and_photogeometric_rows_checked,Exact I/352 query. Geometric and photogeometric posteriors retained; no parallax inversion.,"Bailer-Jones, C. A. L., Rybizki, J., Fouesneau, M., Demleitner, J., & Andrae, R. 2021, Estimating distances from parallaxes. V. Geometric and photogeometric distances to 1.47 billion stars in Gaia Early Data Release 3, The Astronomical Journal, 161, 147.",2021AJ....161..147B,https://vizier.cds.unistra.fr/viz-bin/VizieR-3?-source=I/352/gedr3dis&Source=6688624794231054976,exact_geometric_and_photogeometric_rows_checked,2026-09-25,,local path verified,,https://vizier.cds.unistra.fr/viz-bin/VizieR-3?-source=I/352/gedr3dis&Source=6688624794231054976,https://vizier.cds.unistra.fr/viz-bin/VizieR-3?-source=I/352/gedr3dis&Source=6688624794231054976,10.3847/1538-3881/abd806,,https://vizier.cds.unistra.fr/viz-bin/VizieR-3?-source=I/352/gedr3dis&Source=6688624794231054976,stable link,Reachable in automated check
626,SIMBAD_V3885Sgr,SIMBAD exact V3885 name and Gaia ID record,,10.1051/aas:2000332,,https://simbad.cds.unistra.fr/simbad/sim-id?Ident=Gaia%20DR3%206688624794231054976,exact_SIMBAD_name_and_ID_queries_checked,Exact name and Gaia-ID queries resolve to CD-42 14462/CV* and the same DR3 ID; 37 aliases.,"Wenger, M., Ochsenbein, F., Egret, D., et al. 2000, The SIMBAD astronomical database, A&AS, 143, 9–22.",2000A&AS..143....9W,https://simbad.cds.unistra.fr/simbad/sim-id?Ident=Gaia%20DR3%206688624794231054976,exact_SIMBAD_name_and_ID_queries_checked,2026-09-25,,local path verified,,https://simbad.cds.unistra.fr/simbad/sim-id?Ident=Gaia%20DR3%206688624794231054976,https://simbad.cds.unistra.fr/simbad/sim-id?Ident=Gaia%20DR3%206688624794231054976,10.1051/aas:2000332,,https://simbad.cds.unistra.fr/simbad/sim-id?Ident=Gaia%20DR3%206688624794231054976,stable link,Reachable in automated check
627,2SXPS_V3885Sgr,"Evans et al. (2020), exact 2SXPS row 175084",,10.3847/1538-4365/ab7db9,,https://www.swift.ac.uk/2SXPS/,exact_2SXPS_catalogue_row_checked,"Exact row 175084, 2SXPS J194740.3-420027; native 0.3–10 keV products are catalogue power-law model outputs.","Evans, P. A., et al. 2020, The Swift-XRT point source catalogue (2SXPS), ApJS, 247, 54.",2020ApJS..247...54E,https://www.swift.ac.uk/2SXPS/,exact_2SXPS_catalogue_row_checked,2026-09-25,,local path verified,,https://www.swift.ac.uk/2SXPS/,https://www.swift.ac.uk/2SXPS/,10.3847/1538-4365/ab7db9,,https://www.swift.ac.uk/2SXPS/,stable link,Reachable in automated check
628,GilmozziSelvelli+24_V3885Sgr,"Gilmozzi & Selvelli (2024), IUE/Gaia nova-like study",,10.1051/0004-6361/202244014,,https://doi.org/10.1051/0004-6361/202244014,original_full_text_checked_online,"Full A&A article, Tables 2 and 4, §§7.1/7.4, and Appendix A.1 checked online.","Gilmozzi, R., & Selvelli, P. 2024, Accretion rates of 42 nova-like stars with IUE and Gaia data, A&A, 681, A83.",2024A&A...681A..83G,https://doi.org/10.1051/0004-6361/202244014,original_full_text_checked_online,2026-09-25,,no local path supplied,,https://doi.org/10.1051/0004-6361/202244014,https://doi.org/10.1051/0004-6361/202244014,10.1051/0004-6361/202244014,,https://doi.org/10.1051/0004-6361/202244014,stable link,Automated access restricted
629,BruchEngel+94_V3885Sgr,"Bruch & Engel (1994), CV UBV colors",,,,https://ui.adsabs.harvard.edu/abs/1994A%26AS..104...79B/abstract,secondary_value_cited_by_Linnell_2009,"E(B−V)=0.02 is cited/adopted by Linnell; original catalog row not independently checked, no quoted uncertainty.","Bruch, A., & Engel, A. 1994, A catalogue of UBV colours of cataclysmic variables, A&AS, 104, 79.",1994A&AS..104...79B,https://ui.adsabs.harvard.edu/abs/1994A%26AS..104...79B/abstract,secondary_value_cited_by_Linnell_2009,2026-09-25,,no local path supplied,,https://ui.adsabs.harvard.edu/abs/1994A%26AS..104...79B/abstract,https://ui.adsabs.harvard.edu/abs/1994A%26AS..104...79B/abstract,,,https://ui.adsabs.harvard.edu/abs/1994A%26AS..104...79B/abstract,stable link,Automated access restricted
630,Verbunt+87_V3885Sgr,"Verbunt (1987), UV reddening constraint",,,,https://ui.adsabs.harvard.edu/abs/1987A%26AS...71..339V/abstract,secondary_reports_only_original_not_retrieved,Linnell and Mauche report E(B−V)=0 preferred and <0.04 bound; original text/title not retrieved.,"Verbunt, F. 1987, A&AS, 71, 339. Title not transcribed because the original bibliographic record was not retrieved.",1987A&AS...71..339V,https://ui.adsabs.harvard.edu/abs/1987A%26AS...71..339V/abstract,secondary_reports_only_original_not_retrieved,2026-09-25,,no local path supplied,,https://ui.adsabs.harvard.edu/abs/1987A%26AS...71..339V/abstract,https://ui.adsabs.harvard.edu/abs/1987A%26AS...71..339V/abstract,,,https://ui.adsabs.harvard.edu/abs/1987A%26AS...71..339V/abstract,stable link,Automated access restricted
631,BondLandolt+71_V3885Sgr,"Bond & Landolt (1971), preliminary CD-42 14462 classification",,,,https://ui.adsabs.harvard.edu/abs/1971PASP...83..485B/abstract,abstract_only,Title/abstract only; predates the 1977 CV identification. Full paper not checked.,"Bond, H. E., & Landolt, A. U. 1971, The Subluminous B-Type Star CD−42° 14462, PASP, 83, 485.",1971PASP...83..485B,https://ui.adsabs.harvard.edu/abs/1971PASP...83..485B/abstract,abstract_only,2026-09-25,,no local path supplied,,https://ui.adsabs.harvard.edu/abs/1971PASP...83..485B/abstract,https://ui.adsabs.harvard.edu/abs/1971PASP...83..485B/abstract,,,https://ui.adsabs.harvard.edu/abs/1971PASP...83..485B/abstract,stable link,Automated access restricted
632,CowleyCramptonHesser+77_V3885Sgr,"Cowley, Crampton & Hesser (1977), close binary identification",,,,https://adsabs.harvard.edu/pdf/1977ApJ...214..471C,original_full_text_checked_online,,"Cowley, A. P., Crampton, D., & Hesser, J. E. 1977, The Flickering White Dwarf CD−42° 14462: A Noneruptive Close Binary, ApJ, 214, 471–477.",1977ApJ...214..471C,https://adsabs.harvard.edu/pdf/1977ApJ...214..471C,original_full_text_checked_online,2026-09-25,,no local path supplied,,https://adsabs.harvard.edu/pdf/1977ApJ...214..471C,https://adsabs.harvard.edu/pdf/1977ApJ...214..471C,,,https://adsabs.harvard.edu/pdf/1977ApJ...214..471C,stable link,Reachable in automated check
633,MaucheRaymondCordova+88_V3885Sgr,"Mauche, Raymond & Córdova (1988), IUE absorption lines",,10.1086/166971,,https://adsabs.harvard.edu/pdf/1988ApJ...335..829M,original_full_text_checked_online,,"Mauche, C. W., Raymond, J. C., & Córdova, F. A. 1988, Interstellar absorption lines in high-resolution IUE spectra of cataclysmic variables, ApJ, 335, 829.",1988ApJ...335..829M,https://adsabs.harvard.edu/pdf/1988ApJ...335..829M,original_full_text_checked_online,2026-09-25,,no local path supplied,,https://adsabs.harvard.edu/pdf/1988ApJ...335..829M,https://adsabs.harvard.edu/pdf/1988ApJ...335..829M,10.1086/166971,,https://adsabs.harvard.edu/pdf/1988ApJ...335..829M,stable link,Reachable in automated check
634,LaDous+91_V3885Sgr,"la Dous (1991), IUE inclination effects",,,,https://ui.adsabs.harvard.edu/abs/1991A%26A...252..100L/abstract,secondary_reported_by_GilmozziSelvelli_2024,Inclination claim is secondary in Gilmozzi & Selvelli Appendix A.1; original source-specific value not independently checked.,"la Dous, C. 1991, New insights from a statistical analysis of IUE spectra of dwarf novae and nova-like stars. I. Inclination effects in lines and continua, A&A, 252, 100.",1991A&A...252..100L,https://ui.adsabs.harvard.edu/abs/1991A%26A...252..100L/abstract,secondary_reported_by_GilmozziSelvelli_2024,2026-09-25,,no local path supplied,,https://ui.adsabs.harvard.edu/abs/1991A%26A...252..100L/abstract,https://ui.adsabs.harvard.edu/abs/1991A%26A...252..100L/abstract,,,https://ui.adsabs.harvard.edu/abs/1991A%26A...252..100L/abstract,stable link,Automated access restricted
635,PueblaDiazHubeny+07_V3885Sgr,"Puebla, Diaz & Hubeny (2007), disk-model spectra",,10.1086/522112,,https://doi.org/10.1086/522112,secondary_reported_by_GilmozziSelvelli_2024,Inclination claim is secondary in Gilmozzi & Selvelli Appendix A.1; original source-specific value not independently checked.,"Puebla, R. E., Diaz, M. P., & Hubeny, I. 2007, A statistical study of accretion disk model spectra for cataclysmic variables, AJ, 134, 1923–1933.",2007AJ....134.1923P,https://doi.org/10.1086/522112,secondary_reported_by_GilmozziSelvelli_2024,2026-09-25,,no local path supplied,,https://doi.org/10.1086/522112,https://doi.org/10.1086/522112,10.1086/522112,,https://doi.org/10.1086/522112,stable link,Reachable in automated check
636,Bruch+21_V3885Sgr,"Bruch (2021), flickering study cited by inclination review",,10.1093/mnras/stab516,,https://academic.oup.com/mnras/article/503/1/953/6149450,citation_chain_only_no_V3885_measurement_independently_checked,Inclination claim is secondary in Gilmozzi & Selvelli Appendix A.1; original source-specific value not independently checked.,"Bruch, A. 2021, A comparative study of the strength of flickering in cataclysmic variables, MNRAS, 503, 953–971.",2021MNRAS.503..953B,https://academic.oup.com/mnras/article/503/1/953/6149450,citation_chain_only_no_V3885_measurement_independently_checked,2026-09-25,,no local path supplied,,https://academic.oup.com/mnras/article/503/1/953/6149450,https://academic.oup.com/mnras/article/503/1/953/6149450,10.1093/mnras/stab516,,https://academic.oup.com/mnras/article/503/1/953/6149450,stable link,Automated access restricted
637,GaiaDR3_V5662Sgr,"Gaia Collaboration et al. (2023), Gaia DR3 exact source query",,10.1051/0004-6361/202243940,,https://vizier.cds.unistra.fr/viz-bin/VizieR-5?-source=I/355/gaiadr3&Source=6749618724313541760,exact_source_query_saved,"Exact Gaia DR3 row including astrometry, mean photometry and quality fields. Exact SIMBAD chain links CTCV J2005-2934 with this source ID. Gaia source astrophysical parameters are empty and unused as component properties.","Gaia Collaboration et al. 2023, Gaia Data Release 3: Summary of the content and survey properties, Astronomy & Astrophysics, 674, A1.",2023A&A...674A...1G,https://doi.org/10.1051/0004-6361/202243940,exact_catalog_query_and_original_metadata_checked,2026-09-25,,local path verified,,https://vizier.cds.unistra.fr/viz-bin/VizieR-5?-source=I/355/gaiadr3&Source=6749618724313541760,https://doi.org/10.1051/0004-6361/202243940,10.1051/0004-6361/202243940,,https://vizier.cds.unistra.fr/viz-bin/VizieR-5?-source=I/355/gaiadr3&Source=6749618724313541760,download URL,Reachable in automated check
638,BailerJones+21_V5662Sgr,"Bailer-Jones et al. (2021), VizieR I/352 exact row",,10.3847/1538-3881/abd806,,https://vizier.cds.unistra.fr/viz-bin/VizieR-5?-source=I/352/gedr3dis&Source=6749618724313541760,exact_source_query_saved,Exact Gaia EDR3 geometric and photogeometric posterior p16/p50/p84 values saved separately. Geometric posterior is selected for compatibility distance; not raw inverse parallax.,"Bailer-Jones, C. A. L., Rybizki, J., Fouesneau, M., Demleitner, M., & Andrae, R. 2021, Estimating Distance from Parallaxes. V. Geometric and Photogeometric Distances to 1.47 Billion Stars in Gaia Early Data Release 3, The Astronomical Journal, 161, 147.",2021AJ....161..147B,https://doi.org/10.3847/1538-3881/abd806,exact_catalog_query_and_original_metadata_checked,2026-09-25,,local path verified,,https://vizier.cds.unistra.fr/viz-bin/VizieR-5?-source=I/352/gedr3dis&Source=6749618724313541760,https://doi.org/10.3847/1538-3881/abd806,10.3847/1538-3881/abd806,,https://doi.org/10.3847/1538-3881/abd806,stable link,Reachable in automated check
639,SIMBAD_V5662Sgr,SIMBAD exact V5662/Gaia DR3 identity queries,,10.1051/aas:2000332,,https://simbad.cds.unistra.fr/simbad/sim-id?Ident=Gaia%20DR3%206749618724313541760,exact_name_and_id_queries_saved,"Exact V5662 and Gaia ID queries share main identifier 1RXS J200552.6-293455 and linked CTCV J2005-2934/Gaia DR3 identifiers. Identity/discovery aid only, not a physical measurement source.","Wenger, M., Ochsenbein, F., Egret, D., et al. 2000, The SIMBAD astronomical database. The CDS reference database for astronomical objects, Astronomy and Astrophysics Supplement Series, 143, 9–22.",2000A&AS..143....9W,https://doi.org/10.1051/aas:2000332,database_query_exact_name_and_source_id,2026-09-25,,local path verified,,https://simbad.cds.unistra.fr/simbad/sim-id?Ident=Gaia%20DR3%206749618724313541760,https://doi.org/10.1051/aas:2000332,10.1051/aas:2000332,,https://simbad.cds.unistra.fr/simbad/sim-id?Ident=Gaia%20DR3%206749618724313541760,download URL,Reachable in automated check
640,Harrison+16_SSCyg,Harrison (2016),,10.3847/0004-637X/833/1/14,,https://doi.org/10.3847/0004-637X/833/1/14,original_full_text_checked_local_pdf,"Original IJHK spectra and model-analysis sections checked locally. SS Cyg donor solution Teff=4750 K, [Fe/H]=−0.3, [C/Fe]=−0.40, [Mg/Fe]=−0.3; table does not report formal errors. A spectroscopic distance is model/subtype dependent, not a geometric distance.","Harrison, T. E. 2016, Abundance Derivations for the Secondary Stars in Cataclysmic Variables from Near-Infrared Spectroscopy, ApJ, 833, 14.",2016ApJ...833...14H,https://doi.org/10.3847/0004-637X/833/1/14,original_full_text_checked_local_pdf,2026-09-25,,local path verified,,https://doi.org/10.3847/0004-637X/833/1/14,https://doi.org/10.3847/0004-637X/833/1/14,10.3847/0004-637X/833/1/14,,https://doi.org/10.3847/0004-637X/833/1/14,stable link,Reachable in automated check
641,SionGodon+15_SSCyg,Sion & Godon (2015),,10.14311/APP.2015.02.0035,,https://doi.org/10.14311/APP.2015.02.0035,original_full_text_checked_local_pdf,"Original review/proceedings paper checked locally. Its SS Cyg quiescent refit at the shorter VLBI/Gaia distance gives a WD temperature about 45–50 kK (table value 47 kK), with MWD fixed at 0.95 Msun; it is not an independent mass determination and no formal temperature error is supplied.","Sion, E. M., & Godon, P. 2015, White Dwarfs in Cataclysmic Variables: An Update, Acta Polytechnica CTU Proceedings, 2(1), 35–40.",,https://doi.org/10.14311/APP.2015.02.0035,original_full_text_checked_local_pdf,2026-09-25,,local path verified,,https://doi.org/10.14311/APP.2015.02.0035,https://doi.org/10.14311/APP.2015.02.0035,10.14311/APP.2015.02.0035,,https://doi.org/10.14311/APP.2015.02.0035,stable link,Reachable in automated check
642,Harrison+99_SSCyg,Harrison et al. (1999),,10.1086/311982,,https://doi.org/10.1086/311982,original_full_text_checked_local_pdf,"Original HST/FGS paper and table checked locally; SS Cyg parallax 6.02±0.46 mas, corresponding to the paper's 166.2±12.7 pc distance.","Harrison, T. E., McNamara, B. J., et al. 1999, HST Fine Guidance Sensor Astrometric Parallaxes for Three Dwarf Novae: SS Aurigae, SS Cygni, and U Geminorum, ApJL, 515, L93–L96.",1999ApJ...515L..93H,https://doi.org/10.1086/311982,original_full_text_checked_local_pdf,2026-09-25,,local path verified,,https://doi.org/10.1086/311982,https://doi.org/10.1086/311982,10.1086/311982,,https://doi.org/10.1086/311982,stable link,Reachable in automated check
643,HarrisonJohnson+04_SSCyg,Harrison et al. (2004),,10.1086/380228,,https://doi.org/10.1086/380228,original_full_text_checked_local_pdf,Same full original paper is locally available with U Gem materials; SS Cyg Table 3 gives HST/FGS parallax 6.06±0.44 mas. Its reanalysis is retained separately from the original 1999 value.,"Harrison, T. E., Johnson, J. J., McArthur, B. E., & Benedict, G. F. 2004, An Astrometric Calibration of the MV–Porb Relationship for Cataclysmic Variables Based on Hubble Space Telescope Fine Guidance Sensor Parallaxes, AJ, 127, 460–468.",2004AJ....127..460H,https://doi.org/10.1086/380228,original_full_text_checked_local_pdf,2026-09-25,,local path verified,,https://doi.org/10.1086/380228,https://doi.org/10.1086/380228,10.1086/380228,,https://doi.org/10.1086/380228,stable link,Reachable in automated check
644,NelanBond+13_SSCyg,Nelan & Bond (2013),,10.1088/2041-8205/773/2/L26,,https://doi.org/10.1088/2041-8205/773/2/L26,original_full_text_checked_local_pdf,Original HST/FGS reanalysis checked locally; revised parallax 8.30±0.41 mas. This is an independent reduction of HST data and remains in conflict with later authors' further reanalysis.,"Nelan, E. P., & Bond, H. E. 2013, On the Hubble Space Telescope Trigonometric Parallax of the Dwarf Nova SS Cygni, ApJL, 773, L26.",2013ApJ...773L..26N,https://doi.org/10.1088/2041-8205/773/2/L26,original_full_text_checked_local_pdf,2026-09-25,,local path verified,,https://doi.org/10.1088/2041-8205/773/2/L26,https://doi.org/10.1088/2041-8205/773/2/L26,10.1088/2041-8205/773/2/L26,,https://doi.org/10.1088/2041-8205/773/2/L26,stable link,Reachable in automated check
645,HarrisonMcArthur+16_AAS227,Harrison & McArthur (2016),,,,https://aas.org/files/resources/aas_227_abstract_pdf.pdf,official_AAS_abstract_in_full_program_book_checked_locally,"Official AAS 227 program book and abstract PDF/text checked locally. Abstract 239.07 reports 7.3±0.2 mas (137 pc), reanalyzes the FGS data, and argues the VLBA parallax discrepancy is due to an HST coordinate-system roll. Harrison+16 footnote later reports 7.41±0.20 mas after further analysis of the dataset; the full astrometric reanalysis paper was not located.","Harrison, T. E., & McArthur, B. E. 2016, Revisiting the HST Fine Guidance Sensor Parallax of SS Cygni, AAS Meeting Abstracts, 227, 239.07.",,https://aas.org/files/resources/aas_227_abstract_pdf.pdf,official_AAS_abstract_full_program_pdf_checked; full_reanalysis_paper_not_located,2026-09-25,,local path verified,,https://aas.org/files/resources/aas_227_abstract_pdf.pdf,https://aas.org/files/resources/aas_227_abstract_pdf.pdf,,,https://aas.org/files/resources/aas_227_abstract_pdf.pdf,stable link,Automated access restricted
646,Ishida+26_SSCyg,Ishida et al. (2026),,10.1093/pasj/psag060,,https://academic.oup.com/pasj/article/78/4/1268/8703943,publisher_full_text_web_checked; PDF_download_returned_403,"Official publisher article HTML/sections and tables checked online; PDF download returned HTTP 403. XRISM Resolve observations: quiescence 2024 May, outburst 2024 June. A 16–44 s WD rotation range is inferred only if the fluorescent-line width is rotational and under the paper's assumed geometry/mass-radius choices; no coherent 10–50 s signal was detected.","Ishida, M., et al. 2026, Properties of the boundary layer of SS Cygni unveiled with the X-ray microcalorimeter onboard XRISM, PASJ, 78(4), 1268–1283.",2026PASJ...78.1268I,https://academic.oup.com/pasj/article/78/4/1268/8703943,publisher_full_text_web_checked; PDF_download_returned_403,2026-09-25,,no local path supplied,,https://academic.oup.com/pasj/article/78/4/1268/8703943,https://academic.oup.com/pasj/article/78/4/1268/8703943,10.1093/pasj/psag060,,https://academic.oup.com/pasj/article/78/4/1268/8703943,stable link,Automated access restricted
647,Sharp+26_SSCyg,Sharp et al. (2026),,,,https://britastro.org/vss/VSSC207.pdf,original_bulletin_full_text_checked_local_pdf,Full BAA bulletin checked locally. It reports a 2024–2026 photometric search for QPO-like periods; this non-peer-reviewed monitoring is not a WD spin detection.,"Sharp, R., et al. 2026, BAA Variable Star Section Circular 207, 26–36.",,https://britastro.org/vss/VSSC207.pdf,original_bulletin_full_text_checked_local_pdf,2026-09-25,,repaired to existing file,,https://britastro.org/vss/VSSC207.pdf,https://britastro.org/vss/VSSC207.pdf,,,https://britastro.org/vss/VSSC207.pdf,stable link,Reachable in automated check
648,GaiaDR3_SSCyg,Gaia DR3 exact-source query,,10.1051/0004-6361/202243940,,https://gea.esac.esa.int/archive/; https://vizier.cds.unistra.fr/viz-bin/VizieR-5?-source=I/355/gaiadr3&Source=1972957892448494592,exact_gaia_dr3_source_query_checked,Exact string source_id 1972957892448494592 queried. GSP-Phot values are single-star pipeline outputs and are not treated as component properties or binary extinction corrections.,"Gaia Collaboration et al. 2023, Gaia Data Release 3: Summary of the content and survey properties, A&A, 674, A1; exact Gaia DR3 source_id query for SS Cyg.",2023A&A...674A...1G,https://gea.esac.esa.int/archive/; https://vizier.cds.unistra.fr/viz-bin/VizieR-5?-source=I/355/gaiadr3&Source=1972957892448494592,exact_gaia_dr3_source_query_checked,2026-09-25,,local path verified,,https://gea.esac.esa.int/archive/; https://vizier.cds.unistra.fr/viz-bin/VizieR-5?-source=I/355/gaiadr3&Source=1972957892448494592,https://gea.esac.esa.int/archive/; https://vizier.cds.unistra.fr/viz-bin/VizieR-5?-source=I/355/gaiadr3&Source=1972957892448494592,10.1051/0004-6361/202243940,,https://gea.esac.esa.int/archive/,stable link,Reachable in automated check
649,BailerJones+21_SSCyg,Bailer-Jones et al. (2021) Gaia EDR3 distance query,,10.3847/1538-3881/abd806,,https://vizier.cds.unistra.fr/viz-bin/VizieR-5?-source=I/352/gedr3dis&Source=1972957892448494592,exact_vizier_source_row_checked,Exact DR3 source row checked. Geometric and photogeometric posterior medians and 16th/84th percentiles are separate; no parallax inversion is used.,"Bailer-Jones, C. A. L., et al. 2021, Estimating Distances from Parallaxes. V: Geometric and Photogeometric Distances to 1.47 Billion Stars in Gaia Early Data Release 3, AJ, 161, 147; exact source row.",2021AJ....161..147B,https://vizier.cds.unistra.fr/viz-bin/VizieR-5?-source=I/352/gedr3dis&Source=1972957892448494592,exact_vizier_source_row_checked,2026-09-25,,local path verified,,https://vizier.cds.unistra.fr/viz-bin/VizieR-5?-source=I/352/gedr3dis&Source=1972957892448494592,https://vizier.cds.unistra.fr/viz-bin/VizieR-5?-source=I/352/gedr3dis&Source=1972957892448494592,10.3847/1538-3881/abd806,,https://vizier.cds.unistra.fr/viz-bin/VizieR-5?-source=I/352/gedr3dis&Source=1972957892448494592,stable link,Reachable in automated check
650,SIMBAD_SSCyg,SIMBAD exact-name and alias query,,10.1051/aas:2000332,,https://simbad.cds.unistra.fr/simbad/sim-id?Ident=V*%20SS%20Cyg,exact_simbad_name_alias_gaia_id_query_checked,SIMBAD exact main ID V* SS Cyg and its aliases map to the same Gaia DR3 source_id. Identity is also consistent with the independent VLBI counterpart and proper motion.,"Wenger, M., et al. 2000, The SIMBAD astronomical database: The CDS reference database for astronomical objects, A&AS, 143, 9–22; exact SS Cyg name/alias/source_id query.",2000A&AS..143....9W,https://simbad.cds.unistra.fr/simbad/sim-id?Ident=V*%20SS%20Cyg,exact_simbad_name_alias_gaia_id_query_checked,2026-09-25,,local path verified,,https://simbad.cds.unistra.fr/simbad/sim-id?Ident=V*%20SS%20Cyg,https://simbad.cds.unistra.fr/simbad/sim-id?Ident=V*%20SS%20Cyg,10.1051/aas:2000332,,https://simbad.cds.unistra.fr/simbad/sim-id?Ident=V*%20SS%20Cyg,stable link,Reachable in automated check
651,MaucheRobinson+01_SSCyg,Mauche & Robinson (2001),,10.1086/323870,,https://doi.org/10.1086/323870,original_full_text_checked_local_pdf,Full original downloaded from arXiv astro-ph/0108059 and checked locally. Optical/EUV oscillations are identified as accretion-state-dependent dwarf-nova oscillations; in 1996 the EUV period changed from 6.59 s to 2.91 s and matched optical period/phase. These values are not a persistent spin ephemeris.,"Mauche, C. W., & Robinson, E. L. 2001, Dwarf Nova Oscillations in SS Cygni: Optical and Extreme-Ultraviolet Oscillations in the 1996 October Outburst, ApJ, 562, 508–514.",2001ApJ...562..508M,https://doi.org/10.1086/323870,original_full_text_checked_local_pdf,2026-09-25,,local path verified,,https://doi.org/10.1086/323870,https://doi.org/10.1086/323870,10.1086/323870,,https://doi.org/10.1086/323870,stable link,Reachable in automated check
652,GaiaDR3_ARSco,"Gaia Collaboration et al. (2023), exact AR Sco Gaia DR3 source query",,10.1051/0004-6361/202243940,,https://gea.esac.esa.int/archive/,exact_Gaia_DR3_source_query_checked_and_saved,"Exact Gaia DR3 source_id=6050296829033196032 query; astrometry, photometry, quality indicators and GSP-Phot outputs saved. Gaia GSP-Phot values are single-star pipeline outputs and are not adopted as binary-component parameters.","Gaia Collaboration, Vallenari, A., et al. 2023, Gaia Data Release 3: Summary of the content and survey properties, Astronomy & Astrophysics, 674, A1.",2023A&A...674A...1G,https://doi.org/10.1051/0004-6361/202243940,exact_Gaia_DR3_source_query_checked_and_saved,2026-09-25,,local path verified,,https://gea.esac.esa.int/archive/,https://doi.org/10.1051/0004-6361/202243940,10.1051/0004-6361/202243940,,https://gea.esac.esa.int/archive/,download URL,Reachable in automated check
653,BailerJones+21_ARSco,"Bailer-Jones et al. (2021), exact AR Sco Gaia EDR3 distance row",,10.3847/1538-3881/abd806,,https://vizier.cds.unistra.fr/viz-bin/VizieR-5?-source=I/352/gedr3dis&Source=6050296829033196032,exact_VizieR_I_352_source_row_checked_and_saved,Exact Gaia EDR3 I/352 source row. Geometric p16/p50/p84=116.023529/116.517944/116.957703 pc; photogeometric=115.963104/116.576248/117.184471 pc.,"Bailer-Jones, C. A. L., Rybizki, J., Fouesneau, M., Demleitner, M., & Andrae, R. 2021, Estimating distances from parallaxes. V. Geometric and photogeometric distances to 1.47 billion stars in Gaia Early Data Release 3, The Astronomical Journal, 161, 147.",2021AJ....161..147B,https://doi.org/10.3847/1538-3881/abd806,exact_VizieR_I_352_source_row_checked_and_saved,2026-09-25,,local path verified,,https://vizier.cds.unistra.fr/viz-bin/VizieR-5?-source=I/352/gedr3dis&Source=6050296829033196032,https://doi.org/10.3847/1538-3881/abd806,10.3847/1538-3881/abd806,,https://doi.org/10.3847/1538-3881/abd806,stable link,Reachable in automated check
654,SIMBAD_ARSco,CDS SIMBAD exact AR Sco identifier and alias queries,,10.1051/aas:2000332,,https://simbad.cds.unistra.fr/simbad/sim-id?Ident=AR+Scorpii,exact_SIMBAD_identifier_and_alias_queries_checked_and_saved,"Exact Gaia DR3 source ID resolves to V* AR Sco; aliases include TIC 50098516, 2MASS J16214728-2253102, EPIC 204298485, CRTS J162147.3-225310, etc. SIMBAD positions used for identity cross-check, not substituted for Gaia astrometry.","Wenger, M., Ochsenbein, F., Egret, D., et al. 2000, The SIMBAD astronomical database. The CDS reference database for astronomical objects, Astronomy and Astrophysics Supplement Series, 143, 9–22.",2000A&AS..143....9W,https://doi.org/10.1051/aas:2000332,exact_SIMBAD_identifier_and_alias_queries_checked_and_saved,2026-09-25,,local path verified,,https://simbad.cds.unistra.fr/simbad/sim-id?Ident=AR+Scorpii,https://doi.org/10.1051/aas:2000332,10.1051/aas:2000332,,https://simbad.cds.unistra.fr/simbad/sim-id?Ident=AR+Scorpii,download URL,Reachable in automated check
655,Jiang+23_ARSco,Jiang et al. (2023),,10.1093/mnras/stad327,,https://arxiv.org/abs/2301.13470,original_full_text_checked_local_pdf,Correct first author is Pengfei Jiang (local filename inherited as Marcote+23 is misleading). EVN/CVN/Warkworth VLBI parallax and proper motions checked; includes a separate weighted Gaia+VLBI combined solution and source-specific Gaia zero-point correction discussion.,"Jiang, P., Cui, L., Yang, J., et al. 2023, VLBI astrometry on the white dwarf pulsar AR Scorpii, Monthly Notices of the Royal Astronomical Society, 520, 2942–2951.",2023MNRAS.520.2942J,https://doi.org/10.1093/mnras/stad327,original_full_text_checked_local_pdf; abstract_tables_and_astrometric_method_checked,2026-09-25,,local path verified,,https://arxiv.org/abs/2301.13470,https://doi.org/10.1093/mnras/stad327,10.1093/mnras/stad327,,https://arxiv.org/abs/2301.13470,download URL,Reachable in automated check
656,Stanway+18_ARSco,Stanway et al. (2018),,10.1051/0004-6361/201732380,,https://arxiv.org/abs/1801.07258,original_full_text_checked_local_pdf,"Original VLA 1.5, 5 and 9-GHz total-flux/polarization paper checked. Reports alpha=0.358±0.015 from orbit-averaged 5/9-GHz data, orbital/beat modulation, weak linear polarization and phase-dependent circular polarization reaching about -30%.","Stanway, E. R., Marsh, T. R., Chote, P., Gänsicke, B. T., Steeghs, D., & Wheatley, P. J. 2018, VLA Radio Observations of AR Scorpii, Astronomy & Astrophysics, 611, A66.",2018A&A...611A..66S,https://doi.org/10.1051/0004-6361/201732380,original_full_text_checked_local_pdf; tables_and_figures_checked,2026-09-25,,local path verified,,https://arxiv.org/abs/1801.07258,https://doi.org/10.1051/0004-6361/201732380,10.1051/0004-6361/201732380,,https://arxiv.org/abs/1801.07258,download URL,Reachable in automated check
657,Garnavich+23_ARSco,Garnavich et al. (2023),,10.3847/2041-8213/ad0be7,,https://arxiv.org/abs/2311.04967,original_full_text_checked_local_pdf,"Nine-year optical beat-pulse amplitude-ratio time series checked, including Table 1. Ratio evolves from 0.42±0.03 in 2015 to 0.82±0.03 in 2023; precession is a proposed explanation with a poorly constrained lower period bound.","Garnavich, P., Potter, S. B., Buckley, D. A. H., et al. 2023, Rapid Evolution of the White Dwarf Pulsar AR Scorpii, The Astrophysical Journal Letters, 958, L22.",2023ApJ...958L..22G,https://doi.org/10.3847/2041-8213/ad0be7,original_full_text_checked_local_pdf; table_and_figures_checked,2026-09-25,,local path verified,,https://arxiv.org/abs/2311.04967,https://doi.org/10.3847/2041-8213/ad0be7,10.3847/2041-8213/ad0be7,,https://doi.org/10.3847/2041-8213/ad0be7,stable link,Reachable in automated check
658,BarrettGurwell+25_ARSco,Barrett & Gurwell (2025),,10.3847/1538-4357/add725,,https://arxiv.org/abs/2505.06468,original_full_text_checked_local_pdf,"SMA observations (2022 Apr 9 and May 16), fluxes, timing periodogram, SED methods and Tables 1–3 checked locally. Material internal conflicts: abstract labels emission-zone field 43 MG while body/Table 2 give ~43 G and then infer WD pole ~15 MG; abstract says 58.26 s and 117.0564 s while §3.2 gives 58.641(79) s near 2x Pelisoli spin; §3.1 flux 124±2 mJy but Table 3 says 124±10 mJy. Retain alternatives and review issues.","Barrett, P. E., & Gurwell, M. A. 2025, Submillimeter observations of the white dwarf pulsar AR Sco, The Astrophysical Journal, 986, 78.",2025ApJ...986...78B,https://doi.org/10.3847/1538-4357/add725,original_full_text_checked_local_pdf; abstract_tables_sections_and_figures_checked,2026-09-25,,local path verified,,https://arxiv.org/abs/2505.06468,https://doi.org/10.3847/1538-4357/add725,10.3847/1538-4357/add725,,https://doi.org/10.3847/1538-4357/add725,stable link,Reachable in automated check
659,duPlessis+22_ARSco,du Plessis et al. (2022),,10.1093/mnras/stab3595,,https://arxiv.org/abs/2112.08708,original_full_text_checked_local_pdf,Full phase-resolved optical-polarimetry RVM paper checked. Fitted alpha/zeta vary by about 10/30 degrees over orbital phase; this complicates treating a single RVM zeta as the orbital inclination in the earlier WD mass model.,"du Plessis, L., Venter, C., Wadiasingh, Z., et al. 2022, Probing the non-thermal emission geometry of AR Sco via optical phase-resolved polarimetry, Monthly Notices of the Royal Astronomical Society, 510, 2998–3011.",2022MNRAS.510.2998D,https://doi.org/10.1093/mnras/stab3595,original_full_text_checked_local_pdf; methods_results_and_figures_checked,2026-09-25,,local path verified,,https://arxiv.org/abs/2112.08708,https://doi.org/10.1093/mnras/stab3595,10.1093/mnras/stab3595,,https://arxiv.org/abs/2112.08708,download URL,Reachable in automated check
660,duPlessis+24_ARSco,du Plessis et al. (2024),,10.1093/mnras/stae1791,,https://arxiv.org/abs/2407.16505,original_full_text_checked_local_pdf,Theoretical numerical-method paper read; discusses particle dynamics/radiation reaction for AR Sco-type magnetospheric models but supplies no new measured source property adopted here.,"du Plessis, L., Venter, C., Harding, A. K., et al. 2024, Towards modelling AR Sco: generalized particle dynamics and strong radiation-reaction regimes, Monthly Notices of the Royal Astronomical Society, 532, 4408–4428.",2024MNRAS.532.4408D,https://doi.org/10.1093/mnras/stae1791,original_full_text_checked_local_pdf; theoretical_methods_and_conclusions_checked,2026-09-25,,local path verified,,https://arxiv.org/abs/2407.16505,https://doi.org/10.1093/mnras/stae1791,10.1093/mnras/stae1791,,https://arxiv.org/abs/2407.16505,download URL,Reachable in automated check
661,Lyutikov+20_ARSco,"Lyutikov et al. (2020), arXiv preprint",,10.48550/arXiv.2004.11474,,https://arxiv.org/abs/2004.11474,original_full_text_checked_local_pdf_preprint,"Original theoretical paper checked. Proposes low-field (~1e6 G) transient propeller/magnetospheric mass-loading model, with model mass loading and prior spin-up rates; not observational measurements.","Lyutikov, M., Barkov, M., Route, M., Balsara, D., Garnavich, P., & Littlefield, C. 2020, Magnetospheric interaction in white dwarf binaries AR Sco and AE Aqr, arXiv:2004.11474.",,https://arxiv.org/abs/2004.11474,original_full_text_checked_local_pdf_preprint,2026-09-25,,local path verified,,https://arxiv.org/abs/2004.11474,https://arxiv.org/abs/2004.11474,10.48550/arXiv.2004.11474,,https://arxiv.org/abs/2004.11474,stable link,Reachable in automated check
662,Buckley+26_ARSco,"Buckley (2026), conference-proceedings preprint",,10.48550/arXiv.2609.27543,,https://arxiv.org/abs/2609.27543,secondary_conference_proceedings_full_text_checked,"Accepted conference-proceedings review uploaded 2026-09-23. It reports the 2020 SALT/NICER/MeerKAT campaign and possible Fermi-LAT rotational pulsations but says campaign results will appear in forthcoming papers and provides no quantitative radio/X-ray/gamma-ray analysis. Treat as a discovery aid, not source-specific primary measurement.","Buckley, D. A. H. 2026, White Dwarf Pulsars: an emerging class of compact binaries, accepted proceedings of The Golden Age of Cataclysmic Variables and Related Objects – VII (Palermo, 2025), arXiv:2609.27543.",,https://arxiv.org/abs/2609.27543,secondary_review_full_text_checked_local; underlying_2020_campaign_primary_analysis_not_located,2026-09-25,,local path verified,,https://arxiv.org/abs/2609.27543,https://arxiv.org/abs/2609.27543,10.48550/arXiv.2609.27543,,https://arxiv.org/abs/2609.27543,stable link,Reachable in automated check
663,GaiaDR3_J1912,"Gaia DR3 exact source-ID query, J1912",,,,https://vizier.cds.unistra.fr/viz-bin/VizieR-5?-source=I/355/gaiadr3&Source=6712706405280342784,catalog_query_saved,Exact Gaia DR3 source-ID query. Gaia source_id retained as a string. Astrometry and photometry are unresolved-system catalog values; GSP-Phot outputs are blank.,"Gaia Collaboration et al. 2023, Gaia Data Release 3: Summary of the content and survey properties, Astronomy & Astrophysics, 674, A1; VizieR I/355 exact source row.",2023A&A...674A...1G,https://doi.org/10.1051/0004-6361/202243940; https://vizier.cds.unistra.fr/viz-bin/VizieR-5?-source=I/355/gaiadr3&Source=6712706405280342784,exact Gaia DR3 source query saved and checked,2026-09-25,,local path verified,,https://vizier.cds.unistra.fr/viz-bin/VizieR-5?-source=I/355/gaiadr3&Source=6712706405280342784,https://doi.org/10.1051/0004-6361/202243940; https://vizier.cds.unistra.fr/viz-bin/VizieR-5?-source=I/355/gaiadr3&Source=6712706405280342784,,,https://vizier.cds.unistra.fr/viz-bin/VizieR-5?-source=I/355/gaiadr3&Source=6712706405280342784,stable link,Reachable in automated check
664,BailerJones+21_J1912,"Bailer-Jones et al. (2021), exact J1912 row",,10.3847/1538-3881/abd806,,https://vizier.cds.unistra.fr/viz-bin/VizieR-5?-source=I/352/gedr3dis&Source=6712706405280342784,catalog_query_saved,Bailer-Jones EDR3 geometric and photogeometric posterior percentiles; geometric posterior used for compatibility distance. Flag interpretation checked against the I/352 ReadMe.,"Bailer-Jones, C. A. L., Rybizki, J., Fouesneau, M., Demleitner, J., & Andrae, R. 2021, Estimating distances from parallaxes. V. Geometric and photogeometric distances to 1.47 billion stars in Gaia Early Data Release 3, The Astronomical Journal, 161, 147.",2021AJ....161..147B,https://doi.org/10.3847/1538-3881/abd806; https://vizier.cds.unistra.fr/viz-bin/VizieR-5?-source=I/352/gedr3dis&Source=6712706405280342784,exact VizieR row and I/352 ReadMe checked and saved,2026-09-25,,local path verified,,https://vizier.cds.unistra.fr/viz-bin/VizieR-5?-source=I/352/gedr3dis&Source=6712706405280342784,https://doi.org/10.3847/1538-3881/abd806; https://vizier.cds.unistra.fr/viz-bin/VizieR-5?-source=I/352/gedr3dis&Source=6712706405280342784,10.3847/1538-3881/abd806,,https://doi.org/10.3847/1538-3881/abd806,stable link,Reachable in automated check
665,SIMBAD_J1912,SIMBAD exact J1912 name and Gaia-ID query,,10.1051/aas:2000332,,https://simbad.cds.unistra.fr/simbad/sim-id?Ident=Gaia%20DR3%206712706405280342784,catalog_query_saved,"Exact SIMBAD Gaia DR3 identifier/name alias query. Cross-checks the primary-paper identity; database result is discovery aid, not substitute for the paper.","Wenger, M., Ochsenbein, F., Egret, D., et al. 2000, The SIMBAD astronomical database, Astronomy and Astrophysics Supplement Series, 143, 9-22.",2000A&AS..143....9W,https://doi.org/10.1051/aas:2000332; https://simbad.cds.unistra.fr/simbad/sim-id?Ident=Gaia%20DR3%206712706405280342784,exact SIMBAD identifier/alias query saved and checked,2026-09-25,,local path verified,,https://simbad.cds.unistra.fr/simbad/sim-id?Ident=Gaia%20DR3%206712706405280342784,https://doi.org/10.1051/aas:2000332; https://simbad.cds.unistra.fr/simbad/sim-id?Ident=Gaia%20DR3%206712706405280342784,10.1051/aas:2000332,,https://simbad.cds.unistra.fr/simbad/sim-id?Ident=Gaia%20DR3%206712706405280342784,stable link,Reachable in automated check
666,Meintjes+25_J1912,"Meintjes et al. (2025), MeerKAT J1912 proceeding",,10.22323/1.514.0061,,https://pos.sissa.it/514/061/pdf,conference_proceeding_full_text_checked,"HEASA 2025 conference proceeding. Full text and periodogram/figure visually checked. It is a preliminary long-term timing report; its flux measurements are peak brightness per synthesized beam, not integrated source flux density.","Meintjes, E., Woudt, P. A., Geyer, M., et al. 2025, MeerKAT Observations of J1912-4410 - the second white dwarf pulsar, Proceedings of Science, PoS(HEASA2025)061.",,https://doi.org/10.22323/1.514.0061; https://pos.sissa.it/514/061/pdf,conference proceeding full text checked locally; not an independent journal confirmation,2026-09-25,,local path verified,,https://pos.sissa.it/514/061/pdf,https://doi.org/10.22323/1.514.0061; https://pos.sissa.it/514/061/pdf,10.22323/1.514.0061,,https://doi.org/10.22323/1.514.0061,stable link,Reachable in automated check
667,Minnie+25_J1912,"Minnie et al. (2025), Fermi-LAT J1912 proceeding",,10.22323/1.514.0062,,https://pos.sissa.it/514/062/pdf,conference_proceeding_full_text_checked,"HEASA 2025 conference proceeding reporting a possible Fermi-LAT pulsed gamma-ray candidate. Full text and figure checked. Periodogram significance, H-test significance and phase coherence are kept distinct; no integrated gamma-ray flux is adopted.","Minnie, L. H., Meintjes, P. J., & Maritz, J. 2025, Fermi-LAT Observations of fast rotating, magnetic white dwarfs J191213.72-441045.1 and EUVE J0317-85.5, Proceedings of Science, PoS(HEASA2025)062.",,https://doi.org/10.22323/1.514.0062; https://pos.sissa.it/514/062/pdf,conference proceeding full text checked locally; possible claim not independently confirmed,2026-09-25,,local path verified,,https://pos.sissa.it/514/062/pdf,https://doi.org/10.22323/1.514.0062; https://pos.sissa.it/514/062/pdf,10.22323/1.514.0062,,https://doi.org/10.22323/1.514.0062,stable link,Reachable in automated check
668,Anumarlapudi+25,Anumarlapudi et al. (2025),,10.1093/mnras/staf1227,,https://arxiv.org/pdf/2507.13453v2,original_full_text_checked_locally,v2 checked; radio dates and TOA count contain internal discrepancies.,"Anumarlapudi, A., et al. 2025, ASKAP J144834-685644: a newly discovered long period radio transient detected from radio to X-rays, MNRAS, 542, 1208-1232.",,https://arxiv.org/abs/2507.13453,original_full_text_checked_local_pdf_and_table_render,2026-09-30,,local path verified,,https://arxiv.org/pdf/2507.13453v2,https://arxiv.org/abs/2507.13453,10.1093/mnras/staf1227,,https://arxiv.org/abs/2507.13453,stable link,Reachable in automated check
669,Mo+26_ASKAPJ1448,Mo et al. (2026),,10.48550/arXiv.2609.35980,,https://arxiv.org/pdf/2609.35980v1,original_full_text_checked_locally,Preprint v1; confirms CV and RV orbit; polar/bouncer remain proposed.,"Mo, G., et al. 2026, The long period radio transient ASKAP J1448-68 is a cataclysmic variable, arXiv:2609.35980v1 (28 September 2026).",,https://arxiv.org/abs/2609.35980,original_full_text_checked_local_pdf_and_table_render,2026-09-30,,local path verified,,https://arxiv.org/pdf/2609.35980v1,https://arxiv.org/abs/2609.35980,10.48550/arXiv.2609.35980,,https://arxiv.org/abs/2609.35980,stable link,Reachable in automated check
